{"ALB":16206.771,"DZA":967.1608,"AGO":27916.19,"ATG":919.7029,"ARG":14088.396,"AUS":46933.13,"AUT":7761.456,"BHS":5728.455,"BHR":23.209126,"BGD":1969.5989,"BRB":343.1297,"BEL":1306.6276,"BEN":4024.659,"BTN":411965.22,"BOL":80317.97,"BWA":4545.954,"BRA":75879.18,"BRN":91875.01,"BGR":2643.798,"BFA":2578.2637,"BDI":3548.352,"KHM":21647.166,"CMR":52106.465,"CAN":155984.89,"CPV":1394.7844,"CAF":81287.69,"TCD":4820.1333,"CHL":106308.836,"CHN":4259.84,"COL":133269.52,"COM":5964.185,"COG":204723.58,"CRI":82007.664,"CIV":20167.18,"CUB":5160.3354,"CYP":1309.7928,"COD":57462.555,"DNK":1301.0424,"DJI":3356.08,"DOM":6966.6104,"ECU":93682.55,"EGY":36.230705,"SLV":5445.963,"GNQ":94581.23,"SWZ":7473.1646,"FIN":23985.627,"FRA":4174.8438,"GAB":316439.8,"GMB":7336.2188,"DEU":1458.2101,"GHA":4230.268,"GRC":6906.365,"GTM":26085.703,"GIN":62438.684,"GNB":27466.303,"GUY":413685.62,"HTI":3310.4863,"HND":42739.113,"HUN":598.3272,"ISL":949566.8,"IND":3238.0525,"IDN":22234.521,"IRN":5807.719,"IRQ":4892.5903,"IRL":17348.818,"ISR":343.24942,"ITA":3611.262,"JAM":6468.208,"JPN":4571.793,"JOR":759.8115,"KEN":2591.4617,"KWT":0,"LAO":87750.19,"LBN":2594.4768,"LSO":6892.2437,"LBR":171274.38,"LBY":449.9585,"LUX":3156.1174,"MDG":64237.484,"MWI":4343.925,"MYS":71039.75,"MDV":321.02728,"MLI":10944.346,"MLT":155.26518,"MRT":472.7199,"MUS":4041.0896,"MEX":10794.371,"MNG":34479.89,"MAR":2430.6255,"MOZ":14674.607,"MMR":45149.652,"NAM":10214.454,"NPL":19208.412,"NLD":945.12177,"NZL":135140.72,"NIC":85060.805,"NER":970.02295,"NGA":4805.4644,"PRK":5587.6577,"NOR":105823.04,"OMN":2593.2937,"PAK":1172.1761,"PAN":117771.82,"PNG":391471.3,"PRY":60703.727,"PER":156656.88,"PHL":16636.207,"POL":1788.8132,"PRT":4255.645,"PRI":2958.676,"QAT":1411.2903,"ROU":2283.9897,"RWA":3057.8293,"KNA":433.7297,"STP":31728.936,"SAU":949.9883,"SEN":7507.9116,"SLE":69437.6,"SGP":352.4436,"SOM":2032.4832,"ZAF":2649.628,"KOR":2516.9146,"ESP":3617.525,"LKA":5333.672,"SUR":362915.2,"SWE":22739.367,"CHE":7434.2686,"SYR":1481.0613,"TZA":8245.086,"THA":8119.613,"TGO":6753.9116,"TUN":971.90216,"TUR":7795.5337,"UGA":4960.433,"ARE":1087.0432,"GBR":2746.2122,"USA":15340.98,"URY":35986.89,"VEN":95199.63,"VNM":10758.16,"YEM":371.33755,"ZMB":24645.938,"ZWE":3119.2747}