{"AFG":5013.6074,"ALB":15718.869,"DZA":953.0733,"AND":28468.338,"AGO":27641.283,"ATG":906.9346,"ARG":13856.897,"AUS":45801.527,"AUT":7714.032,"BHS":5447.7676,"BHR":22.302885,"BGD":1913.2253,"BRB":340.10135,"BEL":1301.4369,"BLZ":158888.81,"BEN":3954.4524,"BTN":399771.1,"BOL":78678.04,"BWA":4442.914,"BRA":73648.3,"BRN":87883.45,"BGR":2620.759,"BFA":2540.8198,"BDI":3459.49,"KHM":21166.963,"CMR":51136.812,"CAN":153110.56,"CPV":1351.8446,"CAF":79745.945,"TCD":4723.52,"CHL":104153.69,"CHN":4225.0327,"COL":129224.43,"COM":5862.18,"COG":199429.56,"CRI":79051.66,"CIV":19419.05,"CUB":5054.967,"CYP":1296.8314,"COD":55985.035,"DNK":1290.9536,"DJI":3216.02,"DMA":3281.4858,"DOM":6752.9976,"TLS":17016.244,"ECU":91042.5,"EGY":35.289536,"SLV":5299.7354,"GNQ":92762.39,"SWZ":7305.633,"FJI":66312.69,"FIN":23823.078,"FRA":4133.1265,"GAB":312589.94,"GMB":7140.086,"DEU":1445.4423,"GHA":4129.5425,"GRC":6865.341,"GRD":2075.227,"GTM":25324.416,"GIN":61341.816,"GNB":27142.842,"GUY":404728.44,"HTI":3250.4702,"HND":41547.82,"HUN":596.37256,"ISL":932130,"IND":3162.155,"IDN":21619.08,"IRN":5634.011,"IRQ":4747.8545,"IRL":17277.55,"ISR":327.08243,"ITA":3586.91,"JAM":6377.981,"JPN":4529.5103,"JOR":725.10455,"KEN":2494.1838,"KWT":0,"LAO":85769.24,"LBN":2513.6443,"LSO":6689.571,"LBR":167078.94,"LBY":431.5766,"LUX":3117.6929,"MDG":62591.125,"MWI":4240.3306,"MYS":69210.99,"MDV":313.14587,"MLI":10783.77,"MLT":155.91232,"MRT":460.20175,"MUS":3928.0415,"MEX":10452.552,"MNG":33415.145,"MAR":2366.7495,"MOZ":14391.557,"MMR":44167.03,"NAM":10003.914,"NRU":2008.4354,"NPL":18838.307,"NLD":931.75415,"NZL":131748.6,"NIC":82549.46,"NER":942.2482,"NGA":4705.6025,"PRK":5463.642,"NOR":104976.26,"OMN":2545.7275,"PAK":1142.1184,"PAN":114280.836,"PNG":382536.28,"PRY":59296.652,"PER":152161.25,"PHL":16115.176,"POL":1768.4808,"PRT":4225.046,"PRI":2897.5784,"QAT":1254.7614,"ROU":2269.1558,"RWA":2981.772,"KNA":440.6823,"LCA":3174.4353,"VCT":1146.3158,"STP":31410.746,"SAU":915.71246,"SEN":7299.0923,"SLE":68310.62,"SGP":342.81796,"SLB":305743.47,"SOM":1980.1385,"ZAF":2571.9749,"KOR":2445.967,"ESP":3584.395,"LKA":5205.1733,"SUR":348699.6,"SWE":22614.297,"CHE":7248.1772,"SYR":1438.0946,"TZA":8009.34,"THA":7882.788,"TGO":6636.0483,"TTO":4362.675,"TUN":960.14404,"TUR":7587.8755,"UGA":4819.4375,"ARE":1034.8682,"GBR":2723.0046,"USA":15106.842,"URY":35553.184,"VUT":146683.48,"VEN":91927.82,"VNM":10482.213,"YEM":363.18225,"ZMB":23882.56,"ZWE":3022.713}