{"AFG":4909.1636,"ALB":15261.363,"DZA":938.64874,"AND":26487.621,"AGO":27365.244,"ATG":894.4236,"ARG":13631.034,"AUS":44931.508,"AUT":7664.6387,"BHS":5181.8457,"BHR":21.447607,"BGD":1858.2623,"BRB":336.7613,"BEL":1291.7435,"BLZ":154603.66,"BEN":3882.532,"BTN":387508.38,"BOL":77051.71,"BWA":4340.2305,"BRA":71509.56,"BRN":84026.14,"BGR":2599.6067,"BFA":2503.1926,"BDI":3387.3867,"KHM":20710.938,"CMR":50030.945,"CAN":150284.75,"CPV":1307.9133,"CAF":78200.266,"TCD":4628.337,"CHL":102074.43,"CHN":4122.462,"COL":125337.28,"COM":5764.104,"COG":194181.05,"CRI":76268.695,"CIV":18686.494,"CUB":4949.5825,"CYP":1284.475,"COD":54520.344,"DNK":1280.8243,"DJI":3065.228,"DMA":3239.4434,"DOM":6549.086,"TLS":16746.031,"ECU":88449.64,"EGY":34.373867,"SLV":5160.6655,"GNQ":90920.22,"SWZ":7139.7856,"FJI":64261.855,"FIN":23655.248,"FRA":4091.8567,"GAB":308588.53,"GMB":6948.353,"DEU":1432.1211,"GHA":4032.0896,"GRC":6839.9253,"GRD":2057.719,"GTM":24593.133,"GIN":60251.34,"GNB":26917.086,"GUY":396031.78,"HTI":3193.4158,"HND":40385.27,"HUN":594.76917,"ISL":915686.8,"IND":3088.829,"IDN":21016.867,"IRN":5463.6665,"IRQ":4590.5493,"IRL":17177.012,"ISR":315.2585,"ITA":3560.8367,"JAM":6288.424,"JPN":4483.8374,"JOR":692.58685,"KEN":2399.1736,"KWT":0,"LAO":83837.47,"LBN":2436.1575,"LSO":6493.8853,"LBR":162944.2,"LBY":414.0892,"LUX":3085.4675,"MDG":60993.434,"MWI":4137.925,"MYS":67424.93,"MDV":305.43054,"MLI":10625.854,"MLT":156.56488,"MRT":447.71625,"MUS":3826.8872,"MEX":10117.735,"MNG":32482.018,"MAR":2305.7043,"MOZ":14107.233,"MMR":43199.17,"NAM":9784.161,"NRU":1913.5094,"NPL":18471.889,"NLD":919.27386,"NZL":129157.125,"NIC":80101.164,"NER":915.30237,"NGA":4606.7026,"PRK":5331.3994,"NOR":104185.5,"OMN":2496.3135,"PAK":1112.2845,"PAN":110865.46,"PNG":374058.56,"PRY":57866.105,"PER":147809.89,"PHL":15615.459,"POL":1745.2462,"PRT":4208.0293,"PRI":2834.8633,"QAT":1111.5522,"ROU":2254.5132,"RWA":2915.103,"KNA":449.09338,"LCA":3140.7363,"VCT":1129.6499,"STP":31093.107,"SAU":882.5668,"SEN":7095.9517,"SLE":67163.17,"SGP":334.26184,"SLB":298818.75,"SOM":1929.0365,"ZAF":2495.1873,"KOR":2378.791,"ESP":3553.0957,"LKA":5079.3457,"SUR":333295.2,"SWE":22487.193,"CHE":7094.8804,"SYR":1395.5671,"TZA":7778.1177,"THA":7651.4053,"TGO":6515.315,"TTO":4281.872,"TUN":947.5663,"TUR":7387.6777,"UGA":4679.815,"ARE":985.4741,"GBR":2702.7026,"USA":14890.986,"URY":35140.33,"VUT":142533.39,"VEN":88812.68,"VNM":10196.572,"YEM":355.26172,"ZMB":23139.686,"ZWE":2928.8965}