{"AFG":4804.2056,"ALB":14828.004,"DZA":923.4132,"AND":24725.791,"AGO":27085.457,"ATG":881.05725,"ARG":13413.291,"AUS":44058.387,"AUT":7613.72,"BHS":4946.0176,"BHR":20.63813,"BGD":1804.7943,"BRB":333.39166,"BEL":1279.5751,"BLZ":150192.42,"BEN":3809.1675,"BTN":375513.38,"BOL":75441.29,"BWA":4238.291,"BRA":69469.84,"BRN":80247.73,"BGR":2578.4778,"BFA":2464.9805,"BDI":3292.262,"KHM":20281.936,"CMR":48940.02,"CAN":147477.36,"CPV":1265.7908,"CAF":76647.805,"TCD":4535.1763,"CHL":100084.53,"CHN":4027.894,"COL":121616.49,"COM":5669.8984,"COG":188965.77,"CRI":73665.55,"CIV":17978.676,"CUB":4846.161,"CYP":1273.4258,"COD":53080.664,"DNK":1270.6287,"DJI":2907.0332,"DMA":3195.5518,"DOM":6353.8257,"TLS":16474.184,"ECU":85904.28,"EGY":33.490826,"SLV":5022.6826,"GNQ":89058.79,"SWZ":6972.0273,"FJI":62292.176,"FIN":23524.016,"FRA":4048.4607,"GAB":304460.9,"GMB":6761.5234,"DEU":1420.6368,"GHA":3937.2437,"GRC":6815.1675,"GRD":2045.8265,"GTM":23889.17,"GIN":59166.61,"GNB":27185.78,"GUY":387606.88,"HTI":3137.0562,"HND":39249.22,"HUN":592.895,"ISL":899551.8,"IND":3017.3428,"IDN":20425.209,"IRN":5296.1606,"IRQ":4439.083,"IRL":17093.719,"ISR":303.0303,"ITA":3531.6646,"JAM":6200.274,"JPN":4437.4272,"JOR":658.52997,"KEN":2306.7832,"KWT":0,"LAO":81969.12,"LBN":2363.8997,"LSO":6305.482,"LBR":158888.42,"LBY":399.1581,"LUX":3051.106,"MDG":59437.062,"MWI":4037.7205,"MYS":65697.02,"MDV":298.02707,"MLI":10470.976,"MLT":157.19844,"MRT":435.27704,"MUS":3735.838,"MEX":9791.236,"MNG":31629.635,"MAR":2248.256,"MOZ":13824.832,"MMR":42245.723,"NAM":9557.352,"NRU":1813.2366,"NPL":18106.422,"NLD":907.0579,"NZL":126479.46,"NIC":77709.62,"NER":889.26965,"NGA":4509.098,"PRK":5197.9204,"NOR":103401.445,"OMN":2445.086,"PAK":1082.6772,"PAN":107553.55,"PNG":366033.38,"PRY":56436.703,"PER":143594.95,"PHL":15137.614,"POL":1721.2892,"PRT":4205.6963,"PRI":2779.881,"QAT":984.7539,"ROU":2240.0613,"RWA":2848.7175,"KNA":458.663,"LCA":3108.6472,"VCT":1114.2185,"STP":30762.719,"SAU":850.47034,"SEN":6897.409,"SLE":65995.984,"SGP":325.80365,"SLB":291994.66,"SOM":1879.2306,"ZAF":2420.1355,"KOR":2317.3828,"ESP":3517.9636,"LKA":4956.1655,"SUR":320345.84,"SWE":22319.814,"CHE":6978.478,"SYR":1353.5552,"TZA":7548.644,"THA":7426.2026,"TGO":6376.702,"TTO":4206.085,"TUN":934.3257,"TUR":7196.509,"UGA":4542.086,"ARE":939.30817,"GBR":2685.1853,"USA":14685.573,"URY":34750.75,"VUT":138467.72,"VEN":85841.836,"VNM":9928.301,"YEM":347.22186,"ZMB":22420.916,"ZWE":2837.959}