{"AFG":4698.083,"ALB":14425.209,"DZA":909.5117,"AND":23148.012,"AGO":26801.977,"ATG":867.1002,"ARG":13205.124,"AUS":43203.37,"AUT":7564.412,"BHS":4731.264,"BHR":19.913773,"BGD":1752.8478,"BRB":330.00986,"BEL":1268.0074,"BLZ":145784.58,"BEN":3734.677,"BTN":363705.97,"BOL":73847.945,"BWA":4176.3535,"BRA":67539.53,"BRN":76688.5,"BGR":2559.6746,"BFA":2425.85,"BDI":3202.4275,"KHM":19860.715,"CMR":47855.395,"CAN":144831.8,"CPV":1225.21,"CAF":75085.71,"TCD":4445.4717,"CHL":98192.18,"CHN":3933.1082,"COL":118057.91,"COM":5582.252,"COG":183793.1,"CRI":71239.08,"CIV":17297.047,"CUB":4746.727,"CYP":1262.6753,"COD":51641.625,"DNK":1260.7659,"DJI":2749.9724,"DMA":3149.3584,"DOM":6169.658,"TLS":16202.069,"ECU":83409.33,"EGY":32.648613,"SLV":4885.1904,"GNQ":87178.695,"SWZ":6798.237,"FJI":60413.69,"FIN":23445.725,"FRA":4009.806,"GAB":300196.97,"GMB":6579.64,"DEU":1408.5676,"GHA":3843.9065,"GRC":6783.3613,"GRD":2039.422,"GTM":23209.523,"GIN":58086.996,"GNB":27825.846,"GUY":379451.06,"HTI":3079.44,"HND":38137.996,"HUN":591.2533,"ISL":884099.75,"IND":2950.1765,"IDN":19915.133,"IRN":5132.4087,"IRQ":4291.563,"IRL":17029.854,"ISR":292.62582,"ITA":3502.0488,"JAM":6117.482,"JPN":4389.9053,"JOR":620.3158,"KEN":2216.7302,"KWT":0,"LAO":80127.94,"LBN":2297.936,"LSO":6123.4766,"LBR":154899.95,"LBY":388.02338,"LUX":3016.5913,"MDG":57912.58,"MWI":3940.2786,"MYS":64043.05,"MDV":288.1789,"MLI":10317.278,"MLT":158.40652,"MRT":422.9054,"MUS":3653.3865,"MEX":9473.189,"MNG":30764.416,"MAR":2190.4695,"MOZ":13542.304,"MMR":41302.45,"NAM":9325.449,"NRU":1714.6776,"NPL":17738.541,"NLD":894.69214,"NZL":124410.29,"NIC":75366.16,"NER":864.26263,"NGA":4412.3433,"PRK":5068.321,"NOR":102600.8,"OMN":2392.1973,"PAK":1053.458,"PAN":104367.625,"PNG":358257.8,"PRY":55054.24,"PER":139527.94,"PHL":14681.851,"POL":1704.5663,"PRT":4222.8813,"PRI":2737.0857,"QAT":874.11224,"ROU":2226.8257,"RWA":2775.173,"KNA":469.30914,"LCA":3077.144,"VCT":1099.7833,"STP":30412.947,"SAU":819.45636,"SEN":6701.668,"SLE":64812.332,"SGP":317.98187,"SLB":285283.94,"SOM":1830.4547,"ZAF":2346.8547,"KOR":2259.2139,"ESP":3479.9707,"LKA":4836.5093,"SUR":309375,"SWE":22110.584,"CHE":6898.351,"SYR":1312.171,"TZA":7322.988,"THA":7207.537,"TGO":6203.571,"TTO":4136.0366,"TUN":919.6768,"TUR":7018.0386,"UGA":4407.177,"ARE":897.64996,"GBR":2667.989,"USA":14503.121,"URY":34387.984,"VUT":134484.52,"VEN":83008.6,"VNM":9680.133,"YEM":338.9506,"ZMB":21722.137,"ZWE":2749.8271}