{"AFG":4592.654,"ALB":14050.13,"DZA":893.3231,"AND":21578.012,"AGO":26516.71,"ATG":853.85876,"ARG":13004.427,"AUS":42228.137,"AUT":7511.541,"BHS":4519.803,"BHR":19.273115,"BGD":1702.616,"BRB":326.53595,"BEL":1259.4713,"BLZ":141419.39,"BEN":3659.858,"BTN":352086.56,"BOL":72269.65,"BWA":4153.212,"BRA":65719.086,"BRN":73355.54,"BGR":2542.971,"BFA":2386.4375,"BDI":3126.204,"KHM":19447.748,"CMR":46768.24,"CAN":142158.81,"CPV":1185.8833,"CAF":73510.94,"TCD":4359.321,"CHL":96387.15,"CHN":3824.9932,"COL":114689.4,"COM":5487.897,"COG":178667.14,"CRI":68981.69,"CIV":16640.97,"CUB":4652.4966,"CYP":1251.2231,"COD":50189.805,"DNK":1250.6824,"DJI":2602.608,"DMA":3100.4387,"DOM":5992.0747,"TLS":15929.928,"ECU":80970.06,"EGY":31.840502,"SLV":4749.3726,"GNQ":85285.33,"SWZ":6620.424,"FJI":58686.05,"FIN":23358.014,"FRA":3975.2234,"GAB":295781.7,"GMB":6403.1963,"DEU":1396.8612,"GHA":3752.5447,"GRC":6733.4976,"GRD":2038.2997,"GTM":22557.52,"GIN":57010.89,"GNB":28223.273,"GUY":371543.2,"HTI":3023.0283,"HND":37053.22,"HUN":589.46893,"ISL":869254,"IND":2887.7249,"IDN":19449.334,"IRN":4974.976,"IRQ":4148.4463,"IRL":16962.06,"ISR":285.27957,"ITA":3474.9329,"JAM":6041.3906,"JPN":4349.9814,"JOR":578.7705,"KEN":2130.1082,"KWT":0,"LAO":78318.97,"LBN":2234.3665,"LSO":5930.579,"LBR":151013.72,"LBY":378.57013,"LUX":2994.9536,"MDG":56408.48,"MWI":3844.7556,"MYS":62468.44,"MDV":276.47986,"MLI":10165.694,"MLT":160.21573,"MRT":410.61142,"MUS":3578.2434,"MEX":9164.423,"MNG":29903.227,"MAR":2132.8132,"MOZ":13261.95,"MMR":40376.066,"NAM":9090.171,"NRU":1654.8073,"NPL":17372.691,"NLD":883.09076,"NZL":122201.875,"NIC":73069.766,"NER":840.2264,"NGA":4317.3984,"PRK":4937.6914,"NOR":101784.914,"OMN":2337.9937,"PAK":1024.6156,"PAN":101306.15,"PNG":350428.34,"PRY":53729.27,"PER":135605.3,"PHL":14248.671,"POL":1691.8658,"PRT":4254.8477,"PRI":2704.767,"QAT":775.7092,"ROU":2205.5168,"RWA":2697.6174,"KNA":480.9812,"LCA":3046.8298,"VCT":1086.3425,"STP":30037.479,"SAU":789.50305,"SEN":6508.0864,"SLE":63627.45,"SGP":310.1737,"SLB":278690.47,"SOM":1783.0048,"ZAF":2275.2566,"KOR":2203.1167,"ESP":3444.5166,"LKA":4721.0605,"SUR":298971.72,"SWE":21901.184,"CHE":6826.6284,"SYR":1271.5172,"TZA":7102.117,"THA":6997.117,"TGO":5994.2256,"TTO":4072.3823,"TUN":901.70703,"TUR":6841.9507,"UGA":4274.973,"ARE":862.18787,"GBR":2653.3208,"USA":14336.589,"URY":34051.72,"VUT":130565.35,"VEN":80300.42,"VNM":9452.243,"YEM":330.63086,"ZMB":21038.809,"ZWE":2664.5125}