{"AFG":4487.929,"ALB":13685.402,"DZA":873.47754,"AND":19928.018,"AGO":26232.73,"ATG":840.9205,"ARG":12807.546,"AUS":41698.45,"AUT":7455.6074,"BHS":4313.878,"BHR":18.675095,"BGD":1653.2588,"BRB":323.76736,"BEL":1252.48,"BLZ":137141.42,"BEN":3585.1064,"BTN":340682.5,"BOL":70703.53,"BWA":4131.285,"BRA":64005.066,"BRN":70238.06,"BGR":2527.007,"BFA":2346.8237,"BDI":3047.8477,"KHM":19043.275,"CMR":45672.656,"CAN":139623.75,"CPV":1147.6488,"CAF":71922.484,"TCD":4275.317,"CHL":94663.15,"CHN":3727.9172,"COL":111511.88,"COM":5360.517,"COG":173615.05,"CRI":66882.78,"CIV":16009.1875,"CUB":4563.835,"CYP":1239.569,"COD":48746.715,"DNK":1240.8606,"DJI":2466.1116,"DMA":3049.4778,"DOM":5818.3755,"TLS":15658.117,"ECU":78592.2,"EGY":31.059412,"SLV":4617.1787,"GNQ":83385.45,"SWZ":6454.2783,"FJI":57228.996,"FIN":23231.86,"FRA":3943.0007,"GAB":291240.75,"GMB":6229.391,"DEU":1390.4891,"GHA":3662.9978,"GRC":6678.8823,"GRD":2039.4429,"GTM":21932.723,"GIN":55938.477,"GNB":28118.965,"GUY":363877.4,"HTI":2967.6028,"HND":35995.504,"HUN":587.2793,"ISL":855341.6,"IND":2826.3916,"IDN":18950.232,"IRN":4825.669,"IRQ":4009.6282,"IRL":16882.29,"ISR":273.22403,"ITA":3449.8728,"JAM":5970.108,"JPN":4305.2095,"JOR":536.5081,"KEN":2047.2637,"KWT":0,"LAO":76536.1,"LBN":2175.163,"LSO":5722.2134,"LBR":147228.25,"LBY":368.7706,"LUX":2985.1191,"MDG":54917.42,"MWI":3750.861,"MYS":61007.043,"MDV":266.6003,"MLI":10015.18,"MLT":162.09276,"MRT":398.4687,"MUS":3509.3,"MEX":8866.323,"MNG":29072.78,"MAR":2076.1482,"MOZ":12984.575,"MMR":39470.324,"NAM":8850.003,"NRU":1629.9918,"NPL":17008.91,"NLD":873.14056,"NZL":120039.65,"NIC":70825.33,"NER":817.07166,"NGA":4226.1816,"PRK":4799.994,"NOR":100937,"OMN":2282.6658,"PAK":996.1103,"PAN":98370.48,"PNG":342669.1,"PRY":52466.508,"PER":131819.78,"PHL":13835.405,"POL":1675.6726,"PRT":4281.922,"PRI":2683.6262,"QAT":687.6312,"ROU":2169.5237,"RWA":2617.385,"KNA":493.77637,"LCA":3014.954,"VCT":1073.837,"STP":29621.176,"SAU":760.1571,"SEN":6317.537,"SLE":62441.85,"SGP":303.39807,"SLB":272154.4,"SOM":1736.8463,"ZAF":2205.3684,"KOR":2152.2695,"ESP":3402.386,"LKA":4608.4043,"SUR":288900.1,"SWE":21733.795,"CHE":6742.565,"SYR":1231.7368,"TZA":6885.1846,"THA":6795.5493,"TGO":5761.841,"TTO":4014.981,"TUN":881.123,"TUR":6666.5845,"UGA":4145.001,"ARE":834.72455,"GBR":2639.0698,"USA":14181.328,"URY":33744.75,"VUT":126708.984,"VEN":77713.86,"VNM":9240.758,"YEM":322.26166,"ZMB":20374.24,"ZWE":2581.973}