{"AFG":4383.224,"ALB":13301.87,"DZA":853.8169,"AND":18374.477,"AGO":25952.623,"ATG":827.9068,"ARG":12613.073,"AUS":40969.273,"AUT":7416.994,"BHS":4115.4927,"BHR":18.236776,"BGD":1605.3014,"BRB":321.8798,"BEL":1247.5626,"BLZ":133027.64,"BEN":3510.2583,"BTN":329505.28,"BOL":69151.03,"BWA":4109.828,"BRA":62386.188,"BRN":67341.664,"BGR":2509.0796,"BFA":2306.85,"BDI":2975.9907,"KHM":18647.59,"CMR":44565.15,"CAN":137389.12,"CPV":1110.4366,"CAF":70320.68,"TCD":4192.0156,"CHL":93013.81,"CHN":3631.8447,"COL":108515.31,"COM":5211.8623,"COG":168626.5,"CRI":64952.57,"CIV":15398.732,"CUB":4479.6875,"CYP":1228.0428,"COD":47338.05,"DNK":1233.3287,"DJI":2339.1814,"DMA":2997.063,"DOM":5652.8584,"TLS":15387.497,"ECU":76280.07,"EGY":30.304573,"SLV":4490.382,"GNQ":81543.305,"SWZ":6298.5063,"FJI":55980.17,"FIN":23127.79,"FRA":3912.9004,"GAB":286584.53,"GMB":6057.3145,"DEU":1384.3192,"GHA":3574.9138,"GRC":6635.5747,"GRD":2039.1932,"GTM":21335.996,"GIN":54873.68,"GNB":27673.521,"GUY":356424.5,"HTI":2912.888,"HND":34962.594,"HUN":585.03394,"ISL":843722.7,"IND":2766.316,"IDN":18444.037,"IRN":4683.39,"IRQ":3874.5117,"IRL":16806.434,"ISR":267.57047,"ITA":3428.1475,"JAM":5902.065,"JPN":4256.962,"JOR":496.91794,"KEN":1967.9008,"KWT":0,"LAO":74772.91,"LBN":2117.926,"LSO":5516.2666,"LBR":143520.4,"LBY":358.46313,"LUX":2977.5198,"MDG":53436.99,"MWI":3658.9895,"MYS":59638.38,"MDV":258.45358,"MLI":9863.588,"MLT":164.0143,"MRT":386.57092,"MUS":3445.5852,"MEX":8580.125,"MNG":28294.293,"MAR":2021.2019,"MOZ":12708.085,"MMR":38584.574,"NAM":8608.858,"NRU":1580.2781,"NPL":16646.697,"NLD":864.1195,"NZL":118991.305,"NIC":68638.516,"NER":794.79755,"NGA":4136.0376,"PRK":4663.921,"NOR":100092.08,"OMN":2226.4702,"PAK":968.1308,"PAN":95561.43,"PNG":335033.88,"PRY":51262.03,"PER":128163.14,"PHL":13440.58,"POL":1659.7174,"PRT":4300.272,"PRI":2667.1035,"QAT":610.3609,"ROU":2140.4224,"RWA":2537.3865,"KNA":507.99026,"LCA":2979.8857,"VCT":1062.4396,"STP":29158.03,"SAU":731.103,"SEN":6131.781,"SLE":61266.72,"SGP":298.21072,"SLB":265625.56,"SOM":1691.7659,"ZAF":2137.6814,"KOR":2102.9043,"ESP":3358.184,"LKA":4498.944,"SUR":279175.22,"SWE":21611.994,"CHE":6658.1914,"SYR":1192.8931,"TZA":6665.5684,"THA":6602.7383,"TGO":5528.2456,"TTO":3962.8237,"TUN":859.6489,"TUR":6500.2593,"UGA":4017.0437,"ARE":752.1964,"GBR":2626.255,"USA":14040.4375,"URY":33471.21,"VUT":122980.055,"VEN":75251.016,"VNM":9045.515,"YEM":313.87677,"ZMB":19726.52,"ZWE":2501.8162}