{"AFG":4279.591,"ALB":12922.162,"DZA":834.5973,"AND":17008.893,"AGO":25678.018,"ATG":814.8044,"ARG":12420.928,"AUS":40120.688,"AUT":7391.425,"BHS":3933.0042,"BHR":17.980034,"BGD":1560.3143,"BRB":320.71326,"BEL":1244.0349,"BLZ":129278.21,"BEN":3435.3694,"BTN":318563.2,"BOL":67621.28,"BWA":4088.1265,"BRA":60841.02,"BRN":64665.336,"BGR":2489.8708,"BFA":2267.2952,"BDI":2912.0676,"KHM":18259.654,"CMR":43447.387,"CAN":135533.58,"CPV":1074.3138,"CAF":68729.695,"TCD":4108.3364,"CHL":91422.95,"CHN":3533.683,"COL":105706.984,"COM":5063.2695,"COG":163694.84,"CRI":63154.035,"CIV":14799.062,"CUB":4398.475,"CYP":1216.49,"COD":45987.71,"DNK":1226.5273,"DJI":2204.618,"DMA":2944.034,"DOM":5494.4604,"TLS":15119.001,"ECU":74038.914,"EGY":29.575636,"SLV":4370.213,"GNQ":80615.91,"SWZ":6141.3203,"FJI":54819.824,"FIN":23141.215,"FRA":3880.7812,"GAB":281170.5,"GMB":5888.8193,"DEU":1373.3851,"GHA":3486.6128,"GRC":6611.371,"GRD":2036.5769,"GTM":20771.984,"GIN":53831.312,"GNB":27509.844,"GUY":349162.53,"HTI":2859.0999,"HND":33951.383,"HUN":582.5965,"ISL":835918.94,"IND":2708.471,"IDN":17941.188,"IRN":4544.8945,"IRQ":3743.3445,"IRL":16708.438,"ISR":260.6882,"ITA":3408.7969,"JAM":5834.102,"JPN":4206.6543,"JOR":462.96924,"KEN":1892.1917,"KWT":0,"LAO":73035.29,"LBN":2061.7148,"LSO":5319.3545,"LBR":139898.78,"LBY":347.51648,"LUX":2962.963,"MDG":51968.35,"MWI":3569.8613,"MYS":58305.54,"MDV":250.91165,"MLI":9712.347,"MLT":165.95465,"MRT":374.9693,"MUS":3386.2422,"MEX":8307.403,"MNG":27569.072,"MAR":1968.2026,"MOZ":12433.446,"MMR":37720.36,"NAM":8368.201,"NRU":1519.5259,"NPL":16289.916,"NLD":854.17096,"NZL":117931.336,"NIC":66517.69,"NER":773.35675,"NGA":4045.2546,"PRK":4536.9546,"NOR":99279.91,"OMN":2169.6848,"PAK":940.79913,"PAN":92869.195,"PNG":327349.38,"PRY":50107.24,"PER":124631.96,"PHL":13065.728,"POL":1646.7834,"PRT":4339.036,"PRI":2645.1577,"QAT":543.5574,"ROU":2118.032,"RWA":2460.3298,"KNA":524.8081,"LCA":2944.6697,"VCT":1051.9893,"STP":28652.918,"SAU":702.34705,"SEN":5951.593,"SLE":60119.523,"SGP":293.75766,"SLB":259166.5,"SOM":1647.8921,"ZAF":2072.6658,"KOR":2055.841,"ESP":3325.2542,"LKA":4394.925,"SUR":269823.88,"SWE":21460.65,"CHE":6583.6787,"SYR":1154.9487,"TZA":6443.3486,"THA":6419.38,"TGO":5312.235,"TTO":3915.5466,"TUN":838.2126,"TUR":6342.948,"UGA":3894.2139,"ARE":625.88666,"GBR":2615.3577,"USA":13903.896,"URY":33237.516,"VUT":119395.86,"VEN":72914.82,"VNM":8856.615,"YEM":305.41638,"ZMB":19108.36,"ZWE":2423.7961}