{"AFG":4176.215,"ALB":12596.705,"DZA":815.96265,"AND":15798.168,"AGO":25287.094,"ATG":805.85175,"ARG":12228.662,"AUS":39337.973,"AUT":7365.6577,"BHS":3784.1519,"BHR":17.792881,"BGD":1520.4414,"BRB":320.78656,"BEL":1242.8087,"BLZ":126391.47,"BEN":3360.4595,"BTN":307913.72,"BOL":66121.86,"BWA":4065.495,"BRA":59354.773,"BRN":62898.668,"BGR":2473.6223,"BFA":2228.0432,"BDI":2849.5095,"KHM":18164.889,"CMR":42326.94,"CAN":133652.22,"CPV":1042.0828,"CAF":67222.73,"TCD":4023.7908,"CHL":89890.2,"CHN":3437.4294,"COL":103066.62,"COM":4914.3066,"COG":158839.4,"CRI":61448.14,"CIV":14199.215,"CUB":4319.849,"CYP":1204.7336,"COD":44692.88,"DNK":1217.3455,"DJI":2066.4714,"DMA":2902.4207,"DOM":5341.771,"TLS":14853.481,"ECU":71872.01,"EGY":28.881708,"SLV":4260.2534,"GNQ":81046.625,"SWZ":5983.464,"FJI":53747.45,"FIN":23229.021,"FRA":3845.6238,"GAB":275238.9,"GMB":5724.044,"DEU":1368.824,"GHA":3394.6487,"GRC":6596.302,"GRD":2032.2312,"GTM":20233.59,"GIN":52834.168,"GNB":27378.367,"GUY":342960.4,"HTI":2806.1816,"HND":32958.703,"HUN":580.3881,"ISL":831547.94,"IND":2649.0103,"IDN":17454.121,"IRN":4408.9746,"IRQ":3615.5923,"IRL":16569.447,"ISR":252.18561,"ITA":3390.8162,"JAM":5762.4443,"JPN":4158.487,"JOR":435.73737,"KEN":1820.774,"KWT":0,"LAO":71318.82,"LBN":2011.639,"LSO":5131.108,"LBR":136362.77,"LBY":336.1201,"LUX":2948.3652,"MDG":50509.57,"MWI":3482.9941,"MYS":56981.164,"MDV":243.46895,"MLI":9559.511,"MLT":166.8594,"MRT":363.7005,"MUS":3330.5085,"MEX":8048.812,"MNG":26866.943,"MAR":1916.7915,"MOZ":12156.83,"MMR":36877.117,"NAM":8128.0645,"NRU":1490.313,"NPL":15937.357,"NLD":843.6536,"NZL":116341.125,"NIC":64467.938,"NER":752.6437,"NGA":3953.9243,"PRK":4415.804,"NOR":98561.234,"OMN":2112.6335,"PAK":914.12665,"PAN":90280.02,"PNG":319680.34,"PRY":48994.402,"PER":121544.42,"PHL":12731.843,"POL":1640.9352,"PRT":4377.6626,"PRI":2612.2148,"QAT":481.3064,"ROU":2092.7983,"RWA":2386.5334,"KNA":538.0442,"LCA":2907.963,"VCT":1042.0575,"STP":28083.375,"SAU":673.6899,"SEN":5776.5576,"SLE":58990.83,"SGP":289.22534,"SLB":253144.48,"SOM":1604.9441,"ZAF":2010.7734,"KOR":2011.4248,"ESP":3288.527,"LKA":4297.186,"SUR":260909.44,"SWE":21261.25,"CHE":6536.289,"SYR":1117.7616,"TZA":6225.599,"THA":6244.297,"TGO":5123.012,"TTO":3873.0332,"TUN":817.5163,"TUR":6195.6743,"UGA":3778.483,"ARE":523.49445,"GBR":2604.9502,"USA":13742.855,"URY":33037.04,"VUT":115920.52,"VEN":70689.75,"VNM":8665.8955,"YEM":297.22818,"ZMB":18557.436,"ZWE":2350.497}