{"AFG":4076.0164,"ALB":12295.159,"DZA":797.7198,"AND":14718.776,"AGO":24703.3,"ATG":803.34937,"ARG":12037.659,"AUS":38030.457,"AUT":7332.8623,"BHS":3667.6675,"BHR":17.336056,"BGD":1494.0928,"BRB":321.0685,"BEL":1240.5458,"BLZ":124262.04,"BEN":3285.7307,"BTN":297608.78,"BOL":64652.297,"BWA":3996.796,"BRA":57919.4,"BRN":61629.484,"BGR":2460.055,"BFA":2189.9092,"BDI":2781.0884,"KHM":18215.102,"CMR":41211.23,"CAN":129769.414,"CPV":1020.24854,"CAF":65843.234,"TCD":3939.7832,"CHL":88414.23,"CHN":3344.2913,"COL":100614.02,"COM":4764.457,"COG":154055.52,"CRI":59834.613,"CIV":13597.911,"CUB":4245.4214,"CYP":1192.5693,"COD":43487.57,"DNK":1208.9155,"DJI":1933.7871,"DMA":2876.3735,"DOM":5194.2495,"TLS":14592.355,"ECU":69778.61,"EGY":28.221985,"SLV":4159.6553,"GNQ":82294.11,"SWZ":5825.4614,"FJI":52760.844,"FIN":23199.723,"FRA":3809.5562,"GAB":269582.53,"GMB":5561.859,"DEU":1366.3148,"GHA":3301.9973,"GRC":6567.7456,"GRD":2027.4106,"GTM":19717.047,"GIN":51891.992,"GNB":27293.46,"GUY":338168.72,"HTI":2753.8276,"HND":31983.168,"HUN":578.72955,"ISL":824850.3,"IND":2590.9502,"IDN":16987.605,"IRN":4279.1865,"IRQ":3492.8228,"IRL":16376.731,"ISR":244.37927,"ITA":3375.0364,"JAM":5685.161,"JPN":4068.2327,"JOR":414.55313,"KEN":1755.8884,"KWT":0,"LAO":69625.555,"LBN":1962.1357,"LSO":4951.498,"LBR":132971.92,"LBY":325.04712,"LUX":2920.3816,"MDG":49061.94,"MWI":3396.8691,"MYS":55643.75,"MDV":236.1554,"MLI":9407.42,"MLT":166.83185,"MRT":352.82642,"MUS":3278.005,"MEX":7803.473,"MNG":26164.018,"MAR":1867.6873,"MOZ":11860.955,"MMR":36062.58,"NAM":7891.5273,"NRU":1478.8524,"NPL":15593.945,"NLD":833.6809,"NZL":114616.195,"NIC":62488.375,"NER":732.7963,"NGA":3862.6448,"PRK":4302.4683,"NOR":97872.45,"OMN":2055.4412,"PAK":889.2784,"PAN":87784.63,"PNG":312107.78,"PRY":47901.016,"PER":118585.93,"PHL":12435.531,"POL":1634.9688,"PRT":4396.237,"PRI":2570.424,"QAT":426.35483,"ROU":2071.2002,"RWA":2317.0483,"KNA":542.9127,"LCA":2869.0562,"VCT":1032.29,"STP":27480.146,"SAU":644.46295,"SEN":5606.424,"SLE":57903.418,"SGP":283.9699,"SLB":247457.61,"SOM":1563.4401,"ZAF":1952.7383,"KOR":1972.1614,"ESP":3249.1353,"LKA":4206.5312,"SUR":252594.84,"SWE":21115.455,"CHE":6502.077,"SYR":1080.9182,"TZA":6012.2603,"THA":6078.1235,"TGO":4961.2246,"TTO":3830.099,"TUN":797.2772,"TUR":6050.3306,"UGA":3672.9368,"ARE":447.7251,"GBR":2594.093,"USA":13570.193,"URY":32852.754,"VUT":112534.04,"VEN":68563.11,"VNM":8467.047,"YEM":289.35736,"ZMB":18052.797,"ZWE":2281.0525}