{"AFG":3977.6624,"ALB":11992.193,"DZA":779.57605,"AND":13747.44,"AGO":23970.477,"ATG":804.7667,"ARG":11848.568,"AUS":37337.785,"AUT":7290.3677,"BHS":3570.4268,"BHR":16.521212,"BGD":1465.6306,"BRB":320.43835,"BEL":1235.6974,"BLZ":122397.25,"BEN":3211.1807,"BTN":287648.66,"BOL":63216.285,"BWA":3855.9978,"BRA":56527.02,"BRN":59779.59,"BGR":2448.637,"BFA":2152.4878,"BDI":2781.2122,"KHM":18070.432,"CMR":40106.527,"CAN":128271.695,"CPV":1008.7899,"CAF":64567.27,"TCD":3852.8203,"CHL":86980.64,"CHN":3263.1116,"COL":98306.27,"COM":4614.018,"COG":149347.31,"CRI":58300.074,"CIV":13002.316,"CUB":4178.042,"CYP":1179.9178,"COD":42350.63,"DNK":1202.0204,"DJI":1804.4462,"DMA":2854.696,"DOM":5051.718,"TLS":14337.774,"ECU":67758.875,"EGY":27.57987,"SLV":4063.0857,"GNQ":84015.15,"SWZ":5667.8145,"FJI":51862.04,"FIN":23062.049,"FRA":3776.267,"GAB":264107.2,"GMB":5401.804,"DEU":1359.793,"GHA":3210.3623,"GRC":6525.1914,"GRD":2024.7628,"GTM":19215.768,"GIN":51000.926,"GNB":27274.896,"GUY":333972.2,"HTI":2701.985,"HND":31026.014,"HUN":577.0069,"ISL":812864.3,"IND":2534.698,"IDN":16541.32,"IRN":4155.7275,"IRQ":3374.8271,"IRL":16135.14,"ISR":238.2465,"ITA":3355.9302,"JAM":5603.2954,"JPN":4011.643,"JOR":397.77084,"KEN":1695.8789,"KWT":0,"LAO":67959.71,"LBN":1912.5571,"LSO":4780.346,"LBR":129645.35,"LBY":314.45255,"LUX":2885.1702,"MDG":47636.562,"MWI":3311.1257,"MYS":54323.215,"MDV":229.06358,"MLI":9253.938,"MLT":166.96974,"MRT":342.3617,"MUS":3228.6724,"MEX":7569.845,"MNG":25460.54,"MAR":1821.0713,"MOZ":11538.105,"MMR":35274.68,"NAM":7657.891,"NRU":1467.9977,"NPL":15258.949,"NLD":825.2934,"NZL":112607.18,"NIC":60697.598,"NER":713.58014,"NGA":3771.2185,"PRK":4194.035,"NOR":97126.77,"OMN":1998.3071,"PAK":865.0084,"PAN":85389.78,"PNG":304744.44,"PRY":46802.227,"PER":115480.86,"PHL":12154.72,"POL":1621.5079,"PRT":4403.025,"PRI":2520.1829,"QAT":382.2369,"ROU":2051.5098,"RWA":2251.006,"KNA":545.0458,"LCA":2830.1353,"VCT":1022.5994,"STP":26899.965,"SAU":614.48303,"SEN":5441.1655,"SLE":56850.727,"SGP":278.7586,"SLB":241629.45,"SOM":1523.0607,"ZAF":1897.5448,"KOR":1935.5085,"ESP":3213.4578,"LKA":4122.0356,"SUR":249111.12,"SWE":21053.15,"CHE":6452.6885,"SYR":1044.825,"TZA":5801.3823,"THA":5918.448,"TGO":4821.815,"TTO":3783.5457,"TUN":777.3475,"TUR":5906.8096,"UGA":3582.6504,"ARE":389.59622,"GBR":2585.3125,"USA":13425.696,"URY":32675.986,"VUT":109215.62,"VEN":66533.44,"VNM":8276.005,"YEM":281.49878,"ZMB":17551.889,"ZWE":2212.0203}