{"AFG":3878.1052,"ALB":11712.191,"DZA":761.4168,"AND":12869.551,"AGO":23166.525,"ATG":808.1813,"ARG":11658.546,"AUS":36771.3,"AUT":7250.088,"BHS":3486.212,"BHR":15.666615,"BGD":1424.2639,"BRB":319.58838,"BEL":1231.8153,"BLZ":120684.88,"BEN":3136.9004,"BTN":278017.6,"BOL":61810.11,"BWA":3678.6797,"BRA":55174.914,"BRN":57678.344,"BGR":2435.9216,"BFA":2114.3699,"BDI":2785.1675,"KHM":17893.902,"CMR":39018.617,"CAN":126712.98,"CPV":1000.39685,"CAF":63342.09,"TCD":3763.257,"CHL":85586.945,"CHN":3189.446,"COL":96079.016,"COM":4463.9536,"COG":144749.88,"CRI":56831.242,"CIV":12423.718,"CUB":4118.7085,"CYP":1171.282,"COD":41232.08,"DNK":1194.7762,"DJI":1681.1526,"DMA":2833.4631,"DOM":4914.0283,"TLS":14094.415,"ECU":65813.42,"EGY":26.952694,"SLV":3968.9512,"GNQ":86012.68,"SWZ":5511.045,"FJI":51053.07,"FIN":22931.45,"FRA":3745.8682,"GAB":258677.12,"GMB":5244.838,"DEU":1355.5171,"GHA":3119.0112,"GRC":6495.6255,"GRD":2026.1577,"GTM":18725.465,"GIN":50151.742,"GNB":26990.19,"GUY":330074.6,"HTI":2650.8418,"HND":30105.01,"HUN":575.1503,"ISL":800689.56,"IND":2478.2952,"IDN":16112.41,"IRN":4035.8245,"IRQ":3260.5063,"IRL":15878.417,"ISR":228.79805,"ITA":3333.2478,"JAM":5518.507,"JPN":3955.5872,"JOR":383.55676,"KEN":1638.3276,"KWT":0,"LAO":66328.22,"LBN":1865.5737,"LSO":4617.2983,"LBR":126295.48,"LBY":302.48126,"LUX":2853.474,"MDG":46240.09,"MWI":3225.4597,"MYS":53037.684,"MDV":222.30127,"MLI":9094.897,"MLT":167.10788,"MRT":332.27063,"MUS":3181.0125,"MEX":7347.224,"MNG":24759.836,"MAR":1776.2784,"MOZ":11201.395,"MMR":34547.875,"NAM":7431.2847,"NRU":1456.452,"NPL":14930.052,"NLD":818.49365,"NZL":110424.48,"NIC":58963.234,"NER":694.7388,"NGA":3678.2979,"PRK":4097.7676,"NOR":96449.74,"OMN":1941.2656,"PAK":840.1832,"PAN":83105.695,"PNG":297699.9,"PRY":45683.46,"PER":112529.31,"PHL":11887.588,"POL":1606.8495,"PRT":4401.6636,"PRI":2466.3174,"QAT":346.01862,"ROU":2034.0107,"RWA":2186.3975,"KNA":546.9462,"LCA":2790.7495,"VCT":1013.2636,"STP":26329.139,"SAU":584.4615,"SEN":5281.2783,"SLE":55808.34,"SGP":273.5978,"SLB":235543.33,"SOM":1483.0957,"ZAF":1844.0568,"KOR":1901.584,"ESP":3178.1465,"LKA":4042.5955,"SUR":250144.02,"SWE":21016.893,"CHE":6405.2285,"SYR":1010.15234,"TZA":5596.2314,"THA":5764.384,"TGO":4696.2754,"TTO":3735.95,"TUN":757.59735,"TUR":5771.744,"UGA":3499.567,"ARE":343.72214,"GBR":2580.3225,"USA":13298.161,"URY":32497.596,"VUT":105974.86,"VEN":64588.406,"VNM":8093.2476,"YEM":273.69424,"ZMB":17054.059,"ZWE":2143.2053}