{"AFG":3781.3394,"ALB":11446.204,"DZA":743.18555,"AND":12078.071,"AGO":22378.918,"ATG":811.76434,"ARG":11468.362,"AUS":35852.22,"AUT":7237.7583,"BHS":3408.947,"BHR":14.867788,"BGD":1384.5056,"BRB":319.0085,"BEL":1227.9457,"BLZ":119046.69,"BEN":3063.076,"BTN":268712.28,"BOL":60428.375,"BWA":3501.3596,"BRA":53868.28,"BRN":55680.746,"BGR":2419.7046,"BFA":2074.722,"BDI":2716.2834,"KHM":17779.115,"CMR":37950.49,"CAN":124956.33,"CPV":991.5061,"CAF":62132.656,"TCD":3677.9526,"CHL":84239.05,"CHN":3124.2295,"COL":93941.05,"COM":4315.3823,"COG":140302,"CRI":55401.85,"CIV":11868.91,"CUB":4066.4878,"CYP":1176.02,"COD":40144.74,"DNK":1189.2263,"DJI":1557.5272,"DMA":2813.2957,"DOM":4782.063,"TLS":13904.239,"ECU":63943.82,"EGY":26.336813,"SLV":3878.7285,"GNQ":88149.64,"SWZ":5355.1,"FJI":50309.344,"FIN":22811.707,"FRA":3721.1677,"GAB":253207.16,"GMB":5092.6436,"DEU":1354.989,"GHA":3029.8416,"GRC":6471.754,"GRD":2030.7455,"GTM":18257.215,"GIN":49339.484,"GNB":26086.758,"GUY":326533.03,"HTI":2600.4658,"HND":29246.709,"HUN":572.589,"ISL":789929.8,"IND":2421.9426,"IDN":15703.001,"IRN":3918.1055,"IRQ":3151.93,"IRL":15617.53,"ISR":222.0906,"ITA":3311.5066,"JAM":5436.2183,"JPN":3903.3423,"JOR":370.81702,"KEN":1583.7701,"KWT":0,"LAO":64767.168,"LBN":1821.504,"LSO":4460.859,"LBR":122973.85,"LBY":287.804,"LUX":2816.5046,"MDG":44875.14,"MWI":3139.2612,"MYS":51781.527,"MDV":215.8615,"MLI":8934.64,"MLT":167.22076,"MRT":322.53174,"MUS":3133.1074,"MEX":7135.362,"MNG":24065.559,"MAR":1733.015,"MOZ":10859.57,"MMR":33880.477,"NAM":7210.413,"NRU":1444.4604,"NPL":14607.433,"NLD":812.10443,"NZL":108145.65,"NIC":57176.32,"NER":676.33466,"NGA":3583.0588,"PRK":4018.4438,"NOR":95853.266,"OMN":1874.1935,"PAK":815.8363,"PAN":80927.72,"PNG":290990.1,"PRY":44560.887,"PER":109717.805,"PHL":11633.459,"POL":1591.501,"PRT":4340.692,"PRI":2415.542,"QAT":315.73843,"ROU":2015.2711,"RWA":2123.2712,"KNA":548.7219,"LCA":2750.376,"VCT":1004.4598,"STP":25746.41,"SAU":555.08887,"SEN":5129.799,"SLE":54785.91,"SGP":269.08243,"SLB":229182.58,"SOM":1445.1417,"ZAF":1792.7811,"KOR":1869.2927,"ESP":3143.6108,"LKA":3968.2263,"SUR":251475.83,"SWE":20955.998,"CHE":6370.828,"SYR":976.6973,"TZA":5397.892,"THA":5619.368,"TGO":4578.463,"TTO":3689.608,"TUN":737.9491,"TUR":5645.329,"UGA":3413.6128,"ARE":306.6939,"GBR":2578.6958,"USA":13177.215,"URY":32306.17,"VUT":102817.19,"VEN":62717.414,"VNM":7914.3804,"YEM":265.93106,"ZMB":16560.852,"ZWE":2075.037}