{"AFG":3691.1045,"ALB":11185.817,"DZA":717.3474,"AND":11363.555,"AGO":21628.11,"ATG":814.5491,"ARG":11285.414,"AUS":35413.52,"AUT":7256.987,"BHS":3335.1438,"BHR":14.122149,"BGD":1348.6722,"BRB":318.50302,"BEL":1224.4023,"BLZ":117036.21,"BEN":2989.487,"BTN":259711.14,"BOL":59074.977,"BWA":3331.575,"BRA":52601.96,"BRN":53773.645,"BGR":2408.052,"BFA":2033.3241,"BDI":2649.731,"KHM":18324.45,"CMR":36906.254,"CAN":123145.92,"CPV":980.88257,"CAF":60935.66,"TCD":3599.51,"CHL":82930.71,"CHN":3069.5278,"COL":91884.03,"COM":4171.1274,"COG":136444.77,"CRI":53996.74,"CIV":11339.526,"CUB":4021.2134,"CYP":1182.8845,"COD":39094.566,"DNK":1185.8031,"DJI":1429.1975,"DMA":2794.467,"DOM":4656.438,"TLS":13733.829,"ECU":62150.098,"EGY":25.723257,"SLV":3793.276,"GNQ":90308.82,"SWZ":5200.1978,"FJI":49574.062,"FIN":22710.678,"FRA":3703.508,"GAB":247660.44,"GMB":4943.7974,"DEU":1360.0504,"GHA":2943.374,"GRC":6411.29,"GRD":2038.1958,"GTM":17817.719,"GIN":48561.67,"GNB":24578.857,"GUY":323319.38,"HTI":2550.8494,"HND":28391.28,"HUN":569.2316,"ISL":779891.6,"IND":2365.4138,"IDN":15311.295,"IRN":3801.4407,"IRQ":3049.2983,"IRL":15362.669,"ISR":217.0767,"ITA":3291.7876,"JAM":5360.625,"JPN":3853.979,"JOR":359.12598,"KEN":1532.0089,"KWT":0,"LAO":63350.082,"LBN":1782.2725,"LSO":4309.34,"LBR":119695.04,"LBY":272.20874,"LUX":2785.9033,"MDG":43543.79,"MWI":3052.559,"MYS":50558.258,"MDV":209.55867,"MLI":8775.444,"MLT":165.9972,"MRT":313.15323,"MUS":3084.0808,"MEX":6934.272,"MNG":23382.445,"MAR":1690.8846,"MOZ":10512.727,"MMR":33231.086,"NAM":6991.8003,"NRU":1431.2294,"NPL":14289.118,"NLD":804.8976,"NZL":106062.08,"NIC":55453.73,"NER":658.2636,"NGA":3485.21,"PRK":3947.8984,"NOR":95325.72,"OMN":1797.4896,"PAK":791.80927,"PAN":78850.65,"PNG":284565.25,"PRY":43467.793,"PER":107017.38,"PHL":11372.047,"POL":1575.7662,"PRT":4178.8228,"PRI":2371.4094,"QAT":290.0247,"ROU":1990.271,"RWA":2061.7537,"KNA":550.383,"LCA":2709.4153,"VCT":996.1449,"STP":25141.855,"SAU":526.7447,"SEN":4989.547,"SLE":53787.715,"SGP":265.18164,"SLB":222671.66,"SOM":1409.2661,"ZAF":1743.8054,"KOR":1838.1141,"ESP":3109.8022,"LKA":3896.9712,"SUR":253086.89,"SWE":20872.91,"CHE":6373.615,"SYR":944.0901,"TZA":5204.9897,"THA":5483.8784,"TGO":4466.6753,"TTO":3645.1,"TUN":718.4127,"TUR":5529.4204,"UGA":3326.158,"ARE":276.31638,"GBR":2578.8872,"USA":13047.928,"URY":32099.488,"VUT":99731.72,"VEN":60911.516,"VNM":7732.305,"YEM":258.18832,"ZMB":16071.867,"ZWE":2010.2783}