{"AFG":3610.3015,"ALB":10941.516,"DZA":685.4094,"AND":10721.565,"AGO":20919.72,"ATG":815.5328,"ARG":11110.1455,"AUS":35060.215,"AUT":7269.8193,"BHS":3263.388,"BHR":13.428992,"BGD":1314.8779,"BRB":318.16483,"BEL":1222.2166,"BLZ":114651.5,"BEN":2916.033,"BTN":250997.39,"BOL":57738.082,"BWA":3164.1064,"BRA":51364.016,"BRN":51953.766,"BGR":2397.6438,"BFA":1990.2446,"BDI":2591.0298,"KHM":19657.73,"CMR":35930.688,"CAN":121536.18,"CPV":969.4463,"CAF":60036.637,"TCD":3528.335,"CHL":81655.24,"CHN":3022.3975,"COL":89903.9,"COM":4033.0984,"COG":133155.39,"CRI":52612.613,"CIV":10887.002,"CUB":3982.7642,"CYP":1178.1908,"COD":38096.8,"DNK":1182.8263,"DJI":1300.1816,"DMA":2777.122,"DOM":4536.3257,"TLS":13519.963,"ECU":60429.63,"EGY":25.128433,"SLV":3712.3157,"GNQ":92516.484,"SWZ":5044.618,"FJI":48758.91,"FIN":22642.32,"FRA":3687.8335,"GAB":242020.7,"GMB":4794.883,"DEU":1365.8944,"GHA":2859.863,"GRC":6312.4785,"GRD":2048.5088,"GTM":17437.393,"GIN":47810.227,"GNB":23048.412,"GUY":320370.94,"HTI":2502.1367,"HND":27518.951,"HUN":566.1084,"ISL":772186.75,"IND":2310.4138,"IDN":14934.123,"IRN":3688.5784,"IRQ":2951.126,"IRL":15132.564,"ISR":212.28418,"ITA":3275.4075,"JAM":5290.9253,"JPN":3812.9019,"JOR":348.2831,"KEN":1483.0605,"KWT":0,"LAO":62123.23,"LBN":1760.5188,"LSO":4173.2695,"LBR":116478.164,"LBY":257.23596,"LUX":2772.1487,"MDG":42247.355,"MWI":2965.0674,"MYS":49361.293,"MDV":203.35536,"MLI":8619.478,"MLT":165.15466,"MRT":304.1048,"MUS":3034.7256,"MEX":6744.11,"MNG":22716.22,"MAR":1650.148,"MOZ":10164.981,"MMR":32602.041,"NAM":6794.872,"NRU":1415.6285,"NPL":13979.751,"NLD":798.60394,"NZL":105127.79,"NIC":53794.082,"NER":640.4436,"NGA":3386.5576,"PRK":3885.5334,"NOR":94879.68,"OMN":1718.4219,"PAK":767.9392,"PAN":76873.945,"PNG":278383.38,"PRY":42409.19,"PER":104410.51,"PHL":11087.581,"POL":1560.1215,"PRT":4061.6472,"PRI":2332.569,"QAT":267.87595,"ROU":1966.4402,"RWA":2001.7051,"KNA":551.9525,"LCA":2668.4456,"VCT":988.1716,"STP":24515.867,"SAU":499.17502,"SEN":4860.0713,"SLE":52825.85,"SGP":261.6317,"SLB":215739.84,"SOM":1374.3148,"ZAF":1697.2622,"KOR":1809.0006,"ESP":3077.1094,"LKA":3826.9827,"SUR":254964.73,"SWE":20797.137,"CHE":6410.1504,"SYR":912.3331,"TZA":5019.057,"THA":5358.681,"TGO":4359.7,"TTO":3601.2007,"TUN":699.51715,"TUR":5417.663,"UGA":3239.931,"ARE":243.55948,"GBR":2579.522,"USA":12924.53,"URY":31887.756,"VUT":96723.02,"VEN":59163.84,"VNM":7537.3916,"YEM":250.47372,"ZMB":15591.459,"ZWE":1950.0231}