{"AFG":3534.2825,"ALB":10702.013,"DZA":660.9664,"AND":10148.889,"AGO":20224.578,"ATG":814.25574,"ARG":10935.59,"AUS":34667.418,"AUT":7267.029,"BHS":3194.0571,"BHR":12.786783,"BGD":1282.564,"BRB":317.93216,"BEL":1220.7084,"BLZ":112299.19,"BEN":2842.7893,"BTN":242570.33,"BOL":56421.387,"BWA":3001.5984,"BRA":50152.695,"BRN":50213.555,"BGR":2385.2297,"BFA":1944.3953,"BDI":2525.3655,"KHM":21275.277,"CMR":35015.707,"CAN":120122.18,"CPV":958.97504,"CAF":59420.21,"TCD":3462.87,"CHL":80414.2,"CHN":2981.4883,"COL":87933.28,"COM":3901.4368,"COG":130009.46,"CRI":51246.586,"CIV":10494.472,"CUB":3950.8977,"CYP":1169.2383,"COD":37145.477,"DNK":1179.1482,"DJI":1178.2588,"DMA":2762.2021,"DOM":4421.08,"TLS":13286.108,"ECU":58776.49,"EGY":24.540558,"SLV":3633.8223,"GNQ":93937.766,"SWZ":4885.74,"FJI":47758.047,"FIN":22579.07,"FRA":3670.6362,"GAB":236316.69,"GMB":4645.6167,"DEU":1368.99,"GHA":2776.7922,"GRC":6230.8784,"GRD":2061.4944,"GTM":17058.463,"GIN":47072.27,"GNB":21569.477,"GUY":317667.88,"HTI":2454.3936,"HND":26675.258,"HUN":563.48444,"ISL":766459.75,"IND":2256.5505,"IDN":14571.922,"IRN":3576.082,"IRQ":2854.5835,"IRL":14929.011,"ISR":207.58372,"ITA":3261.5254,"JAM":5226.8433,"JPN":3776.1697,"JOR":337.79065,"KEN":1434.6289,"KWT":0,"LAO":61046.715,"LBN":1737.7736,"LSO":4054.3672,"LBR":113249.06,"LBY":242.92625,"LUX":2767.3389,"MDG":40986.4,"MWI":2874.4521,"MYS":48189.918,"MDV":197.45935,"MLI":8461.455,"MLT":164.51118,"MRT":295.4716,"MUS":2985.742,"MEX":6564.1133,"MNG":22077.785,"MAR":1609.7914,"MOZ":9809.314,"MMR":31981.154,"NAM":6615.8022,"NRU":1396.0631,"NPL":13669.743,"NLD":793.8693,"NZL":104800.98,"NIC":52199.906,"NER":622.80725,"NGA":3286.9985,"PRK":3830.1477,"NOR":94479.5,"OMN":1636.8258,"PAK":744.2306,"PAN":74991.37,"PNG":272418.7,"PRY":41373.836,"PER":101863.42,"PHL":10796.078,"POL":1545.1561,"PRT":4018.7507,"PRI":2298.7092,"QAT":248.57404,"ROU":1947.9598,"RWA":1943.4398,"KNA":553.53107,"LCA":2628.4663,"VCT":980.4018,"STP":23877.066,"SAU":472.15765,"SEN":4743.04,"SLE":51857.906,"SGP":258.03122,"SLB":208471.3,"SOM":1338.076,"ZAF":1651.9812,"KOR":1781.0162,"ESP":3045.6042,"LKA":3758.1753,"SUR":257098.11,"SWE":20723.404,"CHE":6431.9185,"SYR":881.5276,"TZA":4840.681,"THA":5240.177,"TGO":4256.2734,"TTO":3557.0244,"TUN":681.4566,"TUR":5307.0493,"UGA":3155.4243,"ARE":211.20543,"GBR":2580.3699,"USA":12795.19,"URY":31689.719,"VUT":93792.79,"VEN":57472.035,"VNM":7341.864,"YEM":242.82448,"ZMB":15124.998,"ZWE":1900.9191}