{"AFG":3463.9976,"ALB":10482.156,"DZA":642.4297,"AND":9641.057,"AGO":19533.482,"ATG":812.0179,"ARG":10762.137,"AUS":34266.61,"AUT":7272.915,"BHS":3128.338,"BHR":12.193412,"BGD":1251.6442,"BRB":318.02695,"BEL":1219.57,"BLZ":110011.32,"BEN":2770.0793,"BTN":234427.25,"BOL":55140.484,"BWA":2826.0596,"BRA":48970.188,"BRN":48603.645,"BGR":2382.5645,"BFA":1896.5302,"BDI":2453.4563,"KHM":23140.451,"CMR":34074.227,"CAN":118932.35,"CPV":948.92566,"CAF":58799.957,"TCD":3400.3074,"CHL":79210.97,"CHN":2941.8562,"COL":85970.78,"COM":3777.291,"COG":126995.82,"CRI":49900.42,"CIV":10106.364,"CUB":3925.0493,"CYP":1160.2843,"COD":36010.53,"DNK":1175.4915,"DJI":1071.3099,"DMA":2750.1238,"DOM":4310.438,"TLS":13065.087,"ECU":57185.94,"EGY":23.94554,"SLV":3557.031,"GNQ":94022.01,"SWZ":4727.4043,"FJI":46643.39,"FIN":22514.334,"FRA":3654.034,"GAB":230581.58,"GMB":4497.0566,"DEU":1370.1819,"GHA":2693.7043,"GRC":6150.61,"GRD":2076.7354,"GTM":16642.45,"GIN":46331.85,"GNB":20209.828,"GUY":315203.25,"HTI":2407.5535,"HND":25862.49,"HUN":561.5442,"ISL":760500.5,"IND":2205.182,"IDN":14220.888,"IRN":3461.1365,"IRQ":2760.058,"IRL":14718.692,"ISR":203.25203,"ITA":3249.925,"JAM":5166.514,"JPN":3741.9614,"JOR":327.31888,"KEN":1386.0872,"KWT":0,"LAO":60030.14,"LBN":1700.5104,"LSO":3940.508,"LBR":109996.055,"LBY":229.31828,"LUX":2762.3774,"MDG":39759.957,"MWI":2777.906,"MYS":47046.773,"MDV":192.1119,"MLI":8299.156,"MLT":162.80765,"MRT":287.2092,"MUS":2946.9768,"MEX":6392.718,"MNG":21488.54,"MAR":1569.4862,"MOZ":9446.001,"MMR":31363.986,"NAM":6502.905,"NRU":1370.2384,"NPL":13356.069,"NLD":788.9999,"NZL":104767.4,"NIC":50712.363,"NER":605.2293,"NGA":3187.8127,"PRK":3777.6284,"NOR":94119.48,"OMN":1555.0303,"PAK":720.7691,"PAN":73192.516,"PNG":266669.88,"PRY":40355,"PER":99357.84,"PHL":10510.083,"POL":1532.9352,"PRT":3975.623,"PRI":2268.7903,"QAT":231.5887,"ROU":1930.6229,"RWA":1886.7284,"KNA":555.33704,"LCA":2589.913,"VCT":972.99927,"STP":23242.426,"SAU":445.939,"SEN":4633.541,"SLE":50866.043,"SGP":254.92862,"SLB":201325.05,"SOM":1246.1339,"ZAF":1607.4917,"KOR":1754.1637,"ESP":3016.4197,"LKA":3689.6946,"SUR":259500.61,"SWE":20663.156,"CHE":6431.3413,"SYR":851.81,"TZA":4672.75,"THA":5127.0894,"TGO":4154.4023,"TTO":3512.0452,"TUN":664.882,"TUR":5201.0176,"UGA":3072.7744,"ARE":185.35132,"GBR":2580.2317,"USA":12660.332,"URY":31513.664,"VUT":90939.68,"VEN":55838.082,"VNM":7152.7007,"YEM":235.25232,"ZMB":14674.201,"ZWE":1873.5935}