{"AFG":3452.8042,"ALB":10275.679,"DZA":623.56354,"AND":9199.557,"AGO":18860.213,"ATG":809.0363,"ARG":10591.646,"AUS":33898.305,"AUT":7285.323,"BHS":3067.0815,"BHR":11.646291,"BGD":1221.8527,"BRB":318.38388,"BEL":1218.4742,"BLZ":107709.03,"BEN":2697.3745,"BTN":226622.14,"BOL":53899.508,"BWA":2661.5151,"BRA":47820.246,"BRN":47111.77,"BGR":2379.3499,"BFA":1848.0454,"BDI":2393.2266,"KHM":23699.066,"CMR":33132.51,"CAN":117761.08,"CPV":939.02594,"CAF":58173.26,"TCD":3329.3499,"CHL":78043.85,"CHN":2902.8745,"COL":84066.13,"COM":3660.8694,"COG":124124.695,"CRI":48571.023,"CIV":9723.792,"CUB":3904.3955,"CYP":1151.2083,"COD":34766.777,"DNK":1172.6077,"DJI":985.1796,"DMA":2741.2656,"DOM":4204.169,"TLS":12861.681,"ECU":55655.715,"EGY":23.35432,"SLV":3488.537,"GNQ":92908.24,"SWZ":4573.8125,"FJI":45544.312,"FIN":22456.865,"FRA":3637.6963,"GAB":224850.05,"GMB":4349.2065,"DEU":1369.5763,"GHA":2612.6873,"GRC":6074.4062,"GRD":2094.4602,"GTM":16231.168,"GIN":45571.105,"GNB":19515.361,"GUY":312961.8,"HTI":2361.65,"HND":25078.97,"HUN":560.53015,"ISL":753095.44,"IND":2154.4924,"IDN":13880.443,"IRN":3344.1812,"IRQ":2672.667,"IRL":14523.897,"ISR":198.09825,"ITA":3240.5415,"JAM":5106.427,"JPN":3710.415,"JOR":316.63757,"KEN":1338.8815,"KWT":0,"LAO":58980.2,"LBN":1665.1432,"LSO":3828.2234,"LBR":106796.93,"LBY":216.46053,"LUX":2755.9143,"MDG":38569.027,"MWI":2677.1724,"MYS":45930.184,"MDV":187.07907,"MLI":8135.3,"MLT":161.16576,"MRT":279.18182,"MUS":2896.1309,"MEX":6230.115,"MNG":20955.537,"MAR":1529.8918,"MOZ":9094.363,"MMR":30763.992,"NAM":6397.84,"NRU":1339.0466,"NPL":13047.551,"NLD":783.5723,"NZL":105178.516,"NIC":49362.86,"NER":587.6865,"NGA":3090.985,"PRK":3725.6436,"NOR":93799.484,"OMN":1475.0568,"PAK":696.22864,"PAN":71460.26,"PNG":261138.23,"PRY":39341.38,"PER":96910.56,"PHL":10233.489,"POL":1520.6874,"PRT":3933.2324,"PRI":2241.0994,"QAT":216.49205,"ROU":1918.4728,"RWA":1830.6051,"KNA":557.71155,"LCA":2552.5833,"VCT":966.389,"STP":22648.88,"SAU":420.77963,"SEN":4524.018,"SLE":49883.1,"SGP":251.73065,"SLB":194387.55,"SOM":1101.0958,"ZAF":1564.5647,"KOR":1727.756,"ESP":2989.944,"LKA":3621.495,"SUR":262180.8,"SWE":20618.113,"CHE":6418.4395,"SYR":823.37506,"TZA":4518.063,"THA":5020.5244,"TGO":4049.504,"TTO":3466.8335,"TUN":649.74097,"TUR":5099.928,"UGA":2999.501,"ARE":164.47188,"GBR":2577.9175,"USA":12521.384,"URY":31361.578,"VUT":88464.26,"VEN":54265.203,"VNM":6995.5723,"YEM":227.66217,"ZMB":14240.744,"ZWE":1844.2869}