{"AFG":3580.2937,"ALB":10067.377,"DZA":604.4443,"AND":8820.077,"AGO":18195.516,"ATG":806.03906,"ARG":10424.254,"AUS":33487.613,"AUT":7285.3154,"BHS":3010.416,"BHR":11.142744,"BGD":1192.9591,"BRB":318.0611,"BEL":1217.1321,"BLZ":105196.4,"BEN":2624.0361,"BTN":219195.03,"BOL":52701.035,"BWA":2560.041,"BRA":46705.047,"BRN":45671.668,"BGR":2369.7925,"BFA":1799.1047,"BDI":2294.8618,"KHM":23192.879,"CMR":32071.543,"CAN":116252.19,"CPV":927.92786,"CAF":57538.457,"TCD":3321.9258,"CHL":76899.35,"CHN":2866.6936,"COL":82169.75,"COM":3553.2288,"COG":121378.8,"CRI":47267.816,"CIV":9347.12,"CUB":3887.8933,"CYP":1141.8934,"COD":33693.86,"DNK":1171.1826,"DJI":920.76794,"DMA":2736.6145,"DOM":4101.911,"TLS":12640.971,"ECU":54176.668,"EGY":22.752914,"SLV":3442.4417,"GNQ":90076.36,"SWZ":4424.749,"FJI":44472.137,"FIN":22387.115,"FRA":3618.3257,"GAB":219137.38,"GMB":4202.193,"DEU":1366.7384,"GHA":2537.3806,"GRC":6015.0347,"GRD":2115.5515,"GTM":15825.601,"GIN":44775.36,"GNB":19293.31,"GUY":311221.94,"HTI":2316.6829,"HND":24324.066,"HUN":560.1654,"ISL":745163,"IND":2103.7195,"IDN":13552.821,"IRN":3225.2134,"IRQ":2589.7603,"IRL":14357.712,"ISR":193.39867,"ITA":3233.8728,"JAM":5044.14,"JPN":3681.2861,"JOR":305.2566,"KEN":1292.2592,"KWT":0,"LAO":57827.117,"LBN":1630.0123,"LSO":3718.3945,"LBR":103667.07,"LBY":204.41669,"LUX":2746.121,"MDG":37419.363,"MWI":2575.9995,"MYS":44672.555,"MDV":182.00018,"MLI":7967.5825,"MLT":159.4846,"MRT":271.36252,"MUS":2847.7112,"MEX":6077.236,"MNG":20454.525,"MAR":1490.2407,"MOZ":8847.746,"MMR":30180.09,"NAM":6276.5303,"NRU":1307.3605,"NPL":12743.437,"NLD":777.3961,"NZL":105046.74,"NIC":48029.1,"NER":570.40686,"NGA":2996.0154,"PRK":3673.893,"NOR":93498.664,"OMN":1398.255,"PAK":668.35974,"PAN":69781.67,"PNG":255786.98,"PRY":38320.01,"PER":94522.484,"PHL":9970.081,"POL":1506.712,"PRT":3890.9263,"PRI":2214.5977,"QAT":202.96252,"ROU":1908.383,"RWA":1774.6199,"KNA":560.0933,"LCA":2514.8796,"VCT":959.5732,"STP":22122.098,"SAU":396.8256,"SEN":4413.5474,"SLE":48898.426,"SGP":248.55579,"SLB":187708.66,"SOM":1010.75543,"ZAF":1517.674,"KOR":1701.0382,"ESP":2966.0322,"LKA":3556.0408,"SUR":263734.84,"SWE":20576.303,"CHE":6393.004,"SYR":796.1898,"TZA":4377.3325,"THA":4918.07,"TGO":3937.1506,"TTO":3423.241,"TUN":635.01,"TUR":4999.0293,"UGA":2937.6892,"ARE":147.6814,"GBR":2574.8384,"USA":12401.805,"URY":31233.56,"VUT":86460.31,"VEN":52758.453,"VNM":6847.386,"YEM":220.04832,"ZMB":13820.835,"ZWE":1741.155}