{"AFG":3949.7114,"ALB":9867.735,"DZA":585.15027,"AND":8490.946,"AGO":17544.678,"ATG":804.1444,"ARG":10258.587,"AUS":32968.668,"AUT":7266.7603,"BHS":2958.4048,"BHR":10.708817,"BGD":1162.7507,"BRB":317.12054,"BEL":1217.1642,"BLZ":102563.414,"BEN":2550.5737,"BTN":212131.23,"BOL":51544.562,"BWA":2474.237,"BRA":45630.004,"BRN":44276.137,"BGR":2361.908,"BFA":1750.6338,"BDI":2203.2346,"KHM":22821.48,"CMR":30965.1,"CAN":114827.15,"CPV":915.0638,"CAF":56891.496,"TCD":3317.8801,"CHL":75778.875,"CHN":2830.2068,"COL":80297.18,"COM":3454.4104,"COG":118731.88,"CRI":45997.84,"CIV":8980.207,"CUB":3870.3179,"CYP":1132.2513,"COD":32726.66,"DNK":1171.5153,"DJI":874.51575,"DMA":2740.2515,"DOM":4004.4624,"TLS":12437.679,"ECU":52748.867,"EGY":22.149755,"SLV":3419.683,"GNQ":85737.27,"SWZ":4280.1,"FJI":43423.97,"FIN":22291.834,"FRA":3596.9053,"GAB":213434.67,"GMB":4058.8533,"DEU":1364.6583,"GHA":2467.0828,"GRC":5961.3438,"GRD":2126.4832,"GTM":15433.216,"GIN":43940.76,"GNB":18992.63,"GUY":310385.8,"HTI":2272.4712,"HND":23598.45,"HUN":560.12744,"ISL":736712.1,"IND":2054.8638,"IDN":13238.676,"IRN":3060.3025,"IRQ":2513.1404,"IRL":14190.559,"ISR":189.58543,"ITA":3229.9927,"JAM":4978.798,"JPN":3654.567,"JOR":293.26813,"KEN":1246.8748,"KWT":0,"LAO":56555.055,"LBN":1595.2245,"LSO":3611.7063,"LBR":100660.99,"LBY":193.29082,"LUX":2738.038,"MDG":36318.527,"MWI":2476.8071,"MYS":43286.156,"MDV":176.95775,"MLI":7799.535,"MLT":158.31615,"MRT":263.6997,"MUS":2805.82,"MEX":5936.8193,"MNG":19967.215,"MAR":1451.0592,"MOZ":8670.375,"MMR":29617.13,"NAM":6206.5493,"NRU":1275.673,"NPL":12447.8545,"NLD":772.0811,"NZL":104643.35,"NIC":46690.145,"NER":553.62177,"NGA":2905.2913,"PRK":3621.3682,"NOR":93177.51,"OMN":1324.1024,"PAK":641.0103,"PAN":68149.46,"PNG":250545.9,"PRY":37289.6,"PER":92197.2,"PHL":9713.714,"POL":1493.095,"PRT":3857.3347,"PRI":2189.6333,"QAT":190.76624,"ROU":1895.9364,"RWA":1718.7633,"KNA":562.0872,"LCA":2475.9421,"VCT":951.7193,"STP":21666.75,"SAU":373.79968,"SEN":4302.036,"SLE":47919.4,"SGP":236.8887,"SLB":181298.3,"SOM":1002.8667,"ZAF":1466.8784,"KOR":1674.7046,"ESP":2945.022,"LKA":3496.8245,"SUR":263677.25,"SWE":20551.643,"CHE":6358.1255,"SYR":770.17865,"TZA":4245.7046,"THA":4820.3086,"TGO":3816.7395,"TTO":3382.8665,"TUN":620.7197,"TUR":4900.565,"UGA":2876.859,"ARE":136.3816,"GBR":2573.942,"USA":12280.687,"URY":31114.527,"VUT":84567.31,"VEN":51315.406,"VNM":6688.3594,"YEM":212.4998,"ZMB":13403.999,"ZWE":1634.9642}