{"AFG":4289.726,"ALB":9661.392,"DZA":565.96234,"AND":8141.5747,"AGO":16911.102,"ATG":802.6549,"ARG":10095.331,"AUS":32402.002,"AUT":7261.5503,"BHS":2909.2239,"BHR":10.336371,"BGD":1131.2887,"BRB":316.08685,"BEL":1217.495,"BLZ":100034.086,"BEN":2477.9893,"BTN":205412.06,"BOL":50431.3,"BWA":2377.9587,"BRA":44601.79,"BRN":42893.547,"BGR":2354.9314,"BFA":1702.9515,"BDI":2148.9343,"KHM":22183.668,"CMR":30236.984,"CAN":113469.23,"CPV":901.6482,"CAF":56234.11,"TCD":3165.57,"CHL":74682.195,"CHN":2788.8323,"COL":78461.266,"COM":3360.0364,"COG":116204.2,"CRI":44755.914,"CIV":8626.017,"CUB":3845.579,"CYP":1119.89,"COD":31759.262,"DNK":1172.3765,"DJI":840.6187,"DMA":2751.4858,"DOM":3912.0283,"TLS":12276.787,"ECU":51374.367,"EGY":21.54819,"SLV":3381.304,"GNQ":80691.21,"SWZ":4140.1895,"FJI":42395.91,"FIN":22167.285,"FRA":3583.7935,"GAB":207782.73,"GMB":3917.7124,"DEU":1365.9569,"GHA":2396.4277,"GRC":5924.7075,"GRD":2119.0256,"GTM":15082.371,"GIN":43066.715,"GNB":18693.969,"GUY":310282.3,"HTI":2228.7766,"HND":22901.295,"HUN":560.45776,"ISL":726930.6,"IND":2007.4594,"IDN":12936.06,"IRN":2902.5024,"IRQ":2443.4124,"IRL":14057.031,"ISR":186.05804,"ITA":3227.6008,"JAM":4910.8643,"JPN":3629.3044,"JOR":281.0138,"KEN":1203.0565,"KWT":0,"LAO":55187.99,"LBN":1571.2302,"LSO":3508.3435,"LBR":97796.02,"LBY":187.93132,"LUX":2735.791,"MDG":35259.637,"MWI":2380.9246,"MYS":41929.332,"MDV":172.08446,"MLI":7633.3994,"MLT":154.95645,"MRT":256.2171,"MUS":2771.7297,"MEX":5806.9155,"MNG":19491.824,"MAR":1413.2335,"MOZ":8482.481,"MMR":29081.025,"NAM":6097.1504,"NRU":1243.7811,"NPL":12161.011,"NLD":768.54877,"NZL":103608.88,"NIC":45426.457,"NER":537.4089,"NGA":2819.6436,"PRK":3568.3174,"NOR":92835.914,"OMN":1252.5969,"PAK":617.35846,"PAN":66560.414,"PNG":245382.53,"PRY":36265.7,"PER":89935.04,"PHL":9448.532,"POL":1479.4172,"PRT":3833.8254,"PRI":2166.3164,"QAT":179.75394,"ROU":1885.5885,"RWA":1663.2966,"KNA":564.281,"LCA":2437.3005,"VCT":943.6722,"STP":21266.633,"SAU":351.67484,"SEN":4190.379,"SLE":46945.836,"SGP":226.71744,"SLB":175156.73,"SOM":999.3604,"ZAF":1417.0337,"KOR":1649.0215,"ESP":2927.3933,"LKA":3454.013,"SUR":262909.8,"SWE":20539.893,"CHE":6321.084,"SYR":745.05005,"TZA":4117.9355,"THA":4727.066,"TGO":3691.764,"TTO":3345.1604,"TUN":607.2105,"TUR":4796.9136,"UGA":2811.0881,"ARE":128.60413,"GBR":2574.8645,"USA":12164.169,"URY":30986.473,"VUT":82620.73,"VEN":49932.16,"VNM":6533.568,"YEM":205.05798,"ZMB":12980.209,"ZWE":1572.5013}