{"AFG":4318.5635,"ALB":9458.643,"DZA":547.08325,"AND":7780.106,"AGO":16294.206,"ATG":800.8131,"ARG":9934.902,"AUS":31961.6,"AUT":7273.295,"BHS":2860.6692,"BHR":9.982356,"BGD":1101.3776,"BRB":314.97055,"BEL":1217.5918,"BLZ":97634.63,"BEN":2407.117,"BTN":198969.55,"BOL":49357.137,"BWA":2294.1545,"BRA":43616.586,"BRN":41515.867,"BGR":2349.062,"BFA":1655.3816,"BDI":2092.1165,"KHM":21397.385,"CMR":29624.334,"CAN":112353.125,"CPV":888.48346,"CAF":55568.715,"TCD":3012.5745,"CHL":73589.71,"CHN":2748.825,"COL":76639.516,"COM":3267.6802,"COG":113827.414,"CRI":43542.71,"CIV":8286.651,"CUB":3815.424,"CYP":1102.9022,"COD":30768.219,"DNK":1173.1818,"DJI":811.79156,"DMA":2763.767,"DOM":3822.8489,"TLS":12121.758,"ECU":50042.887,"EGY":20.926455,"SLV":3320.3274,"GNQ":75708.82,"SWZ":4006.3313,"FJI":41386.707,"FIN":22035.562,"FRA":3564.5332,"GAB":202218.23,"GMB":3775.8408,"DEU":1369.5425,"GHA":2325.4321,"GRC":5890.342,"GRD":2106.4163,"GTM":14717.691,"GIN":42165.64,"GNB":18399.434,"GUY":310610.62,"HTI":2185.6477,"HND":22230.537,"HUN":561.3004,"ISL":717369.2,"IND":1961.0165,"IDN":12644.426,"IRN":2791.6858,"IRQ":2371.879,"IRL":13957.728,"ISR":182.70403,"ITA":3226.4294,"JAM":4842.8696,"JPN":3604.1472,"JOR":268.7889,"KEN":1159.8995,"KWT":0,"LAO":53770.105,"LBN":1550.8905,"LSO":3408.4695,"LBR":94916.6,"LBY":188.22461,"LUX":2735.0652,"MDG":34237.375,"MWI":2288.807,"MYS":40599.453,"MDV":167.47801,"MLI":7467.888,"MLT":152.78769,"MRT":248.95036,"MUS":2746.356,"MEX":5682.8257,"MNG":19025.834,"MAR":1376.9725,"MOZ":8307.229,"MMR":28518.844,"NAM":5937.2866,"NRU":1217.1373,"NPL":11876.001,"NLD":765.6398,"NZL":102209.86,"NIC":44248.59,"NER":521.71497,"NGA":2747.4487,"PRK":3516.3157,"NOR":92529.08,"OMN":1184.9756,"PAK":596.35004,"PAN":65013.38,"PNG":240278.4,"PRY":35261.484,"PER":87726.06,"PHL":9177.191,"POL":1465.6097,"PRT":3816.079,"PRI":2144.2778,"QAT":169.84674,"ROU":1878.5063,"RWA":1608.7213,"KNA":566.9202,"LCA":2399.1555,"VCT":935.9966,"STP":20885.227,"SAU":330.90024,"SEN":4079.3713,"SLE":45955.273,"SGP":223.79199,"SLB":169274.58,"SOM":967.98706,"ZAF":1368.3859,"KOR":1624.8896,"ESP":2913.1663,"LKA":3431.068,"SUR":261388.9,"SWE":20530.594,"CHE":6294.0376,"SYR":720.05426,"TZA":3984.8435,"THA":4636.4033,"TGO":3568.216,"TTO":3308.8215,"TUN":594.7149,"TUR":4685.493,"UGA":2742.2532,"ARE":121.427505,"GBR":2573.9866,"USA":12053.449,"URY":30848.729,"VUT":80646.46,"VEN":48604.64,"VNM":6379.7173,"YEM":197.7122,"ZMB":12568.488,"ZWE":1513.8785}