{"AFG":4213.5005,"ALB":9261.717,"DZA":528.724,"AND":7465.7583,"AGO":15701.39,"ATG":801.45496,"ARG":9777.956,"AUS":31580.182,"AUT":7273.7524,"BHS":2812.7925,"BHR":9.634979,"BGD":1073.4553,"BRB":313.82394,"BEL":1217.6101,"BLZ":95348.78,"BEN":2337.777,"BTN":192782.23,"BOL":48313.656,"BWA":2214.7168,"BRA":42673.363,"BRN":40158.555,"BGR":2343.5725,"BFA":1608.2847,"BDI":2042.0322,"KHM":20632.607,"CMR":28812.428,"CAN":111297.46,"CPV":875.8996,"CAF":54893.504,"TCD":2973.1553,"CHL":72495.03,"CHN":2712.994,"COL":74888.22,"COM":3177.6548,"COG":111026.2,"CRI":42360.254,"CIV":7962.2686,"CUB":3784.2617,"CYP":1084.3363,"COD":29756.904,"DNK":1173.7964,"DJI":781.1422,"DMA":2775.619,"DOM":3736.6594,"TLS":11961.67,"ECU":48750.48,"EGY":20.305668,"SLV":3257.6052,"GNQ":71252.59,"SWZ":3877.8877,"FJI":40398.125,"FIN":21918.13,"FRA":3547.163,"GAB":196760.4,"GMB":3633.5845,"DEU":1374.2847,"GHA":2266.1677,"GRC":5861.072,"GRD":2094.2847,"GTM":14310.647,"GIN":41240.152,"GNB":18109.4,"GUY":311324.88,"HTI":2143.1055,"HND":21586.484,"HUN":562.4247,"ISL":709779.5,"IND":1915.5479,"IDN":12365.611,"IRN":2688.622,"IRQ":2299.0408,"IRL":13871.498,"ISR":180.33182,"ITA":3225.7085,"JAM":4779.2905,"JPN":3580.8567,"JOR":256.90402,"KEN":1118.0181,"KWT":0,"LAO":52338.707,"LBN":1522.4833,"LSO":3312.2522,"LBR":92025.445,"LBY":185.49763,"LUX":2732.2554,"MDG":33252.586,"MWI":2201.0662,"MYS":39298.03,"MDV":162.86823,"MLI":7309.408,"MLT":152.7558,"MRT":241.88286,"MUS":2717.786,"MEX":5564.1074,"MNG":18566.445,"MAR":1342.9795,"MOZ":8143.908,"MMR":27933.682,"NAM":5778.6714,"NRU":1193.7448,"NPL":11600.655,"NLD":762.6067,"NZL":101329.37,"NIC":43162.617,"NER":506.51443,"NGA":2677.9294,"PRK":3465.2107,"NOR":92268.33,"OMN":1122.0502,"PAK":577.944,"PAN":63511.78,"PNG":235228.61,"PRY":34281.336,"PER":85581.45,"PHL":8915.579,"POL":1452.4119,"PRT":3801.4324,"PRI":2123.0852,"QAT":160.97597,"ROU":1871.8629,"RWA":1555.4323,"KNA":569.89526,"LCA":2360.9592,"VCT":928.6172,"STP":20489.877,"SAU":311.79736,"SEN":3969.6191,"SLE":44959.504,"SGP":219.60156,"SLB":163638.56,"SOM":933.3598,"ZAF":1321.8152,"KOR":1604.9614,"ESP":2901.0942,"LKA":3419.277,"SUR":259031.44,"SWE":20511.947,"CHE":6271.4756,"SYR":695.2352,"TZA":3856.9148,"THA":4549.184,"TGO":3450.5137,"TTO":3273.702,"TUN":581.02136,"TUR":4579.007,"UGA":2669.829,"ARE":114.854866,"GBR":2569.9163,"USA":11949.539,"URY":30707.867,"VUT":78672.63,"VEN":47328.33,"VNM":6228.4614,"YEM":190.46588,"ZMB":12187.542,"ZWE":1461.0043}