{"AFG":4126.2456,"ALB":9073.241,"DZA":511.0288,"AND":7201.369,"AGO":15134.286,"ATG":805.06573,"ARG":9625.388,"AUS":31162.293,"AUT":7270.3384,"BHS":2765.1152,"BHR":9.294587,"BGD":1047.3416,"BRB":312.71988,"BEL":1217.2474,"BLZ":93164.67,"BEN":2269.7163,"BTN":186863.69,"BOL":47302.254,"BWA":2139.1423,"BRA":41773.79,"BRN":38827.145,"BGR":2343.607,"BFA":1562.5127,"BDI":1998.3942,"KHM":19954.389,"CMR":27966.354,"CAN":110285.086,"CPV":863.6449,"CAF":54211.336,"TCD":2943.3298,"CHL":71398.18,"CHN":2676.3015,"COL":73287.055,"COM":3089.9802,"COG":107803.05,"CRI":41212.387,"CIV":7653.018,"CUB":3752.9924,"CYP":1066.6273,"COD":28786.352,"DNK":1173.3208,"DJI":744.9955,"DMA":2787.6895,"DOM":3654.5137,"TLS":11791.895,"ECU":47512.906,"EGY":19.710272,"SLV":3193.2458,"GNQ":67436.66,"SWZ":3738.3389,"FJI":39446.723,"FIN":21826.908,"FRA":3529.477,"GAB":191426.44,"GMB":3492.9453,"DEU":1377.3595,"GHA":2217.9556,"GRC":5838.358,"GRD":2080.9272,"GTM":13911.372,"GIN":40282.527,"GNB":17823.387,"GUY":312387.78,"HTI":2100.9998,"HND":20969.889,"HUN":563.44836,"ISL":704210.75,"IND":1871.4866,"IDN":12104.246,"IRN":2591.6511,"IRQ":2244.407,"IRL":13849.312,"ISR":177.1793,"ITA":3224.7764,"JAM":4724.847,"JPN":3558.5127,"JOR":245.4288,"KEN":1078.0258,"KWT":0,"LAO":50909.297,"LBN":1491.899,"LSO":3219.692,"LBR":89264.234,"LBY":179.54495,"LUX":2726.9802,"MDG":32300.912,"MWI":2117.969,"MYS":38027.156,"MDV":157.75443,"MLI":7164.4673,"MLT":150.0957,"MRT":235.00285,"MUS":2695.6633,"MEX":5450.1787,"MNG":18110.719,"MAR":1311.3893,"MOZ":7992.701,"MMR":27381.83,"NAM":5615.8774,"NRU":1169.4539,"NPL":11340.17,"NLD":759.0587,"NZL":100705.24,"NIC":42145.12,"NER":491.6796,"NGA":2603.1245,"PRK":3414.8152,"NOR":91992.42,"OMN":1056.2212,"PAK":559.9145,"PAN":62065.094,"PNG":230242.81,"PRY":33326.96,"PER":83519.086,"PHL":8675.492,"POL":1440.7872,"PRT":3791.048,"PRI":2102.4578,"QAT":153.03055,"ROU":1864.2502,"RWA":1503.8241,"KNA":573.148,"LCA":2322.7185,"VCT":921.60803,"STP":20062.95,"SAU":294.41428,"SEN":3860.376,"SLE":43974.914,"SGP":219.3017,"SLB":158255.3,"SOM":896.4203,"ZAF":1278.4624,"KOR":1589.237,"ESP":2890.6008,"LKA":3396.7754,"SUR":255832.47,"SWE":20478.096,"CHE":6243.8516,"SYR":671.2046,"TZA":3733.0525,"THA":4466.016,"TGO":3341.9634,"TTO":3234.049,"TUN":566.1343,"TUR":4478.4556,"UGA":2595.9019,"ARE":108.86044,"GBR":2564.0903,"USA":11844.118,"URY":30559.785,"VUT":76713,"VEN":46101.598,"VNM":6085.6113,"YEM":183.34486,"ZMB":11827.246,"ZWE":1411.3346}