{"AFG":4128.695,"ALB":8899.52,"DZA":494.47147,"AND":6900.774,"AGO":14596.452,"ATG":809.01117,"ARG":9476.833,"AUS":30714.773,"AUT":7265.7197,"BHS":2718.0667,"BHR":8.962862,"BGD":1023.0371,"BRB":311.74744,"BEL":1216.8136,"BLZ":91075.12,"BEN":2203.0107,"BTN":181185.67,"BOL":46318.348,"BWA":2067.807,"BRA":40921.992,"BRN":37528.42,"BGR":2344.2285,"BFA":1519.0464,"BDI":1961.2377,"KHM":19186.428,"CMR":27136.254,"CAN":109194.24,"CPV":851.51794,"CAF":53525.508,"TCD":2856.5613,"CHL":70299.945,"CHN":2636.7888,"COL":71789.28,"COM":3005.1238,"COG":104687.25,"CRI":40110.52,"CIV":7359.507,"CUB":3721.113,"CYP":1049.6498,"COD":27893.834,"DNK":1171.7528,"DJI":703.6621,"DMA":2800.885,"DOM":3576.207,"TLS":11616.4795,"ECU":46344.027,"EGY":19.154778,"SLV":3130.5273,"GNQ":64240.676,"SWZ":3593.147,"FJI":38617.297,"FIN":21756.13,"FRA":3511.4824,"GAB":186214.45,"GMB":3355.6333,"DEU":1376.7292,"GHA":2169.6763,"GRC":5819.079,"GRD":2066.329,"GTM":13530.227,"GIN":39299.78,"GNB":17541.436,"GUY":313762.03,"HTI":2059.3333,"HND":20378.076,"HUN":564.41034,"ISL":699070.6,"IND":1828.7825,"IDN":11862.49,"IRN":2497.7625,"IRQ":2189.852,"IRL":13843.0205,"ISR":174.45918,"ITA":3224.6006,"JAM":4680.975,"JPN":3539.6191,"JOR":234.37337,"KEN":1040.115,"KWT":0,"LAO":49496.777,"LBN":1454.3846,"LSO":3138.9956,"LBR":86635.93,"LBY":174.24191,"LUX":2714.7725,"MDG":31387.21,"MWI":2041.3635,"MYS":36801.05,"MDV":152.33453,"MLI":7032.945,"MLT":147.6086,"MRT":228.332,"MUS":2675.1333,"MEX":5340.427,"MNG":17656.326,"MAR":1283.1403,"MOZ":7853.9907,"MMR":26874,"NAM":5446.1177,"NRU":1143.903,"NPL":11092.379,"NLD":754.858,"NZL":100730.06,"NIC":41171.2,"NER":477.11154,"NGA":2533.3591,"PRK":3364.9985,"NOR":91664.88,"OMN":990.506,"PAK":541.30255,"PAN":60675.38,"PNG":225329.58,"PRY":32396.744,"PER":81572.305,"PHL":8456.163,"POL":1431.0078,"PRT":3787.6016,"PRI":2082.3838,"QAT":146.43509,"ROU":1855.7733,"RWA":1454.4049,"KNA":576.6736,"LCA":2285.9058,"VCT":915.07214,"STP":19613.135,"SAU":278.14352,"SEN":3750.9858,"SLE":42914.082,"SGP":219.509,"SLB":153165.06,"SOM":860.2412,"ZAF":1238.2356,"KOR":1573.5068,"ESP":2881.977,"LKA":3356.3752,"SUR":252338.6,"SWE":20430.525,"CHE":6211.444,"SYR":648.19604,"TZA":3611.5115,"THA":4386.8604,"TGO":3241.3066,"TTO":3191.691,"TUN":551.95184,"TUR":4384.1206,"UGA":2521.403,"ARE":102.2228,"GBR":2558.1587,"USA":11735.163,"URY":30400.498,"VUT":74783.13,"VEN":44913.01,"VNM":5955.884,"YEM":176.45517,"ZMB":11479.329,"ZWE":1364.8643}