{"AFG":4140.389,"ALB":8723.556,"DZA":479.74664,"AND":6622.878,"AGO":14098.114,"ATG":813.1861,"ARG":9331.529,"AUS":30251.096,"AUT":7261.123,"BHS":2672.4187,"BHR":8.642034,"BGD":1000.3879,"BRB":310.94647,"BEL":1215.7766,"BLZ":89063.72,"BEN":2137.6008,"BTN":175744.66,"BOL":45351.562,"BWA":2001.3893,"BRA":40119.08,"BRN":36346.53,"BGR":2340.7825,"BFA":1478.0465,"BDI":1916.9985,"KHM":18389.838,"CMR":26324.04,"CAN":107764.32,"CPV":839.62585,"CAF":52825.707,"TCD":2758.2102,"CHL":69193.875,"CHN":2594.8425,"COL":70329.1,"COM":2923.6987,"COG":101672.88,"CRI":39063.863,"CIV":7081.065,"CUB":3688.3152,"CYP":1033.4069,"COD":27027.916,"DNK":1170.2695,"DJI":660.2127,"DMA":2815.9893,"DOM":3500.9233,"TLS":11433.924,"ECU":45238.457,"EGY":18.630844,"SLV":3069.255,"GNQ":61535.258,"SWZ":3456.3525,"FJI":38039.277,"FIN":21694.512,"FRA":3492.4636,"GAB":181119.61,"GMB":3222.0266,"DEU":1374.616,"GHA":2120.4963,"GRC":5799.655,"GRD":2050.735,"GTM":13162.2,"GIN":38303.8,"GNB":17262.549,"GUY":315395.5,"HTI":2018.1151,"HND":19808.123,"HUN":565.3582,"ISL":691453.25,"IND":1787.5437,"IDN":11634.41,"IRN":2409.8196,"IRQ":2130.6152,"IRL":13841.585,"ISR":171.664,"ITA":3224.2717,"JAM":4645.437,"JPN":3522.598,"JOR":223.78015,"KEN":1004.0698,"KWT":0,"LAO":48109.82,"LBN":1417.7882,"LSO":3070.348,"LBR":84131.57,"LBY":169.50224,"LUX":2697.2354,"MDG":30505.217,"MWI":1946.1788,"MYS":35633.676,"MDV":147.0992,"MLI":6911.5156,"MLT":146.59564,"MRT":221.85074,"MUS":2655.1953,"MEX":5234.4194,"MNG":17203.875,"MAR":1257.8948,"MOZ":7822.1426,"MMR":26409.215,"NAM":5274.4736,"NRU":1117.818,"NPL":10859.974,"NLD":750.0834,"NZL":99865.625,"NIC":40237.867,"NER":462.89255,"NGA":2466.7458,"PRK":3315.9316,"NOR":91236.84,"OMN":932.714,"PAK":523.1582,"PAN":59340.477,"PNG":220506.69,"PRY":31494.885,"PER":79728.625,"PHL":8236.256,"POL":1422.9568,"PRT":3788.6223,"PRI":2062.844,"QAT":141.05615,"ROU":1846.669,"RWA":1407.5132,"KNA":580.4392,"LCA":2251.796,"VCT":909.08264,"STP":19136.404,"SAU":262.86407,"SEN":3643.2805,"SLE":41778.53,"SGP":216.23265,"SLB":148301.02,"SOM":830.07043,"ZAF":1200.2296,"KOR":1558.0819,"ESP":2874.513,"LKA":3317.2964,"SUR":249426.19,"SWE":20362.467,"CHE":6172.551,"SYR":626.22253,"TZA":3495.5754,"THA":4311.356,"TGO":3144.2173,"TTO":3154.3564,"TUN":538.5118,"TUR":4295.6895,"UGA":2444.502,"ARE":95.28383,"GBR":2552.7249,"USA":11630.738,"URY":30230.54,"VUT":72893.2,"VEN":43761.98,"VNM":5836.1943,"YEM":169.76677,"ZMB":11152.393,"ZWE":1320.4598}