{"AFG":4091.7104,"ALB":8560.511,"DZA":466.4959,"AND":6386.595,"AGO":13626.373,"ATG":817.3145,"ARG":9188.015,"AUS":29760.17,"AUT":7250.8506,"BHS":2627.1543,"BHR":8.334566,"BGD":979.33136,"BRB":310.3626,"BEL":1211.9175,"BLZ":87110.4,"BEN":2073.544,"BTN":170560.84,"BOL":44400.504,"BWA":1942.5712,"BRA":39359.96,"BRN":35282.445,"BGR":2338.1536,"BFA":1438.8597,"BDI":1875.0022,"KHM":17704.016,"CMR":25549.912,"CAN":106376.04,"CPV":827.9768,"CAF":51953.508,"TCD":2666.3813,"CHL":68079.94,"CHN":2553.3982,"COL":68903.44,"COM":2845.7126,"COG":98769.695,"CRI":38071.453,"CIV":6814.9634,"CUB":3653.9363,"CYP":1017.9645,"COD":26175.916,"DNK":1169.701,"DJI":619.16565,"DMA":2832.5403,"DOM":3427.7876,"TLS":11241.952,"ECU":44192.24,"EGY":18.119986,"SLV":3008.18,"GNQ":59137.816,"SWZ":3300.8335,"FJI":37630.305,"FIN":21631.54,"FRA":3472.3315,"GAB":176150.89,"GMB":3092.2734,"DEU":1369.2561,"GHA":2070.1575,"GRC":5778.629,"GRD":2034.4225,"GTM":12798.727,"GIN":37314.824,"GNB":16984.04,"GUY":317245.94,"HTI":1977.3052,"HND":19257.906,"HUN":566.2254,"ISL":680707.94,"IND":1747.7637,"IDN":11414.432,"IRN":2333.2798,"IRQ":2081.754,"IRL":13900.91,"ISR":168.84286,"ITA":3222.714,"JAM":4613.823,"JPN":3507.9705,"JOR":213.58963,"KEN":969.2727,"KWT":0,"LAO":46751.45,"LBN":1389.432,"LSO":3006.0217,"LBR":81734.7,"LBY":165.1818,"LUX":2677.7346,"MDG":29640.805,"MWI":1843.884,"MYS":34530.79,"MDV":142.25763,"MLI":6791.9434,"MLT":145.39696,"MRT":215.53362,"MUS":2636.9797,"MEX":5132.0317,"MNG":16760.406,"MAR":1234.015,"MOZ":7835.5957,"MMR":25978.65,"NAM":5092.1885,"NRU":1091.1074,"NPL":10633.812,"NLD":745.2527,"NZL":99591.88,"NIC":39324.625,"NER":449.0779,"NGA":2401.6494,"PRK":3267.7888,"NOR":90747.375,"OMN":881.2969,"PAK":505.86462,"PAN":58057.3,"PNG":215793.61,"PRY":30623.895,"PER":77939.836,"PHL":8018.2056,"POL":1417.0714,"PRT":3792.5627,"PRI":2043.8136,"QAT":136.16557,"ROU":1838.0007,"RWA":1363.3616,"KNA":584.482,"LCA":2222.2222,"VCT":903.68524,"STP":18642.197,"SAU":249.2428,"SEN":3539.28,"SLE":40665.727,"SGP":210.81421,"SLB":143607.53,"SOM":829.26074,"ZAF":1164.2216,"KOR":1542.8998,"ESP":2868.4236,"LKA":3283.8638,"SUR":246129.67,"SWE":20269.096,"CHE":6127.3525,"SYR":605.3166,"TZA":3391.242,"THA":4238.469,"TGO":3050.6067,"TTO":3121.7761,"TUN":526.0557,"TUR":4210.751,"UGA":2367.8723,"ARE":89.19079,"GBR":2547.0625,"USA":11525.609,"URY":30052.533,"VUT":71044.93,"VEN":42658,"VNM":5719.3115,"YEM":163.30075,"ZMB":10850.389,"ZWE":1279.3363}