{"AFG":3970.8313,"ALB":8333.48,"DZA":454.34192,"AND":6234.69,"AGO":13168.944,"ATG":821.1607,"ARG":9048.386,"AUS":29260.605,"AUT":7218.258,"BHS":2581.3303,"BHR":8.042998,"BGD":959.4842,"BRB":309.94656,"BEL":1207.5232,"BLZ":85200.47,"BEN":2011.0679,"BTN":165624.69,"BOL":43470.38,"BWA":1889.3562,"BRA":38640.855,"BRN":34265.35,"BGR":2365.6716,"BFA":1401.1608,"BDI":1838.5491,"KHM":17049.617,"CMR":24811.99,"CAN":104484.47,"CPV":815.65405,"CAF":50647.098,"TCD":2577.503,"CHL":66969.33,"CHN":2514.5488,"COL":67503.19,"COM":2770.7036,"COG":95956.1,"CRI":37124.316,"CIV":6556.442,"CUB":3619.0183,"CYP":1003.31866,"COD":25361.496,"DNK":1168.9995,"DJI":573.2247,"DMA":2850.9116,"DOM":3356.0425,"TLS":11028.978,"ECU":43195.312,"EGY":17.633375,"SLV":2949.6248,"GNQ":56916.69,"SWZ":3151.11,"FJI":37255.93,"FIN":21553.586,"FRA":3451.6643,"GAB":171344.16,"GMB":2966.3115,"DEU":1358.708,"GHA":2019.0829,"GRC":5748.552,"GRD":2017.7358,"GTM":12443.67,"GIN":36358.89,"GNB":16705.14,"GUY":319262.38,"HTI":1937.0846,"HND":18724.295,"HUN":572.4252,"ISL":672330.06,"IND":1709.14,"IDN":11202.451,"IRN":2266.1174,"IRQ":2027.1194,"IRL":13956.103,"ISR":166.00266,"ITA":3220.2976,"JAM":4582.297,"JPN":3493.9749,"JOR":203.60477,"KEN":935.871,"KWT":0,"LAO":45430.965,"LBN":1361.592,"LSO":2945.7554,"LBR":79432.59,"LBY":161.18188,"LUX":2651.8164,"MDG":28791.12,"MWI":1758.8942,"MYS":33496.973,"MDV":137.78027,"MLI":6666.7124,"MLT":143.9887,"MRT":210.18913,"MUS":2616.8599,"MEX":5034.0205,"MNG":16382.754,"MAR":1211.3914,"MOZ":7771.0723,"MMR":25572.096,"NAM":4779.0947,"NRU":1064.9628,"NPL":10399.9375,"NLD":740.7953,"NZL":99114.94,"NIC":38414.098,"NER":435.6062,"NGA":2337.8572,"PRK":3220.4778,"NOR":90373.54,"OMN":835.20856,"PAK":489.59988,"PAN":56826.22,"PNG":211007.25,"PRY":29787.652,"PER":76210.06,"PHL":7818.4604,"POL":1411.9558,"PRT":3798.1008,"PRI":2025.302,"QAT":131.56473,"ROU":1829.7639,"RWA":1322.2532,"KNA":588.84143,"LCA":2197.609,"VCT":898.69867,"STP":18169.846,"SAU":236.95761,"SEN":3438.988,"SLE":39662.5,"SGP":204.71521,"SLB":139130.11,"SOM":843.31055,"ZAF":1130.4973,"KOR":1527.7142,"ESP":2863.93,"LKA":3249.5193,"SUR":242404.06,"SWE":20134.314,"CHE":6078.0103,"SYR":585.5953,"TZA":3302.0479,"THA":4169.2544,"TGO":2961.3142,"TTO":3092.7834,"TUN":514.6191,"TUR":4129.02,"UGA":2292.6748,"ARE":83.80586,"GBR":2540.4407,"USA":11417.273,"URY":29874.395,"VUT":69255.44,"VEN":41604.387,"VNM":5603.0376,"YEM":157.13654,"ZMB":10567.627,"ZWE":1242.803}