{"AFG":3914.273,"ALB":8184.8945,"DZA":443.21738,"AND":6000.3423,"AGO":12729.693,"ATG":824.533,"ARG":8914.424,"AUS":28830.725,"AUT":7163.464,"BHS":2536.7373,"BHR":7.770053,"BGD":940.57605,"BRB":309.3796,"BEL":1203.9274,"BLZ":83353.36,"BEN":1950.2113,"BTN":161211.77,"BOL":42565.773,"BWA":1838.1001,"BRA":37956.805,"BRN":33295.207,"BGR":2408.7295,"BFA":1364.7247,"BDI":1800.5918,"KHM":16353.092,"CMR":24091.45,"CAN":102921.016,"CPV":799.08795,"CAF":49096.246,"TCD":2507.1733,"CHL":65862.055,"CHN":2477.922,"COL":66121.93,"COM":2699.0796,"COG":93255.37,"CRI":36198.156,"CIV":6303.642,"CUB":3585.4705,"CYP":989.407,"COD":24533.814,"DNK":1167.1019,"DJI":517.65375,"DMA":2872.449,"DOM":3286.1775,"TLS":10804.306,"ECU":42239.242,"EGY":17.124279,"SLV":2894.5913,"GNQ":54820.633,"SWZ":3026.0376,"FJI":36918.93,"FIN":21458.232,"FRA":3432.8274,"GAB":166711.73,"GMB":2844.4216,"DEU":1347.0468,"GHA":1968.2164,"GRC":5688.0635,"GRD":2000.8604,"GTM":12100.027,"GIN":35123.85,"GNB":16432.69,"GUY":321378.75,"HTI":1897.6018,"HND":18203.035,"HUN":578.3697,"ISL":667121.9,"IND":1671.73,"IDN":11001.024,"IRN":2201.0928,"IRQ":2002.138,"IRL":13944.326,"ISR":160.9442,"ITA":3217.603,"JAM":4547.714,"JPN":3482.4016,"JOR":188.29854,"KEN":904.22034,"KWT":0,"LAO":44156.305,"LBN":1335.1228,"LSO":2889.988,"LBR":89941.52,"LBY":157.47185,"LUX":2618.8293,"MDG":27953.723,"MWI":1690.7867,"MYS":32523.66,"MDV":133.47452,"MLI":6536.781,"MLT":142.5869,"MRT":204.93085,"MUS":2598.2856,"MEX":4938.4106,"MNG":16581.615,"MAR":1189.7167,"MOZ":7659.6826,"MMR":25185.064,"NAM":4498.639,"NRU":1039.2849,"NPL":10151.311,"NLD":735.7117,"NZL":98204.09,"NIC":37527.395,"NER":422.3962,"NGA":2275.5137,"PRK":3173.53,"NOR":90063.055,"OMN":793.6715,"PAK":473.50287,"PSE":410.4642,"PAN":55628.336,"PNG":205570.11,"PRY":28990.916,"PER":74540.86,"PHL":7620.755,"POL":1406.4261,"PRT":3806.388,"PRI":2007.3508,"QAT":127.22213,"ROU":1826.5797,"RWA":1288.082,"KNA":593.58923,"LCA":2176.168,"VCT":894.3584,"STP":17726.459,"SAU":225.54926,"SEN":3341.7424,"SLE":38124.03,"SGP":196.90646,"SLB":134868.08,"SOM":847.1213,"ZAF":1099.4872,"KOR":1512.7382,"ESP":2861.0151,"LKA":3228.8723,"SUR":240004.08,"SWE":19979.355,"CHE":6015.9165,"SYR":566.96735,"TZA":3217.1326,"THA":4101.5137,"TGO":2875.8909,"TTO":3066.5833,"TUN":503.93362,"TUR":4052.4404,"UGA":2219.7056,"ARE":79.0214,"GBR":2532.858,"USA":11289.023,"URY":29699.752,"VUT":67538.82,"VEN":40601.18,"VNM":5486.947,"YEM":151.21118,"ZMB":10300.315,"ZWE":1209.3972}