{"AFG":3852.477,"ALB":8234.383,"DZA":432.77786,"AND":5569.379,"AGO":12309.198,"ATG":820.3575,"ARG":8787.163,"AUS":28465.574,"AUT":7092.2983,"BHS":2493.4902,"BHR":7.951464,"BGD":922.7759,"BRB":308.43613,"BEL":1199.4619,"BLZ":81586.83,"BEN":1890.9728,"BTN":158390.36,"BOL":41687.906,"BWA":1788.7008,"BRA":37311.105,"BRN":32369.115,"BGR":2432.7048,"BFA":1330.5471,"BDI":1763.7189,"KHM":15689.132,"CMR":23398.97,"CAN":101649.87,"CPV":780.0596,"CAF":47583.836,"TCD":2417.142,"CHL":64775.89,"CHN":2444.342,"COL":64806.812,"COM":2634.1438,"COG":90640.766,"CRI":35288.504,"CIV":6058.088,"CUB":3556.7532,"CYP":976.2887,"COD":23730.537,"DNK":1164.077,"DJI":475.36652,"DMA":2886.1694,"DOM":3219.243,"TLS":10555.3545,"ECU":41336.6,"EGY":16.658615,"SLV":2844.3643,"GNQ":52822.23,"SWZ":2906.884,"FJI":36618.715,"FIN":21341.354,"FRA":3415.6365,"GAB":162244.83,"GMB":2727.3743,"DEU":1337.2677,"GHA":1919.2404,"GRC":5620.195,"GRD":1984.2648,"GTM":11776.652,"GIN":33745.617,"GNB":16086.238,"GUY":322252.4,"HTI":1859.3514,"HND":17693.926,"HUN":578.40247,"ISL":659433.56,"IND":1635.8806,"IDN":10808.004,"IRN":2142.1333,"IRQ":1981.1729,"IRL":13864.387,"ISR":151.54576,"ITA":3215.3762,"JAM":4507.951,"JPN":3468.749,"JOR":174.19516,"KEN":875.3933,"KWT":0,"LAO":42930.086,"LBN":1308.2898,"LSO":2838.721,"LBR":102222.414,"LBY":154.03574,"LUX":2583.9792,"MDG":27130.57,"MWI":1639.5396,"MYS":31620.615,"MDV":129.42079,"MLI":6408.2793,"MLT":138.79536,"MRT":199.03091,"MUS":2570.3892,"MEX":4844.217,"MNG":16071.364,"MAR":1169.4014,"MOZ":7511.9326,"MMR":24825.375,"NAM":4351.2534,"NRU":1015.22845,"NPL":9891.947,"NLD":729.93677,"NZL":93559.555,"NIC":36672.14,"NER":409.5052,"NGA":2216.2017,"PRK":3126.657,"NOR":89634.92,"OMN":756.1547,"PAK":458.10272,"PSE":392.48953,"PAN":54459.957,"PNG":199162.72,"PRY":28231.111,"PER":72985.96,"PHL":7439.939,"POL":1401.4467,"PRT":3815.1711,"PRI":1993.2007,"QAT":123.1167,"ROU":1842.5161,"RWA":1262.1288,"KNA":594.6776,"LCA":2150.2292,"VCT":891.0909,"STP":17343.293,"SAU":215.03943,"SEN":3248.1082,"SLE":37680.156,"SGP":191.38249,"SLB":130801.96,"SOM":880.5711,"ZAF":1074.6525,"KOR":1497.8391,"ESP":2853.7424,"LKA":3204.7869,"SUR":238546.75,"SWE":19843.629,"CHE":5941.196,"SYR":549.42596,"TZA":3136.6182,"THA":4035.233,"TGO":2794.2734,"TTO":3042.377,"TUN":493.42334,"TUR":3981.7654,"UGA":2148.062,"ARE":74.75234,"GBR":2525.037,"USA":11139.177,"URY":29529.002,"VUT":65879.19,"VEN":39645.61,"VNM":5373.1567,"YEM":145.52812,"ZMB":10048.048,"ZWE":1178.3005}