{"AFG":3550.726,"ALB":8284.471,"DZA":422.36594,"AND":5242.525,"AGO":11912.704,"ATG":807.40326,"ARG":8666.354,"ARM":1920.2875,"AUS":28148.65,"AUT":7014.672,"AZE":1099.2881,"BHS":2448.1772,"BHR":7.7450633,"BGD":905.5456,"BRB":307.37665,"BLR":3327.9597,"BEL":1194.6053,"BLZ":79902.4,"BEN":1833.4436,"BTN":164424.16,"BOL":40846.066,"BIH":8383.287,"BWA":1739.0889,"BRA":36694.195,"BRN":31500.266,"BGR":2458.9692,"BFA":1298.1248,"BDI":1717.1903,"KHM":14864.879,"CMR":22737.963,"CAN":100453.76,"CPV":762.5535,"CAF":46096.043,"TCD":2316.7253,"CHL":63739.79,"CHN":2414.5686,"COL":63535.656,"COM":2580.0183,"COG":88113.945,"CRI":34406.555,"CIV":5821.075,"HRV":8238.964,"CUB":3534.2761,"CYP":962.55774,"COD":22942.264,"DNK":1160.2341,"DJI":479.2256,"DMA":2884.9622,"DOM":3155.4324,"TLS":10277.512,"ECU":40475.28,"EGY":16.265278,"SLV":2798.2625,"GNQ":50903.54,"EST":8290.44,"SWZ":2798.3413,"FJI":36353.402,"FIN":21221.771,"FRA":3398.668,"GAB":157938.33,"GMB":2618.7563,"GEO":11927.772,"DEU":1327.1384,"GHA":1872.1206,"GRC":5577.427,"GRD":1968.4652,"GTM":11467.858,"GIN":32685.57,"GNB":15619.569,"GUY":321371.47,"HTI":1822.584,"HND":17198.365,"HUN":578.62885,"ISL":651198.75,"IND":1601.405,"IDN":10622.291,"IRN":2100.1885,"IRQ":1923.4084,"IRL":13770.118,"ISR":146.39859,"ITA":3213.1929,"JAM":4463.643,"JPN":3455.8972,"JOR":165.22546,"KAZ":3712.6516,"KEN":848.97095,"KWT":0,"KGZ":10836.249,"LAO":41757.63,"LVA":6479.652,"LBN":1280.898,"LSO":2791.9033,"LBR":96503.625,"LBY":150.85063,"LTU":4178.2495,"LUX":2549.882,"MDG":26326.336,"MWI":1592.4888,"MYS":30794.436,"MDV":125.76349,"MLI":6280.3945,"MLT":137.37086,"MRT":191.5585,"MUS":2536.7908,"MEX":4753.3374,"MDA":543.4482,"MNG":16053.216,"MAR":1150.2246,"MOZ":7367.786,"MMR":24488.195,"NAM":4215.3613,"NRU":997.9044,"NPL":9616.828,"NLD":724.43884,"NZL":92589.97,"NIC":35852.438,"NER":396.93192,"NGA":2158.777,"PRK":3080.3308,"MKD":2656.7964,"NOR":89119.055,"OMN":722.30554,"PAK":445.17526,"PSE":375.30197,"PAN":53331.543,"PNG":192238.52,"PRY":27506.113,"PER":71514.67,"PHL":7265.7085,"POL":1397.1553,"PRT":3818.1384,"PRI":1980.377,"QAT":119.235954,"ROU":1859.238,"RUS":29029.57,"RWA":1236.4534,"KNA":589.4633,"LCA":2118.3896,"VCT":888.8178,"STP":17016.627,"SAU":205.36208,"SEN":3158.5151,"SLE":38402.77,"SGP":185.71838,"SVN":9351.374,"SLB":126914.73,"SOM":923.77234,"ZAF":1055.5206,"KOR":1482.3547,"ESP":2839.8,"LKA":3154.2568,"SUR":237075.2,"SWE":19727.582,"CHE":5876.0527,"SYR":532.81256,"TJK":11233.052,"TZA":3059.2637,"THA":3971.6016,"TGO":2716.3535,"TTO":3019.6418,"TUN":483.1551,"TUR":3914.46,"TKM":356.1751,"UGA":2076.121,"UKR":1053.0607,"ARE":70.93104,"GBR":2518.218,"USA":10985.755,"URY":29365.844,"UZB":760.5274,"VUT":64264.047,"VEN":38737.406,"VNM":5265.4297,"YEM":140.09813,"ZMB":9808.382,"ZWE":1145.5054}