{"AFG":3155.2874,"ALB":8335.175,"DZA":412.32468,"AND":4987.9883,"AGO":11538.04,"ATG":792.84,"ARG":8549.832,"ARM":1986.1976,"AUS":27899.367,"AUT":6957.0645,"AZE":1082.7507,"BHS":2402.6992,"BHR":7.5439672,"BGD":888.8335,"BRB":306.48172,"BLR":3320.6206,"BEL":1189.9479,"BLZ":78295.76,"BEN":1753.8763,"BTN":171272.08,"BOL":40043.832,"BIH":9092.115,"BWA":1690.004,"BRA":36104.566,"BRN":30689.133,"BGR":2478.6619,"BFA":1266.2443,"BDI":1772.1117,"KHM":13996.596,"CMR":22099.66,"CAN":99355.88,"CPV":746.3336,"CAF":44650.79,"TCD":2262.7349,"CHL":62755.83,"CHN":2386.9692,"COL":62279.566,"COM":2533.3452,"COG":85545.05,"CRI":33556.707,"CIV":5594.0796,"HRV":8194.827,"CUB":3516.2708,"CYP":944.27106,"CZE":1273.0092,"COD":22136.771,"DNK":1156.375,"DJI":488.40445,"DMA":2880.4746,"DOM":3094.3152,"TLS":10000.767,"ECU":39661.926,"EGY":15.894289,"SLV":2761.5051,"GNQ":49054.477,"ERI":1508.6158,"EST":8506.634,"SWZ":2717.9565,"ETH":2271.5046,"FJI":36122.367,"FIN":21119.336,"FRA":3383.9175,"GAB":153787.72,"GMB":2524.4768,"GEO":11836.452,"DEU":1318.4425,"GHA":1826.4543,"GRC":5544.713,"GRD":1953.4684,"GTM":11165.917,"GIN":31705.16,"GNB":15112.232,"GUY":320068,"HTI":1787.1223,"HND":16716.916,"HUN":579.28906,"ISL":644610.9,"IND":1568.1284,"IDN":10443.073,"IRN":2092.7131,"IRQ":1833.2192,"IRL":13701.461,"ISR":142.55846,"ITA":3211.2292,"JAM":4417.7026,"JPN":3444.7124,"JOR":156.853,"KAZ":3725.1467,"KEN":824.13684,"KWT":0,"KGZ":10832.945,"LAO":40639.82,"LVA":6608.6943,"LBN":1256.3317,"LSO":2750.0364,"LBR":92802,"LBY":147.89633,"LTU":4198.106,"LUX":2515.8816,"MDG":25535.44,"MWI":1569.4246,"MYS":30016.564,"MDV":122.50698,"MLI":6150.8267,"MLT":136.00569,"MRT":183.96489,"MUS":2506.8938,"MEX":4666.0835,"MDA":544.3611,"MNG":16072.9375,"MAR":1132.1675,"MOZ":7138.1846,"MMR":24162.441,"NAM":4082.9934,"NRU":989.903,"NPL":9357.814,"NLD":719.40717,"NZL":91540.23,"NIC":35073.957,"NER":384.58203,"NGA":2102.3179,"PRK":3035.3342,"MKD":2690.7788,"NOR":88590.164,"OMN":692.49506,"PAK":433.0023,"PSE":358.86713,"PAN":52235.117,"PNG":185379.25,"PRY":26818.28,"PER":70086.92,"PHL":7093.0786,"POL":1393.6047,"PRT":3813.4712,"PRI":1963.7688,"QAT":115.57234,"ROU":1861.7704,"RUS":29045.1,"RWA":1190.3074,"KNA":581.931,"LCA":2087.305,"VCT":887.03595,"STP":16709.207,"SAU":196.46587,"SEN":3072.7864,"SLE":38488.09,"SGP":181.079,"SVK":2366.0618,"SVN":9373.686,"SLB":123195.13,"SOM":898.0155,"ZAF":1034.71,"KOR":1467.3729,"ESP":2825.1125,"LKA":3101.1543,"SUR":236078.52,"SWE":19613.328,"CHE":5822.7812,"SYR":516.9732,"TJK":11084.7295,"TZA":2964.773,"THA":3910.7654,"TGO":2733.245,"TTO":2998.9082,"TUN":473.588,"TUR":3847.512,"TKM":348.42712,"UGA":2005.6404,"UKR":1052.5286,"ARE":67.50393,"GBR":2512.1877,"USA":10841.839,"URY":29211.002,"UZB":743.13416,"VUT":62710.473,"VEN":37874.297,"VNM":5165.091,"YEM":134.9275,"ZMB":9577.354,"ZWE":1128.8835}