{"AFG":2901.3967,"ALB":8386.5,"DZA":403.30215,"AND":4884.5415,"AGO":11170.011,"ATG":777.9423,"ARG":8436.017,"ARM":2038.572,"AUS":27631.96,"AUT":6930.3403,"AZE":1068.248,"BHS":2360.8052,"BHR":7.3479977,"BGD":872.50476,"BRB":305.78702,"BLR":3324.5476,"BEL":1186.2861,"BLZ":76646.055,"BEN":1689.4923,"BTN":146078.34,"BOL":39276.22,"BIH":9529.147,"BWA":1643.8097,"BRA":35544.53,"BRN":29919.99,"BGR":2487.0935,"BFA":1234.7145,"BDI":1760.633,"KHM":13053.132,"CMR":21487.768,"CAN":98273.62,"CPV":731.30066,"CAF":43278.695,"TCD":2211.2642,"CHL":61817.84,"CHN":2360.142,"COL":61063.426,"COM":2488.8933,"COG":83048.27,"CRI":32742.975,"CIV":5378.24,"HRV":8103.9995,"CUB":3501.7385,"CYP":923.44086,"CZE":1272.5494,"COD":21113.44,"DNK":1152.4764,"DJI":478.6903,"DMA":2878.6504,"DOM":3035.5112,"TLS":9727.73,"ECU":38901.895,"EGY":15.555586,"SLV":2735.325,"GNQ":47260.867,"ERI":1462.9698,"EST":8690.515,"SWZ":2718.2532,"ETH":2193.7905,"FJI":35922.297,"FIN":21028.498,"FRA":3371.2678,"GAB":149810,"GMB":2444.5376,"GEO":12020.076,"DEU":1313.8773,"GHA":1783.0673,"GRC":5517.02,"GRD":1939.1495,"GTM":10872.468,"GIN":30768.783,"GNB":14651.599,"GUY":318858.16,"HTI":1753.019,"HND":16249.52,"HUN":580.0826,"ISL":639047.3,"IND":1536.3958,"IDN":10268.483,"IRN":2088.7312,"IRQ":1747.7823,"IRL":13647.558,"ISR":138.91461,"ITA":3210.575,"JAM":4372.5405,"JPN":3435.1084,"JOR":149.5153,"KAZ":3775.573,"KEN":800.55286,"KWT":0,"KGZ":10837.044,"LAO":39590.62,"LVA":6720.2437,"LBN":1233.997,"LSO":2713.0679,"LBR":93026.375,"LBY":145.16687,"LTU":4227.3423,"LUX":2481.8516,"MDG":24754.203,"MWI":1587.8179,"MYS":29262.71,"MDV":119.606735,"MLI":6019.8467,"MLT":134.73961,"MRT":177.82092,"MUS":2472.04,"MEX":4582.1606,"MDA":546.053,"MNG":15894.802,"MAR":1115.3494,"MOZ":6671.61,"MMR":23844.885,"NAM":3958.0957,"NRU":986.48517,"NPL":9126.289,"NLD":715.08264,"NZL":90331.49,"NIC":34337.03,"NER":372.40945,"NGA":2047.515,"PRK":2991.8762,"MKD":2709.9373,"NOR":88087.18,"OMN":672.48395,"PAK":420.65625,"PSE":343.15204,"PAN":51169.75,"PNG":178786.34,"PRY":26166.201,"PER":68714.3,"PHL":6940.089,"POL":1390.6671,"PRT":3803.2231,"PRI":1945.6122,"QAT":112.121315,"ROU":1864.479,"RUS":29055.055,"RWA":1398.6318,"KNA":574.49255,"LCA":2056.3438,"VCT":885.5984,"STP":16424.072,"SAU":188.23471,"SEN":2991.6243,"SLE":38340.758,"SGP":175.48744,"SVK":2356.7563,"SVN":9384.536,"SLB":119622.664,"SOM":853.8741,"ZAF":1018.08606,"KOR":1452.6829,"ESP":2811.6943,"LKA":3056.3032,"SUR":234388.88,"SWE":19474.43,"CHE":5776.549,"SYR":501.95013,"TJK":10893.732,"TZA":2853.0325,"THA":3853.5308,"TGO":2723.2212,"TTO":2980.5774,"TUN":465.15765,"TUR":3781.201,"TKM":341.29593,"UGA":1939.4493,"UKR":1058.069,"ARE":64.42779,"GBR":2505.8003,"USA":10709.698,"URY":29059.195,"UZB":727.409,"VUT":61231.74,"VEN":37053.766,"VNM":5072.6567,"YEM":130.03783,"ZMB":9351.386,"ZWE":1127.5483}