{"AFG":2762.8298,"ALB":8438.464,"DZA":395.04477,"AND":4938.04,"AGO":10803.095,"ATG":762.58636,"ARG":8326.2,"ARM":2073.721,"AUS":27325.922,"AUT":6919.738,"AZE":1055.9738,"BHS":2322.0251,"BHR":7.157184,"BGD":856.44116,"BRB":305.29807,"BLR":3335.3506,"BEL":1183.8042,"BLZ":74750.42,"BEN":1654.1473,"BTN":147813.19,"BOL":38541.27,"BIH":9554.404,"BWA":1601.2426,"BRA":35001.684,"BRN":29190.062,"BGR":2498.1956,"BFA":1203.4596,"BDI":1658.3376,"KHM":12037.733,"CMR":20905.898,"CAN":97261.95,"CPV":717.52484,"CAF":42114.043,"TCD":2115.9353,"CHL":60919.445,"CHN":2334.6377,"COL":59908.4,"COM":2446.0542,"COG":80743.1,"CRI":31964.463,"CIV":5172.472,"HRV":8160.12,"CUB":3489.1292,"CYP":904.14343,"CZE":1273.33,"COD":20254.895,"DNK":1146.4882,"DJI":473.87827,"DMA":2878.982,"DOM":2979.1655,"TLS":9462.694,"ECU":38169.145,"EGY":15.231684,"SLV":2712.538,"GNQ":45513.11,"ERI":1382.5338,"EST":8847.069,"SWZ":2720.435,"ETH":2120.3623,"FJI":35743.527,"FIN":20948.395,"FRA":3359.0134,"GAB":146009.7,"GMB":2372.83,"GEO":12480.35,"DEU":1310.0215,"GHA":1741.4777,"GRC":5491.3047,"GRD":1925.5023,"GTM":10588.582,"GIN":29920.898,"GNB":14286.365,"GUY":317779.28,"HTI":1719.9235,"HND":15795.424,"HUN":580.89075,"ISL":635590.06,"IND":1505.7778,"IDN":10099.152,"IRN":2065.7314,"IRQ":1690.2063,"IRL":13577.767,"ISR":135.25699,"ITA":3210.524,"JAM":4328.9385,"JPN":3427.0593,"JOR":143.51562,"KAZ":3846.2605,"KEN":778.1443,"KWT":0,"KGZ":10729.195,"LAO":38625.32,"LVA":6816.7476,"LBN":1211.8962,"LSO":2680.0762,"LBR":92201.51,"LBY":142.65791,"LTU":4260.007,"LUX":2447.2317,"MDG":23983.588,"MWI":1590.1294,"MYS":28528.426,"MDV":116.89116,"MLI":5890.805,"MLT":133.80354,"MRT":173.00911,"MUS":2450.8733,"MEX":4501.309,"MDA":548.5575,"MNG":15640.836,"MAR":1098.5087,"MOZ":6284.2524,"MMR":23536.957,"NAM":3844.7854,"NRU":983.7678,"NPL":8909.691,"NLD":711.5593,"NZL":89018.35,"NIC":33644.695,"NER":360.2851,"NGA":1994.2351,"PRK":2955.5386,"MKD":2701.9805,"NOR":87631.08,"OMN":660.21295,"PAK":408.672,"PSE":328.1251,"PAN":50136.59,"PNG":172470.3,"PRY":25546.934,"PER":67395.19,"PHL":6789.872,"POL":1388.781,"PRT":3790.079,"PRI":1927.7224,"QAT":108.88057,"ROU":1868.255,"RUS":29061.346,"RWA":1674.269,"KNA":567.02734,"LCA":2024.1823,"VCT":884.5878,"STP":16160.718,"SAU":180.59717,"SEN":2915.88,"SLE":38285.03,"SGP":170.23662,"SVK":2349.8699,"SVN":9382.513,"SLB":116184.47,"SOM":823.6094,"ZAF":1005.80237,"KOR":1438.1393,"ESP":2799.3118,"LKA":3006.1372,"SUR":230443.7,"SWE":19372.514,"CHE":5738.076,"SYR":487.93167,"TJK":10668.085,"TZA":2764.6587,"THA":3798.9292,"TGO":2607.2178,"TTO":2964.864,"TUN":457.90656,"TUR":3719.8174,"TKM":335.22595,"UGA":1887.1881,"UKR":1066.4749,"ARE":61.610195,"GBR":2499.18,"USA":10582.925,"URY":28907.896,"UZB":712.9895,"VUT":59831.156,"VEN":36271.355,"VNM":4988.4844,"YEM":125.44759,"ZMB":9128.404,"ZWE":1117.1251}