{"AFG":2654.3542,"ALB":8491.073,"DZA":387.38617,"AND":4932.483,"AGO":10443.884,"ATG":746.9976,"ARG":8222.157,"ARM":2091.9653,"AUS":26996.23,"AUT":6910.401,"AZE":1045.3433,"BHS":2285.5798,"BHR":6.971167,"BGD":840.9272,"BRB":305.01288,"BLR":3346.5986,"BEL":1181.4934,"BLZ":72559.555,"BEN":1611.425,"BTN":147599.06,"BOL":37834.703,"BIH":9160.709,"BWA":1562.5875,"BRA":34475.715,"BRN":28497.096,"BGR":2511.1128,"BFA":1173.0544,"BDI":1657.193,"KHM":11165.354,"CMR":20350.723,"CAN":96250.555,"CPV":704.9187,"CAF":41036.508,"TCD":2024.262,"CHL":60064.97,"CHN":2310.2952,"COL":58827.168,"COM":2404.2942,"COG":78534.445,"CRI":31223.982,"CIV":4975.939,"HRV":8272.811,"CUB":3477.4644,"CYP":886.07166,"CZE":1274.8126,"COD":19869.25,"DNK":1140.0182,"DJI":462.71448,"DMA":2881.4292,"DOM":2925.4712,"TLS":9206.73,"ECU":37456.766,"EGY":14.919127,"SLV":2692.3738,"GNQ":43808.508,"ERI":1315.5027,"EST":8978.563,"SWZ":2667.095,"ETH":2051.5361,"FJI":35519.273,"FIN":20879.79,"FRA":3347.028,"GAB":142359.25,"GMB":2305.1921,"GEO":12941.65,"DEU":1306.2347,"GHA":1701.2742,"GRC":5467.159,"GRD":1912.3384,"GTM":10317.923,"GIN":29086.098,"GNB":13991.701,"GUY":316885.94,"HTI":1687.5646,"HND":15355.811,"HUN":581.8894,"ISL":632167.7,"IND":1475.9945,"IDN":9934.335,"IRN":2043.5328,"IRQ":1637.1088,"IRL":13470.753,"ISR":131.76389,"ITA":3209.6218,"JAM":4287.2485,"JPN":3419.2927,"JOR":138.82907,"KAZ":3919.9497,"KEN":757.0158,"KWT":0,"KGZ":10571.601,"LAO":37735.266,"LVA":6893.964,"LBN":1189.6556,"LSO":2651.5679,"LBR":89594.13,"LBY":140.35388,"LTU":4292.521,"LUX":2414.147,"MDG":23224.225,"MWI":1559.0847,"MYS":27817.629,"MDV":114.35236,"MLI":5765.1963,"MLT":132.92796,"MRT":169.62177,"MUS":2425.9346,"MEX":4423.884,"MDA":244.29196,"MNG":15401.59,"MAR":1081.7623,"MOZ":6081.5596,"MMR":23237.244,"NAM":3742.1716,"NRU":982.0289,"NPL":8715.205,"NLD":708.2838,"NZL":87620.58,"NIC":33025.55,"NER":348.4372,"NGA":1942.7755,"PRK":2926.3079,"MKD":2683.1592,"NOR":87188.016,"OMN":649.0719,"PAK":396.94827,"PSE":313.75616,"PAN":49132.68,"PNG":166411.78,"PRY":24959.771,"PER":66139.56,"PHL":6635.2456,"POL":1387.7249,"PRT":3775.8552,"PRI":1906.2168,"QAT":105.85631,"ROU":1873.6458,"RUS":29103.646,"RWA":1416.0581,"KNA":559.74066,"LCA":1994.2035,"VCT":884.0248,"STP":15916.823,"SAU":173.52313,"SEN":2845.4792,"SLE":38102.406,"SGP":163.45639,"SVK":2344.9011,"SVN":9388.383,"SLB":112876.22,"SOM":794.2313,"ZAF":992.8414,"KOR":1424.5021,"ESP":2787.6765,"LKA":2948.894,"SUR":225599.89,"SWE":19341.707,"CHE":5712.791,"SYR":474.8935,"TJK":10460.6875,"TZA":2714.4265,"THA":3746.8252,"TGO":2512.0908,"TTO":2951.739,"TUN":451.3455,"TUR":3664.1782,"TKM":329.5168,"UGA":1836.8889,"UKR":1075.6234,"ARE":57.74641,"GBR":2492.8245,"USA":10460.515,"URY":28755.672,"UZB":699.7265,"VUT":58509.984,"VEN":35521.844,"VNM":4913.0327,"YEM":121.2949,"ZMB":8907.1,"ZWE":1098.7278}