{"AFG":2555.2659,"ALB":8544.346,"DZA":380.23212,"AND":4877.898,"AGO":10095.214,"ATG":731.8481,"ARG":8122.891,"ARM":2112.874,"AUS":26705.695,"AUT":6902.5747,"AZE":1035.3076,"BHS":2251.4988,"BHR":6.789846,"BGD":825.48425,"BRB":304.88733,"BLR":3360.5361,"BEL":1178.6378,"BLZ":70178.34,"BEN":1564.5494,"BTN":144980.19,"BOL":37157.652,"BIH":8834.742,"BWA":1527.0177,"BRA":33967.02,"BRN":27837.729,"BGR":2526.447,"BFA":1143.1997,"BDI":1657.3197,"KHM":10422.624,"CMR":19818.203,"CAN":95298.766,"CPV":693.164,"CAF":39924.117,"TCD":1955.5781,"CHL":59266.96,"CHN":2286.7712,"COL":57783.773,"COM":2363.2422,"COG":76873.48,"CRI":30526.424,"CIV":4788.3833,"HRV":8313.267,"CUB":3466.1055,"CYP":869.01495,"CZE":1276.1871,"COD":19552.508,"DNK":1135.2905,"DJI":446.55017,"DMA":2886.0444,"DOM":2874.942,"TLS":8956.764,"ECU":36771.285,"EGY":14.613102,"SLV":2674.2734,"GNQ":42146.69,"ERI":1301.0336,"EST":9081.588,"SWZ":2622.599,"ETH":1986.8239,"FJI":35154.082,"FIN":20817.79,"FRA":3335.1084,"GAB":138813.77,"GMB":2240.6638,"GEO":13363.485,"DEU":1304.325,"GHA":1661.2792,"GRC":5440.258,"GRD":1899.4615,"GTM":10057.329,"GIN":28494.447,"GNB":13727.483,"GUY":316171.3,"HTI":1656.036,"HND":14932.173,"HUN":583.06287,"ISL":627010.1,"IND":1447.2537,"IDN":9774.078,"IRN":2019.1818,"IRQ":1587.2592,"IRL":13336.342,"ISR":128.51268,"ITA":3207.924,"JAM":4247.8984,"JPN":3411.1553,"JOR":135.14893,"KAZ":4011.0325,"KEN":736.60846,"KWT":0,"KGZ":10418.572,"LAO":36956.44,"LVA":6963.024,"LBN":1168.3367,"LSO":2630.6128,"LBR":82884.76,"LBY":138.21321,"LTU":4324.3096,"LUX":2384.0745,"MDG":22480.434,"MWI":1528.1146,"MYS":27134.227,"MDV":112.06281,"MLI":5635.6577,"MLT":131.92578,"MRT":165.88521,"MUS":2395.7488,"MEX":4350.0825,"MDA":551.6935,"MNG":15184.902,"MAR":1065.6539,"MOZ":5917.4106,"MMR":22942.75,"NAM":3646.5586,"NRU":980.6806,"NPL":8535.942,"NLD":704.64716,"NZL":86478.195,"NIC":32478.975,"NER":337.058,"NGA":1892.856,"PRK":2899.0737,"MKD":2704.2334,"NOR":86716.55,"OMN":639.0593,"PAK":385.87878,"PSE":300.01648,"PAN":48154.63,"PNG":160589.17,"PRY":24403.41,"PER":64928.008,"PHL":6480.9595,"POL":1386.8169,"PRT":3759.0352,"PRI":1888.5842,"QAT":101.7257,"ROU":1879.0477,"RUS":29151.807,"RWA":1224.9785,"KNA":552.63885,"LCA":1966.3235,"VCT":883.8529,"STP":15692.259,"SAU":166.95718,"SEN":2779.1257,"SLE":37614.17,"SGP":158.05954,"SVK":2340.5757,"SVN":9401.014,"SLB":109700.25,"SOM":766.8197,"ZAF":981.0182,"KOR":1411.2067,"ESP":2776.017,"LKA":2893.436,"SUR":220949.1,"SWE":19330.635,"CHE":5699.046,"SYR":462.58997,"TJK":10335.793,"TZA":2660.0723,"THA":3697.1846,"TGO":2433.847,"TTO":2940.645,"TUN":445.26904,"TUR":3611.6035,"TKM":323.9768,"UGA":1784.4033,"UKR":1084.9258,"ARE":53.240387,"GBR":2486.4124,"USA":10335.33,"URY":28603.826,"UZB":687.74054,"VUT":57265.242,"VEN":34800.75,"VNM":4842.1807,"YEM":117.48951,"ZMB":8682.413,"ZWE":1078.2926}