{"AFG":2460.8564,"ALB":8598.287,"DZA":374.22473,"AND":4827.0166,"AGO":9762.938,"ATG":718.11304,"ARG":8027.964,"ARM":2137.825,"AUS":26440.832,"AUT":6895.005,"AZE":1025.5276,"BHS":2219.6292,"BHR":6.6132975,"BGD":810.0456,"BRB":304.8362,"BLR":3375.7073,"BEL":1176.1238,"BLZ":67770.12,"BEN":1517.0508,"BTN":142246.27,"BOL":36507.35,"BIH":8681.073,"BWA":1493.5599,"BRA":33465.426,"BRN":27210.014,"BGR":2543.3625,"BFA":1112.0339,"BDI":1625.9615,"KHM":10001.516,"CMR":19300.297,"CAN":94511.15,"CPV":682.1531,"CAF":38855.53,"TCD":1889.4448,"CHL":58501.57,"CHN":2264.9333,"COL":56757.797,"COM":2322.8938,"COG":75201.695,"CRI":29871.752,"CIV":4611.1523,"HRV":8318.375,"CUB":3454.5532,"CYP":852.8803,"CZE":1277.3969,"COD":19028.45,"DNK":1131.175,"DJI":428.96854,"DMA":2893.351,"DOM":2827.795,"TLS":8715.903,"ECU":36110.797,"EGY":14.297297,"SLV":2657.8103,"GNQ":40531.652,"ERI":1284.1569,"EST":9169.242,"SWZ":2589.1162,"ETH":1925.398,"FJI":34721.46,"FIN":20762.596,"FRA":3322.7734,"GAB":135343.02,"GMB":2178.67,"GEO":13698.253,"DEU":1304.1274,"GHA":1621.3582,"GRC":5410.191,"GRD":1886.6323,"GTM":9803.266,"GIN":27963.41,"GNB":13473.99,"GUY":315616.06,"HTI":1625.4396,"HND":14541.824,"HUN":584.4211,"ISL":620331.56,"IND":1419.5049,"IDN":9620.793,"IRN":1991.6349,"IRQ":1538.1658,"IRL":13197.956,"ISR":125.6071,"ITA":3207.0012,"JAM":4211.717,"JPN":3401.8987,"JOR":132.0609,"KAZ":4112.4033,"KEN":716.5591,"KWT":0,"KGZ":10259.98,"LAO":36278.65,"LVA":7028.99,"LBN":1147.9735,"LSO":2617.5535,"LBR":74902.89,"LBY":136.16812,"LTU":4355.7505,"LUX":2354.6033,"MDG":21756.865,"MWI":1495.4309,"MYS":26475.902,"MDV":110.001724,"MLI":5494.72,"MLT":131.07112,"MRT":161.63896,"MUS":2370.6914,"MEX":4279.3506,"MDA":551.91644,"MNG":14975.413,"MAR":1049.9011,"MOZ":5784.159,"MMR":22658.156,"NAM":3555.0527,"NRU":980.5844,"NPL":8369.807,"NLD":700.31537,"NZL":85714.29,"NIC":31986.29,"NER":325.84167,"NGA":1844.0293,"PRK":2874.11,"MKD":2689.882,"NOR":86201.76,"OMN":629.9244,"PAK":375.36935,"PSE":292.44736,"PAN":47202.508,"PNG":155040.56,"PRY":23877.43,"PER":63757.633,"PHL":6320.01,"POL":1386.3212,"PRT":3740.0854,"PRI":1877.7599,"QAT":96.461914,"ROU":1882.9409,"RUS":29200.088,"RWA":1175.498,"KNA":545.4794,"LCA":1939.5256,"VCT":883.54834,"STP":15488.345,"SAU":160.83435,"SEN":2714.9458,"SLE":37245.812,"SGP":152.7801,"SVK":2337.4385,"SVN":9421.542,"SLB":106664.5,"SOM":735.70734,"ZAF":969.196,"KOR":1401.0564,"ESP":2764.5525,"LKA":2839.3198,"SUR":216437.9,"SWE":19319.908,"CHE":5682.137,"SYR":450.80997,"TJK":10274.599,"TZA":2590.9565,"THA":3649.2263,"TGO":2365.8108,"TTO":2930.7944,"TUN":439.65063,"TUR":3561.6567,"TKM":318.5575,"UGA":1732.1166,"UKR":1093.6938,"ARE":49.335274,"GBR":2479.1775,"USA":10215.549,"URY":28463.115,"UZB":677.02704,"VUT":56081.16,"VEN":34108.24,"VNM":4773.1953,"YEM":113.84574,"ZMB":8457.768,"ZWE":1057.4164}