{"AFG":2370.802,"ALB":8652.918,"DZA":369.06442,"AND":4802.922,"AGO":9446.466,"ATG":705.88873,"ARG":7935.929,"ARM":2165.5764,"AUS":26153.152,"AUT":6881.603,"AZE":1016.56696,"BHS":2190.1418,"BHR":6.441338,"BGD":794.80383,"BRB":304.74216,"BLR":3390.9333,"BEL":1173.4313,"BLZ":65476.98,"BEN":1470.8364,"BTN":139036.94,"BOL":35875.527,"BIH":8595.007,"BWA":1461.6348,"BRA":32981.527,"BRN":26611.482,"BGR":2557.6619,"BFA":1079.9203,"BDI":1587.4631,"KHM":9832.271,"CMR":18795,"CAN":93746.03,"CPV":671.8639,"CAF":37807.184,"TCD":1824.2172,"CHL":57770.215,"CHN":2245.407,"COL":55779.68,"COM":2281.8633,"COG":73197.9,"CRI":29258.686,"CIV":4463.3066,"HRV":8354.391,"CUB":3442.8477,"CYP":837.59827,"CZE":1278.7028,"COD":18400.027,"DNK":1127.4384,"DJI":414.2399,"DMA":2904.022,"DOM":2782.3137,"TLS":9841.895,"ECU":35474.883,"EGY":13.981916,"SLV":2642.926,"GNQ":38968.008,"ERI":1265.3766,"EST":9142.28,"SWZ":2561.1624,"ETH":1866.1693,"FJI":34322,"FIN":20714.459,"FRA":3305.6765,"GAB":131937.16,"GMB":2118.9749,"GEO":13982.996,"DEU":1303.2848,"GHA":1582.2567,"GRC":5389.484,"GRD":1873.9401,"GTM":9559.689,"GIN":27343.816,"GNB":13220.89,"GUY":315245.72,"HTI":1595.6971,"HND":14164.601,"HUN":586.07886,"ISL":612875.44,"IND":1392.7606,"IDN":9477.257,"IRN":1963.469,"IRQ":1489.2205,"IRL":13050.012,"ISR":122.44898,"ITA":3206.462,"JAM":4179.095,"JPN":3395.693,"JOR":129.25372,"KAZ":4163.466,"KEN":696.1866,"KWT":0,"KGZ":10108.623,"LAO":35650.195,"LVA":7086.437,"LBN":1128.0112,"LSO":2610.7783,"LBR":70879.66,"LBY":134.15004,"LTU":4386.7637,"LUX":2323.0154,"MDG":21061.834,"MWI":1460.9238,"MYS":25851.852,"MDV":108.1424,"MLI":5344.062,"MLT":130.29636,"MRT":157.3751,"MUS":2340.7446,"MEX":4211.471,"MDA":552.7837,"MNG":14765.703,"MAR":1034.71,"MOZ":5655.641,"MMR":22390.064,"NAM":3467.75,"NRU":981.64325,"NPL":8215.477,"NLD":695.6703,"NZL":85265.055,"NIC":31531.98,"NER":314.8215,"NGA":1796.057,"PRK":2851.3552,"MKD":2677.055,"NOR":85613.5,"OMN":621.4188,"PAK":365.28983,"PSE":285.0692,"PAN":46276.504,"PNG":149738.3,"PRY":23385.338,"PER":62665.867,"PHL":6160.5137,"POL":1386.4363,"PRT":3718.99,"PRI":1868.3812,"QAT":91.42857,"ROU":1885.899,"RUS":29290.537,"RWA":1165.9429,"KNA":538.10455,"LCA":1914.4618,"VCT":882.0987,"STP":15304.475,"SAU":155.11818,"SEN":2651.3513,"SLE":37053.824,"SGP":151.56403,"SVK":2335.0544,"SVN":9414.814,"SLB":103832.75,"SOM":706.5424,"ZAF":958.692,"KOR":1391.133,"ESP":2753.3699,"LKA":2787.0547,"SUR":212029.58,"SWE":19304.857,"CHE":5655.1025,"SYR":439.48566,"TJK":10221.685,"TZA":2522.4976,"THA":3603.747,"TGO":2299.8762,"TTO":2920.8008,"TUN":434.44656,"TUR":3514.3713,"TKM":312.76645,"UGA":1676.8942,"UKR":1102.5194,"ARE":45.927612,"GBR":2470.9255,"USA":10098.91,"URY":28334.227,"UZB":667.5925,"VUT":54930.566,"VEN":33448.855,"VNM":4711.3906,"YEM":110.35544,"ZMB":8234.082,"ZWE":1040.4417}