{"AFG":2342.237,"ALB":8708.244,"DZA":363.93472,"AND":4804.75,"AGO":9138.697,"ATG":694.1478,"ARG":7846.5127,"ARM":2129.3967,"AUS":25855.543,"AUT":6865.0747,"AZE":1008.2499,"BHS":2161.5947,"BHR":6.2737026,"BGD":780.4121,"BRB":305.2701,"BLR":3406.9468,"BEL":1170.589,"BLZ":63372.355,"BEN":1426.273,"BTN":135709.53,"BOL":35264.758,"BIH":8534.124,"BWA":1430.8011,"BRA":32531.064,"BRN":26039.752,"BGR":2570.3254,"BFA":1048.17,"BDI":1554.822,"KHM":9677.158,"CMR":18306.629,"CAN":92877.05,"CPV":661.7886,"CAF":36781.816,"TCD":1762.1989,"CHL":57083.387,"CHN":2227.7837,"COL":54873.46,"COM":2238.472,"COG":70446.11,"CRI":28696.67,"CIV":4341.4873,"HRV":8437.21,"CUB":3431.4182,"CYP":823.0739,"CZE":1282.2935,"COD":17819.156,"DNK":1123.6763,"DJI":401.43555,"DMA":2919.2393,"DOM":2737.5908,"TLS":11025.543,"ECU":34864.277,"EGY":13.68302,"SLV":2629.823,"GNQ":36969.68,"ERI":1246.0887,"EST":9098.165,"SWZ":2535.015,"ETH":1809.7804,"FJI":33951.355,"FIN":20671.5,"FRA":3283.0662,"GAB":128569.77,"GMB":2061.7366,"GEO":14257.575,"DEU":1301.521,"GHA":1542.9987,"GRC":5367.484,"GRD":1861.3135,"GTM":9335.255,"GIN":26812.73,"GNB":12958.184,"GUY":315101.88,"HTI":1566.5137,"HND":13782.78,"HUN":587.6033,"ISL":604541.2,"IND":1366.8295,"IDN":9342.469,"IRN":1934.6973,"IRQ":1441.202,"IRL":12877.203,"ISR":119.255844,"ITA":3205.0095,"JAM":4150.2,"JPN":3390.0176,"JOR":126.60237,"KAZ":4151.3174,"KEN":675.52374,"KWT":0,"KGZ":9989.054,"LAO":35056.633,"LVA":7155.0757,"LBN":1108.714,"LSO":2609.8938,"LBR":68303.28,"LBY":131.95047,"LTU":4417.7285,"LUX":2292.001,"MDG":20404.04,"MWI":1426.3064,"MYS":25252.729,"MDV":106.37581,"MLI":5190.6304,"MLT":129.4583,"MRT":153.05492,"MUS":2317.8555,"MEX":4146.9985,"MDA":553.909,"MNG":14571.04,"MAR":1020.28485,"MOZ":5532.373,"MMR":22141.342,"NAM":3387.1333,"NRU":983.4776,"NPL":8074.468,"NLD":690.7156,"NZL":84765.53,"NIC":31101.217,"NER":304.09317,"NGA":1748.6599,"PRK":2831.0764,"MKD":2664.8901,"NOR":85059.63,"OMN":613.46173,"PAK":355.11563,"PSE":277.87732,"PAN":45376.496,"PNG":144661.5,"PRY":22937.273,"PER":61695.6,"PHL":6015.6685,"POL":1400.9911,"PRT":3692.9424,"PRI":1863.2212,"QAT":86.82319,"ROU":1888.3418,"RUS":29413.998,"RWA":1156.5717,"KNA":530.41016,"LCA":1891.3602,"VCT":880.70807,"STP":15136.997,"SAU":148.35216,"SEN":2588.215,"SLE":36169.547,"SGP":148.96147,"SVK":2338.2175,"SVN":9386.98,"SLB":101482.734,"SOM":678.83185,"ZAF":949.96326,"KOR":1379.5492,"ESP":2741.086,"LKA":2736.7363,"SUR":207702.62,"SWE":19273.885,"CHE":5623.412,"SYR":428.6602,"TJK":10097.482,"TZA":2451.8289,"THA":3563.2087,"TGO":2237.338,"TTO":2909.589,"TUN":429.59836,"TUR":3469.5708,"TKM":306.58936,"UGA":1624.9899,"UKR":1111.8586,"ARE":42.935963,"GBR":2462.1125,"USA":9987.156,"URY":28228.47,"UZB":659.2151,"VUT":53682.34,"VEN":32821.363,"VNM":4658.4746,"YEM":107.011055,"ZMB":8005.885,"ZWE":1030.9404}