{"AFG":2324.457,"ALB":8790.353,"DZA":358.971,"AND":4792.565,"AGO":8837.294,"ATG":683.5899,"ARG":7760.8335,"ARM":2135.5625,"AUS":25525.688,"AUT":6838.8457,"AZE":1000.4685,"BHS":2135.2139,"BHR":6.048546,"BGD":767.5113,"BRB":304.849,"BLR":3424.4683,"BEL":1166.5696,"BLZ":61438.367,"BEN":1383.368,"BTN":132614.27,"BOL":34674.87,"BIH":8493.965,"BWA":1401.6613,"BRA":32109.82,"BRN":25499.107,"BGR":2622.0037,"BFA":1016.67334,"BDI":1516.347,"KHM":9527.207,"CMR":17832.076,"CAN":91873.68,"CPV":651.7588,"CAF":35974.094,"TCD":1703.7471,"CHL":56427.477,"CHN":2211.6602,"COL":54017.625,"COM":2192.9023,"COG":67837.27,"CRI":28186.953,"CIV":4226.8755,"HRV":8768.172,"CUB":3420.6343,"CYP":809.02203,"CZE":1287.1204,"COD":17263.654,"DNK":1119.6572,"DJI":388.94717,"DMA":2928.7722,"DOM":2694.8667,"TLS":10113.894,"ECU":34266.047,"EGY":13.395483,"SLV":2618.9414,"GNQ":34674.25,"ERI":1211.0312,"EST":9156.302,"SWZ":2511.7405,"ETH":1755.7048,"FJI":33604.207,"FIN":20624.486,"FRA":3259.22,"GAB":125230.13,"GMB":2006.6742,"GEO":14480.468,"DEU":1299.3333,"GHA":1502.4493,"GRC":5339.6514,"GRD":1852.0748,"GTM":9123.247,"GIN":26463.824,"GNB":12685.597,"GUY":315248.2,"HTI":1538.2126,"HND":13415.226,"HUN":588.95264,"ISL":596558.2,"IND":1341.4991,"IDN":9213.689,"IRN":1905.0582,"IRQ":1396.9452,"IRL":12673.803,"ISR":116.477715,"ITA":3203.0479,"JAM":4123.9854,"JPN":3381.8591,"JOR":124.02494,"KAZ":4131.475,"KEN":654.66614,"KWT":0,"KGZ":9894.697,"LAO":34483.496,"LVA":7248.082,"LBN":1090.4337,"LSO":2613.8853,"LBR":66327.555,"LBY":129.54233,"LTU":4454.2812,"LUX":2264.8774,"MDG":19785.193,"MWI":1392.2125,"MYS":24653.012,"MDV":104.61455,"MLI":5036.8706,"MLT":128.48958,"MRT":149.32281,"MUS":2299.6155,"MEX":4085.951,"MDA":555.1491,"MNG":14393.542,"MAR":1006.43274,"MOZ":5410.5874,"MMR":21909.002,"NAM":3317.0925,"NRU":987.1668,"NPL":7944.9233,"NLD":685.5214,"NZL":84267.49,"NIC":30702.707,"NER":293.60822,"NGA":1701.7987,"PRK":2813.3105,"MKD":2653.7166,"NOR":84630.28,"OMN":606.00366,"PAK":345.32358,"PSE":270.86676,"PAN":44501.824,"PNG":139828.77,"PRY":22553.395,"PER":60857.566,"PHL":5884.413,"POL":1401.3777,"PRT":3666.9902,"PRI":1859.2355,"QAT":82.60501,"ROU":1914.877,"RUS":29539.004,"RWA":1146.3608,"KNA":524.46405,"LCA":1872.2268,"VCT":881.0495,"STP":14893.254,"SAU":140.83353,"SEN":2526.2065,"SLE":34095.395,"SGP":144.99716,"SVK":2342.5007,"SVN":9372.208,"SLB":99526.86,"SOM":652.28076,"ZAF":941.8334,"KOR":1369.0051,"ESP":2722.1267,"LKA":2693.828,"SUR":203469.25,"SWE":19222.209,"CHE":5587.9414,"SYR":418.2663,"TJK":9904.209,"TZA":2386.479,"THA":3527.1953,"TGO":2179.1108,"TTO":2896.8735,"TUN":425.03925,"TUR":3426.667,"TKM":300.50848,"UGA":1576.033,"UKR":1122.043,"ARE":40.283703,"GBR":2452.6523,"USA":9888.797,"URY":28159.111,"UZB":651.2481,"VUT":52347.523,"VEN":32225.88,"VNM":4609.7593,"YEM":103.826004,"ZMB":7767.4155,"ZWE":1024.0646}