{"AFG":2205.5264,"ALB":8816.753,"DZA":354.2269,"AND":4745.4365,"AGO":8541.238,"ATG":675.0441,"ARG":7678.2803,"ARM":2143.5715,"AUS":25236.969,"AUT":6805.282,"AZE":993.03107,"BHS":2110.888,"BHR":5.6294184,"BGD":755.7564,"BRB":302.8605,"BLR":3446.3367,"BEL":1161.3519,"BLZ":59607.28,"BEN":1341.9451,"BTN":129722.664,"BOL":34099.76,"BIH":8476.596,"BWA":1375.545,"BRA":31713.666,"BRN":24992.723,"BGR":2679.5417,"BFA":985.7347,"BDI":1474.1802,"KHM":9381.388,"CMR":17360.307,"CAN":90882.42,"CPV":642.335,"CAF":35196.527,"TCD":1645.4238,"CHL":55808.06,"CHN":2196.8916,"COL":53193.23,"COM":2146.9863,"COG":66253.41,"CRI":27725.266,"CIV":4119.0537,"HRV":8763.012,"CUB":3410.4478,"CYP":794.75055,"CZE":1289.6056,"COD":16744.023,"DNK":1116.0857,"DJI":377.08624,"DMA":2925.388,"DOM":2654.6968,"TLS":9344.157,"ECU":33672.105,"EGY":13.116623,"SLV":2610.8174,"GNQ":32583.209,"ERI":1170.0902,"EST":9214.485,"SWZ":2491.8801,"ETH":1703.0658,"FJI":33273.156,"FIN":20574.557,"FRA":3235.6104,"GAB":121920.85,"GMB":1953.518,"GEO":14610.9795,"DEU":1297.1506,"GHA":1461.693,"GRC":5320.114,"GRD":1844.9503,"GTM":8916.531,"GIN":26054.678,"GNB":12409.768,"GUY":315588.78,"HTI":1511.0992,"HND":13065.549,"HUN":590.6321,"ISL":591257.06,"IND":1317.4193,"IDN":9089.62,"IRN":1889.3915,"IRQ":1353.5048,"IRL":12462.02,"ISR":114.15525,"ITA":3196.7168,"JAM":4098.733,"JPN":3374.0044,"JOR":121.43732,"KAZ":4110.0674,"KEN":634.3893,"KWT":0,"KGZ":9804.228,"LAO":33934.016,"LVA":7332.784,"LBN":1075.3883,"LSO":2621.9758,"LBR":64624.906,"LBY":127.078415,"LTU":4490.1826,"LUX":2241.273,"MDG":19202.375,"MWI":1358.5355,"MYS":24063.916,"MDV":102.875015,"MLI":4882.7925,"MLT":127.53523,"MRT":146.0571,"MUS":2283.7058,"MEX":4027.6272,"MDA":556.4362,"MNG":14209.725,"MAR":993.21387,"MOZ":5290.5483,"MMR":21690.297,"NAM":3259.311,"NRU":991.8667,"NPL":7825.029,"NLD":681.1597,"NZL":82816.26,"NIC":30332.574,"NER":283.42044,"NGA":1655.7781,"PRK":2798.199,"MKD":2673.0596,"NOR":84175.1,"OMN":599.02277,"PAK":336.96326,"PSE":264.03302,"PAN":43651.32,"PNG":135212.62,"PRY":22237.732,"PER":60135.844,"PHL":5766.2983,"POL":1402.027,"PRT":3646.9622,"PRI":1856.8397,"QAT":78.7396,"ROU":1950.2546,"RUS":29675.205,"RWA":1130.9281,"KNA":521.5124,"LCA":1855.9647,"VCT":882.2466,"STP":14540.895,"SAU":133.99654,"SEN":2465.0747,"SLE":32183.867,"SGP":143.67989,"SVK":2343.3525,"SVN":9360.602,"SLB":97668.414,"SOM":628.2681,"ZAF":932.956,"KOR":1361.1157,"ESP":2683.9443,"LKA":2665.892,"SUR":199375.3,"SWE":19159.754,"CHE":5545.8296,"SYR":408.28168,"TJK":9715.74,"TZA":2325.4976,"THA":3493.4253,"TGO":2124.4075,"TTO":2882.8591,"TUN":420.69836,"TUR":3385.594,"TKM":294.5823,"UGA":1527.4429,"UKR":1131.945,"ARE":37.909172,"GBR":2442.2913,"USA":9797.473,"URY":28119.469,"UZB":643.3076,"VUT":51056.094,"VEN":31648.467,"VNM":4562.776,"YEM":100.79152,"ZMB":7531.967,"ZWE":1014.2581}