{"AFG":2074.0728,"ALB":8849.802,"DZA":349.54822,"AND":4541.922,"AGO":8248.015,"ATG":667.6596,"ARG":7599.3613,"ARM":2155.2239,"AUS":24948.357,"AUT":6772.2124,"AZE":985.53577,"BHS":2085.7046,"BHR":5.2320614,"BGD":744.83746,"BRB":301.00537,"BLR":3470.539,"BEL":1156.5002,"BLZ":57851.24,"BEN":1301.644,"BTN":127026.34,"BOL":33533.316,"BIH":8495.825,"BWA":1351.5522,"BRA":31341.578,"BRN":24521.33,"BGR":2700.851,"BFA":955.47253,"BDI":1428.3374,"KHM":9240.694,"CMR":16893.209,"CAN":90068.85,"CPV":633.7363,"CAF":34364.38,"TCD":1580.9722,"CHL":55227.062,"CHN":2183.2505,"COL":52397.04,"COM":2106.0095,"COG":64427.137,"CRI":27302.705,"CIV":4017.6638,"HRV":8760.517,"CUB":3400.7224,"CYP":780.31995,"CZE":1289.9747,"COD":16261.965,"DNK":1113.054,"DJI":368.76828,"DMA":2918.3872,"DOM":2616.7458,"TLS":8959.753,"ECU":33083.3,"EGY":12.84463,"SLV":2605.6084,"GNQ":30665.367,"ERI":1122.7382,"EST":9272.499,"SWZ":2474.9226,"ETH":1652.3853,"FJI":32956.785,"FIN":20525.555,"FRA":3212.859,"GAB":118638.55,"GMB":1901.6095,"GEO":14709.991,"DEU":1296.4326,"GHA":1422.7552,"GRC":5307.433,"GRD":1836.8171,"GTM":8717.977,"GIN":25476.9,"GNB":12132.187,"GUY":315816.66,"HTI":1484.8323,"HND":12734.554,"HUN":592.3263,"ISL":587176.75,"IND":1294.7673,"IDN":8970.086,"IRN":1868.5653,"IRQ":1313.3025,"IRL":12260.664,"ISR":112.11265,"ITA":3179.4878,"JAM":4073.969,"JPN":3366.7925,"JOR":118.777504,"KAZ":4086.394,"KEN":615.11536,"KWT":0,"KGZ":9701.966,"LAO":33415.555,"LVA":7403.9917,"LBN":1060.6544,"LSO":2634.6824,"LBR":64112.18,"LBY":124.568504,"LTU":4526.804,"LUX":2214.202,"MDG":18647.783,"MWI":1324.9519,"MYS":23501.19,"MDV":101.18351,"MLI":4730.0127,"MLT":126.69915,"MRT":142.75284,"MUS":2267.2393,"MEX":3971.7021,"MDA":558.0054,"MNG":14030.143,"MAR":980.67676,"MOZ":5172.1094,"MMR":21488.33,"NAM":3212.5767,"NRU":994.1346,"NPL":7715.437,"NLD":677.9535,"NZL":81197.85,"NIC":29977.186,"NER":273.50195,"NGA":1610.7561,"PRK":2781.193,"MKD":2669.666,"NOR":83682.836,"OMN":592.2677,"PAK":329.12405,"PSE":257.3718,"PAN":42823.906,"PNG":130796.93,"PRY":21965.908,"PER":59498.582,"PHL":5653.129,"POL":1402.9735,"PRT":3633.2966,"PRI":1855.6779,"QAT":75.19988,"ROU":1964.372,"RUS":29810.17,"RWA":1106.3396,"KNA":519.75055,"LCA":1840.7618,"VCT":883.8529,"STP":14172.962,"SAU":127.7495,"SEN":2406.4524,"SLE":30901.83,"SGP":145.81418,"SVK":2344.8955,"SVN":9354.959,"SLB":95891.055,"SOM":605.50055,"ZAF":923.7047,"KOR":1354.079,"ESP":2635.8428,"LKA":2646.4148,"SUR":195492.22,"SWE":19088.594,"CHE":5504.8364,"SYR":398.67416,"TJK":9530.567,"TZA":2264.7886,"THA":3461.0198,"TGO":2071.2634,"TTO":2868.4353,"TUN":416.51642,"TUR":3346.5164,"TKM":288.86493,"UGA":1479.9567,"UKR":1140.4293,"ARE":35.77854,"GBR":2430.9453,"USA":9713.626,"URY":28099.596,"UZB":635.5192,"VUT":49814.19,"VEN":31089.84,"VNM":4517.3823,"YEM":97.87299,"ZMB":7301.799,"ZWE":1002.26263}