{"AFG":2001.2178,"ALB":8886.865,"DZA":344.70093,"AND":4246.216,"AGO":7956.808,"ATG":660.5775,"ARG":7522.6875,"ARM":2167.209,"AUS":24683.031,"AUT":6730.3267,"AZE":976.94574,"BHS":2060.1445,"BHR":4.855895,"BGD":734.7649,"BRB":299.2914,"BLR":3494.295,"BEL":1151.5059,"BLZ":56167.367,"BEN":1262.395,"BTN":119899.66,"BOL":32973.766,"BIH":8572.835,"BWA":1328.0609,"BRA":30989.438,"BRN":24085.393,"BGR":2721.3142,"BFA":925.88934,"BDI":1376.0735,"KHM":9105.508,"CMR":16435.4,"CAN":89233.14,"CPV":625.8214,"CAF":33628.87,"TCD":1512.0913,"CHL":54672.414,"CHN":2170.322,"COL":51633.035,"COM":2066.4573,"COG":62262.414,"CRI":26904.262,"CIV":3921.4084,"HRV":8758.073,"CUB":3391.8345,"CYP":766.30237,"CZE":1289.5822,"COD":15790.1,"DNK":1110.1813,"DJI":363.1416,"DMA":2913.3708,"DOM":2581.03,"TLS":8842.138,"ECU":32508.613,"EGY":12.582187,"SLV":2602.9736,"GNQ":28891.553,"ERI":1077.6343,"EST":9328.098,"SWZ":2460.0269,"ETH":1603.634,"FJI":32652.23,"FIN":20466.045,"FRA":3189.4067,"GAB":115362.24,"GMB":1850.3533,"GEO":14801.367,"DEU":1296.7141,"GHA":1385.5674,"GRC":5294.318,"GRD":1829.4412,"GTM":8526.319,"GIN":24937.309,"GNB":11855.689,"GUY":316099.56,"HTI":1459.7773,"HND":12420.89,"HUN":593.6394,"ISL":582044.25,"IND":1272.8969,"IDN":8856.797,"IRN":1829.0171,"IRQ":1276.3854,"IRL":12038.537,"ISR":110.14833,"ITA":3155.901,"JAM":4050.1829,"JPN":3365.6594,"JOR":115.945755,"KAZ":4059.8962,"KEN":596.31055,"KWT":0,"KGZ":9585.26,"LAO":32931.914,"LVA":7485.235,"LBN":1043.6418,"LSO":2653.3018,"LBR":63353.45,"LBY":122.02152,"LTU":4577.9263,"LUX":2182.9534,"MDG":18111.846,"MWI":1291.1239,"MYS":22964.139,"MDV":99.531204,"MLI":4579.3105,"MLT":125.85105,"MRT":139.43773,"MUS":2253.0657,"MEX":3917.8447,"MDA":559.3878,"MNG":13873.319,"MAR":968.1829,"MOZ":5055.364,"MMR":21304.996,"NAM":3171.8538,"NRU":994.03577,"NPL":7618.197,"NLD":675.60187,"NZL":80000,"NIC":29624.996,"NER":263.8356,"NGA":1566.7421,"PRK":2762.3235,"MKD":2678.3242,"NOR":83189.78,"OMN":582.16394,"PAK":321.10037,"PSE":250.87854,"PAN":42015.836,"PNG":126579.46,"PRY":21714.217,"PER":58918.168,"PHL":5544.334,"POL":1403.7947,"PRT":3624.619,"PRI":1855.2982,"QAT":72.41392,"ROU":1975.5966,"RUS":29930.453,"RWA":1077.483,"KNA":518.1907,"LCA":1826.6063,"VCT":886.2498,"STP":13823.277,"SAU":122.01644,"SEN":2350.6465,"SLE":29874.617,"SGP":144.00009,"SVK":2345.3728,"SVN":9348.968,"SLB":94182.39,"SOM":583.60095,"ZAF":914.4458,"KOR":1348.723,"ESP":2590.7524,"LKA":2628.4866,"SUR":192635.86,"SWE":19013.666,"CHE":5467.1245,"SYR":388.94305,"TJK":9345.345,"TZA":2204.165,"THA":3430.1448,"TGO":2018.7806,"TTO":2854.2122,"TUN":412.6434,"TUR":3309.394,"TKM":283.3751,"UGA":1436.2252,"UKR":1148.407,"ARE":33.867943,"GBR":2417.1538,"USA":9624.143,"URY":28082.803,"UZB":627.7529,"VUT":48611.887,"VEN":30560.91,"VNM":4473.794,"YEM":95.04341,"ZMB":7073.4346,"ZWE":991.43646}