{"AFG":1932.0154,"ALB":8932.464,"DZA":339.6936,"AND":4076.4133,"AGO":7671.907,"ATG":653.1761,"ARG":7445.7905,"ARM":2179.9517,"AUS":24384.389,"AUT":6684.631,"AZE":967.00964,"BHS":2035.511,"BHR":4.5003386,"BGD":725.5601,"BRB":297.72318,"BLR":3518.243,"BEL":1145.1893,"BLZ":54552.41,"BEN":1222.386,"BTN":117848.805,"BOL":32422.602,"BIH":8665.949,"BWA":1304.435,"BRA":30651.678,"BRN":23682.422,"BGR":2741.8823,"BFA":897.20715,"BDI":1325.9,"KHM":8973.747,"CMR":15988.667,"CAN":88392.016,"CPV":618.4101,"CAF":32876.254,"TCD":1452.3496,"CHL":54132.484,"CHN":2157.5952,"COL":50915.074,"COM":2024.7115,"COG":60058.55,"CRI":26518.104,"CIV":3828.894,"HRV":8746.806,"CUB":3384.6675,"CYP":752.786,"CZE":1287.7996,"COD":15312.444,"DNK":1107.1271,"DJI":357.49738,"DMA":2909.768,"DOM":2547.416,"TLS":8662.77,"ECU":31951.09,"EGY":12.330303,"SLV":2602.5806,"GNQ":27444.486,"ERI":1052.151,"EST":9381.632,"SWZ":2446.66,"ETH":1556.7684,"FJI":32355.71,"FIN":20396.12,"FRA":3165.5159,"GAB":112060.516,"GMB":1799.6001,"GEO":14895.698,"DEU":1297.4506,"GHA":1349.6997,"GRC":5278.8154,"GRD":1822.5891,"GTM":8343.757,"GIN":24443.414,"GNB":11580.901,"GUY":316724.38,"HTI":1435.4495,"HND":12122.987,"HUN":594.82117,"ISL":572903.7,"IND":1252.299,"IDN":8743.819,"IRN":1788.9846,"IRQ":1239.1117,"IRL":11779.09,"ISR":108.22355,"ITA":3137.535,"JAM":4027.8132,"JPN":3365.3433,"JOR":113.10891,"KAZ":4029.9053,"KEN":578.2691,"KWT":0,"KGZ":9477.709,"LAO":32438.752,"LVA":7566.557,"LBN":1027.5947,"LSO":2677.8271,"LBR":60587.426,"LBY":119.47843,"LTU":4653.0835,"LUX":2149.8071,"MDG":17588.996,"MWI":1257.0063,"MYS":22449.234,"MDV":97.90196,"MLI":4431.7573,"MLT":125.051384,"MRT":136.09798,"MUS":2239.7646,"MEX":3865.3643,"MDA":560.75055,"MNG":13720.195,"MAR":955.26263,"MOZ":4939.775,"MMR":21139.008,"NAM":3132.3381,"NRU":995.1239,"NPL":7533.4126,"NLD":674.0251,"NZL":79102.055,"NIC":29241.283,"NER":254.43088,"NGA":1523.9565,"PRK":2746.3032,"MKD":2692.8237,"NOR":82625.125,"OMN":569.1515,"PAK":313.47388,"PSE":244.54915,"PAN":41231.188,"PNG":122553.805,"PRY":21475.389,"PER":58396.125,"PHL":5442.195,"POL":1404.4117,"PRT":3617.9001,"PRI":1857.9763,"QAT":67.84524,"ROU":1987.8342,"RUS":30044.842,"RWA":1049.1989,"KNA":516.8292,"LCA":1813.2366,"VCT":889.2841,"STP":13486.844,"SAU":116.73214,"SEN":2296.2988,"SLE":29081.857,"SGP":140.65482,"SVK":2345.1428,"SVN":9332.788,"SLB":92531.26,"SOM":563.6858,"ZAF":905.2328,"KOR":1345.8668,"ESP":2547.353,"LKA":2611.7249,"SUR":190636.47,"SWE":18937.775,"CHE":5432.214,"SYR":379.07758,"TJK":9164.27,"TZA":2143.8374,"THA":3400.769,"TGO":1967.6178,"TTO":2966.4102,"TUN":409.04993,"TUR":3274.2168,"TKM":278.09354,"UGA":1394.6857,"UKR":1157.9144,"ARE":32.15579,"GBR":2400.6143,"USA":9535.844,"URY":28060.385,"UZB":619.94977,"VUT":47447.332,"VEN":30053.232,"VNM":4432.451,"YEM":92.14533,"ZMB":6843.693,"ZWE":982.10175}