{"AFG":1854.54,"ALB":8988.998,"DZA":334.49814,"AND":3965.5713,"AGO":7394.351,"ATG":645.1293,"ARG":7369.6216,"ARM":2193.406,"AUS":24057.543,"AUT":6651.637,"AZE":956.44434,"BHS":2009.329,"BHR":4.1648273,"BGD":717.18384,"BRB":296.2941,"BLR":3539.851,"BEL":1137.661,"BLZ":53008.566,"BEN":1184.8284,"BTN":116279.24,"BOL":31874.598,"BIH":8736.802,"BWA":1280.3304,"BRA":30328.988,"BRN":23309.191,"BGR":2762.7864,"BFA":869.64343,"BDI":1278.9956,"KHM":8842.272,"CMR":15555.194,"CAN":87500.63,"CPV":611.3366,"CAF":32209.584,"TCD":1401.0281,"CHL":53606.49,"CHN":2145.5813,"COL":50244.684,"COM":1984.2811,"COG":57851.535,"CRI":26149.297,"CIV":3739.7546,"HRV":8744.748,"CUB":3379.8672,"CYP":739.74457,"CZE":1284.317,"COD":14847.588,"DNK":1103.4945,"DJI":350.56393,"DMA":2906.7231,"DOM":2515.7412,"TLS":8411.863,"ECU":31406.78,"EGY":12.09184,"SLV":2603.9937,"GNQ":26253.531,"ERI":1035.6937,"EST":9437.114,"SWZ":2434.445,"ETH":1511.7067,"FJI":32065.502,"FIN":20317.994,"FRA":3143.5498,"GAB":108729.016,"GMB":1748.9907,"GEO":14980.619,"DEU":1298.9149,"GHA":1315.0641,"GRC":5262.985,"GRD":1815.9531,"GTM":8169.092,"GIN":23937.709,"GNB":11305,"GUY":317537.28,"HTI":1411.2638,"HND":11840.406,"HUN":595.74817,"ISL":559611.8,"IND":1232.8639,"IDN":8628.706,"IRN":1750.8542,"IRQ":1230.059,"IRL":11465.768,"ISR":106.32718,"ITA":3125.0073,"JAM":4007.0818,"JPN":3363.2112,"JOR":106.1087,"KAZ":3995.9722,"KEN":560.9147,"KWT":0,"KGZ":9376.485,"LAO":31929.166,"LVA":7636.282,"LBN":1010.28467,"LSO":2688.859,"LBR":57293.67,"LBY":117.05273,"LTU":4727.9604,"LUX":2115.7886,"MDG":17079.8,"MWI":1222.8477,"MYS":21954.803,"MDV":95.58676,"MLI":4288.735,"MLT":124.5966,"MRT":132.72897,"MUS":2229.3428,"MEX":3813.3894,"MDA":562.3112,"MNG":13555.794,"MAR":942.44037,"MOZ":4825.111,"MMR":20985.605,"NAM":3092.5435,"NRU":996.6115,"NPL":7460.8257,"NLD":672.94336,"NZL":78143.67,"NIC":28827.123,"NER":245.29419,"NGA":1482.452,"PRK":2731.9612,"MKD":2707.7346,"NOR":81962.34,"OMN":556.70544,"PAK":306.09515,"PSE":238.37944,"PAN":40473.785,"PNG":118706.766,"PRY":21252.834,"PER":57935.727,"PHL":5351.418,"POL":1405.302,"PRT":3611.3818,"PRI":1865.8608,"QAT":57.563953,"ROU":1999.6451,"RUS":30143.383,"RWA":1021.5882,"KNA":515.3643,"LCA":1800.2988,"VCT":892.74554,"STP":13161.231,"SAU":111.84043,"SEN":2243.46,"SRB":1134.3077,"SLE":28447.145,"SGP":136.32135,"SVK":2345.0352,"SVN":9303.054,"SLB":90928.695,"SOM":546.67206,"ZAF":896.0309,"KOR":1338.8168,"ESP":2504.6558,"LKA":2594.2874,"SUR":188572.5,"SWE":18831.553,"CHE":5398.2305,"SYR":363.19153,"TJK":8991.769,"TZA":2084.6309,"THA":3372.6575,"TGO":1913.2649,"TTO":2958.5251,"TUN":405.45465,"TUR":3240.7576,"TKM":272.969,"UGA":1354.4487,"UKR":1165.4298,"ARE":29.9455,"GBR":2383.0334,"USA":9444.336,"URY":28028.525,"UZB":612.00696,"VUT":46312.805,"VEN":29568.752,"VNM":4374.2144,"YEM":89.19817,"ZMB":6611.95,"ZWE":970.2096}