{"AFG":1819.7711,"ALB":9057.1875,"DZA":328.96146,"AND":3854.5623,"AGO":7122.726,"ATG":636.4437,"ARG":7296.942,"ARM":2207.3115,"AUS":23622.477,"AUT":6630.111,"AZE":945.6609,"BHS":1981.1283,"BHR":3.8487628,"BGD":709.51086,"BRB":294.88956,"BLR":3556.1309,"BEL":1129.3374,"BLZ":51536.645,"BEN":1150.3279,"BTN":114935.586,"BOL":31334.014,"BIH":8845.315,"BWA":1255.7549,"BRA":30023.496,"BRN":22918.896,"BGR":2783.1755,"BFA":843.66504,"BDI":1232.56,"KHM":8712.759,"CMR":15124.741,"CAN":86655.414,"CPV":604.6071,"CAF":31594.727,"TCD":1353.5878,"CHL":53084.348,"CHN":2134.4048,"COL":49612.152,"COM":1945.1248,"COG":55772.867,"CRI":25797.627,"CIV":3653.731,"HRV":8746.659,"CUB":3377.2554,"CYP":727.1276,"CZE":1276.8444,"COD":14405.128,"DNK":1098.6118,"DJI":343.04218,"DMA":2904.9922,"DOM":2485.2844,"TLS":8175.032,"ECU":30874.94,"EGY":11.865743,"SLV":2600.7417,"GNQ":25095.459,"ERI":1020.6976,"EST":9480.264,"SWZ":2420.453,"ETH":1468.0538,"FJI":31798.822,"FIN":20231.738,"FRA":3124.1755,"GAB":105382.41,"GMB":1698.9717,"GEO":15058.969,"DEU":1300.653,"GHA":1281.6023,"GRC":5249.594,"GRD":1809.5945,"GTM":7998.8047,"GIN":23389.922,"GNB":11026.984,"GUY":318420.44,"HTI":1387.6655,"HND":11571.453,"HUN":596.67175,"ISL":545630.8,"IND":1214.4362,"IDN":8515.481,"IRN":1722.459,"IRQ":1239.803,"IRL":11139.042,"ISR":104.45537,"ITA":3106.0527,"JAM":3988.1348,"JPN":3359.3489,"JOR":99.89414,"KAZ":3958.2427,"KEN":544.21625,"KWT":0,"KGZ":9287.477,"LAO":31438.67,"LVA":7698.863,"LBN":990.89246,"LSO":2677.564,"LBR":54510.023,"LBY":114.67176,"LTU":4784.461,"LUX":2083.3638,"MDG":16585.803,"MWI":1188.8326,"MYS":21482.764,"MDV":92.45591,"MLI":4150.016,"MLT":124.16283,"MRT":129.32181,"MUS":2219.2104,"MEX":3760.0774,"MDA":563.61566,"MNG":13375.099,"MAR":929.8905,"MOZ":4711.6553,"MMR":20837.385,"NAM":3051.6199,"NRU":998.00397,"NPL":7398.699,"NLD":671.48114,"NZL":77418.44,"NIC":28416.062,"NER":236.42882,"NGA":1441.9257,"PRK":2718.4517,"MKD":2723.2388,"NOR":81118.625,"OMN":544.7102,"PAK":298.11392,"PSE":232.36542,"PAN":39738.297,"PNG":115030.92,"PRY":21045.49,"PER":57516.992,"PHL":5259.391,"POL":1406.0654,"PRT":3604.2996,"PRI":1876.8198,"QAT":46.334793,"ROU":2029.4037,"RUS":30194.998,"RWA":994.77136,"KNA":513.8526,"LCA":1788.2903,"VCT":896.6117,"STP":12846.199,"SAU":107.29464,"SEN":2191.9495,"SRB":1138.9163,"SLE":27829.223,"SGP":130.75887,"SVK":2344.3508,"SVN":9251.175,"SLB":89372.12,"SOM":529.9145,"ZAF":886.6269,"KOR":1332.0697,"ESP":2458.719,"LKA":2576.5466,"SUR":186435.06,"SWE":18692.422,"CHE":5350.2017,"SYR":341.50342,"TJK":8820.655,"TZA":2027.2466,"THA":3345.7822,"TGO":1858.3324,"TTO":2946.62,"TUN":401.75443,"TUR":3235.5488,"TKM":267.9229,"UGA":1315.1936,"UKR":1170.7761,"ARE":26.668398,"GBR":2364.5496,"USA":9354.94,"URY":27980.492,"UZB":603.4863,"VUT":45192.43,"VEN":29114.596,"VNM":4297.5664,"YEM":86.35549,"ZMB":6382.766,"ZWE":957.5089}