{"AFG":1780.4128,"ALB":9126.954,"DZA":323.03223,"AND":3779.867,"AGO":6858.6294,"ATG":627.17096,"ARG":7223.4053,"ARM":2221.8264,"AUS":23153.814,"AUT":6609.3887,"AZE":926.01044,"BHS":1954.6521,"BHR":3.6248431,"BGD":702.46204,"BRB":293.3476,"BLR":3568.4355,"BEL":1120.451,"BLZ":50137.83,"BEN":1116.1118,"BTN":113644.48,"BOL":30809.5,"BIH":8992.934,"BWA":1230.7882,"BRA":29737.25,"BRN":22499.094,"BGR":2802.78,"BFA":819.23737,"BDI":1182.745,"KHM":8581.505,"CMR":14697.921,"CAN":85721.25,"CPV":598.3784,"CAF":30927.943,"TCD":1307.0419,"CHL":52556.6,"CHN":2123.4963,"COL":49018.703,"COM":1906.8595,"COG":53968.418,"CRI":25450.129,"CIV":3571.555,"HRV":8747.698,"CUB":3375.9124,"CYP":714.9234,"CZE":1266.2979,"COD":13977.182,"DNK":1092.1758,"DJI":336.04636,"DMA":2904.6968,"DOM":2454.7876,"TLS":7956.964,"ECU":30352.924,"EGY":11.646217,"SLV":2592.342,"GNQ":23973.518,"ERI":994.20276,"EST":9505.718,"SWZ":2404.1724,"ETH":1426.1722,"FJI":31602.87,"FIN":20137.77,"FRA":3106.7905,"GAB":102042.41,"GMB":1650.2993,"GEO":15104.786,"DEU":1303.1284,"GHA":1249.4873,"GRC":5235.6772,"GRD":1803.4916,"GTM":7836.285,"GIN":22830.889,"GNB":10752.298,"GUY":319371.97,"HTI":1364.737,"HND":11314.697,"HUN":597.7174,"ISL":535578.1,"IND":1197.0883,"IDN":8405.72,"IRN":1701.6666,"IRQ":1215.0066,"IRL":10914.249,"ISR":102.61603,"ITA":3082.1882,"JAM":3970.8179,"JPN":3357.7224,"JOR":97.569824,"KAZ":3917.4446,"KEN":527.9757,"KWT":0,"KGZ":9199.566,"LAO":30964.541,"LVA":7780.1997,"LBN":974.54926,"LSO":2659.492,"LBR":52342.277,"LBY":112.2617,"LTU":4833.9224,"LUX":2046.4545,"MDG":16106.03,"MWI":1154.8024,"MYS":21037.314,"MDV":89.24056,"MLI":4015.854,"MLT":123.357574,"MRT":125.65699,"MUS":2211.1997,"MEX":3705.5732,"MDA":564.6895,"MNG":13165.8545,"MAR":917.525,"MOZ":4596.9033,"MMR":20722.951,"NAM":3009.1995,"NRU":999.1008,"NPL":7343.4507,"NLD":668.8722,"NZL":76764.164,"NIC":28011.727,"NER":227.83618,"NGA":1402.3286,"PRK":2705.473,"MKD":2739.041,"NOR":80113.89,"OMN":533.0229,"PAK":290.23883,"PSE":226.05936,"PAN":39021.348,"PNG":111513.266,"PRY":20842.336,"PER":57139.79,"PHL":5167.2563,"POL":1405.8737,"PRT":3599.1062,"PRI":1887.863,"QAT":39.244873,"ROU":2063.5046,"RUS":30208.27,"RWA":968.96564,"KNA":512.43726,"LCA":1777.167,"VCT":900.6737,"STP":12543.658,"SAU":103.057915,"SEN":2141.264,"SRB":1143.775,"SLE":27142.926,"SGP":123.982414,"SVK":2342.3413,"SVN":9236.557,"SLB":87855.5,"SOM":514.44366,"ZAF":876.4619,"KOR":1321.9934,"ESP":2419.8054,"LKA":2559.4568,"SUR":184273.47,"SWE":18547.367,"CHE":5282.6514,"SYR":329.6272,"TJK":8647.658,"TZA":1973.1869,"THA":3320.18,"TGO":1805.6743,"TTO":2934.463,"TUN":397.9081,"TUR":3194.8577,"TKM":262.86105,"UGA":1277.0325,"UKR":1176.8683,"ARE":23.79946,"GBR":2346.0127,"USA":9266.872,"URY":27920.975,"UZB":594.29474,"VUT":44073.055,"VEN":28694.97,"VNM":4219.7437,"YEM":83.62556,"ZMB":6159.128,"ZWE":946.0498}