{"AFG":1716.6616,"ALB":9188.668,"DZA":316.9022,"AND":3762.1592,"AGO":6602.788,"ATG":617.77527,"ARG":7147.2573,"ARM":2237.1167,"AUS":22681.535,"AUT":6592.0977,"AZE":906.9833,"BHS":1929.3845,"BHR":3.3943899,"BGD":695.9463,"BRB":291.83978,"BLR":3577.2217,"BEL":1111.472,"BLZ":48814.19,"BEN":1083.1361,"BTN":112393.875,"BOL":30300.686,"BIH":9149.971,"BWA":1205.6224,"BRA":29472.102,"BRN":22080.676,"BGR":2820.896,"BFA":795.6682,"BDI":1124.3181,"KHM":8447.266,"CMR":14282.744,"CAN":84745.586,"CPV":592.7202,"CAF":31132.377,"TCD":1261.1661,"CHL":52029.043,"CHN":2112.9607,"COL":48450.99,"COM":1869.3132,"COG":51854.39,"CRI":25112.277,"CIV":3493.0544,"HRV":8756.891,"CUB":3375.0286,"CYP":703.10114,"CZE":1259.1039,"COD":13551.759,"DNK":1086.3474,"DJI":329.11807,"DMA":2904.2751,"DOM":2423.8635,"TLS":7758.9155,"ECU":29839.564,"EGY":11.428358,"SLV":2584.2063,"GNQ":22893.914,"ERI":969.5677,"EST":9524.06,"SWZ":2388.8096,"ETH":1386.2434,"FJI":31469.105,"FIN":20041.691,"FRA":3090.8826,"GAB":98702.664,"GMB":1603.0591,"GEO":15239.542,"DEU":1306.4344,"GHA":1218.6948,"GRC":5221.9243,"GRD":1797.6882,"GTM":7681.696,"GIN":22280.203,"GNB":10482.338,"GUY":320438.66,"HTI":1342.3698,"HND":11069.733,"HUN":598.64404,"ISL":533753.6,"IND":1179.9027,"IDN":8299.893,"IRN":1680.6652,"IRQ":1171.0613,"IRL":10803.958,"ISR":100.19237,"ITA":3064.3708,"JAM":3954.3367,"JPN":3358.1418,"JOR":95.49476,"KAZ":3871.877,"KEN":512.2635,"KWT":0,"KGZ":9078.523,"LAO":30504.793,"LVA":7909.719,"LBN":961.48315,"LSO":2640.2368,"LBR":50722.44,"LBY":109.94731,"LTU":4887.8945,"LUX":2008.9075,"MDG":15640.025,"MWI":1121.1613,"MYS":20622.385,"MDV":86.138824,"MLI":3887.1335,"MLT":122.43107,"MRT":121.786064,"MUS":2205.336,"MEX":3651.795,"MDA":565.403,"MNG":12931.443,"MAR":905.3792,"MOZ":4479.329,"MMR":20608.107,"NAM":2965.2537,"NRU":998.4025,"NPL":7293.9956,"NLD":665.4411,"NZL":76000.555,"NIC":27615.523,"NER":219.52278,"NGA":1363.7811,"PRK":2693.1067,"MKD":2756.8152,"NOR":79109.89,"OMN":521.4815,"PAK":282.95596,"PSE":220.10794,"PAN":38323.625,"PNG":108149.16,"PRY":20630.424,"PER":56788.273,"PHL":5074.9995,"POL":1404.9213,"PRT":3595.6768,"PRI":1898.1876,"QAT":34.806324,"ROU":2080.7673,"RUS":30199.178,"RWA":944.29346,"KNA":511.55255,"LCA":1766.0668,"VCT":904.91187,"STP":12257.313,"SAU":99.10126,"SEN":2091.2043,"SRB":1148.3706,"SLE":26421.623,"SGP":120.29899,"SVK":2339.2222,"SVN":9153.446,"SLB":86269.95,"SOM":501.62186,"ZAF":866.06,"KOR":1315.2068,"ESP":2398.467,"LKA":2543.7896,"SUR":182129.92,"SWE":18390.033,"CHE":5217.056,"SYR":324.52155,"TJK":8472.37,"TZA":1925.1051,"THA":3295.7493,"TGO":1755.2255,"TTO":2931.0605,"TUN":393.87152,"TUR":3151.062,"TKM":257.72287,"UGA":1240.0182,"UKR":1181.8016,"ARE":22.3645,"GBR":2328.3347,"USA":9185.989,"URY":27854.219,"UZB":584.8387,"VUT":42968.062,"VEN":28306.898,"VNM":4157.066,"YEM":80.994385,"ZMB":5944.973,"ZWE":932.8309}