{"AFG":1667.015,"ALB":9234.399,"DZA":310.7916,"AND":3910.49,"AGO":6353.3423,"ATG":609.4702,"ARG":7072.154,"ARM":2252.693,"AUS":22331.408,"AUT":6576.2695,"AZE":896.25604,"BHS":1904.876,"BHR":3.2558892,"BGD":689.87274,"BRB":290.65225,"BLR":3585.047,"BEL":1101.3634,"BLZ":47651.016,"BEN":1051.2903,"BTN":111169.39,"BOL":29806.494,"BIH":9313.987,"BWA":1180.4569,"BRA":29225.316,"BRN":21665.324,"BGR":2839.5266,"BFA":772.72595,"BDI":1072.9014,"KHM":8316.825,"CMR":13880.368,"CAN":83808.984,"CPV":588.48456,"CAF":31382.186,"TCD":1218.2667,"CHL":51509,"CHN":2102.7805,"COL":47903.715,"COM":1832.5199,"COG":49750.242,"CRI":24802.666,"CIV":3416.9236,"HRV":8776.775,"CUB":3374.225,"CYP":691.6022,"CZE":1255.4407,"COD":13126.606,"DNK":1081.5326,"DJI":322.4936,"DMA":2904.486,"DOM":2393.0327,"TLS":7573.6694,"ECU":29343.3,"EGY":11.211256,"SLV":2575.702,"GNQ":21865.553,"ERI":950.704,"EST":9545.805,"SWZ":2374.8481,"ETH":1347.4928,"FJI":31359.188,"FIN":19950.21,"FRA":3075.6829,"GAB":95355.55,"GMB":1557.123,"GEO":15351.117,"DEU":1308.4375,"GHA":1189.4016,"GRC":5215.198,"GRD":1792.3396,"GTM":7530.976,"GIN":21738.951,"GNB":10214.851,"GUY":321652.4,"HTI":1326.799,"HND":10836.878,"HUN":599.9986,"ISL":534522.25,"IND":1162.864,"IDN":8195.925,"IRN":1659.7598,"IRQ":1133.8246,"IRL":10745.249,"ISR":98.378716,"ITA":3050.8494,"JAM":3937.6868,"JPN":3357.5388,"JOR":93.46252,"KAZ":3821.983,"KEN":497.61328,"KWT":0,"KGZ":8949.968,"LAO":30059.072,"LVA":8076.0693,"LBN":952.13763,"LSO":2619.9111,"LBR":49274.555,"LBY":107.72813,"LTU":4991.473,"LUX":1972.5695,"MDG":15191.581,"MWI":1088.5941,"MYS":20240.248,"MDV":83.150406,"MLI":3762.8884,"MLT":121.831184,"MRT":117.96052,"MUS":2200.096,"MEX":3599.595,"MDA":565.9677,"MNG":12707.12,"MAR":893.21423,"MOZ":4361.0146,"MMR":20455.127,"NAM":2919.6929,"NRU":995.7184,"NPL":7248.9336,"NLD":662.0367,"NZL":75160.32,"NIC":27226.38,"NER":211.49525,"NGA":1326.1892,"PRK":2681.3667,"MKD":2774.498,"NOR":78130.56,"OMN":507.7162,"PAK":276.0503,"PSE":214.46526,"PAN":37646.047,"PNG":104931.89,"PRY":20390.482,"PER":56418.86,"PHL":4972.1226,"POL":1408.9396,"PRT":3594.0264,"PRI":1906.3141,"QAT":34.63563,"ROU":2093.1628,"RUS":30185.621,"RWA":920.761,"KNA":512.31696,"LCA":1755.351,"VCT":909.4299,"STP":11991.067,"SAU":100.08972,"SEN":2041.8802,"SRB":1152.9965,"SLE":25712.254,"SGP":118.186264,"SVK":2337.0432,"SVN":9113.616,"SLB":83869.95,"SOM":489.32632,"ZAF":855.8757,"KOR":1308.6704,"ESP":2387.4497,"LKA":2528.846,"SUR":180025.2,"SWE":18233.92,"CHE":5162.9995,"SYR":317.22562,"TJK":8293.104,"TZA":1876.739,"THA":3273.7214,"TGO":1708.1094,"TTO":2914.1377,"TUN":389.65332,"TUR":3103.5457,"TKM":252.50002,"UGA":1204.0455,"UKR":1186.0685,"ARE":21.834576,"GBR":2310.1545,"USA":9108.592,"URY":27782.967,"UZB":575.6459,"VUT":41973.07,"VEN":27938.68,"VNM":4109.7637,"YEM":78.4918,"ZMB":5742.6846,"ZWE":917.90186}