{"AFG":1606.599,"ALB":9259.275,"DZA":304.76886,"AND":4057.442,"AGO":6111.0684,"ATG":602.3259,"ARG":6997.2534,"ARM":2265.2664,"AUS":22023.254,"AUT":6554.1396,"AZE":884.6536,"BHS":1883.0923,"BHR":3.3472242,"BGD":683.6335,"BRB":289.70917,"BLR":3593.4563,"BEL":1087.1274,"BLZ":46624.176,"BEN":1020.4463,"BTN":109955.64,"BOL":29326.707,"BIH":9487.418,"BWA":1157.4437,"BRA":28988.441,"BRN":21282.51,"BGR":2857.793,"BFA":750.2142,"BDI":1035.1948,"KHM":8191.4966,"CMR":13493.272,"CAN":82995.48,"CPV":586.57104,"CAF":30887.043,"TCD":1176.0096,"CHL":51003.31,"CHN":2091.321,"COL":47393.246,"COM":1796.2566,"COG":48159.066,"CRI":24512.818,"CIV":3343.4863,"HRV":8807.131,"CUB":3372.9824,"CYP":680.3356,"CZE":1252.8478,"COD":12703.017,"DNK":1077.0886,"DJI":316.26953,"DMA":2896.326,"DOM":2362.8489,"TLS":7399.521,"ECU":28865.553,"EGY":10.977785,"SLV":2566.449,"GNQ":20936.76,"ERI":933.80493,"EST":9574.828,"SWZ":2361.7124,"ETH":1309.716,"FJI":31270.914,"FIN":19857.943,"FRA":3060.8733,"GAB":92032.2,"GMB":1512.2615,"GEO":15474.754,"DEU":1332.9183,"GHA":1161.1381,"GRC":5222.92,"GRD":1784.4556,"GTM":7382.306,"GIN":21207.098,"GNB":9949.778,"GUY":322990.06,"HTI":1311.8634,"HND":10615.2,"HUN":601.7012,"ISL":532892,"IND":1146.5044,"IDN":8091.954,"IRN":1639.3735,"IRQ":1094.4789,"IRL":10698.494,"ISR":96.5773,"ITA":3040.3066,"JAM":3920.675,"JPN":3363.7637,"JOR":91.1713,"KAZ":3770.6545,"KEN":484.11472,"KWT":0,"KGZ":8821.642,"LAO":29626.91,"LVA":8224.463,"LBN":941.91156,"LSO":2596.8105,"LBR":47380.14,"LBY":110.35434,"LTU":5105.4863,"LUX":1929.2096,"MDG":14766.26,"MWI":1057.3191,"MYS":19888.87,"MDV":80.28388,"MLI":3643.1975,"MLT":121.31608,"MRT":114.194,"MUS":2196.5754,"MEX":3549.007,"MDA":566.29517,"MNG":12489.605,"MAR":881.1218,"MOZ":4241.187,"MMR":20291.453,"NAM":2870.022,"NRU":990.2951,"NPL":7216.5903,"NLD":658.95593,"NZL":74589.414,"NIC":26844.584,"NER":203.76935,"NGA":1289.535,"PRK":2669.5488,"MKD":2787.2434,"NOR":77123.6,"OMN":455.02368,"PAK":269.94388,"PSE":209.11742,"PAN":36983.84,"PNG":101916.875,"PRY":20121.672,"PER":55999.016,"PHL":4875.3867,"POL":1408.1823,"PRT":3599.3164,"PRI":1922.3147,"QAT":34.466606,"ROU":2103.484,"RUS":30150.01,"RWA":898.4528,"KNA":511.87988,"LCA":1746.2064,"VCT":914.5031,"STP":11742.59,"SAU":95.64852,"SEN":1990.9102,"SRB":1161.7465,"SLE":25049.9,"SGP":115.7477,"SVK":2334.0317,"SVN":9094.704,"SLB":80839.87,"SOM":485.87598,"ZAF":845.3595,"KOR":1298.6458,"ESP":2378.9812,"LKA":2513.203,"SUR":177971.45,"SWE":18096.746,"CHE":5105.911,"SYR":311.7392,"TJK":8110.127,"TZA":1824.9219,"THA":3253.4282,"TGO":1662.6969,"TTO":2891.525,"TUN":385.3561,"TUR":3058.3252,"TKM":247.21043,"UGA":1169.256,"UKR":1189.863,"ARE":21.113266,"GBR":2292.171,"USA":9036.701,"URY":27714.111,"UZB":566.90454,"VUT":41072.15,"VEN":27582.463,"VNM":4062.6975,"YEM":76.13413,"ZMB":5554.8643,"ZWE":901.774}