{"AFG":1542.8647,"ALB":9403.267,"DZA":298.75552,"AND":4107.5566,"AGO":5878.289,"ATG":595.9202,"ARG":6925.7134,"ARM":2268.1128,"AUS":21642.104,"AUT":6524.3247,"AZE":872.9764,"BHS":1864.335,"BHR":3.308618,"BGD":677.1131,"BRB":288.87332,"BLR":3599.0886,"BEL":1080.4064,"BLZ":45632.062,"BEN":990.6078,"BTN":108744.3,"BOL":28861.312,"BIH":9672.727,"BWA":1138.1868,"BRA":28754.123,"BRN":20958.83,"BGR":2874.3938,"BFA":727.917,"BDI":998.90497,"KHM":8069.5425,"CMR":13118.99,"CAN":82100.875,"CPV":585.989,"CAF":30580.059,"TCD":1135.4176,"CHL":50516.24,"CHN":2077.1826,"COL":46920.31,"COM":1760.4858,"COG":46830.996,"CRI":24228.473,"CIV":3274.3745,"HRV":8849.001,"CUB":3372.5037,"CYP":669.2998,"CZE":1251.096,"COD":12285.915,"DNK":1073.0435,"DJI":310.31903,"DMA":2893.6023,"DOM":2333.569,"TLS":7238.6187,"ECU":28409.613,"EGY":10.734105,"SLV":2556.4382,"GNQ":20100.768,"ERI":921.9661,"EST":9609.162,"SWZ":2349.0408,"ETH":1273.5028,"FJI":31204.982,"FIN":19763.682,"FRA":3046.103,"GAB":88797.98,"GMB":1468.3612,"GEO":15589.156,"DEU":1330.4185,"GHA":1133.3768,"GRC":5251.2397,"GRD":1773.4427,"GTM":7236.75,"GIN":20692.975,"GNB":9688.649,"GUY":322931.62,"HTI":1291.6877,"HND":10402.663,"HUN":604.81665,"ISL":530064,"IND":1130.8585,"IDN":7988.571,"IRN":1618.9878,"IRQ":1045.9119,"IRL":10653.256,"ISR":94.81069,"ITA":3032.0022,"JAM":3903.7957,"JPN":3369.1401,"JOR":89.8891,"KAZ":3718.3408,"KEN":471.65186,"KWT":0,"KGZ":8656.996,"LAO":29207.031,"LVA":8327.111,"LBN":916.7755,"LSO":2570.8406,"LBR":45734.742,"LBY":113.28093,"LTU":5172.058,"LUX":1883.4307,"MDG":14363.384,"MWI":1027.3988,"MYS":19553.09,"MDV":77.555855,"MLI":3538.3547,"MLT":120.23008,"MRT":110.52673,"MUS":2190.4924,"MEX":3501.1665,"MDA":566.3694,"MNG":12254.794,"MAR":869.4286,"MOZ":4121.1533,"MMR":20121.416,"NAM":2806.8206,"NRU":973.9943,"NPL":7198.134,"NLD":656.5219,"NZL":74181.62,"NIC":26470.496,"NER":196.22388,"NGA":1254.2521,"PRK":2657.4934,"MKD":2798.187,"NOR":76117.26,"OMN":394.68796,"PAK":264.84692,"PSE":204.0202,"PAN":36336.977,"PNG":99116.61,"PRY":19840.57,"PER":55532.31,"PHL":4781.608,"POL":1408.1857,"PRT":3613.9385,"PRI":1939.337,"QAT":32.512054,"ROU":2112.869,"RUS":30074.256,"RWA":877.201,"KNA":510.28003,"LCA":1738.2538,"VCT":919.6586,"STP":11507.662,"SAU":91.71205,"SEN":1938.3201,"SRB":1167.3961,"SLE":24423.453,"SGP":112.94251,"SVK":2330.063,"SVN":9075.623,"SLB":77928.055,"SOM":481.4961,"ZAF":832.98364,"KOR":1291.8364,"SSD":2417.2017,"ESP":2377.4373,"LKA":2494.1592,"SDN":108.33304,"SUR":175958.39,"SWE":17963.365,"CHE":5051.9824,"SYR":313.36002,"TJK":7918.5596,"TZA":1773.1147,"THA":3233.3325,"TGO":1619.5504,"TTO":2875.9866,"TUN":381.02948,"TUR":3019.5876,"TKM":241.88498,"UGA":1135.7865,"UKR":1192.3811,"ARE":20.293724,"GBR":2275.902,"USA":8964.841,"URY":27642.854,"UZB":558.4052,"VUT":40179.523,"VEN":27238.436,"VNM":4015.4014,"YEM":73.85616,"ZMB":5377.6313,"ZWE":887.2558}