{"AFG":1491.0173,"ALB":9549.498,"DZA":292.7826,"AND":4197.1436,"AGO":5656.2773,"ATG":590.4797,"ARG":6857.284,"ARM":2269.689,"AUS":21272.797,"AUT":6485.9844,"AZE":861.7576,"BHS":1847.1948,"BHR":3.1918519,"BGD":670.78876,"BRB":288.11697,"BLR":3600.4702,"BEL":1075.3259,"BLZ":44668.6,"BEN":961.82275,"BTN":107545.71,"BOL":28410.666,"BIH":9831.456,"BWA":1121.1381,"BRA":28522.01,"BRN":20671.105,"BGR":2932.9587,"BFA":706.3979,"BDI":963.66235,"KHM":7949.792,"CMR":12755.593,"CAN":81240.58,"CPV":585.6801,"CAF":30372.098,"TCD":1095.6039,"CHL":50036.734,"CHN":2063.393,"COL":46477.277,"COM":1723.6625,"COG":45706.297,"CRI":23960.236,"CIV":3209.721,"HRV":8904.273,"CUB":3373.9985,"CYP":658.8422,"CZE":1250.681,"COD":11875.013,"DNK":1068.5792,"DJI":304.62296,"DMA":2868.823,"DOM":2305.3154,"TLS":7089.8726,"ECU":27987.373,"EGY":10.489487,"SLV":2546.084,"GNQ":19313.365,"ERI":910.75867,"EST":9643.421,"SWZ":2336.304,"ETH":1239.3494,"FJI":31156.15,"FIN":19672.836,"FRA":3030.398,"GAB":85726.58,"GMB":1425.9775,"GEO":15636.146,"DEU":1326.7927,"GHA":1106.397,"GRC":5289.456,"GRD":1762.3164,"GTM":7096.7446,"GIN":20193.225,"GNB":9434.112,"GUY":321324.34,"HTI":1272.4065,"HND":10198.804,"HUN":607.7344,"ISL":525073.8,"IND":1115.8876,"IDN":7890.0938,"IRN":1597.9668,"IRQ":997.6762,"IRL":10597.308,"ISR":93.057884,"ITA":3025.9512,"JAM":3888.009,"JPN":3374.0044,"JOR":85.33737,"KAZ":3665.3088,"KEN":460.13507,"KWT":0,"KGZ":8469.574,"LAO":28798.807,"LVA":8416.776,"LBN":835.73663,"LSO":2543.151,"LBR":44740.336,"LBY":111.02955,"LTU":5220.768,"LUX":1840.4005,"MDG":13978.015,"MWI":998.65015,"MYS":19221.678,"MDV":74.98688,"MLI":3436.502,"MLT":118.87667,"MRT":107.11461,"MUS":2185.1943,"MEX":3456.039,"MDA":566.5211,"MNG":12004.094,"MAR":858.3038,"MOZ":4003.7346,"MMR":19951.193,"NAM":2734.7295,"NRU":950.8415,"NPL":7183.763,"NLD":654.58923,"NZL":73613.83,"NIC":26105.29,"NER":188.98592,"NGA":1220.661,"PRK":2645.142,"MKD":2808.527,"NOR":75202.43,"OMN":365.16217,"PAK":260.57214,"PSE":199.18031,"PAN":35709.348,"PNG":96474.664,"PRY":19557.22,"PER":55034.023,"PHL":4692.5664,"POL":1409.0359,"PRT":3633.827,"PRI":1955.1543,"QAT":29.22106,"ROU":2120.7292,"RUS":29984.916,"RWA":856.3697,"KNA":509.88974,"LCA":1730.4132,"VCT":924.76996,"STP":11286.682,"SAU":86.88096,"SEN":1881.7216,"SRB":1173.0884,"SLE":23830.621,"SGP":111.12836,"SVK":2327.5605,"SVN":9063.313,"SLB":75132.99,"SOM":466.21518,"ZAF":819.3305,"KOR":1285.9691,"SSD":2328.44,"ESP":2386.0513,"LKA":2564.9746,"SDN":105.85973,"SUR":173983.34,"SWE":17811.797,"CHE":4994.223,"SYR":329.16544,"TJK":7723.2725,"TZA":1720.4608,"THA":3214.3982,"TGO":1578.4904,"TTO":2864.481,"TUN":376.5249,"TUR":2981.0518,"TKM":236.55823,"UGA":1103.6577,"UKR":1194.534,"ARE":19.498167,"GBR":2260.715,"USA":8897.272,"URY":27560.752,"UZB":549.7229,"VUT":39295.51,"VEN":26912.098,"VNM":3968.2861,"YEM":71.640686,"ZMB":5208.1313,"ZWE":874.85144}