{"AFG":1437.8278,"ALB":9698.003,"DZA":286.87643,"AND":4280.0767,"AGO":5449.0356,"ATG":585.81647,"ARG":6786.8984,"ARM":2275.8643,"AUS":20957.854,"AUT":6435.491,"AZE":851.06793,"BHS":1831.0323,"BHR":3.0428386,"BGD":664.7045,"BRB":287.41,"BLR":3598.449,"BEL":1070.5629,"BLZ":43734.58,"BEN":933.8165,"BTN":106391.83,"BOL":27975.217,"BIH":9958.402,"BWA":1104.95,"BRA":28292.957,"BRN":20395.92,"BGR":2968.797,"BFA":685.7032,"BDI":931.5,"KHM":7832.8105,"CMR":12375.4,"CAN":80431.08,"CPV":585.56464,"CAF":30498.475,"TCD":1057.1809,"CHL":49540.434,"CHN":2050.428,"COL":46064.215,"COM":1686.5706,"COG":44615.223,"CRI":23704.045,"CIV":3132.8235,"HRV":8972.776,"CUB":3377.7034,"CYP":649.02594,"CZE":1249.365,"COD":11479.117,"DNK":1063.1747,"DJI":299.1871,"DMA":2841.999,"DOM":2278.119,"TLS":6950.655,"ECU":27589.434,"EGY":10.253397,"SLV":2536.121,"GNQ":18573.71,"ERI":904.6344,"EST":9668.745,"SWZ":2323.332,"ETH":1206.5397,"FJI":31114.283,"FIN":19591.645,"FRA":3016.0422,"GAB":82895.31,"GMB":1385.9834,"GEO":15628.806,"DEU":1321.2731,"GHA":1080.5378,"GRC":5324.807,"GRD":1752.3569,"GTM":6963.5195,"GIN":19698.553,"GNB":9189.477,"GUY":319531.6,"HTI":1253.9,"HND":10003.176,"HUN":610.1878,"ISL":519264.72,"IND":1101.9014,"IDN":7797.9,"IRN":1576.6476,"IRQ":963.06274,"IRL":10520.123,"ISR":91.28863,"ITA":3025.495,"JAM":3874.0059,"JPN":3378.4846,"JOR":77.573074,"KAZ":3611.864,"KEN":449.49734,"KWT":0,"KGZ":8285.009,"LAO":28404.463,"LVA":8496.415,"LBN":756.264,"LSO":2514.3154,"LBR":43818.395,"LBY":108.91124,"LTU":5263.4214,"LUX":1797.5298,"MDG":13608.272,"MWI":971.0293,"MYS":18894.885,"MDV":72.53087,"MLI":3329.5845,"MLT":116.498764,"MRT":103.93622,"MUS":2181.2422,"MEX":3414.472,"MDA":566.86664,"MNG":11744.405,"MAR":847.8347,"MOZ":3889.3342,"MMR":19786.26,"NAM":2664.1997,"NRU":930.92535,"NPL":7162.379,"NLD":652.23804,"NZL":72401.195,"NIC":25749.643,"NER":182.14075,"NGA":1188.8309,"PRK":2632.4824,"MKD":2816.0833,"NOR":74359.11,"OMN":349.7867,"PAK":256.6919,"PSE":194.56567,"PAN":35096.727,"PNG":93976.13,"PRY":19275.725,"PER":54489.62,"PHL":4616.1055,"POL":1410.0908,"PRT":3653.4731,"PRI":1980.4648,"QAT":26.025389,"ROU":2128.6877,"RUS":29895.195,"RWA":835.91754,"KNA":509.6732,"LCA":1722.7716,"VCT":929.9298,"STP":11079.094,"SAU":84.77788,"SEN":1823.0508,"SRB":1178.8069,"SLE":23268.04,"SGP":109.69475,"SVK":2325.303,"SVN":9054.404,"SLB":72458.13,"SOM":449.79227,"ZAF":805.8302,"KOR":1277.9166,"SSD":2314.1816,"ESP":2393.419,"LKA":2541.1494,"SDN":103.03086,"SUR":172062.3,"SWE":17635.94,"CHE":4933.6587,"SYR":351.78653,"TJK":7531.8506,"TZA":1668.2716,"THA":3197.4026,"TGO":1538.9866,"TTO":2854.2908,"TUN":372.08557,"TUR":2941.1047,"TKM":231.26495,"UGA":1071.5599,"UKR":1198.5458,"ARE":18.611715,"GBR":2243.8875,"USA":8826.7295,"URY":27470.45,"UZB":540.64795,"VUT":38426.066,"VEN":26607.982,"VNM":3920.3933,"YEM":69.4759,"ZMB":5045.5117,"ZWE":862.9331}