{"AFG":1393.6606,"ALB":9848.815,"DZA":281.03778,"AND":4372.7656,"AGO":5256.093,"ATG":581.5969,"ARG":6716.193,"ARM":2282.833,"AUS":20658.385,"AUT":6363.753,"AZE":840.99005,"BHS":1816.5493,"BHR":2.9190218,"BGD":658.78973,"BRB":286.74863,"BLR":3593.6716,"BEL":1064.3774,"BLZ":42825.11,"BEN":906.6358,"BTN":105317.45,"BOL":27554.074,"BIH":10089.409,"BWA":1089.2886,"BRA":28069.84,"BRN":20132.066,"BGR":3006.776,"BFA":665.6908,"BDI":910.6067,"KHM":7719.264,"CMR":11992.929,"CAN":79821.875,"CPV":585.48694,"CAF":30458.037,"TCD":1024.0571,"CHL":49036.92,"CHN":2038.5402,"COL":45667.504,"COM":1651.3413,"COG":43550.066,"CRI":23453.53,"CIV":3043.6091,"HRV":9080.5625,"CUB":3380.9119,"CYP":639.60535,"CZE":1246.9113,"COD":11106.239,"DNK":1055.6907,"DJI":294.02744,"DMA":2840.5056,"DOM":2252.0732,"TLS":6816.6865,"ECU":27197.459,"EGY":10.040428,"SLV":2527.6228,"GNQ":17882.652,"ERI":901.6128,"EST":9662.408,"SWZ":2310.089,"ETH":1174.5775,"FJI":31080.648,"FIN":19527.219,"FRA":3005.3372,"GAB":80353.2,"GMB":1348.6001,"GEO":15604.213,"DEU":1309.8842,"GHA":1055.8938,"GRC":5360.0063,"GRD":1744.0441,"GTM":6837.0747,"GIN":19206.14,"GNB":8956.275,"GUY":317614.7,"HTI":1236.0259,"HND":9814.551,"HUN":612.3852,"ISL":513882.38,"IND":1088.8353,"IDN":7710.87,"IRN":1555.3254,"IRQ":937.1539,"IRL":10421.192,"ISR":89.49774,"ITA":3030.0713,"JAM":3861.862,"JPN":3382.0718,"JOR":71.45305,"KAZ":3558.3608,"KEN":439.59753,"KWT":0,"KGZ":8100.9453,"LAO":27993.229,"LVA":8566.255,"LBN":741.6026,"LSO":2485.0198,"LBR":42923.695,"LBY":107.167694,"LTU":5310.691,"LUX":1755.6056,"MDG":13253.783,"MWI":944.6559,"MYS":18570.223,"MDV":70.068245,"MLI":3227.017,"MLT":113.68241,"MRT":100.85833,"MUS":2178.356,"MEX":3378.1467,"MDA":571.2315,"MNG":11497.048,"MAR":837.9665,"MOZ":3778.1233,"MMR":19628.47,"NAM":2594.449,"NRU":912.9085,"NPL":7123.442,"NLD":649.3536,"NZL":70941.984,"NIC":25402.408,"NER":175.531,"NGA":1159.0592,"PRK":2619.71,"MKD":2823.6328,"NOR":73622.84,"OMN":334.53647,"PAK":253.11693,"PSE":190.15984,"PAN":34494.645,"PNG":91613.57,"PRY":18996.273,"PER":53878.18,"PHL":4548.3467,"POL":1411.0309,"PRT":3668.635,"PRI":2008.3917,"QAT":23.885109,"ROU":2138.7173,"RUS":29811.799,"RWA":816.14966,"KNA":509.69482,"LCA":1715.2168,"VCT":934.92896,"STP":10884.163,"SAU":80.49266,"SEN":1767.9308,"SRB":1184.855,"SLE":22734.846,"SGP":108.40105,"SVK":2323.094,"SVN":9047.599,"SLB":69907.65,"SOM":434.56335,"ZAF":789.7956,"KOR":1271.196,"SSD":2340.7478,"ESP":2395.4004,"LKA":2517.8826,"SDN":99.93896,"SUR":170212.19,"SWE":17450.43,"CHE":4877.8154,"SYR":367.16293,"TJK":7341.6445,"TZA":1614.7336,"THA":3182.6973,"TGO":1500.6796,"TTO":2845.1462,"TUN":367.9094,"TUR":2902.1274,"TKM":226.03796,"UGA":1039.1287,"UKR":1203.4536,"ARE":17.636192,"GBR":2227.7532,"USA":8756.58,"URY":27375.158,"UZB":531.39343,"VUT":37579.715,"VEN":26329.586,"VNM":3872.09,"YEM":67.39544,"ZMB":4890.5156,"ZWE":851.44727}