{"AFG":1358.7656,"ALB":10001.975,"DZA":275.3195,"AND":4372.342,"AGO":5071.4336,"ATG":577.97687,"ARG":6651.433,"ARM":2292.2168,"AUS":20338.22,"AUT":6295.306,"AZE":831.64136,"BHS":1803.868,"BHR":2.8095293,"BGD":652.93665,"BRB":286.1251,"BLR":3590.5205,"BEL":1059.0021,"BLZ":41842.035,"BEN":880.5043,"BTN":104296.76,"BOL":27146.643,"BIH":10221.701,"BWA":1073.9331,"BRA":27856.77,"BRN":19880.064,"BGR":3046.0657,"BFA":646.5008,"BDI":895.0615,"KHM":7607.4873,"CMR":11639.726,"CAN":78923.75,"CPV":585.3042,"CAF":29913.043,"TCD":992.4143,"CHL":48447.434,"CHN":2026.8917,"COL":45217.38,"COM":1617.8154,"COG":42508.086,"CRI":23217.598,"CIV":2956.5894,"HRV":9179.747,"CUB":3383.7488,"CYP":630.50073,"CZE":1244.5189,"COD":10719.848,"DNK":1047.4843,"DJI":289.11398,"DMA":2873.3154,"DOM":2227.1863,"TLS":6688.04,"ECU":26803.773,"EGY":9.838202,"SLV":2520.6426,"GNQ":17239.254,"ERI":896.0866,"EST":9659.596,"SWZ":2296.6367,"ETH":1143.1981,"FJI":31060.766,"FIN":19471.174,"FRA":2997.4175,"GAB":78083.86,"GMB":1313.6179,"GEO":15594.882,"DEU":1299.3531,"GHA":1032.1309,"GRC":5382.3457,"GRD":1737.1666,"GTM":6712.251,"GIN":18719.41,"GNB":8734.135,"GUY":315631.75,"HTI":1218.8589,"HND":9631.995,"HUN":614.76953,"ISL":506798.56,"IND":1075.9375,"IDN":7628.4614,"IRN":1533.1892,"IRQ":915.00757,"IRL":10288.234,"ISR":87.76035,"ITA":3035.8367,"JAM":3851.718,"JPN":3383.8018,"JOR":68.1566,"KAZ":3504.2148,"KEN":429.99863,"KWT":0,"KGZ":7923.453,"LAO":27559.047,"LVA":8644.899,"LBN":759.1261,"LSO":2454.9126,"LBR":42055.61,"LBY":105.54685,"LTU":5373.0464,"LUX":1718.1718,"MDG":12911.901,"MWI":919.25275,"MYS":18244.912,"MDV":67.67304,"MLI":3126.4185,"MLT":111.109886,"MRT":97.87952,"MUS":2176.8599,"MEX":3345.5664,"MDA":577.9138,"MNG":11266.307,"MAR":828.0165,"MOZ":3669.0059,"MMR":19473.473,"NAM":2525.4048,"NRU":896.86096,"NPL":7089.8486,"NLD":645.90704,"NZL":69366.37,"NIC":25063.111,"NER":169.19858,"NGA":1130.7604,"PRK":2607.1738,"MKD":2832.6934,"NOR":72977.09,"OMN":318.8429,"PAK":249.8423,"PSE":185.93626,"PAN":33903.473,"PNG":89380.18,"PRY":18722.62,"PER":53164.445,"PHL":4487.7197,"POL":1411.6376,"PRT":3680.2263,"PRI":2039.9767,"QAT":22.606962,"ROU":2151.0215,"RUS":29734.76,"RWA":797.0345,"KNA":509.82474,"LCA":1707.9808,"VCT":940.30035,"STP":10702.591,"SAU":77.53391,"SEN":1716.0507,"SRB":1191.0763,"SLE":22205.79,"SGP":107.00369,"SVK":2320.101,"SVN":9040.979,"SLB":67484.02,"SOM":418.15518,"ZAF":782.4022,"KOR":1266.1613,"SSD":2400.716,"ESP":2393.5527,"LKA":2489.5093,"SDN":96.94645,"SUR":168436.95,"SWE":17232.545,"CHE":4824.838,"SYR":371.57767,"TJK":7157.979,"TZA":1560.6417,"THA":3168.3672,"TGO":1463.4229,"TTO":2836.2612,"TUN":363.87534,"TUR":2863.343,"TKM":220.91052,"UGA":1005.17664,"UKR":1207.8875,"ARE":16.787735,"GBR":2210.1301,"USA":8688.056,"URY":27283.895,"UZB":522.30225,"VUT":36752.95,"VEN":26165.486,"VNM":3823.6123,"YEM":65.40221,"ZMB":4741.5156,"ZWE":839.7091}