{"AFG":1321.1378,"ALB":10157.517,"DZA":269.78146,"AND":4278.568,"AGO":4895.015,"ATG":574.7889,"ARG":6593.075,"ARM":2302.1414,"AUS":20006.027,"AUT":6251.729,"AZE":823.5207,"BHS":1792.6425,"BHR":2.664684,"BGD":647.40424,"BRB":285.53992,"BLR":3594.4646,"BEL":1054.9304,"BLZ":40889.383,"BEN":855.4974,"BTN":103402.336,"BOL":26752.848,"BIH":10353.833,"BWA":1058.786,"BRA":27654.639,"BRN":19640.826,"BGR":3086.6611,"BFA":628.3173,"BDI":874.26855,"KHM":7503.093,"CMR":11314.373,"CAN":77985.88,"CPV":584.9173,"CAF":29414.766,"TCD":960.1377,"CHL":47686.098,"CHN":2014.661,"COL":44565.8,"COM":1585.8982,"COG":41487.49,"CRI":22999.375,"CIV":2874.31,"HRV":9328.435,"CUB":3389.0984,"CYP":621.87317,"CZE":1241.2173,"COD":10334.921,"DNK":1040.7668,"DJI":284.40305,"DMA":2919.8784,"DOM":2203.0886,"TLS":6563.0586,"ECU":26396.94,"EGY":9.643568,"SLV":2515.477,"GNQ":16641.107,"ERI":888.79095,"EST":9647.908,"SWZ":2279.409,"ETH":1112.4639,"FJI":31074.525,"FIN":19425.535,"FRA":2988.7317,"GAB":76035.05,"GMB":1280.853,"GEO":15592.794,"DEU":1294.5062,"GHA":1009.7188,"GRC":5393.0015,"GRD":1732.5317,"GTM":6591.2744,"GIN":18246.91,"GNB":8523.914,"GUY":313606.5,"HTI":1202.3752,"HND":9455.435,"HUN":616.8552,"ISL":495049.5,"IND":1063.5032,"IDN":7550.8706,"IRN":1511.2891,"IRQ":894.8238,"IRL":10150.297,"ISR":86.07531,"ITA":3041.5525,"JAM":3843.717,"JPN":3386.5735,"JOR":66.63914,"KAZ":3450.045,"KEN":420.75082,"KWT":0,"KGZ":7758.4204,"LAO":27129.668,"LVA":8721.853,"LBN":779.2046,"LSO":2424.5403,"LBR":41246.254,"LBY":103.876526,"LTU":5438.6084,"LUX":1676.907,"MDG":12580.084,"MWI":894.6926,"MYS":17925.775,"MDV":65.46117,"MLI":3028.313,"MLT":108.1125,"MRT":94.99834,"MUS":2174.898,"MEX":3314.423,"MDA":587.98145,"MNG":11051.419,"MAR":818.13684,"MOZ":3560.9814,"MMR":19323.658,"NAM":2457.2642,"NRU":883.0802,"NPL":7075.7266,"NLD":642.0997,"NZL":67932.52,"NIC":24731.521,"NER":163.28094,"NGA":1103.5952,"PRK":2595.118,"MKD":2844.1157,"NOR":72390.055,"OMN":308.54703,"PAK":246.33414,"PSE":182.2751,"PAN":33327.582,"PNG":87267.125,"PRY":18458.16,"PER":52386.88,"PHL":4430.2754,"POL":1411.4614,"PRT":3689.213,"PRI":2081.6006,"QAT":21.996841,"ROU":2163.4905,"RUS":29677.908,"RWA":778.55707,"KNA":510.09564,"LCA":1701.2396,"VCT":946.4051,"STP":10532.928,"SAU":77.47595,"SEN":1667.205,"SRB":1197.432,"SLE":21682.275,"SGP":106.908936,"SVK":2316.5034,"SVN":9035.089,"SLB":65191.52,"SOM":402.23566,"ZAF":777.3033,"KOR":1262.6088,"SSD":2534.322,"ESP":2387.7402,"LKA":2461.1943,"SDN":93.64544,"SUR":166747.23,"SWE":17001.902,"CHE":4780.0244,"SYR":370.9817,"TJK":6984.413,"TZA":1509.3556,"THA":3154.9946,"TGO":1427.3054,"TTO":2830.537,"TUN":360.07043,"TUR":2826.4521,"TKM":215.9193,"UGA":970.69525,"UKR":1212.6937,"ARE":16.263292,"GBR":2198.102,"USA":8628.064,"URY":27210.178,"UZB":513.5268,"VUT":35905.742,"VEN":26337.035,"VNM":3776.3335,"YEM":63.461517,"ZMB":4598.276,"ZWE":827.68036}