{"AFG":1283.2362,"ALB":10315.474,"DZA":264.60394,"AND":4198.93,"AGO":4728.8643,"ATG":571.8936,"ARG":6539.0386,"ARM":2310.2056,"AUS":19708.967,"AUT":6221.353,"AZE":816.4172,"BHS":1782.454,"BHR":2.6611829,"BGD":642.1111,"BRB":284.9906,"BLR":3602.1584,"BEL":1050.1394,"BLZ":40134.027,"BEN":831.7622,"BTN":102664.13,"BOL":26372.115,"BIH":10481.252,"BWA":1043.8682,"BRA":27466.281,"BRN":19414.814,"BGR":3129.2852,"BFA":611.5972,"BDI":848.269,"KHM":7410.356,"CMR":11005.232,"CAN":76876.14,"CPV":584.32263,"CAF":28901.396,"TCD":928.4171,"CHL":46842.273,"CHN":2005.2611,"COL":43753.664,"COM":1555.2301,"COG":40487.914,"CRI":22792.285,"CIV":2797.827,"HRV":9451.523,"CUB":3395.3503,"CYP":613.817,"CZE":1237.0732,"COD":9994.709,"DNK":1035.6191,"DJI":279.88156,"DMA":2933.6697,"DOM":2179.5479,"TLS":6438.2944,"ECU":25947.904,"EGY":9.462341,"SLV":2512.9397,"GNQ":16084.908,"ERI":876.9842,"EST":9614.388,"SWZ":2258.4775,"ETH":1082.8644,"FJI":31128.023,"FIN":19399.785,"FRA":2978.0364,"GAB":74130.39,"GMB":1250.1917,"GEO":15598.883,"DEU":1290.6217,"GHA":988.9813,"GRC":5403.954,"GRD":1728.7429,"GTM":6482.372,"GIN":17788.588,"GNB":8323.935,"GUY":304463.62,"HTI":1186.5144,"HND":9283.979,"HUN":618.1129,"ISL":481967.34,"IND":1051.8972,"IDN":7478.0005,"IRN":1492.1387,"IRQ":874.1948,"IRL":10004.038,"ISR":84.43284,"ITA":3034.1492,"JAM":3837.8113,"JPN":3390.873,"JOR":65.18639,"KAZ":3398.8765,"KEN":412.29224,"KWT":0,"KGZ":7593.0166,"LAO":26711.39,"LVA":8790.073,"LBN":802.1231,"LSO":2395.124,"LBR":40447.137,"LBY":102.20388,"LTU":5483.825,"LUX":1644.8721,"MDG":12256.807,"MWI":871.11017,"MYS":17623.305,"MDV":63.411674,"MLI":2935.1292,"MLT":104.35976,"MRT":92.21509,"MUS":2173.7122,"MEX":3283.1968,"MDA":598.40356,"MNG":10847.241,"MAR":809.1572,"MOZ":3456.3987,"MMR":19184.176,"NAM":2390.0732,"NRU":871.30786,"NPL":7058.483,"NLD":638.3612,"NZL":66726.52,"NIC":24407.508,"NER":157.74243,"NGA":1078.371,"PRK":2583.7654,"MKD":2858.5781,"NOR":71913.79,"OMN":304.48834,"PAK":242.36667,"PSE":177.71603,"PAN":32774.613,"PNG":85262.54,"PRY":18203.367,"PER":51445.902,"PHL":4375.8164,"POL":1411.4642,"PRT":3695.1243,"PRI":2157.6023,"QAT":21.699253,"ROU":2176.2383,"RUS":29656.508,"RWA":760.7305,"KNA":510.5514,"LCA":1694.7524,"VCT":953.0526,"STP":10371.717,"SAU":79.47999,"SEN":1621.1633,"SRB":1203.9921,"SLE":21179.252,"SGP":106.40796,"SVK":2313.297,"SVN":9002.389,"SLB":63037.566,"SOM":388.28702,"ZAF":764.3356,"KOR":1257.147,"SSD":2568.4143,"ESP":2376.982,"LKA":2436.5483,"SDN":90.435135,"SUR":165134.03,"SWE":16805.543,"CHE":4744.9424,"SYR":364.28934,"TJK":6818.28,"TZA":1462.4683,"THA":3145.4517,"TGO":1392.4578,"TTO":2825.2058,"TUN":356.5505,"TUR":2788.451,"TKM":211.10284,"UGA":938.2707,"UKR":1218.7864,"ARE":16.048443,"GBR":2187.3916,"USA":8577.614,"URY":27161.312,"UZB":504.73398,"VUT":35055.863,"VEN":27006.543,"VNM":3734.7258,"YEM":61.61035,"ZMB":4462.1074,"ZWE":815.4604}