{"AFG":1245.5054,"ALB":10475.89,"DZA":259.7787,"AND":4126.8926,"AGO":4571.3394,"ATG":569.152,"ARG":6492.7173,"ARM":2315.2742,"AUS":19419.908,"AUT":6193.7495,"AZE":809.5342,"BHS":1773.6112,"BHR":2.695861,"BGD":636.69916,"BRB":284.48795,"BLR":3609.4346,"BEL":1044.4791,"BLZ":39551.2,"BEN":809.31866,"BTN":101984.25,"BOL":26003.768,"BIH":10611.164,"BWA":1029.1229,"BRA":27287.785,"BRN":19201.229,"BGR":3173.7751,"BFA":596.3185,"BDI":820.86694,"KHM":7317.3823,"CMR":10703.324,"CAN":75760.61,"CPV":583.5395,"CAF":28515.363,"TCD":898.9991,"CHL":46099.168,"CHN":1998.1602,"COL":42979.094,"COM":1525.5957,"COG":39525.26,"CRI":22602.021,"CIV":2725.4983,"HRV":9545.778,"CUB":3402.7068,"CYP":606.2156,"CZE":1232.2114,"COD":9682.892,"DNK":1031.9169,"DJI":275.55573,"DMA":2946.376,"DOM":2157.142,"TLS":6314.6406,"ECU":25513.232,"EGY":9.297728,"SLV":2511.9255,"GNQ":15567.212,"ERI":864.1458,"EST":9578.731,"SWZ":2237.527,"ETH":1054.1106,"FJI":31205.63,"FIN":19378.42,"FRA":2968.149,"GAB":72319.78,"GMB":1221.0787,"GEO":15625.668,"DEU":1287.7144,"GHA":969.3226,"GRC":5409.6494,"GRD":1724.4204,"GTM":6384.545,"GIN":17338.807,"GNB":8131.3374,"GUY":298391.03,"HTI":1171.257,"HND":9117.392,"HUN":618.88696,"ISL":471484.88,"IND":1041.014,"IDN":7408.3623,"IRN":1476.1351,"IRQ":854.5313,"IRL":9846.364,"ISR":82.83632,"ITA":3055.4631,"JAM":3833.4966,"JPN":3395.6394,"JOR":63.9062,"KAZ":3349.8955,"KEN":404.27457,"KWT":0,"KGZ":7424.6484,"LAO":26306.932,"LVA":8851.397,"LBN":828.3583,"LSO":2367.153,"LBR":39653.266,"LBY":100.70446,"LTU":5499.648,"LUX":1612.9006,"MDG":11942.074,"MWI":848.3239,"MYS":17344.19,"MDV":61.509315,"MLI":2847.8662,"MLT":100.21591,"MRT":89.531364,"MUS":2173.0115,"MEX":3252.1494,"MDA":608.057,"MNG":10649.78,"MAR":800.8639,"MOZ":3356.2683,"MMR":19049.895,"NAM":2324.095,"NRU":863.03613,"NPL":6975.419,"NLD":634.1931,"NZL":65790.8,"NIC":24092.885,"NER":152.52036,"NGA":1054.965,"PRK":2573.1987,"MKD":2878.063,"NOR":71429.96,"OMN":304.92844,"PAK":238.30063,"PSE":173.30779,"PAN":32257.303,"PNG":83359.266,"PRY":17958.396,"PER":50571.195,"PHL":4322.922,"POL":1411.809,"PRT":3694.2473,"PRI":2149.7622,"QAT":21.222918,"ROU":2187.7334,"RUS":29645.256,"RWA":743.57574,"KNA":511.16034,"LCA":1688.6093,"VCT":959.99695,"STP":10215.94,"SAU":79.83023,"SEN":1577.6997,"SRB":1210.4702,"SLE":20693.246,"SGP":105.19729,"SVK":2310.1687,"SVN":8939.923,"SLB":61388.703,"SOM":374.2755,"ZAF":751.8307,"KOR":1252.7812,"SSD":2494.3914,"ESP":2360.007,"LKA":2421.685,"SDN":87.81911,"SUR":163428.9,"SWE":16636.043,"CHE":4711.2163,"SYR":350.40598,"TJK":6658.9956,"TZA":1419.521,"THA":3139.0222,"TGO":1358.8453,"TTO":2815.2803,"TUN":353.26074,"TUR":2748.8682,"TKM":206.49788,"UGA":906.9844,"UKR":1225.6031,"ARE":15.880099,"GBR":2176.1643,"USA":8533.544,"URY":27139.95,"UZB":495.68173,"VUT":34248.336,"VEN":27818,"VNM":3698.7346,"YEM":59.80962,"ZMB":4331.8945,"ZWE":802.8096}