{"AFG":1206.8398,"ALB":10638.803,"DZA":255.36934,"AND":4078.5732,"AGO":4424.3643,"ATG":566.1651,"ARG":6461.3257,"ARM":2316.0562,"AUS":19181.85,"AUT":6168.088,"AZE":804.01294,"BHS":1768.2886,"BHR":2.7170148,"BGD":631.39655,"BRB":283.99207,"BLR":3624.752,"BEL":1039.9872,"BLZ":39046.906,"BEN":788.0541,"BTN":101297.914,"BOL":25684.861,"BIH":10759.698,"BWA":1014.4157,"BRA":27130.15,"BRN":18998.488,"BGR":3205.766,"BFA":581.97217,"BDI":797.33466,"KHM":7210.558,"CMR":10415.65,"CAN":74943.52,"CPV":582.8876,"CAF":28050.613,"TCD":870.8435,"CHL":45687.74,"CHN":1993.4094,"COL":42366.188,"COM":1495.9553,"COG":38589.965,"CRI":22445.932,"CIV":2657.403,"HRV":9631.583,"CUB":3410.7725,"CYP":598.9647,"CZE":1229.218,"COD":9375.977,"DNK":1028.9117,"DJI":271.44702,"DMA":2959.762,"DOM":2134.753,"TLS":6195.0767,"ECU":25213.63,"EGY":9.147865,"SLV":2506.9478,"GNQ":15147.384,"ERI":850.73517,"EST":9559.827,"SWZ":2213.4114,"ETH":1025.9198,"FJI":31203.447,"FIN":19350.605,"FRA":2958.5312,"GAB":70612.375,"GMB":1192.4954,"GEO":15614.943,"DEU":1286.6628,"GHA":950.2064,"GRC":5421.2705,"GRD":1719.0845,"GTM":6291.292,"GIN":16902.02,"GNB":7947.329,"GUY":298459.03,"HTI":1156.8104,"HND":8958.816,"HUN":620.4488,"ISL":463894.03,"IND":1030.9296,"IDN":7345.6724,"IRN":1464.8308,"IRQ":835.77484,"IRL":9722.71,"ISR":81.38815,"ITA":3070.3823,"JAM":3823.3833,"JPN":3405.6438,"JOR":62.769047,"KAZ":3303.029,"KEN":396.42007,"KWT":0,"KGZ":7274.1104,"LAO":25916.986,"LVA":8913.683,"LBN":841.75116,"LSO":2339.284,"LBR":38839,"LBY":99.35562,"LTU":5501.057,"LUX":1586.2466,"MDG":11639.33,"MWI":826.2564,"MYS":17114.416,"MDV":59.746914,"MLI":2763.215,"MLT":97.96504,"MRT":86.95405,"MUS":2172.9617,"MEX":3225.5762,"MDA":614.77045,"MNG":10459.232,"MAR":792.6918,"MOZ":3258.219,"MMR":18914.857,"NAM":2257.4338,"NRU":858.8852,"NPL":6842.3696,"NLD":630.6797,"NZL":64466.523,"NIC":23793.396,"NER":147.56966,"NGA":1032.7288,"PRK":2563.4834,"MKD":2909.2883,"NOR":71010.65,"OMN":309.5635,"PAK":234.04082,"PSE":169.05153,"PAN":31817.307,"PNG":81603.58,"PRY":17717.236,"PER":49971.71,"PHL":4273.685,"POL":1428.7334,"PRT":3690.3662,"PRI":2163.5854,"QAT":20.041887,"ROU":2199.8157,"RUS":29687.738,"RWA":727.087,"KNA":512.0546,"LCA":1683.0294,"VCT":965.9409,"STP":10025.984,"SAU":76.06368,"SEN":1536.7004,"SRB":1218.5602,"SLE":20221.021,"SGP":105.52592,"SVK":2308.1882,"SVN":8880.247,"SLB":60040.457,"SOM":360.3346,"ZAF":739.73315,"KOR":1251.0553,"SSD":2430.2546,"ESP":2348.0015,"LKA":2408.869,"SDN":85.48975,"SUR":161680.95,"SWE":16516.246,"CHE":4676.918,"SYR":338.82153,"TJK":6509.1787,"TZA":1377.6636,"THA":3133.7988,"TGO":1326.4558,"TTO":2809.6362,"TUN":350.34073,"TUR":2722.3225,"TKM":202.16083,"UGA":877.2492,"UKR":1233.2136,"ARE":15.955685,"GBR":2172.48,"USA":8498.762,"URY":27125.88,"UZB":486.50684,"VUT":33460.707,"VEN":28301.146,"VNM":3664.5898,"YEM":58.11562,"ZMB":4207.8984,"ZWE":789.598}