{"AFG":1178.7379,"ALB":10804.245,"DZA":251.26729,"AND":4027.3596,"AGO":4285.8267,"ATG":563.08136,"ARG":6444.169,"ARM":2315.4307,"AUS":19154.842,"AUT":6141.2734,"AZE":800.47345,"BHS":1766.0133,"BHR":2.658929,"BGD":626.2717,"BRB":283.54013,"BLR":3654.8982,"BEL":1035.7153,"BLZ":38599.1,"BEN":767.8879,"BTN":100587.8,"BOL":25424.383,"BIH":10940.221,"BWA":999.39996,"BRA":27014.994,"BRN":18816.924,"BGR":3227.1443,"BFA":568.3047,"BDI":775.90643,"KHM":7104.8564,"CMR":10142.757,"CAN":74529.555,"CPV":580.66504,"CAF":27581.62,"TCD":841.3602,"CHL":45486.473,"CHN":1991.631,"COL":41904.21,"COM":1466.6807,"COG":37677.04,"CRI":22332.068,"CIV":2592.4658,"HRV":9719.047,"CUB":3427.3894,"CYP":592.1162,"CZE":1251.6929,"COD":9077.254,"DNK":1024.4619,"DJI":267.559,"DMA":2976.1018,"DOM":2112.649,"TLS":6084.5586,"ECU":25019.152,"EGY":9.0125,"SLV":2498.4885,"GNQ":14782.924,"ERI":835.77527,"EST":9549.699,"SWZ":2187.9788,"ETH":998.8653,"FJI":31143.95,"FIN":19310.535,"FRA":2947.991,"GAB":69002.6,"GMB":1164.5918,"GEO":15674.336,"DEU":1286.1183,"GHA":931.7726,"GRC":5487.6396,"GRD":1713.9723,"GTM":6205.0215,"GIN":16483.701,"GNB":7771.363,"GUY":295530.75,"HTI":1143.5142,"HND":8810.601,"HUN":622.9927,"ISL":456351.34,"IND":1022.4834,"IDN":7294.0967,"IRN":1452.708,"IRQ":817.2512,"IRL":9587.943,"ISR":80.03073,"ITA":3086.2542,"JAM":3814.0286,"JPN":3421.3442,"JOR":61.628235,"KAZ":3259.2834,"KEN":388.9576,"KWT":0,"KGZ":7141.7896,"LAO":25546.096,"LVA":8989.17,"LBN":839.43646,"LSO":2312.5813,"LBR":38027.707,"LBY":98.105515,"LTU":5504.953,"LUX":1562.3438,"MDG":11350.209,"MWI":805.09766,"MYS":16918.303,"MDV":58.12219,"MLI":2679.9316,"MLT":97.46213,"MRT":84.479546,"MUS":2172.4126,"MEX":3204.12,"MDA":624.0829,"MNG":10284.475,"MAR":784.75006,"MOZ":3163.2595,"MMR":18783.562,"NAM":2191.7434,"NRU":854.0439,"NPL":6724.3403,"NLD":627.3868,"NZL":64311.844,"NIC":23508.816,"NER":142.84467,"NGA":1011.3061,"PRK":2554.0803,"MKD":2939.393,"NOR":70631.914,"OMN":311.0818,"PAK":229.66638,"PSE":164.94849,"PAN":31435.504,"PNG":79996.836,"PRY":17504.012,"PER":49493.48,"PHL":4235.1543,"POL":1449.371,"PRT":3667.3054,"PRI":2176.1045,"QAT":22.356092,"ROU":2216.2886,"RUS":29789.959,"RWA":711.3302,"KNA":513.22626,"LCA":1680.4652,"VCT":972.3748,"STP":9821.545,"SAU":77.96161,"SEN":1498.1824,"SRB":1230.114,"SLE":19766.26,"SGP":110.01975,"SVK":2313.095,"SVN":8856.404,"SLB":58615.957,"SOM":347.3945,"ZAF":728.42444,"KOR":1252.6671,"SSD":2392.8333,"ESP":2343.8247,"LKA":2383.1016,"SDN":83.21731,"SUR":160221.14,"SWE":16417.348,"CHE":4641.253,"SYR":329.74493,"TJK":6367.07,"TZA":1336.9321,"THA":3130.048,"TGO":1295.2815,"TTO":2807.9248,"TUN":348.1726,"TUR":2697.65,"TKM":198.10934,"UGA":849.47095,"UKR":1243.8306,"ARE":15.665547,"GBR":2164.696,"USA":8485.402,"URY":27144.033,"UZB":477.16812,"VUT":32693.842,"VEN":28507.86,"VNM":3632.8867,"YEM":56.54246,"ZMB":4091.0837,"ZWE":776.0864}