{"AFG":1161.9355,"ALB":10972.265,"DZA":247.30971,"AND":3959.601,"AGO":4153.217,"ATG":560.1034,"ARG":6430.5986,"ARM":2310.0498,"AUS":18909.46,"AUT":6082.825,"AZE":800.1573,"BHS":1760.838,"BHR":2.623479,"BGD":619.88995,"BRB":283.3684,"BLR":3684.4104,"BEL":1027.3788,"BLZ":37891.11,"BEN":748.57367,"BTN":99882.96,"BOL":25130.092,"BIH":11077.127,"BWA":983.6501,"BRA":26917.867,"BRN":18666.139,"BGR":3248.2112,"BFA":555.33246,"BDI":755.19305,"KHM":7010.9253,"CMR":9879.574,"CAN":73197.164,"CPV":577.2106,"CAF":27657.693,"TCD":812.7739,"CHL":45261.51,"CHN":1991.892,"COL":41458.934,"COM":1438.5247,"COG":36784.785,"CRI":22236.37,"CIV":2528.047,"HRV":9777.881,"CUB":3446.7107,"CYP":585.8627,"CZE":1232.1827,"COD":8789.322,"DNK":1016.42596,"DJI":263.82996,"DMA":2992.8472,"DOM":2092.4724,"TLS":5999.4375,"ECU":24820.61,"EGY":8.879556,"SLV":2488.727,"GNQ":14416.053,"ERI":821.24756,"EST":9422.911,"SWZ":2165.8572,"ETH":973.00867,"FJI":31052.117,"FIN":19258.092,"FRA":2933.2197,"GAB":67468.97,"GMB":1137.8851,"GEO":15657.904,"DEU":1286.4008,"GHA":914.05054,"GRC":5557.2153,"GRD":1710.6737,"GTM":6118.3745,"GIN":16079.53,"GNB":7599.0405,"GUY":293316.88,"HTI":1130.689,"HND":8664.097,"HUN":624.66986,"ISL":445022.7,"IND":1014.43555,"IDN":7239.8813,"IRN":1435.3654,"IRQ":798.7193,"IRL":9399.874,"ITA":3092.504,"JAM":3812.0645,"JPN":3436.5637,"JOR":60.588493,"KAZ":3211.942,"KEN":381.5495,"KWT":0,"KGZ":7014.8325,"LAO":25188.494,"LVA":9013.597,"LBN":835.58344,"LSO":2287.729,"LBR":37221.117,"LBY":96.90184,"LTU":5459.7354,"LUX":1531.1521,"MDG":11071.955,"MWI":784.68634,"MYS":16716.87,"MDV":57.24033,"MLI":2600.4827,"MLT":95.08334,"MRT":82.040565,"MUS":2178.9702,"MEX":3180.08,"MDA":640.65704,"MNG":10134.698,"MAR":776.8746,"MOZ":3071.388,"MMR":18654.389,"NAM":2131.7373,"NRU":847.3858,"NPL":6669.934,"NLD":621.43445,"NZL":64348.543,"NIC":23208.74,"NER":138.27449,"NGA":990.36127,"PRK":2544.7375,"MKD":2948.0618,"NOR":70000.2,"OMN":295.96893,"PAK":225.6867,"PAN":31040.002,"PNG":78505.02,"PRY":17306.504,"PER":49021.016,"PHL":4203.0693,"POL":1455.6614,"PRT":3641.824,"PRI":2204.8752,"QAT":21.073761,"ROU":2224.847,"RUS":29895.256,"RWA":695.9182,"KNA":513.8196,"LCA":1678.0306,"VCT":979.9502,"STP":9633.018,"SAU":74.59155,"SEN":1461.665,"SRB":1261.4696,"SLE":19331.127,"SGP":106.43918,"SVK":2319.6936,"SVN":8839.644,"SLB":57229.48,"SOM":337.04272,"ZAF":718.1972,"KOR":1255.018,"SSD":2359.0947,"ESP":2327.0364,"LKA":2380.4158,"SDN":80.99897,"SUR":158866.69,"SWE":16305.994,"CHE":4602.8936,"SYR":317.51157,"TJK":6232.431,"TZA":1298.0627,"THA":3129.6992,"TGO":1265.163,"TTO":2811.5288,"TUN":346.14114,"TUR":2671.2195,"TKM":194.32399,"UGA":824.3027,"UKR":1342.3059,"ARE":14.888371,"GBR":2144.8435,"USA":8436.688,"URY":27190.316,"UZB":467.67282,"VUT":31944.188,"VEN":28532.928,"VNM":3605.7146,"YEM":54.94092,"ZMB":3979.5686,"ZWE":762.9571}