{"AFG":10.1320915,"ALB":22.879988,"DZA":58.85287,"ASM":42.872643,"AND":21.28018,"ARG":48.131363,"ARM":15.016606,"AUS":93.73019,"AUT":99.99998,"AZE":37.905464,"BHR":86.00685,"BGD":11.47351,"BLR":84.40394,"BEL":71.19295,"BEN":6.2352486,"BTN":38.16126,"BIH":26.06826,"BRA":33.683006,"BGR":54.871326,"BFA":5.9163547,"CAN":75.17485,"CAF":19.67586,"TCD":8.439917,"CHL":69.667274,"CHN":13.385809,"COL":15.772077,"COM":24.204153,"CRI":24.014757,"CIV":13.490255,"HRV":78.3202,"CUB":38.295387,"CYP":76.20219,"CZE":88.5558,"COD":22.013296,"DNK":94.78943,"DJI":24.258217,"DOM":52.04217,"ECU":44.302216,"EGY":26.807669,"SLV":45.72235,"EST":91.979614,"SWZ":44.973675,"ETH":2.2690141,"FJI":42.906708,"FIN":86.568794,"FRA":88.75958,"GMB":43.242573,"GEO":26.979622,"DEU":96.056046,"GHA":3.6849465,"GRC":77.87459,"GGY":87.5,"GUY":56.59192,"HKG":76.48695,"HUN":53.295837,"IND":9.005652,"IRQ":26.92838,"IRL":56.993572,"IMN":84.82143,"ISR":80.4188,"ITA":79.27198,"JAM":50.376842,"JPN":96.48802,"JEY":95,"JOR":70.18221,"KEN":20.202805,"KIR":14.188483,"KWT":100,"KGZ":86.044785,"LAO":21.150604,"LVA":79.76133,"LBN":17.85218,"LSO":12.89558,"LBY":27.574411,"LIE":96.16947,"LTU":81.996864,"LUX":92.21339,"MAC":49.843216,"MDG":3.169429,"MWI":7.831087,"MYS":76.421036,"MLI":7.0031967,"MLT":1.9766966,"MEX":17.73728,"MCO":100,"MNG":41.090107,"MAR":10.913412,"MOZ":9.037645,"MMR":58.38124,"NRU":45.65062,"NPL":7.3090305,"NLD":97.443,"NZL":80.43645,"NER":3.645066,"NGA":20.497093,"MKD":12.904118,"NOR":76.660515,"PSE":32.48668,"PNG":10.708723,"PRY":47.28183,"PER":12.904628,"PHL":47.097454,"POL":86.11186,"PRT":53.7032,"PRI":32.538513,"QAT":87.549255,"WSM":41.753265,"SMR":90.1925,"STP":13.173716,"SEN":14.642298,"SRB":29.581083,"SLE":4.967841,"SGP":100,"SVK":84.23303,"SVN":41.564342,"SOM":7.213287,"ZAF":47.385372,"KOR":86.87421,"ESP":92.718956,"SUR":29.465029,"SWE":95.1391,"CHE":97.814926,"TZA":2.9235787,"THA":19.374578,"TGO":4.3222413,"TON":38.4001,"TUN":49.22766,"TUR":44.231678,"TUV":41.35133,"UGA":12.674612,"UKR":87.61346,"ARE":98.44769,"GBR":97.31268,"USA":96.6669,"UZB":74.16726,"VEN":25.078348,"VNM":31.11904,"YEM":34.908985,"ZWE":30.91605}