{"AFG":10.131491,"ALB":23.475975,"DZA":59.193707,"ASM":42.838745,"AND":26.18708,"ARG":48.299675,"ARM":14.853508,"AUS":93.81533,"AUT":99.99999,"AZE":38.714462,"BHR":86.328804,"BGD":12.236756,"BLR":84.478386,"BEL":71.19303,"BEN":6.5641108,"BTN":38.27925,"BIH":26.137724,"BRA":33.976475,"BGR":55.28177,"BFA":6.1010523,"CAN":75.17404,"CAF":19.630793,"TCD":8.50608,"CHL":69.94,"CHN":13.750477,"COL":15.904327,"COM":25.741283,"CRI":23.834951,"CIV":14.0560255,"HRV":78.37441,"CUB":38.407467,"CYP":76.24167,"CZE":88.65242,"COD":21.553314,"DNK":94.78943,"DJI":24.267515,"DOM":52.317482,"ECU":44.42956,"EGY":26.898373,"SLV":45.546474,"EST":91.850685,"SWZ":45.450012,"ETH":2.4774134,"FJI":42.898014,"FIN":86.716644,"FRA":88.77722,"GUF":69.55574,"GMB":42.036366,"GEO":26.742966,"DEU":96.070404,"GHA":3.7417443,"GRC":78.458336,"GGY":87.5,"GUY":55.9719,"HKG":76.48695,"HUN":54.84338,"IND":10.747686,"IRQ":27.974112,"IRL":58.07149,"IMN":84.82143,"ISR":81.092705,"ITA":79.27279,"JAM":51.00594,"JPN":96.62629,"JEY":95,"JOR":70.11155,"KEN":20.8259,"KIR":14.93358,"KWT":100,"KGZ":86.133064,"LAO":23.703032,"LVA":79.73969,"LBN":17.85218,"LSO":14.430226,"LBY":27.241068,"LIE":96.16947,"LTU":82.440384,"LUX":92.261055,"MAC":49.843216,"MDG":3.564405,"MWI":7.839983,"MYS":76.596855,"MLI":7.6378584,"MLT":2.703548,"MEX":17.835987,"MCO":100,"MNG":41.61425,"MAR":10.958363,"MOZ":9.881063,"MMR":58.92318,"NRU":45.649323,"NPL":9.349034,"NLD":97.44327,"NZL":81.02218,"NER":3.9229493,"NGA":20.467402,"MKD":12.918058,"NOR":76.70717,"PSE":32.58081,"PNG":10.703697,"PRY":47.897552,"PER":14.369191,"PHL":47.483543,"POL":86.78603,"PRT":53.827557,"PRI":32.536297,"QAT":87.549255,"REU":71.59928,"ROU":47.917793,"WSM":41.738712,"SMR":90.1925,"STP":14.211716,"SEN":14.989249,"SRB":29.567564,"SLE":5.122451,"SGP":100,"SVK":84.23263,"SVN":43.51369,"SOM":7.509672,"ZAF":47.994423,"KOR":87.46949,"ESP":92.71883,"SUR":29.707447,"SWE":95.16054,"CHE":97.81459,"TZA":4.145268,"THA":19.519094,"TGO":4.468402,"TON":38.3973,"TUN":49.999744,"TUR":44.218586,"TUV":41.700123,"UGA":13.008957,"UKR":87.72939,"ARE":98.447426,"GBR":97.32004,"USA":96.694374,"UZB":74.1679,"VEN":24.954933,"VNM":32.534126,"YEM":35.131496,"ZWE":30.89293}