{"AFG":10.853967,"ALB":24.036737,"DZA":59.528637,"ASM":42.804848,"AND":31.09398,"ARG":48.468353,"ARM":14.659914,"AUS":93.90047,"AUT":100,"AZE":39.52093,"BHR":86.64992,"BGD":13.008701,"BLR":84.54957,"BEL":71.193115,"BEN":6.909617,"BTN":39.876495,"BIH":26.203213,"BRA":34.263187,"BGR":55.727962,"BFA":6.857287,"KHM":7.284795,"CAN":75.17385,"CAF":19.585716,"TCD":8.570605,"CHL":70.198814,"CHN":14.49126,"COL":16.035465,"COM":26.94819,"CRI":23.66168,"CIV":14.61812,"HRV":78.286865,"CUB":38.51881,"CYP":76.2172,"CZE":88.76095,"COD":21.097166,"DNK":94.78944,"DJI":24.276815,"DOM":51.927784,"ECU":44.55195,"EGY":26.98917,"SLV":45.37124,"EST":91.718636,"SWZ":45.993973,"ETH":2.6810553,"FJI":42.88932,"FIN":86.8645,"FRA":88.79487,"GUF":69.55574,"GMB":40.853188,"GEO":26.376255,"DEU":96.0847,"GHA":4.3761144,"GRC":79.09969,"GGY":87.5,"GNB":3.4181554,"GUY":55.3515,"HKG":76.48695,"HUN":56.458504,"IND":12.604032,"IRQ":29.018553,"IRL":59.157425,"IMN":84.82143,"ISR":81.76881,"ITA":79.274124,"JAM":51.644882,"JPN":96.761154,"JEY":95,"JOR":70.14966,"KEN":21.491993,"KIR":15.6405,"KWT":100,"KGZ":86.395256,"LAO":26.105944,"LVA":79.94363,"LBN":17.85218,"LSO":15.954949,"LBY":26.907724,"LIE":96.16947,"LTU":82.87907,"LUX":92.29612,"MAC":49.843216,"MDG":3.9596775,"MWI":7.8471246,"MYS":76.76914,"MLI":8.267633,"MLT":8.3053255,"MEX":17.932455,"MCO":100,"MNG":42.129383,"MAR":11.072269,"MOZ":10.749448,"MMR":59.241436,"NRU":45.648026,"NPL":10.926661,"NLD":97.44354,"NZL":81.60878,"NER":4.192828,"NGA":20.860184,"MKD":12.932,"NOR":76.75438,"PSE":32.67472,"PNG":10.699587,"PRY":48.488873,"PER":15.868233,"PHL":47.87053,"POL":87.4565,"PRT":53.949196,"PRI":32.53408,"QAT":87.549255,"REU":71.59928,"ROU":47.89564,"RUS":54.413105,"WSM":41.75902,"SMR":90.1925,"STP":15.268549,"SEN":15.358379,"SRB":29.554312,"SLE":5.2773576,"SGP":100,"SVK":84.218925,"SVN":45.513016,"SOM":7.8042536,"ZAF":48.607147,"KOR":88.06634,"ESP":92.725685,"SUR":29.948542,"SWE":95.17874,"CHE":97.81569,"TZA":5.3676124,"THA":19.665455,"TGO":4.6150517,"TON":38.394596,"TUN":50.95085,"TUR":44.692677,"TUV":42.045647,"UGA":13.342092,"UKR":87.98243,"ARE":98.44717,"GBR":97.34182,"USA":96.72191,"UZB":74.15046,"VEN":24.83152,"VNM":33.073994,"YEM":35.35743,"ZWE":30.922218}