{"AFG":11.576335,"ALB":24.57677,"DZA":59.857376,"ASM":42.77095,"AND":36.00088,"ARG":48.637436,"ARM":14.454512,"AUS":93.98561,"AUT":99.99838,"AZE":40.86159,"BHR":86.95586,"BGD":13.775826,"BLR":84.62116,"BEL":71.19319,"BEN":7.2769246,"BTN":40.721222,"BIH":26.265182,"BRA":34.547146,"BGR":56.2055,"BFA":7.628065,"KHM":9.185985,"CAN":75.507965,"CAF":19.540257,"TCD":8.635532,"CHL":70.41003,"CHN":16.536438,"COL":16.165487,"COM":28.119524,"CRI":23.495052,"CIV":15.17952,"HRV":78.15265,"CUB":38.641773,"CYP":76.11019,"CZE":88.869385,"COD":20.64489,"DNK":94.78944,"DJI":24.286114,"DOM":51.50068,"ECU":44.672073,"EGY":27.080057,"SLV":44.99934,"EST":91.54698,"SWZ":46.548347,"ETH":2.8845105,"FJI":43.44612,"FIN":87.01236,"FRA":88.78346,"GUF":69.55574,"GMB":39.73583,"GEO":25.906063,"DEU":96.09893,"GHA":5.016368,"GRC":79.738235,"GGY":87.5,"GNB":4.077809,"GUY":54.753025,"HKG":76.48695,"HUN":58.118473,"IND":14.941498,"IRQ":30.0617,"IRL":60.249737,"IMN":84.82143,"ISR":82.44713,"ITA":79.27573,"JAM":52.28681,"JPN":96.89259,"JEY":95,"JOR":70.18713,"KEN":22.158787,"KIR":16.466578,"KWT":100,"KGZ":86.65812,"LAO":28.46339,"LVA":80.06911,"LBN":18.346857,"LSO":17.44802,"LBY":26.57438,"LIE":96.16947,"LTU":83.31941,"LUX":92.330246,"MAC":49.843216,"MDG":4.3553915,"MWI":7.8542676,"MYS":76.93797,"MLI":8.892138,"MLT":13.912216,"MEX":19.884296,"MCO":100,"MNG":42.63529,"MAR":11.167462,"MOZ":11.624463,"MMR":59.55522,"NRU":45.64673,"NPL":12.536012,"NLD":97.44381,"NZL":82.19624,"NER":4.4627857,"NGA":21.262733,"MKD":12.945941,"NOR":76.80213,"PSE":32.767902,"PNG":10.695476,"PRY":49.0509,"PER":17.401394,"PHL":48.258415,"POL":88.10798,"PRT":54.069122,"PRI":32.53186,"QAT":87.549255,"REU":71.59928,"ROU":47.93626,"RUS":54.558304,"WSM":41.797886,"SMR":90.1925,"STP":16.329567,"SEN":15.734446,"SRB":29.541359,"SLE":5.432563,"SGP":100,"SVK":84.06156,"SVN":47.5628,"SOM":8.149638,"ZAF":49.21654,"KOR":88.66475,"ESP":92.73247,"SUR":30.188574,"SWE":95.17997,"CHE":97.81679,"TZA":6.6140676,"THA":19.813547,"TGO":4.7621064,"TON":38.391792,"TUN":52.234554,"TUR":45.154922,"TUV":42.338932,"UGA":13.673966,"UKR":88.23743,"ARE":98.44691,"GBR":97.3633,"USA":96.74949,"UZB":74.12574,"VEN":24.708107,"VNM":33.606297,"YEM":35.443634,"ZWE":30.951952}