{"AFG":12.298131,"ALB":25.095911,"DZA":60.179985,"ASM":42.73705,"AND":40.90778,"ARG":48.80706,"ARM":14.245137,"AUS":94.07075,"AUT":99.99654,"AZE":42.20649,"BHR":87.26167,"BGD":14.53788,"BLR":83.916824,"BEL":72.22999,"BEN":7.653676,"BTN":41.55135,"BIH":26.32008,"BRA":34.828278,"BGR":56.71422,"BFA":8.413357,"KHM":11.098838,"CAN":75.84208,"CAF":19.494324,"TCD":8.700728,"CHL":72.033745,"CHN":18.70512,"COL":16.294493,"COM":29.277216,"CRI":23.335518,"CIV":15.740397,"HRV":78.018585,"CUB":38.776825,"CYP":76.00838,"CZE":88.97785,"COD":20.196526,"DNK":94.78943,"DJI":24.295412,"DOM":51.060463,"ECU":44.789455,"EGY":27.470663,"SLV":44.628628,"EST":91.44165,"SWZ":47.11308,"ETH":3.10832,"FJI":43.99712,"FIN":87.16021,"FRA":88.77202,"GUF":69.55574,"GMB":38.670227,"GEO":25.488167,"DEU":96.141014,"GHA":5.6620145,"GRC":80.37459,"GGY":87.5,"GNB":4.967849,"GUY":54.20672,"HKG":76.37655,"HUN":59.82296,"IND":17.29471,"IRQ":31.103552,"IRL":61.351456,"IMN":84.82143,"ISR":83.12767,"ITA":79.21781,"JAM":53.2391,"JPN":97.02063,"JEY":95,"JOR":70.22498,"KEN":22.826221,"KIR":17.292496,"KWT":100,"KGZ":86.92138,"LAO":30.797367,"LVA":80.14667,"LBN":18.841534,"LSO":18.925581,"LBY":26.241037,"LIE":96.16947,"LTU":83.76144,"LUX":92.363594,"MAC":49.843216,"MDG":4.751172,"MWI":7.8612885,"MYS":77.1034,"MLI":9.5109415,"MLT":19.5242,"MEX":21.867445,"MCO":100,"MNG":44.039295,"MAR":11.118825,"MOZ":12.507086,"MMR":59.86449,"NRU":45.64543,"NPL":14.176972,"NLD":97.44707,"NZL":82.78458,"NER":4.7083683,"NGA":21.679152,"MKD":12.9599495,"NOR":76.85052,"PSE":33.00459,"PNG":10.691136,"PRY":49.60122,"PER":18.968363,"PHL":48.647198,"POL":88.79395,"PRT":56.07427,"PRI":32.529644,"QAT":87.549255,"REU":71.59928,"ROU":48.905495,"RUS":54.70389,"WSM":41.83643,"SMR":90.1925,"STP":17.39182,"SEN":16.114105,"SRB":29.528612,"SLE":5.7985635,"SGP":100,"SVK":83.937775,"SVN":49.66354,"SOM":8.491619,"ZAF":49.819218,"KOR":89.26473,"ESP":92.73927,"SUR":30.427418,"SWE":95.18114,"CHE":97.81784,"TZA":7.8786254,"THA":19.963385,"TGO":4.9094486,"TON":38.388992,"TUN":53.52538,"TUR":46.702236,"TUV":42.59996,"UGA":14.004619,"UKR":88.542854,"ARE":98.446655,"GBR":97.384636,"USA":96.77711,"UZB":74.09751,"VEN":24.584692,"VNM":34.131115,"YEM":35.53546,"ZWE":30.98657}