{"AFG":13.019249,"ALB":25.871433,"DZA":60.49621,"ASM":42.70315,"AND":45.814686,"ARG":48.97717,"ARM":14.036162,"AUS":94.15589,"AUT":99.994705,"AZE":43.708378,"BHR":87.567375,"BGD":15.415661,"BLR":83.15607,"BEL":73.27594,"BEN":8.039554,"BTN":42.362957,"BIH":26.37252,"BRA":35.106644,"BGR":57.253624,"BFA":9.211327,"KHM":13.023279,"CAN":76.17095,"CAF":19.090006,"TCD":8.766192,"CHL":73.66615,"CHN":20.993961,"COL":16.422485,"COM":30.423567,"CRI":23.183853,"CIV":16.283384,"HRV":77.88493,"CUB":38.740837,"CYP":76.051704,"CZE":89.08636,"COD":19.752007,"DNK":94.78943,"DJI":25.321705,"DOM":50.623978,"ECU":45.026497,"EGY":27.862545,"SLV":44.260353,"EST":91.3349,"SWZ":47.688248,"ETH":3.331518,"FJI":44.542427,"FIN":87.30807,"FRA":88.76056,"GUF":69.55574,"GMB":38.077393,"GEO":25.061253,"DEU":96.18304,"GHA":6.311969,"GRC":81.007866,"GGY":87.5,"GNB":5.9012036,"GUY":53.65771,"HKG":76.26615,"HUN":61.575867,"IND":19.48045,"IRQ":31.78152,"IRL":62.462772,"IMN":84.82143,"ISR":83.81041,"ITA":79.159874,"JAM":54.19976,"JPN":97.14525,"JEY":95,"JOR":70.87642,"KEN":23.494286,"KIR":17.86542,"KWT":100,"KGZ":87.29155,"LAO":33.07592,"LVA":80.222626,"LBN":19.33621,"LSO":20.362473,"LBY":25.907694,"LIE":96.16947,"LTU":84.223175,"LUX":92.39591,"MAC":49.843216,"MDG":5.1653543,"MWI":10.060811,"MYS":77.26536,"MLI":10.123775,"MLT":25.141298,"MEX":23.881502,"MCO":100,"MNG":45.448784,"MAR":11.033404,"MOZ":13.39838,"MMR":60.169216,"NRU":45.644135,"NPL":15.849427,"NLD":97.450325,"NZL":83.37378,"NER":4.9491606,"NGA":22.107464,"MKD":12.928724,"NOR":76.89953,"PSE":33.241238,"PNG":11.047724,"PRY":50.142986,"PER":20.568804,"PHL":49.03949,"POL":89.48419,"PRT":58.15203,"PRI":32.527428,"QAT":87.549255,"REU":71.59928,"ROU":49.918144,"RUS":54.849514,"WSM":42.030186,"SMR":90.1925,"STP":18.388643,"SEN":16.491858,"SRB":29.394552,"SLE":6.1838274,"SGP":100,"SVK":83.8133,"SVN":51.81573,"SOM":8.84975,"ZAF":50.41464,"KOR":89.86628,"ESP":92.52723,"SUR":30.120665,"SWE":95.18223,"CHE":97.81894,"TZA":9.142228,"THA":20.269844,"TGO":5.2887044,"TON":38.78642,"TTO":36.97999,"TUN":54.804672,"TUR":48.269753,"TUV":42.85327,"UGA":14.333646,"UKR":88.84902,"ARE":98.4464,"GBR":97.40567,"USA":96.80479,"UZB":74.07088,"VEN":24.461279,"VNM":34.72455,"YEM":35.640297,"ZWE":30.666782}