{"AFG":13.740117,"ALB":26.659143,"DZA":60.806435,"ASM":42.669254,"AND":50.721584,"ARG":49.147816,"ARM":13.807576,"AUS":94.24103,"AUT":99.9929,"AZE":45.228626,"BHR":87.87296,"BGD":16.300943,"BLR":82.39327,"BEL":74.33104,"BEN":8.434578,"BTN":43.133263,"BIH":26.421171,"BRA":35.3824,"BGR":57.82337,"BFA":10.021875,"KHM":14.958971,"CAN":76.47993,"CAF":18.691904,"TCD":8.831926,"CHL":75.30799,"CHN":23.388203,"COL":16.549475,"COM":31.558033,"CRI":23.039444,"CIV":16.83027,"HRV":77.75167,"CUB":38.701763,"CYP":76.10545,"CZE":89.19491,"COD":19.315544,"DNK":94.78943,"DJI":26.345278,"DOM":50.19076,"ECU":45.260937,"EGY":28.2557,"SLV":43.89361,"EST":91.2266,"SWZ":48.27381,"ETH":3.554255,"FJI":44.950706,"FIN":87.455925,"FRA":88.74907,"GUF":69.92664,"GMB":37.489872,"GEO":24.625044,"DEU":96.22494,"GHA":6.9643774,"GRC":81.63841,"GGY":87.5,"GNB":6.8455563,"GUY":53.10584,"HKG":76.155754,"HUN":63.377293,"IND":21.675295,"IRQ":32.513035,"IRL":63.72963,"IMN":84.82143,"ISR":84.49536,"ITA":79.10194,"JAM":55.168087,"JPN":97.26646,"JEY":95,"JOR":71.870056,"KEN":24.162876,"KIR":18.478039,"KWT":100,"KGZ":87.65228,"LAO":35.24868,"LVA":80.87945,"LBN":19.830887,"LSO":21.783117,"LBY":25.57435,"LIE":96.16947,"LTU":84.70284,"LUX":92.42745,"MAC":49.843216,"MDG":5.5802903,"MWI":12.252624,"MYS":77.424,"MLI":10.730121,"MLT":30.763542,"MEX":25.926094,"MCO":100,"MNG":46.86434,"MNE":29.72495,"MAR":10.9364805,"MOZ":14.296805,"MMR":60.469307,"NRU":45.067245,"NPL":17.55326,"NLD":97.45356,"NZL":83.96386,"NER":5.188487,"NGA":22.548012,"MKD":12.895665,"NOR":76.94909,"PSE":33.478096,"PNG":11.4045725,"PRY":50.6762,"PER":22.202383,"PHL":49.437813,"POL":90.1788,"PRT":60.301132,"PRI":32.52521,"QAT":87.549255,"REU":71.90042,"ROU":51.714935,"RUS":54.995167,"WSM":42.22431,"SMR":90.1925,"STP":19.390606,"SEN":16.867712,"SRB":29.17529,"SLE":6.5873046,"SGP":100,"SVK":83.68802,"SVN":54.031357,"SOM":9.209426,"ZAF":51.00301,"KOR":90.46939,"ESP":92.31301,"SUR":29.811533,"SWE":95.18558,"CHE":97.82004,"TZA":10.405584,"THA":20.583296,"TGO":5.676246,"TON":39.183502,"TTO":36.957817,"TUN":56.097862,"TUR":49.85745,"TUV":43.13254,"UGA":14.661443,"UKR":89.15426,"ARE":98.44616,"GBR":97.42656,"USA":96.832504,"UZB":74.04085,"VEN":24.337864,"VNM":35.31231,"YEM":35.749344,"ZWE":30.348837}