{"AFG":14.429987,"ALB":27.424421,"DZA":61.110416,"ASM":42.635357,"AND":55.628487,"ARG":49.318928,"ARM":13.555288,"AUS":94.32617,"AUT":99.991104,"AZE":46.687393,"BHR":88.17843,"BGD":17.19324,"BLR":81.64144,"BEL":75.3953,"BEN":8.838769,"BTN":43.89285,"BIH":26.465504,"BRA":36.29029,"BGR":58.42324,"BFA":10.80534,"KHM":16.906116,"CAN":76.74073,"CAF":18.299932,"TCD":8.898087,"CHL":76.95872,"CHN":25.889128,"COL":16.675571,"COM":32.680073,"CRI":22.902708,"CIV":17.380959,"HRV":77.61882,"CUB":38.65961,"CYP":76.160065,"CZE":89.303375,"COD":18.887524,"DNK":94.78942,"DJI":27.365929,"DOM":49.76094,"ECU":45.4927,"EGY":28.64437,"SLV":43.512722,"EST":91.11686,"SWZ":48.868484,"ETH":3.7782876,"FJI":45.3501,"FIN":87.60378,"FRA":88.73756,"GUF":70.297554,"GMB":36.906696,"GEO":24.179483,"DEU":96.266846,"GHA":7.6199975,"GRC":82.266525,"GGY":87.5,"GNB":7.8008537,"GUY":52.55131,"HKG":76.04536,"HUN":65.2224,"IND":23.930222,"IRQ":33.299675,"IRL":65.01662,"IMN":84.82143,"ISR":85.18252,"ITA":79.044,"JAM":56.144566,"JPN":97.42984,"JEY":95,"JOR":72.7932,"KEN":24.831932,"KIR":19.119965,"KWT":100,"KGZ":88.01434,"LAO":37.40659,"LVA":81.53113,"LBN":20.325563,"LSO":23.184,"LBY":25.241007,"LIE":96.16947,"LTU":85.18121,"LUX":92.45813,"MAC":49.843216,"MDG":5.9959607,"MWI":14.436822,"MYS":77.57938,"MLI":11.329728,"MLT":36.39093,"MEX":28.000814,"MCO":100,"MNG":48.284794,"MNE":31.04832,"MAR":10.83502,"MOZ":15.201565,"MMR":60.764805,"NRU":44.481422,"NPL":19.288372,"NLD":97.45677,"NZL":84.554794,"NER":5.426235,"NGA":23.001167,"MKD":12.8606,"NOR":76.99916,"PSE":33.71542,"PNG":11.7616825,"PRY":51.20092,"PER":23.868757,"PHL":50.244194,"POL":90.87756,"PRT":62.519848,"PRI":32.522995,"QAT":87.549255,"REU":72.20156,"ROU":53.55096,"RUS":55.29446,"WSM":42.418156,"SMR":90.1925,"STP":20.397083,"SEN":17.241564,"SRB":28.950222,"SLE":7.0042977,"SGP":100,"SVK":83.562035,"SVN":56.25585,"SOM":9.153924,"ZAF":51.584225,"KOR":91.07407,"ESP":92.096634,"SUR":29.498344,"SWE":95.19103,"CHE":97.82114,"TZA":11.669171,"THA":20.903687,"TGO":6.0608554,"TON":39.57882,"TTO":36.93553,"TUN":57.404167,"TUR":51.184864,"TUV":43.40491,"UGA":14.987695,"UKR":89.45916,"ARE":98.445915,"GBR":97.45798,"USA":96.86027,"UZB":74.0076,"VEN":24.21445,"VNM":35.894154,"YEM":35.862194,"ZWE":30.032646}