{"AFG":15.117084,"ALB":28.167234,"DZA":61.408527,"ASM":42.60146,"AND":60.535385,"ARG":49.490562,"ARM":13.302559,"AUS":94.41131,"AUT":99.98933,"AZE":47.86922,"BHR":88.48377,"BGD":18.092077,"BLR":80.90427,"BEL":76.46871,"BEN":9.251919,"BTN":44.641495,"BIH":26.506033,"BRA":37.216232,"BGR":59.052914,"BFA":11.569814,"KHM":18.873262,"CAN":77.000854,"CAF":17.913492,"TCD":8.964362,"CHL":78.61886,"CHN":28.501814,"COL":16.800688,"COM":33.789036,"CRI":22.781952,"CIV":17.935345,"HRV":77.486374,"CUB":38.61439,"CYP":76.215546,"CZE":89.412,"COD":18.46801,"DNK":95.1013,"DJI":28.383642,"DOM":49.334373,"ECU":45.721844,"EGY":29.031094,"SLV":43.034218,"EST":91.00569,"SWZ":49.458908,"ETH":4.0220785,"FJI":45.73431,"FIN":87.75164,"FRA":88.726006,"GUF":70.66846,"GMB":36.32675,"GEO":23.724806,"DEU":96.308624,"GHA":8.278311,"GRC":82.89223,"GGY":87.5,"GNB":8.767335,"GUY":51.99415,"HKG":75.93496,"HUN":67.1106,"IND":26.198914,"IRQ":34.14295,"IRL":66.31993,"IMN":84.82143,"ISR":85.87189,"ITA":78.986046,"JAM":57.12872,"JPN":97.58857,"JEY":95,"JOR":73.6503,"KEN":25.465513,"KIR":19.596334,"KWT":100,"KGZ":88.377594,"LAO":39.550083,"LVA":82.18355,"LBN":20.82024,"LSO":24.570143,"LBY":24.907663,"LIE":96.16947,"LTU":85.65828,"LUX":92.48809,"MAC":49.843216,"MDG":6.412517,"MWI":16.613298,"MYS":77.913246,"MLI":11.922084,"MLT":42.023415,"MEX":30.105371,"MCO":100,"MNG":49.70958,"MNE":32.358376,"MAR":10.729156,"MOZ":16.190454,"MMR":61.055668,"NRU":43.886665,"NPL":21.054615,"NLD":97.45998,"NZL":85.146614,"NER":5.662284,"NGA":23.467308,"MKD":12.8233595,"NOR":77.04976,"PSE":33.952686,"PNG":12.119054,"PRY":51.717186,"PER":25.563095,"PHL":51.05856,"POL":91.5805,"PRT":64.80671,"PRI":32.52078,"QAT":87.549255,"REU":72.50271,"ROU":55.450497,"RUS":55.442078,"WSM":42.399147,"SMR":90.1925,"STP":21.407473,"SEN":17.613354,"SRB":28.719345,"SLE":7.434776,"SGP":100,"SVK":83.435486,"SVN":58.53884,"SOM":9.634486,"ZAF":52.15829,"KOR":91.671745,"ESP":91.878075,"SUR":29.180944,"SWE":95.19641,"CHE":97.822235,"TZA":12.933868,"THA":21.23117,"TGO":6.4565883,"TON":39.972527,"TTO":36.91336,"TUN":58.723747,"TUR":52.555046,"TUV":43.67038,"UGA":15.318368,"UKR":89.76375,"ARE":98.44569,"GBR":97.48925,"USA":96.88808,"UZB":73.97111,"VEN":24.091038,"VNM":36.469788,"YEM":35.978897,"ZWE":29.718258}