{"AFG":15.801494,"ALB":28.888264,"DZA":61.69881,"ASM":42.56756,"AND":65.51433,"ARG":49.662655,"ARM":13.049915,"AUS":94.49645,"AUT":99.98757,"AZE":49.067333,"BHR":88.789,"BGD":18.996996,"BLR":80.154305,"BEL":77.762924,"BEN":9.6737,"BTN":45.11019,"BIH":27.679405,"BRA":38.160088,"BGR":59.711937,"BFA":12.34484,"KHM":20.895065,"CAN":77.26031,"CAF":17.532257,"TCD":9.054079,"CHL":80.28786,"CHN":31.221462,"COL":16.92483,"COM":34.88453,"CRI":22.692207,"CIV":18.492994,"HRV":77.35434,"CUB":38.89361,"CYP":76.27157,"CZE":89.52055,"COD":17.990438,"DNK":95.41103,"DJI":29.3982,"DOM":48.911533,"ECU":45.948383,"EGY":29.419586,"SLV":42.56121,"EST":90.89308,"SWZ":50.025078,"ETH":4.266376,"FJI":46.106644,"FIN":87.8995,"FRA":88.71441,"GUF":71.03936,"GMB":35.74966,"GEO":23.26099,"DEU":96.35035,"GHA":8.938692,"GRC":83.51496,"GGY":87.5,"GNB":9.744934,"GUY":51.434196,"HKG":75.82456,"HUN":69.04127,"IND":28.481,"IRQ":35.044342,"IRL":67.63957,"IMN":84.82143,"ISR":86.56347,"ITA":78.928085,"JAM":58.121048,"JPN":97.74262,"JEY":95,"JOR":74.45492,"KEN":26.092808,"KIR":20.058537,"KWT":100,"KGZ":88.741905,"LAO":41.67825,"LVA":82.84368,"LBN":21.314917,"LSO":25.941425,"LBY":24.57432,"LIE":96.16947,"LTU":86.37969,"LUX":92.51705,"MAC":49.843216,"MDG":6.82971,"MWI":18.782902,"MYS":78.24429,"MLI":12.493351,"MLT":47.661003,"MEX":32.239334,"MCO":100,"MNG":51.136406,"MNE":33.655144,"MAR":10.619034,"MOZ":17.195719,"MMR":61.04632,"NRU":43.282974,"NPL":22.85187,"NLD":97.463196,"NZL":85.73929,"NER":5.8968716,"NGA":23.946783,"MKD":12.783691,"NOR":77.100914,"PSE":34.4569,"PNG":12.413887,"PRY":52.225033,"PER":27.2847,"PHL":51.880924,"POL":92.287796,"PRT":67.15992,"PRI":32.518562,"QAT":88.43746,"REU":72.80385,"ROU":57.414597,"RUS":55.53198,"WSM":42.379192,"SMR":90.1925,"STP":22.420902,"SEN":17.983007,"SRB":28.482542,"SLE":7.876339,"SGP":100,"SVK":83.30812,"SVN":60.975212,"SOM":10.110509,"ZAF":52.724705,"KOR":92.26329,"ESP":91.65734,"SUR":28.859179,"SWE":95.20164,"CHE":97.88197,"TZA":14.134398,"THA":21.565594,"TGO":6.8628044,"TON":40.354958,"TTO":36.89107,"TUN":60.254868,"TUR":53.968105,"TUV":43.929665,"UGA":15.647665,"UKR":90.06801,"ARE":98.44546,"GBR":97.52023,"USA":96.915924,"UZB":73.93158,"VEN":24.061075,"VNM":37.03907,"YEM":36.099483,"ZWE":29.405577}