{"AFG":16.42053,"ALB":29.586716,"DZA":61.982166,"ASM":42.53366,"AND":70.50408,"ARG":49.69949,"ARM":12.797102,"AUS":94.58159,"AUT":99.98583,"AZE":50.280064,"BHR":89.09412,"BGD":19.907686,"BLR":79.38838,"BEL":79.084335,"BEN":10.070298,"BTN":45.466087,"BIH":30.595407,"BRA":39.122158,"BGR":60.622955,"BFA":13.130363,"KHM":22.923517,"CAN":77.51909,"CAF":17.156136,"TCD":9.150797,"CHL":81.96566,"CHN":34.047245,"COL":17.048122,"COM":35.96614,"CRI":22.60882,"CIV":19.054146,"HRV":77.18406,"CUB":39.189598,"CYP":76.32847,"CZE":89.62927,"COD":17.51831,"DNK":95.71862,"DJI":30.41198,"DOM":48.491722,"ECU":46.172264,"EGY":29.809574,"SLV":42.09305,"EST":90.778885,"SWZ":50.59024,"ETH":4.5116215,"FJI":46.468445,"FIN":88.04734,"FRA":88.70278,"GUF":71.41027,"GMB":35.173958,"GEO":22.78772,"DEU":96.39201,"GHA":9.600772,"GRC":84.135056,"GGY":87.5,"GNB":10.734209,"GUY":50.871662,"HKG":75.714165,"HUN":71.00886,"IND":30.77659,"IRQ":36.00834,"IRL":68.97557,"IMN":84.82143,"ISR":87.25732,"ITA":78.87013,"JAM":59.1213,"JPN":97.892,"JEY":95,"JOR":75.20894,"KEN":26.717894,"KIR":20.506378,"KWT":100,"KGZ":89.10439,"LAO":43.791336,"LVA":83.51121,"LBN":21.809593,"LSO":27.297878,"LBY":24.240976,"LIE":96.16947,"LTU":87.093834,"LUX":92.5453,"MAC":51.85072,"MDG":7.2476892,"MWI":20.945267,"MYS":78.72337,"MLI":13.056263,"MLT":53.303688,"MEX":34.4024,"MCO":100,"MNG":52.566494,"MNE":34.938416,"MAR":10.504084,"MOZ":18.2115,"MMR":61.03404,"NRU":42.670353,"NPL":24.68002,"NLD":97.46641,"NZL":86.33284,"NER":6.1298785,"NGA":24.439947,"MKD":12.741494,"NOR":77.15261,"PSE":35.21953,"PNG":12.7057495,"PRY":52.724518,"PER":29.034983,"PHL":52.71089,"POL":92.99934,"PRT":69.57821,"PRI":32.516346,"QAT":89.325676,"REU":73.10499,"ROU":59.44433,"RUS":55.591564,"WSM":42.358303,"SMR":90.1925,"STP":23.437105,"SEN":18.688349,"SRB":28.239775,"SLE":8.330928,"SGP":100,"SVK":83.16469,"SVN":63.46312,"SOM":10.581133,"ZAF":53.283707,"KOR":92.85639,"ESP":91.434425,"SUR":28.533339,"SWE":95.20671,"CHE":97.94176,"TZA":15.213497,"THA":21.907251,"TGO":7.2795053,"TON":40.65113,"TTO":36.948917,"TUN":61.807495,"TUR":55.423893,"TUV":44.182518,"UGA":15.975713,"UKR":90.3692,"ARE":98.44524,"GBR":97.551,"USA":96.93648,"UZB":73.88864,"VEN":24.157276,"VNM":37.6021,"YEM":36.22399,"ZWE":29.094664}