{"AFG":17.03628,"ALB":30.263243,"DZA":62.258324,"ASM":42.499763,"AND":75.50464,"ARG":49.537785,"ARM":12.544127,"AUS":94.666725,"AUT":99.984116,"AZE":51.507946,"BHR":89.3991,"BGD":20.82363,"BLR":78.628654,"BEL":80.4149,"BEN":10.474158,"BTN":45.804058,"BIH":33.559464,"BRA":40.539776,"BGR":61.61474,"BFA":13.925851,"KHM":24.957888,"CAN":77.777245,"CAF":16.784575,"TCD":9.254989,"CHL":83.65285,"CHN":36.950737,"COL":17.170586,"COM":37.03313,"CRI":22.563383,"CIV":19.618696,"HRV":76.830826,"CUB":39.502888,"CYP":76.38594,"CZE":89.737915,"COD":17.051565,"DNK":96.02407,"DJI":31.425049,"DOM":48.082375,"ECU":46.395596,"EGY":30.20133,"SLV":41.62938,"EST":90.66324,"SWZ":51.30763,"ETH":4.7576776,"FJI":46.819912,"FIN":88.195175,"FRA":88.69112,"GUF":71.78117,"GMB":34.598873,"GEO":22.305252,"DEU":96.43362,"GHA":10.263929,"GRC":84.7528,"GGY":87.5,"GNB":11.735105,"GUY":50.306557,"HKG":75.60377,"HUN":73.01768,"IND":33.085724,"IRQ":37.035828,"IRL":70.32796,"IMN":84.82143,"ISR":87.95135,"ITA":78.81215,"JAM":60.129257,"JPN":98.036674,"JEY":95,"JOR":75.90237,"KEN":27.341646,"KIR":20.93958,"KWT":100,"KGZ":89.46502,"LAO":45.889194,"LVA":84.17877,"LBN":22.30427,"LSO":28.639437,"LBY":23.907633,"LIE":96.16947,"LTU":87.829544,"LUX":92.57277,"MAC":53.85822,"MDG":7.666432,"MWI":23.100082,"MYS":79.200775,"MLI":13.610658,"MLT":58.956184,"MEX":36.594517,"MCO":100,"MNG":53.832703,"MNE":36.20808,"MAR":10.3848095,"MOZ":19.237255,"MMR":61.0188,"NRU":42.048798,"NPL":26.538935,"NLD":97.469604,"NZL":86.92726,"NER":6.361176,"NGA":24.946928,"MKD":12.696513,"NOR":77.20469,"PSE":35.98674,"PNG":12.99445,"PRY":53.215694,"PER":30.813686,"PHL":53.545082,"POL":93.71514,"PRT":72.05999,"PRI":32.514126,"QAT":90.21389,"REU":73.40613,"ROU":61.540752,"RUS":55.652954,"WSM":42.17244,"SMR":90.1925,"STP":24.455406,"SEN":19.409061,"SRB":27.990873,"SLE":8.798736,"SGP":100,"SVK":83.02141,"SVN":66.00301,"SOM":11.044714,"ZAF":53.835136,"KOR":93.45104,"ESP":91.20932,"SUR":28.203266,"SWE":95.21561,"CHE":98.09025,"TZA":16.317778,"THA":22.22799,"TGO":7.7078433,"TON":39.86209,"TTO":37.0054,"TUN":63.38222,"TUR":56.92239,"TUV":43.726543,"UGA":16.302395,"UKR":90.670395,"ARE":98.44552,"GBR":97.58156,"USA":96.93499,"UZB":73.8972,"VEN":24.282864,"VNM":38.158024,"YEM":36.352024,"ZWE":28.433071}