{"AFG":17.648823,"ALB":30.917559,"DZA":62.311268,"ASM":42.465866,"AND":80.516,"ARG":49.36385,"ARM":12.290999,"AUS":94.75187,"AUT":99.982315,"AZE":52.751408,"BHR":89.70398,"BGD":21.744228,"BLR":77.85617,"BEL":81.75462,"BEN":10.885179,"BTN":46.1237,"BIH":36.574158,"BRA":42.01544,"BGR":62.629253,"BFA":14.730559,"KHM":26.997849,"CAN":78.08814,"CAF":16.417482,"TCD":9.367332,"CHL":85.348816,"CHN":39.938984,"COL":17.292118,"COM":38.085106,"CRI":22.550194,"CIV":20.186384,"HRV":76.482735,"CUB":39.83401,"CYP":76.444275,"CZE":89.85662,"COD":16.590126,"DNK":96.32738,"DJI":32.437244,"DOM":47.680134,"ECU":46.61824,"EGY":30.590292,"SLV":41.1708,"EST":90.56993,"SWZ":52.033497,"ETH":5.0048823,"FJI":47.160946,"FIN":88.343,"FRA":88.79473,"GUF":72.15208,"GMB":34.02319,"GEO":21.813251,"DEU":96.46229,"GHA":10.927632,"GRC":85.36851,"GGY":87.5,"GNB":12.747879,"GUY":49.702675,"HKG":75.49337,"HUN":75.05694,"IND":35.409027,"IRQ":38.12637,"IRL":71.69677,"IMN":84.82143,"ISR":88.646255,"ITA":78.755806,"JAM":61.141556,"JPN":98.17664,"JEY":95,"JOR":76.54002,"KEN":27.963957,"KIR":21.357862,"KWT":100,"KGZ":89.823746,"LAO":47.971817,"LVA":84.846214,"LBN":22.798946,"LSO":29.967564,"LBY":23.57429,"LIE":96.16947,"LTU":88.592545,"LUX":92.599014,"MAC":55.865723,"MDG":8.085975,"MWI":25.246916,"MYS":79.67903,"MLI":14.156402,"MLT":64.613785,"MEX":38.81522,"MCO":100,"MNG":55.014877,"MNE":37.464073,"MAR":10.261,"MOZ":20.272991,"MMR":61.000587,"NRU":41.418312,"NPL":28.42842,"NLD":97.472786,"NZL":87.522545,"NER":6.5910187,"NGA":25.46787,"MKD":12.648645,"NOR":77.25716,"PSE":36.75836,"PNG":13.280373,"PRY":53.698555,"PER":32.62078,"PHL":54.384365,"POL":94.434654,"PRT":74.603645,"PRI":32.51191,"QAT":91.102104,"REU":73.70727,"ROU":63.67346,"RUS":55.71804,"WSM":41.548508,"SMR":90.1925,"STP":25.475433,"SEN":20.14498,"SRB":27.74007,"SLE":9.2797365,"SGP":100,"SVK":82.89296,"SVN":68.595345,"SOM":11.390815,"ZAF":54.378986,"KOR":94.04724,"ESP":90.982025,"SUR":27.868961,"SWE":95.22806,"CHE":98.23874,"TZA":17.291798,"THA":22.547733,"TGO":8.146687,"TON":39.08443,"TTO":37.06377,"TUN":64.97878,"TUR":58.463425,"TUV":43.28421,"UGA":16.62775,"UKR":90.97163,"ARE":98.44581,"GBR":97.612045,"USA":96.93422,"UZB":73.96093,"VEN":24.440483,"VNM":38.706627,"YEM":36.483612,"ZWE":27.80473}