{"AFG":18.25823,"ALB":34.32841,"DZA":62.353973,"ASM":42.43197,"AND":85.53816,"ARG":49.17492,"ARM":12.03106,"AUS":94.837006,"AUT":99.98045,"AZE":54.010784,"BHR":90.00873,"BGD":22.669027,"BLR":77.06854,"BEL":83.10349,"BEN":11.303021,"BTN":46.425156,"BIH":39.64029,"BRA":43.550426,"BGR":63.666233,"BFA":15.543961,"KHM":29.042898,"CAN":78.39887,"CAF":16.054544,"TCD":9.48815,"CHL":87.05384,"CHN":43.018974,"COL":17.412857,"COM":39.121624,"CRI":22.841728,"CIV":20.757118,"HRV":76.139496,"CUB":40.192135,"CYP":76.509674,"CZE":89.985054,"COD":16.13391,"DNK":96.62853,"DJI":33.44885,"DOM":47.27968,"ECU":46.838837,"EGY":30.98121,"SLV":40.717865,"EST":90.50191,"SWZ":52.76213,"ETH":5.2503877,"FJI":47.49199,"FIN":88.49085,"FRA":88.89775,"GUF":72.52299,"GMB":33.44626,"GEO":21.312326,"DEU":96.49096,"GHA":11.59134,"GRC":85.98163,"GGY":87.5,"GNB":13.772574,"GUY":49.097713,"HKG":75.382965,"HUN":77.13282,"IND":37.75092,"IRQ":39.478767,"IRL":73.05234,"IMN":84.82143,"ISR":89.343475,"ITA":78.70018,"JAM":62.157948,"JPN":98.3119,"JEY":95,"JOR":77.12356,"KEN":28.584572,"KIR":21.7607,"KWT":100,"KGZ":90.18093,"LAO":50.038548,"LVA":85.51351,"LBN":23.293623,"LSO":31.283062,"LBY":23.240946,"LIE":96.16947,"LTU":89.35774,"LUX":92.91118,"MAC":57.873222,"MDG":8.506291,"MWI":27.385468,"MYS":80.1586,"MLI":14.693396,"MLT":70.27649,"MEX":41.064384,"MCO":100,"MNG":56.20539,"MNE":38.70636,"MAR":10.1328125,"MOZ":21.322514,"MMR":60.979427,"NRU":40.778893,"NPL":30.348316,"NLD":97.475945,"NZL":87.576744,"NER":6.8192782,"NGA":26.002848,"MKD":12.5976305,"NOR":77.31017,"PSE":37.534218,"PNG":13.565955,"PRY":54.175297,"PER":34.45598,"PHL":55.22867,"POL":95.158745,"PRT":77.20733,"PRI":32.509693,"QAT":91.99032,"REU":74.00841,"ROU":65.86343,"RUS":55.787453,"WSM":40.922237,"SMR":90.1925,"STP":26.494787,"SAU":84.507324,"SEN":20.895948,"SRB":27.48511,"SLE":9.773707,"SGP":100,"SVK":82.763855,"SVN":71.24056,"SOM":11.737942,"ZAF":54.915012,"KOR":94.64499,"ESP":90.752525,"SUR":27.530413,"SWE":95.24006,"CHE":98.39354,"TZA":18.171711,"THA":22.871964,"TGO":8.59462,"TON":38.316154,"TTO":37.124325,"TUN":66.596695,"TUR":60.047325,"TUV":42.856236,"UGA":16.951515,"UKR":91.23621,"ARE":98.446106,"GBR":97.63758,"USA":96.934166,"UZB":74.02532,"VEN":24.598103,"VNM":39.247604,"YEM":36.619232,"ZWE":27.20839}