{"AFG":18.864578,"ALB":37.749123,"DZA":62.386982,"ASM":42.398067,"AND":90.57114,"ARG":48.974678,"ARM":11.764113,"AUS":94.92215,"AUT":99.978584,"AZE":55.28661,"BHR":90.31337,"BGD":23.9126,"BLR":76.26857,"BEL":84.461525,"BEN":11.728395,"BTN":46.70865,"BIH":42.7721,"BRA":45.14664,"BGR":64.825096,"BFA":16.365692,"KHM":31.093067,"CAN":78.70944,"CAF":15.695233,"TCD":9.6179495,"CHL":88.7679,"CHN":46.18993,"COL":17.532822,"COM":40.142033,"CRI":23.14071,"CIV":21.330801,"HRV":75.801315,"CUB":40.571236,"CYP":76.58106,"CZE":90.10374,"COD":15.682845,"DNK":96.927574,"DJI":34.459454,"DOM":46.88074,"ECU":47.05745,"EGY":31.373837,"SLV":40.26993,"EST":90.435936,"SWZ":53.493515,"ETH":5.4970007,"FJI":47.81284,"FIN":88.63871,"FRA":89.000175,"GUF":72.89389,"GMB":32.866913,"GEO":20.801807,"DEU":96.51964,"GHA":12.25458,"GRC":86.59219,"GRL":0,"GGY":87.5,"GNB":14.809463,"GUY":48.48957,"HKG":77.671684,"HUN":79.24868,"IND":40.10707,"IRQ":40.908085,"IRL":74.42508,"IMN":84.82143,"ISR":90.043015,"ITA":78.644516,"JAM":63.178406,"JPN":98.44242,"JEY":95,"JOR":77.6588,"KEN":29.203436,"KIR":22.148035,"KWT":100,"KGZ":90.53655,"LAO":52.08969,"LVA":86.18051,"LBN":23.7883,"LSO":32.585938,"LBY":22.907602,"LIE":96.18261,"LTU":90.13119,"LUX":93.22292,"MAC":59.880726,"MDG":8.927479,"MWI":29.515274,"MYS":80.63957,"MLI":15.221474,"MLT":75.944305,"MEX":43.341774,"MCO":100,"MNG":57.403934,"MNE":39.934914,"MAR":10.000032,"MOZ":22.38072,"MMR":60.955254,"NRU":40.13054,"NPL":32.29838,"NLD":97.47907,"NZL":87.62798,"NER":7.0642495,"NGA":26.551952,"MKD":12.543282,"NOR":77.363754,"PSE":41.61251,"PNG":13.851109,"PRY":54.64555,"PER":36.3192,"PHL":56.077988,"POL":95.88734,"PRT":79.86979,"PRI":32.50916,"QAT":92.878525,"REU":74.309555,"ROU":68.12593,"RUS":55.862255,"WSM":41.42254,"SMR":90.1925,"STP":27.513617,"SAU":84.542366,"SEN":21.661798,"SRB":27.224478,"SLE":10.280807,"SGP":100,"SVK":82.63408,"SVN":73.93911,"SOM":12.179024,"ZAF":55.443344,"KOR":95.24429,"ESP":90.52048,"SUR":27.185194,"SWE":95.25171,"CHE":98.57081,"TZA":19.058144,"THA":23.200794,"TGO":9.051432,"TON":37.551914,"TTO":37.18736,"TUN":68.23677,"TUR":61.67382,"TUV":42.444626,"UGA":17.27269,"UKR":91.429756,"ARE":98.4464,"GBR":97.65695,"USA":96.93486,"UZB":74.090385,"VEN":24.755722,"VNM":39.780807,"YEM":36.758038,"ZWE":26.638832}