{"AFG":19.46793,"ALB":41.179394,"DZA":62.410316,"ASM":42.36417,"AND":95.61491,"ARG":48.762947,"ARM":11.489673,"AUS":95.007286,"AUT":99.97671,"AZE":56.57932,"BHR":90.61788,"BGD":25.18278,"BLR":75.43681,"BEL":85.828705,"BEN":12.16096,"BTN":46.974415,"BIH":46.05055,"BRA":46.805355,"BGR":66.05741,"BFA":17.195002,"KHM":33.14784,"CAN":79.019844,"CAF":15.339471,"TCD":9.757477,"CHL":90.49099,"CHN":49.44812,"COL":17.651909,"COM":41.145966,"CRI":23.4454,"CIV":21.908634,"HRV":75.64056,"CUB":40.969387,"CYP":76.65914,"CZE":90.22568,"COD":15.236829,"DNK":97.22447,"DJI":35.46978,"DOM":46.48314,"ECU":47.273914,"EGY":31.768297,"SLV":39.827213,"EST":90.426414,"SWZ":54.22739,"ETH":5.744704,"FJI":48.123547,"FIN":88.786575,"FRA":89.10202,"GUF":73.26479,"GMB":32.28393,"GEO":20.741966,"DEU":96.54831,"GHA":12.916886,"GRC":87.200485,"GRL":0,"GGY":87.5,"GNB":15.858705,"GUY":47.878506,"HKG":79.9578,"HUN":81.40423,"IND":42.47693,"IRQ":42.415714,"IRL":75.81496,"IMN":84.82143,"ISR":90.744865,"ITA":78.588844,"JAM":64.203156,"JPN":98.5682,"JEY":95,"JOR":77.92415,"KEN":29.820335,"KIR":22.519545,"KWT":100,"KGZ":90.89073,"LAO":54.12501,"LVA":87.026276,"LBN":24.282976,"LSO":33.87618,"LBY":22.574259,"LIE":96.19575,"LTU":90.90495,"LUX":93.53423,"MAC":61.888226,"MDG":9.349451,"MWI":31.636007,"MYS":81.12193,"MLI":15.740693,"MLT":81.61723,"MEX":45.646954,"MCO":100,"MNG":58.611023,"MNE":41.149715,"MAR":9.8628235,"MOZ":23.447554,"MMR":60.9273,"NRU":39.47325,"NPL":34.278458,"NLD":97.4822,"NZL":87.67627,"NER":7.310686,"NGA":27.11528,"MKD":12.485588,"NOR":77.41789,"PSE":45.74573,"PNG":14.135742,"PRY":55.108707,"PER":38.21039,"PHL":56.93222,"POL":96.61354,"PRT":82.58945,"PRI":32.50916,"QAT":93.777725,"REU":74.610695,"ROU":70.46804,"RUS":55.942905,"WSM":41.85855,"SMR":90.1925,"STP":28.531725,"SAU":84.47755,"SEN":22.442299,"SRB":26.958223,"SLE":10.800905,"SGP":100,"SVK":82.701485,"SVN":76.69145,"SOM":12.586507,"ZAF":57.32825,"KOR":95.84514,"ESP":90.28565,"SUR":26.833214,"SWE":95.26302,"CHE":98.748116,"TZA":19.951971,"THA":23.534214,"TGO":9.51676,"TON":36.791473,"TTO":37.253033,"TUN":69.900696,"TUR":63.342846,"TUV":42.04896,"UGA":17.592344,"UKR":91.54349,"ARE":98.44671,"GBR":97.67617,"USA":96.93632,"UZB":74.15611,"VEN":24.913343,"VNM":40.30598,"YEM":36.90051,"ZWE":26.093794}