{"AFG":20.06837,"ALB":44.618114,"DZA":62.42451,"ASM":42.330273,"AND":99.96364,"ARG":48.539658,"ARM":11.2078085,"AUS":95.09243,"AUT":99.974815,"AZE":57.88934,"BHR":90.92043,"BGD":26.47889,"BLR":74.581184,"BEL":87.20505,"BEN":12.600608,"BTN":47.222725,"BIH":49.451168,"BRA":47.73672,"BGR":67.31286,"BFA":18.031328,"KHM":35.206875,"CAN":79.33007,"CAF":14.987157,"TCD":9.907292,"CHL":92.22469,"CHN":52.79106,"COL":17.77013,"COM":42.132893,"CRI":23.754286,"CIV":22.49015,"HRV":75.48294,"CUB":41.387505,"CYP":76.74344,"CZE":90.34771,"COD":14.795761,"DNK":97.51924,"DJI":36.479195,"DOM":46.08681,"ECU":47.48839,"EGY":34.092014,"SLV":39.393623,"EST":90.41915,"SWZ":54.962532,"ETH":5.9937296,"FJI":48.4243,"FIN":88.93444,"FRA":89.20327,"GUF":73.635704,"GMB":31.696053,"GEO":26.489069,"DEU":96.57797,"GHA":13.577803,"GRC":87.80653,"GRL":0,"GGY":87.5,"GNB":16.920336,"GUY":47.264484,"HKG":82.241325,"HUN":83.59978,"IND":44.85994,"IRQ":44.00359,"IRL":77.22216,"IMN":84.82143,"ISR":91.44902,"ITA":78.53312,"JAM":65.23195,"JPN":98.68923,"JEY":95,"JOR":78.180954,"KEN":30.515722,"KIR":22.874279,"KWT":100,"KGZ":91.24344,"LAO":56.286263,"LVA":87.8769,"LBN":24.777653,"LSO":35.153866,"LBY":22.240915,"LIE":96.208885,"LTU":91.68072,"LUX":93.84517,"MAC":63.89573,"MDG":9.772302,"MWI":33.747223,"MYS":81.60575,"MLI":16.25094,"MLT":87.29526,"MEX":47.979862,"MCO":100,"MNG":59.826355,"MNE":42.350685,"MAR":9.72096,"MOZ":24.560991,"MMR":60.895058,"NRU":38.80703,"NPL":36.28828,"NLD":97.48533,"NZL":87.721596,"NER":7.55871,"NGA":27.692759,"MKD":12.424193,"NOR":77.47258,"PSE":49.934708,"PNG":14.419773,"PRY":55.564716,"PER":40.129223,"PHL":57.51623,"POL":97.28587,"PRT":85.36487,"PRI":32.50916,"QAT":94.684235,"REU":74.911835,"ROU":72.89083,"RUS":56.030334,"WSM":42.230537,"SMR":90.1925,"STP":29.549078,"SAU":84.41275,"SEN":23.237185,"SRB":26.68616,"SLE":11.431179,"SGP":100,"SVK":82.77255,"SVN":79.49804,"SOM":12.993875,"ZAF":59.253983,"KOR":96.44754,"ESP":90.048645,"SUR":26.474669,"SWE":95.273895,"CHE":98.925446,"TZA":20.853802,"THA":23.87241,"TGO":9.990478,"TON":36.034946,"TTO":37.321926,"TUN":71.58807,"TUR":65.05425,"TCA":34.113716,"TUV":41.6688,"UGA":17.9103,"UKR":91.65682,"ARE":98.44702,"GBR":97.69532,"USA":96.93853,"UZB":74.2225,"VEN":25.070963,"VNM":40.822895,"YEM":37.617306,"ZWE":25.571407}