{"AFG":20.665915,"ALB":48.06461,"DZA":62.4296,"ASM":42.296375,"AND":100,"ARM":10.918307,"AUS":95.17757,"AUT":99.87912,"AZE":59.21711,"BHR":91.22271,"BGD":27.800186,"BLR":74.6116,"BEL":88.590546,"BEN":13.047225,"BTN":47.453884,"BIH":52.975758,"BRA":48.68856,"BGR":68.59132,"BFA":18.873615,"KHM":37.26972,"CAN":79.64011,"CAF":14.637591,"TCD":10.067973,"CHL":93.9694,"CHN":56.212887,"COL":17.88764,"COM":43.102276,"CRI":24.06621,"CIV":23.07531,"HRV":75.32837,"CUB":41.823616,"CYP":76.83378,"CZE":90.47127,"COD":14.359511,"DNK":97.8119,"DJI":37.487957,"DOM":45.691814,"ECU":48.260464,"EGY":36.539043,"SLV":38.96967,"EST":90.41557,"SWZ":55.69866,"ETH":6.243933,"FJI":48.71531,"FIN":89.0823,"FRA":89.30394,"GUF":74.00661,"GMB":31.101938,"GEO":32.45465,"DEU":96.60855,"GHA":14.236866,"GRC":88.44213,"GRL":0,"GGY":87.5,"GNB":17.994516,"GUY":46.647476,"HKG":84.522255,"HUN":85.83487,"IND":47.23967,"IRQ":45.67311,"IRL":78.64803,"IMN":84.82143,"ISR":92.155525,"ITA":78.47737,"JAM":66.265,"JPN":98.8055,"JEY":95,"JOR":78.448906,"KEN":31.212767,"KIR":23.212038,"KWT":100,"KGZ":91.54639,"LAO":58.36663,"LVA":88.73227,"LBN":25.27233,"LSO":36.440784,"LBY":22.179165,"LIE":96.22202,"LTU":92.45804,"LUX":94.1557,"MAC":65.90323,"MDG":10.196006,"MWI":35.84853,"MYS":82.09099,"MLI":16.7521,"MLT":92.9784,"MEX":50.340057,"MCO":100,"MNG":61.049606,"MNE":43.53784,"MAR":9.574616,"MOZ":25.686958,"MMR":60.85805,"NRU":38.131878,"NPL":38.32767,"NLD":97.48845,"NZL":87.76397,"NER":7.809058,"NGA":28.284525,"MKD":12.359,"NOR":77.52783,"PSE":54.18065,"PNG":14.7031145,"PRY":56.013817,"PER":42.07564,"PHL":58.101543,"POL":97.68513,"PRT":88.19464,"PRI":32.50916,"QAT":95.590744,"REU":75.212975,"ROU":75.39412,"RUS":56.125336,"WSM":42.601093,"SMR":90.1925,"STP":30.565674,"SAU":84.347824,"SEN":24.046148,"SRB":26.407022,"SLE":12.063293,"SGP":100,"SVK":82.8473,"SVN":81.4642,"SOM":13.405489,"ZAF":61.221104,"KOR":97.05149,"ESP":89.80402,"SUR":26.109612,"SWE":95.284424,"CHE":99.10158,"TZA":21.764671,"THA":24.21509,"TGO":10.472114,"TON":35.28234,"TTO":37.394207,"TUN":72.81386,"TUR":66.808044,"TCA":34.082077,"TUV":41.303673,"UGA":18.226534,"UKR":91.769745,"ARE":98.44734,"GBR":97.71425,"USA":96.94154,"UZB":74.289566,"VEN":25.228582,"VNM":41.331413,"YEM":38.328426,"ZWE":25.069813}