{"AFG":21.260653,"ALB":51.518284,"DZA":62.426083,"ASM":42.262474,"AND":100,"ARM":10.773384,"AUS":95.26271,"AUT":99.67489,"AZE":60.56308,"BHR":91.52487,"BGD":29.145962,"BLR":74.64891,"BEL":89.98519,"BEN":13.500699,"BTN":47.668194,"BIH":56.62666,"BRA":49.66072,"BGR":69.5913,"BFA":19.721508,"KHM":39.3367,"CAN":79.95856,"CAF":14.290697,"TCD":10.240355,"CHL":94.41989,"CHN":59.700947,"COL":18.004457,"COM":44.05363,"CRI":24.379639,"CIV":23.663927,"HRV":75.17558,"CUB":42.278362,"CYP":76.92969,"CZE":90.596375,"COD":13.927993,"DNK":98.10244,"DJI":38.496094,"DOM":45.2989,"ECU":48.807755,"EGY":39.171116,"SLV":38.554028,"EST":90.416275,"SWZ":56.435196,"ETH":6.495812,"FJI":48.996532,"FIN":89.230156,"FRA":89.404015,"GUF":74.37751,"GMB":30.500277,"GEO":38.641617,"DEU":96.64012,"GHA":14.893644,"GRC":89.084885,"GRL":0,"GGY":87.5,"GNB":19.081532,"GUY":46.02801,"HKG":86.80059,"HUN":87.89675,"IND":49.580654,"IRQ":47.28659,"IRL":79.990746,"IMN":84.82143,"ISR":92.86436,"ITA":78.42168,"JAM":67.30206,"JPN":98.91256,"JEY":95,"JOR":78.711914,"KEN":31.90627,"KIR":23.53292,"KWT":100,"KGZ":91.84845,"LAO":60.436344,"LVA":89.59226,"LBN":25.767006,"LSO":37.602936,"LBY":22.117414,"LIE":96.23516,"LTU":93.23637,"LUX":94.46591,"MAC":67.91073,"MDG":10.620595,"MWI":37.93948,"MYS":82.71592,"MLI":17.244337,"MLT":98.66664,"MEX":52.7274,"MCO":100,"MNG":62.285408,"MNE":44.708237,"MAR":9.423773,"MOZ":26.825731,"MMR":60.815723,"NRU":37.447796,"NPL":40.396366,"NLD":97.49159,"NZL":87.8034,"NER":8.061892,"NGA":28.890503,"MKD":12.205736,"NOR":77.58364,"PSE":58.483692,"PNG":14.985865,"PRY":56.45448,"PER":44.050377,"PHL":58.687366,"POL":97.83396,"PRT":90.868385,"PRI":32.50916,"QAT":96.49725,"REU":75.514114,"ROU":77.979126,"RUS":56.228462,"WSM":42.950417,"SMR":90.1925,"STP":31.581532,"SAU":84.28292,"SEN":24.868904,"SRB":26.12055,"SLE":12.689868,"SGP":100,"SVK":82.91854,"SVN":82.44312,"SOM":13.821148,"ZAF":63.230244,"KOR":97.65699,"ESP":89.55597,"SUR":25.737963,"SWE":95.29446,"CHE":99.27632,"TZA":22.685347,"THA":24.562206,"TGO":10.961258,"TON":34.531788,"TTO":37.47017,"TUN":74.029755,"TUR":68.60403,"TCA":34.052437,"TUV":40.95279,"UGA":18.540882,"UKR":91.88248,"ARE":98.44766,"GBR":97.73303,"USA":96.945335,"UZB":74.35136,"VEN":25.386202,"VNM":41.8314,"YEM":39.033283,"ZWE":24.587091}