{"AFG":21.852705,"ALB":54.813274,"DZA":62.414135,"ASM":42.228577,"AND":100,"ARM":10.764681,"AUS":95.34802,"AUT":99.472824,"AZE":61.927708,"BHR":91.82691,"BGD":30.515488,"BLR":74.70919,"BEL":91.389,"BEN":13.9609165,"BTN":47.86595,"BRA":50.65362,"BGR":70.597404,"BFA":20.57461,"KHM":41.40718,"CAN":80.27682,"CAF":13.946192,"TCD":10.42481,"CHL":94.4703,"CHN":63.249836,"COL":18.120611,"COM":44.986496,"CRI":24.693386,"CIV":24.255684,"HRV":75.02535,"CUB":42.752556,"CYP":76.92147,"CZE":90.723045,"COD":13.50106,"DNK":98.39086,"DJI":39.50364,"DOM":44.90778,"ECU":48.927963,"EGY":41.92709,"SLV":38.105118,"EST":90.42121,"SWZ":57.171677,"ETH":6.749489,"FJI":49.268486,"FIN":89.37802,"FRA":89.5035,"GUF":74.74842,"GMB":29.889767,"GEO":45.053623,"DEU":96.67261,"GHA":15.547711,"GRC":89.7249,"GRL":0,"GGY":87.5,"GNB":20.181416,"GUY":45.405785,"HKG":89.07633,"HUN":88.53782,"IND":51.922314,"IRQ":48.631054,"IRL":80.18858,"IMN":84.82143,"ISR":93.5755,"ITA":78.36602,"JAM":68.34337,"JPN":98.96768,"JEY":95,"JOR":78.966545,"KEN":32.59701,"KIR":23.83694,"KWT":100,"KGZ":92.148476,"LAO":62.495525,"LVA":90.45678,"LBN":26.19341,"LSO":38.686577,"LBY":22.055666,"LIE":96.24831,"LTU":94.01529,"LUX":94.775856,"MAC":69.918236,"MDG":11.045977,"MWI":40.019665,"MYS":83.40901,"MLI":17.727451,"MLT":99.99053,"MEX":55.141655,"MCO":100,"MNG":63.5336,"MNE":45.596462,"MAR":9.322223,"MOZ":27.978203,"MMR":60.767666,"NRU":36.754776,"NPL":42.49421,"NLD":97.49473,"NZL":87.96473,"NER":8.318036,"NGA":29.510626,"MKD":12.192334,"NOR":77.64001,"PSE":62.845474,"PNG":15.267764,"PRY":56.898838,"PER":46.05333,"PHL":59.273052,"POL":97.828964,"PRT":91.407135,"PRI":32.50916,"QAT":97.40377,"REU":75.815254,"ROU":80.645874,"RUS":56.534958,"WSM":43.25143,"SMR":90.1925,"STP":32.596706,"SAU":84.21772,"SEN":25.70512,"SRB":25.798073,"SLE":13.335309,"SGP":100,"SVK":82.99348,"SVN":83.42654,"SOM":14.240454,"ZAF":65.282,"KOR":98.26404,"ESP":89.305626,"SUR":25.36006,"SWE":95.30401,"CHE":99.451126,"TZA":23.61645,"THA":24.913555,"TGO":11.457491,"TON":33.783382,"TTO":37.550114,"TUN":75.23609,"TUR":70.44218,"TCA":34.024807,"TUV":40.615685,"UGA":18.853529,"UKR":91.99495,"ARE":98.44798,"GBR":97.75174,"USA":96.94995,"UZB":74.407814,"VEN":25.543823,"VNM":42.322727,"YEM":39.732155,"ZWE":24.121979}