{"AFG":22.442198,"ALB":58.03697,"DZA":62.39411,"ASM":42.447807,"AND":99.99999,"ARM":10.748994,"AUS":95.433136,"AUT":99.27315,"AZE":63.3114,"BHR":92.12884,"BGD":31.908009,"BLR":74.50086,"BEL":92.801956,"BEN":14.427758,"BTN":48.047604,"BRA":51.49937,"BGR":71.60964,"BFA":21.432074,"KHM":43.480724,"CAN":80.5949,"CAF":13.6038065,"TCD":10.622491,"CHL":94.49813,"CHN":64.60968,"COL":18.235989,"COM":45.900337,"CRI":25.006062,"CIV":24.850397,"HRV":74.87783,"CUB":43.246674,"CYP":76.91913,"CZE":90.85117,"COD":13.078584,"DNK":98.60233,"DJI":39.538654,"DOM":44.51818,"ECU":49.035038,"EGY":44.808548,"SLV":37.66399,"EST":90.43802,"SWZ":57.90763,"ETH":7.0049562,"FJI":49.23889,"FIN":89.52588,"FRA":89.6024,"GUF":75.11932,"GMB":29.269127,"GEO":51.69417,"DEU":96.706024,"GHA":16.19866,"GRC":90.36247,"GRL":0,"GGY":87.5,"GNB":21.294329,"GUY":44.781033,"HKG":91.34948,"HUN":89.176704,"IND":54.167923,"IRQ":49.921623,"IRL":80.390526,"IMN":84.82143,"ISR":94.289,"ITA":78.310425,"JAM":69.3889,"JPN":99.02112,"JEY":95,"JOR":79.212715,"KEN":33.287056,"KIR":24.124067,"KWT":100,"KGZ":92.39614,"LAO":64.544174,"LVA":91.32569,"LBN":25.97333,"LSO":39.747166,"LBY":21.993916,"LIE":96.261444,"LTU":94.774414,"LUX":95.08551,"MAC":71.925735,"MDG":11.47231,"MWI":42.088585,"MYS":84.07388,"MLI":18.201832,"MLT":99.99526,"MEX":57.582607,"MCO":100,"MNG":64.794,"MNE":46.459652,"MAR":9.223228,"MOZ":29.144056,"MMR":60.713413,"NRU":36.052826,"NPL":44.620914,"NLD":97.49751,"NZL":88.61715,"NER":8.578048,"NGA":30.144876,"MKD":12.204914,"NOR":77.69695,"PSE":67.25498,"PNG":15.5487385,"PRY":57.317665,"PER":48.084644,"PHL":59.857895,"POL":97.82956,"PRT":91.88166,"PRI":32.50916,"QAT":98.31028,"REU":76.116394,"ROU":83.14143,"RUS":56.85554,"WSM":43.50533,"SMR":90.1925,"STP":33.61128,"SAU":84.15255,"SEN":26.554482,"SRB":25.452957,"SLE":13.999874,"SGP":100,"SVK":83.072136,"SVN":83.737885,"SOM":14.66319,"ZAF":67.37704,"KOR":98.872635,"ESP":89.05301,"SUR":25.180603,"SWE":95.31312,"CHE":99.62532,"TZA":24.559198,"THA":25.269222,"TGO":11.960384,"TON":33.036858,"TTO":37.634346,"TUN":76.43326,"TUR":72.31917,"TCA":33.998966,"TUV":40.291786,"UGA":19.16425,"UKR":92.08095,"ARE":98.44832,"GBR":97.770226,"USA":96.95538,"UZB":74.45844,"VEN":25.501558,"VNM":42.805264,"YEM":40.424473,"ZWE":23.879684}