{"AFG":23.029259,"ALB":60.9885,"DZA":62.36628,"ASM":42.690598,"AND":100,"ARM":10.76129,"AUS":95.518074,"AUT":99.07606,"AZE":64.69602,"BHR":92.43064,"BGD":33.322887,"BLR":74.21779,"BEL":94.22407,"BEN":14.900879,"BTN":48.213425,"BRA":52.362778,"BGR":72.62802,"BFA":22.293499,"KHM":45.55671,"CAN":80.912766,"CAF":13.263274,"TCD":10.833804,"CHL":95.144356,"CHN":65.93283,"COL":18.350748,"COM":46.794666,"CRI":25.316721,"CIV":25.44788,"HRV":74.73243,"CUB":43.761387,"CYP":76.92213,"CZE":90.981,"COD":13.058406,"DNK":98.68094,"DJI":39.57558,"DOM":44.12973,"ECU":49.128902,"EGY":47.81682,"SLV":37.230293,"EST":90.44414,"SWZ":58.642574,"ETH":7.262473,"FJI":49.016064,"FIN":89.67374,"FRA":89.700714,"GUF":75.49023,"GMB":28.633987,"GEO":58.64668,"DEU":96.740425,"GHA":16.846088,"GRC":90.99736,"GRL":0,"GGY":87.5,"GNB":22.42043,"GUY":44.153866,"HKG":93.62003,"HUN":89.81335,"IND":56.376873,"IRQ":50.163383,"IRL":80.596405,"IMN":84.82143,"ISR":95.00483,"ITA":78.25487,"JAM":70.43867,"JPN":99.07303,"JEY":95,"JOR":79.45143,"KEN":33.976234,"KIR":24.394382,"KWT":100,"KGZ":92.54651,"LAO":66.582375,"LVA":92.00698,"LBN":25.67268,"LSO":40.784615,"LBY":21.932165,"LIE":96.27458,"LTU":95.33327,"LUX":95.394936,"MAC":73.933235,"MDG":11.899433,"MWI":44.14582,"MYS":84.723404,"MLI":18.658388,"MLT":100,"MEX":60.0499,"MCO":100,"MNG":66.065865,"MNE":47.550827,"MAR":8.99393,"MOZ":30.323893,"MMR":60.65228,"NRU":35.34194,"NPL":46.776325,"NLD":97.49762,"NZL":88.67798,"NER":8.842331,"NGA":30.793135,"MKD":12.214296,"NOR":77.75445,"PSE":71.70076,"PNG":15.829056,"PRY":57.711143,"PER":50.144207,"PHL":60.441185,"POL":97.829735,"PRT":92.32521,"PRI":32.50916,"QAT":99.21679,"REU":76.41754,"ROU":85.4492,"RUS":57.180862,"WSM":43.69212,"SMR":90.1925,"STP":34.62538,"SAU":84.08709,"SEN":27.41661,"SRB":25.10082,"SLE":14.683831,"SGP":100,"SVK":83.15466,"SVN":83.92005,"SOM":15.089028,"ZAF":69.51582,"KOR":99.19595,"ESP":88.79812,"SUR":25.171324,"SWE":95.32176,"CHE":99.685394,"TZA":25.514065,"THA":25.62921,"TGO":12.469506,"TON":32.29256,"TTO":37.723164,"TUN":77.62225,"TUR":73.919,"TCA":33.974815,"TUV":39.980442,"UGA":19.473026,"UKR":92.160355,"ARE":98.448654,"GBR":97.78857,"USA":96.96165,"UZB":74.50297,"VEN":25.327644,"VNM":43.27901,"YEM":41.109688,"ZWE":23.631285}