{"AFG":23.614038,"ALB":63.931847,"DZA":62.410095,"ASM":42.933384,"AND":100,"ARM":10.766395,"AUS":95.60301,"AUT":98.88175,"AZE":65.787025,"BHR":92.73232,"BGD":34.759483,"BLR":74.32032,"BEL":94.897,"BEN":15.380386,"BTN":48.62485,"BRA":53.210896,"BGR":73.65242,"BFA":23.158092,"KHM":47.63465,"CAN":81.29977,"CAF":13.346911,"TCD":10.912195,"CHL":95.10814,"CHN":67.22024,"COL":18.464775,"COM":47.66896,"CRI":25.640514,"CIV":26.047947,"CUB":44.625435,"CYP":76.93077,"CZE":91.11219,"COD":13.035775,"DNK":98.756935,"DJI":39.61441,"DOM":43.742165,"ECU":49.191486,"EGY":50.953293,"SLV":36.80427,"EST":90.45506,"SWZ":59.375782,"ETH":7.5229607,"FJI":48.79404,"FIN":89.8216,"FRA":89.79845,"GUF":75.86114,"GMB":27.986057,"GEO":62.046677,"DEU":96.74777,"GHA":17.489613,"GRC":91.6296,"GRL":0,"GGY":87.5,"GNB":22.48154,"GUY":43.472794,"HKG":95.07764,"HUN":90.44761,"IND":58.579834,"IRQ":50.406555,"IRL":80.80646,"IMN":84.82143,"ISR":95.72299,"ITA":78.19935,"JAM":71.49264,"JPN":99.12343,"JEY":95,"JOR":79.68292,"KEN":34.66365,"KIR":24.625734,"KWT":100,"KGZ":92.70128,"LAO":68.315346,"LVA":92.26261,"LBN":25.67268,"LSO":41.798477,"LBY":21.870417,"LIE":96.28772,"LTU":95.8896,"LUX":95.70421,"MAC":75.940735,"MDG":12.327508,"MWI":46.190807,"MYS":85.36777,"MLI":19.10378,"MLT":100,"MEX":62.52496,"MCO":100,"MNG":67.349785,"MNE":48.648846,"MAR":8.765004,"MOZ":31.516752,"MMR":60.614754,"NRU":34.622124,"NPL":48.960075,"NLD":97.49773,"NZL":88.738815,"NER":9.109521,"NGA":31.45535,"MKD":12.181854,"NOR":77.81251,"PSE":72.65401,"PNG":16.108467,"PRY":57.98783,"PER":52.23202,"PHL":61.02219,"POL":97.82948,"PRT":92.81904,"PRI":32.50916,"QAT":99.93655,"REU":76.71868,"ROU":87.79911,"RUS":57.510803,"WSM":43.878605,"SMR":90.1925,"STP":34.648796,"SAU":84.02149,"SEN":28.29117,"SRB":24.763124,"SLE":15.387452,"SGP":100,"SVK":83.24109,"SVN":84.12907,"SOM":15.517691,"ZAF":71.69892,"KOR":99.27976,"ESP":88.540924,"SUR":25.159658,"SWE":95.33001,"CHE":99.685715,"TZA":26.482134,"THA":25.993362,"TGO":12.984377,"TON":31.73779,"TTO":37.81687,"TUN":78.80393,"TUR":75.54316,"TCA":33.952347,"TUV":39.681164,"UGA":19.771812,"UKR":92.239044,"ARE":98.449,"GBR":97.80669,"USA":96.96874,"UZB":74.541115,"VEN":26.016682,"VNM":43.833862,"YEM":41.788082,"ZWE":23.613214}