{"AFG":24.19669,"ALB":66.6001,"DZA":62.452633,"ASM":42.933384,"AND":100,"ARM":10.762042,"AUS":95.68796,"AUT":98.69043,"AZE":66.88944,"BHR":93.0339,"BGD":36.2005,"BLR":74.41603,"BEL":94.897,"BEN":15.866046,"BTN":49.05499,"BRA":54.074913,"BGR":74.682976,"BFA":24.02455,"KHM":49.713978,"CAN":81.29935,"CAF":13.434447,"TCD":10.996424,"CHL":95.078545,"CHN":68.412415,"COL":18.57824,"COM":48.522736,"CRI":25.96669,"CIV":26.650402,"CUB":45.497864,"CYP":76.94534,"CZE":91.24499,"COD":13.059945,"DNK":98.83032,"DJI":39.655384,"DOM":43.355244,"ECU":49.330814,"EGY":54.21972,"SLV":36.385284,"EST":90.50623,"SWZ":60.1072,"ETH":7.7858167,"FJI":48.572968,"FIN":89.96946,"FRA":89.89559,"GUF":76.23204,"GMB":28.038227,"GEO":62.55881,"DEU":96.756035,"GHA":18.128876,"GRC":92.25947,"GGY":87.5,"GNB":22.542797,"GUY":43.454884,"HKG":94.95601,"HUN":91.079506,"IND":60.776707,"IRQ":50.651253,"IRL":81.0208,"IMN":84.82143,"ISR":96.443504,"ITA":78.20348,"JAM":72.55106,"JPN":99.17231,"JEY":95,"JOR":79.90712,"KEN":35.24742,"KIR":24.637194,"KWT":100,"KGZ":92.86121,"LAO":69.909515,"LVA":92.518684,"LBN":25.67268,"LSO":42.78871,"LBY":21.808666,"LIE":96.30086,"LTU":96.38413,"LUX":96.01315,"MAC":77.94824,"MDG":12.756364,"MWI":46.172413,"MYS":85.577065,"MLI":19.540842,"MLT":100,"MEX":62.713284,"MCO":100,"MNG":68.644745,"MNE":49.7537,"MAR":8.537321,"MOZ":32.723236,"MMR":60.575134,"NRU":33.893375,"NPL":51.172085,"NLD":97.49782,"NZL":88.79965,"NER":9.21764,"NGA":32.13146,"MKD":12.14658,"NOR":77.871124,"PSE":73.35689,"PNG":16.386896,"PRY":58.398247,"PER":54.34825,"PHL":61.600166,"POL":97.82881,"PRT":93.37609,"PRI":32.50916,"QAT":99.93655,"REU":77.01982,"ROU":89.736336,"RUS":57.84578,"WSM":43.99761,"SMR":90.1925,"STP":34.67098,"SAU":83.95576,"SEN":29.177824,"SRB":24.418211,"SLE":16.10857,"SGP":100,"SVK":83.33142,"SVN":84.33659,"SOM":15.948894,"ZAF":73.17017,"KOR":99.34475,"ESP":88.28145,"SUR":25.145872,"SWE":95.34158,"CHE":99.686066,"TZA":27.46401,"THA":26.361675,"TGO":13.0045395,"TON":31.252108,"TTO":37.915768,"TUN":79.48646,"TUR":77.19166,"TCA":33.931255,"TUV":39.659645,"UGA":20.068233,"UKR":92.316925,"ARE":98.44934,"GBR":97.82465,"USA":96.97668,"UZB":74.572815,"VEN":26.016682,"VNM":44.39259,"YEM":42.458347,"ZWE":23.589252}