{"AFG":24.777378,"ALB":69.278336,"DZA":62.493797,"ASM":42.933384,"AND":100,"ARM":10.739237,"AUS":95.772896,"AUT":98.50232,"AZE":68.00334,"BHR":93.3526,"BGD":37.3205,"BLR":74.43711,"BEL":94.89701,"BEN":16.357626,"BTN":49.481087,"BRA":54.95604,"BGR":75.71938,"BFA":24.723467,"KHM":51.60162,"CAN":81.2989,"CAF":13.525882,"TCD":11.086767,"CHL":95.131355,"CHN":68.869965,"COL":18.691172,"COM":49.35548,"CRI":26.28619,"CIV":27.102755,"CUB":45.87689,"CYP":76.972046,"CZE":91.37929,"COD":13.084274,"DNK":98.9011,"DOM":42.96859,"ECU":49.287235,"EGY":57.33581,"SLV":35.973236,"EST":90.557014,"SWZ":60.83583,"ETH":8.051033,"FJI":48.50288,"FIN":90.11732,"FRA":89.99215,"GUF":76.23204,"GMB":28.089386,"GEO":62.971214,"DEU":96.76522,"GHA":18.76353,"GRC":92.88649,"GGY":87.5,"GNB":22.604342,"GUY":43.435184,"HKG":94.83437,"HUN":91.70885,"IND":62.78501,"IRQ":50.897503,"IRL":81.2616,"IMN":84.82143,"ISR":97.1695,"ITA":78.20766,"JAM":73.61395,"JPN":99.185715,"JEY":95,"JOR":80.07558,"KEN":35.826965,"KIR":24.648361,"KWT":100,"KGZ":93.02708,"LAO":71.38224,"LVA":92.534615,"LBN":25.67268,"LSO":43.754955,"LBY":21.746918,"LIE":96.30086,"LTU":96.39657,"LUX":96.32201,"MAC":79.95574,"MDG":12.801693,"MWI":46.152916,"MYS":85.78635,"MLI":20.009052,"MLT":100,"MEX":62.74836,"MCO":100,"MNG":69.94699,"MNE":50.865395,"MAR":8.424071,"MOZ":33.943306,"MMR":60.53354,"NRU":33.155693,"NPL":53.411945,"NLD":97.4979,"NZL":88.79965,"NER":9.146833,"NGA":32.20826,"MKD":12.108567,"NOR":77.93032,"PSE":73.511986,"PNG":16.664444,"PRY":58.52833,"PER":56.49241,"PHL":62.174362,"POL":97.827705,"PRT":93.9246,"PRI":32.50916,"QAT":99.93655,"REU":77.01982,"ROU":89.79863,"RUS":58.185658,"WSM":44.116734,"SMR":90.1925,"STP":34.692024,"SAU":83.8899,"SEN":30.07615,"SRB":24.065786,"SLE":16.845524,"SGP":100,"SVK":83.42543,"SVN":84.54263,"SOM":16.38234,"ZAF":73.78064,"KOR":99.32844,"ESP":88.28123,"SUR":25.129704,"SWE":95.35165,"CHE":99.68647,"TZA":28.460793,"THA":26.7188,"TGO":13.02488,"TON":31.246223,"TTO":38.02016,"TUN":79.785515,"TUR":78.86436,"TCA":33.91164,"TUV":39.70522,"UGA":20.36226,"UKR":92.39389,"ARE":98.4497,"GBR":97.842476,"USA":97.00947,"UZB":74.59759,"VEN":26.016682,"VNM":45.374405,"YEM":43.121174,"ZWE":23.559202}