{"AFG":70.865295,"ALA":390.96375,"ALB":3611.725,"DZA":3414.5942,"AND":1.1976976,"AGO":98319.375,"AIA":3.6589487,"ATG":22.602242,"ARG":145828.42,"ARM":105.58131,"ABW":0,"AUS":217718.22,"AUT":6874.49,"AZE":428.10535,"BHS":407.1994,"BGD":4480.936,"BRB":10.043504,"BLR":18110.234,"BEL":908.11597,"BLZ":8208.112,"BEN":3708.2498,"BTN":248.19473,"BOL":139050.14,"BES":2.5052042,"BIH":1414.0322,"BWA":87.736336,"BRA":2735788.8,"VGB":3.5078542,"BRN":1235.3265,"BGR":8033.5537,"BFA":55.40316,"BDI":1337.5018,"KHM":28147.992,"CMR":38250.75,"CAN":1348426.9,"CYM":19.375122,"CAF":29173.229,"TCD":867.93835,"CHL":72216.086,"CHN":223241.98,"COL":227670.73,"COM":36.3714,"COG":26081.26,"CRI":15402.325,"CIV":122643.92,"HRV":3323.8982,"CUB":18647.629,"CUW":0.30095863,"CYP":69.25257,"CZE":3392.3066,"COD":451632.3,"DNK":4106.83,"DMA":21.604185,"DOM":11201.511,"TLS":657.8056,"ECU":44360.977,"EGY":69.95936,"SLV":9444.901,"GNQ":3515.2815,"ERI":1.0416311,"EST":16828.16,"SWZ":6724.64,"ETH":11127.426,"FJI":1064.8441,"FIN":150860.2,"FRA":32725.094,"GUF":2850.518,"GAB":14296.928,"GMB":3.147651,"GEO":495.5035,"DEU":14647.465,"GHA":43599.156,"GRC":12383.237,"GRD":32.283844,"GLP":309.31747,"GTM":53139.242,"GIN":18499.234,"GNB":2352.511,"GUY":9703.911,"HTI":2397.208,"HND":42279.863,"HUN":7439.7993,"IND":54375.316,"IDN":741476.9,"IRN":220.32822,"IRQ":7.209839,"IRL":8887.627,"ISR":135.46297,"ITA":9222.797,"JAM":1239.2125,"JPN":22796.244,"JOR":0,"KAZ":3709.5576,"KEN":18757.51,"KGZ":441.88004,"LAO":36314.797,"LVA":24873.059,"LBN":284.8098,"LSO":0.40267092,"LBR":29077.475,"LBY":12.212621,"LIE":2.3701093,"LTU":7935.331,"LUX":64.544395,"MDG":86512.51,"MWI":2402.514,"MYS":332447.16,"MDV":3.8253286,"MLI":333.90045,"MLT":0.25048244,"MTQ":190.1341,"MRT":30.65922,"MUS":153.11292,"MYT":31.152525,"MEX":156043.8,"FSM":0,"MDA":125.14827,"MNG":20375.041,"MNE":816.19476,"MSR":6.341196,"MAR":1773.9998,"MOZ":60098.414,"MMR":44151.18,"NAM":373.53522,"NPL":1329.1747,"NLD":615.9835,"NCL":617.5006,"NZL":50017.508,"NIC":43941.23,"NER":0,"NGA":43177.074,"PRK":11675.066,"MKD":2002.0145,"NOR":21874.574,"PAK":154.63705,"PLW":48.678238,"PSE":1.0440571,"PAN":18136.201,"PNG":35241.035,"PRY":149743.75,"PER":84735.414,"PHL":34284.25,"POL":18641.326,"PRT":24361.623,"PRI":1243.7991,"REU":28.401278,"ROU":17117.016,"RUS":1802761.8,"RWA":1461.7935,"KNA":42.079464,"LCA":30.034163,"MAF":1.5378039,"VCT":6.4468684,"SMR":0,"STP":63.838448,"SEN":60.459583,"SRB":2180.9836,"SYC":0,"SLE":18570.479,"SGP":43.376987,"SXM":1.0985725,"SVK":3837.8938,"SVN":592.5745,"SLB":2165.8389,"SOM":278.3239,"ZAF":77134.555,"KOR":5393.1455,"SSD":4289.4644,"ESP":32320.947,"LKA":3693.369,"SDN":20.735708,"SUR":3564.1282,"SWE":144576.1,"CHE":1073.641,"SYR":227.04773,"TWN":1040.4528,"TJK":23.840275,"TZA":80927.19,"THA":35596.88,"TGO":2748.5298,"TTO":1808.0565,"TUN":216.36757,"TUR":22359.01,"TKM":30.039621,"TCA":7.655715,"UGA":29381.18,"UKR":28353.06,"GBR":21279.805,"USA":1933622.8,"VIR":120.242165,"URY":7292.571,"UZB":190.91922,"VUT":81.82779,"VEN":121820.64,"VNM":46739.875,"ZMB":29557.94,"ZWE":7954.6777}