{"AFG":152.58028,"ALA":277.16388,"ALB":853.75244,"DZA":2958.2446,"AND":0.7410376,"AGO":58947.684,"AIA":0.14632966,"ATG":17.067379,"ARG":103835.16,"ARM":136.13452,"ABW":0.5261077,"AUS":311124.72,"AUT":10807.697,"AZE":970.77686,"BHS":689.884,"BGD":3853.4077,"BRB":9.518216,"BLR":25149.344,"BEL":2278.3147,"BLZ":13421.531,"BEN":3452.4985,"BTN":192.90674,"BOL":177626.02,"BES":0.9027417,"BIH":610.49457,"BWA":17.793026,"BRA":3499865.5,"VGB":2.7040942,"BRN":1080.1018,"BGR":4547.625,"BFA":3.699353,"BDI":930.784,"KHM":54728.355,"CMR":28148.396,"CAN":2305882.2,"CYM":5.3801775,"CAF":32005.666,"TCD":1918.318,"CHL":77663.055,"CHN":242264.23,"COL":180920.55,"COM":39.998466,"COG":23683.016,"CRI":13222.598,"CIV":144477.11,"HRV":2280.63,"CUB":14847.932,"CUW":0.45158663,"CYP":25.662907,"CZE":6670.613,"COD":510300.2,"DNK":1169.0615,"DMA":11.800483,"DOM":10406.299,"TLS":1573.6483,"ECU":29522.914,"EGY":22.920452,"SLV":4636.207,"GNQ":2942.9714,"ERI":0,"EST":21887.477,"SWZ":3793.2495,"ETH":12386.039,"FJI":679.54736,"FIN":142300.55,"FRA":33129.715,"GUF":2391.2156,"GAB":13068.072,"GMB":38.510704,"GEO":410.04358,"DEU":14936.523,"GHA":78298.76,"GRC":4850.665,"GRD":65.61188,"GLP":49.18419,"GTM":55505.94,"GIN":28889.76,"GNB":6056.914,"GUY":4556.489,"HTI":2057.7415,"HND":31456.398,"HUN":7629.3623,"IND":46260.71,"IDN":852752.5,"IRN":386.89465,"IRQ":3.9382877,"IRL":5145.3643,"ISR":103.45415,"ITA":10428.665,"JAM":1636.4512,"JPN":25098.95,"JOR":0,"KAZ":2452.737,"KEN":20162.705,"KGZ":173.0445,"LAO":55725.15,"LVA":29142.26,"LBN":78.31358,"LSO":1.7459586,"LBR":56802.316,"LBY":36.997482,"LIE":0,"LTU":10312.722,"LUX":88.50055,"MDG":88991.29,"MWI":4152.4946,"MYS":312583.44,"MDV":4.20559,"MLI":160.46138,"MLT":0,"MTQ":48.04283,"MRT":0,"MUS":152.69505,"MYT":20.86919,"MEX":157349.72,"FSM":0,"MDA":203.37775,"MNG":18405.762,"MNE":162.59006,"MSR":1.4015155,"MAR":3864.3337,"MOZ":106030.31,"MMR":65430.984,"NAM":96.08016,"NPL":1850.3383,"NLD":770.50916,"NCL":571.4389,"NZL":62849.37,"NIC":54105.562,"NER":0,"NGA":32202.25,"PRK":5241.211,"MKD":858.6128,"NOR":25784.314,"PAK":271.7466,"PLW":70.87543,"PSE":1.5687025,"PAN":19107.023,"PNG":53438.523,"PRY":194703.62,"PER":79427.19,"PHL":31722.086,"POL":30635.361,"PRT":34864.45,"PRI":1157.5552,"REU":492.88882,"ROU":16064.219,"RUS":2681259.8,"RWA":905.2041,"KNA":17.804554,"LCA":10.462554,"MAF":5.345631,"VCT":7.420855,"SMR":0.055746734,"STP":0,"SEN":154.97406,"SRB":1063.2523,"SYC":0.0759251,"SLE":15293.502,"SGP":123.13245,"SXM":0.43942773,"SVK":3949.783,"SVN":699.8263,"SLB":3831.3406,"SOM":219.58852,"ZAF":47517.594,"KOR":4623.506,"SSD":7334.3584,"ESP":37159.207,"LKA":3375.5044,"SDN":57.048294,"SUR":3590.1104,"SWE":177845.66,"CHE":835.6447,"SYR":140.70615,"TWN":948.82367,"TJK":18.921103,"TZA":84285.016,"THA":60272.496,"TGO":2010.9417,"TTO":717.44916,"TUN":233.46341,"TUR":24944.75,"TKM":81.780975,"TCA":4.6520267,"UGA":10714.331,"UKR":26673.227,"GBR":19317.148,"USA":2029787.9,"VIR":20.829472,"URY":6703.6523,"UZB":165.86562,"VUT":86.410126,"VEN":88715.11,"VNM":49200.445,"ZMB":45576.625,"ZWE":7783.397}