{"AFG":221.00064,"ALA":217.07248,"ALB":591.37085,"DZA":3761.9048,"AND":0.22809106,"AGO":50785.258,"AIA":0.9513904,"ATG":16.783533,"ARG":247818.25,"ARM":306.95438,"ABW":0.9770576,"AUS":371664.44,"AUT":14443.159,"AZE":856.44366,"BHS":267.38834,"BGD":2125.227,"BRB":2.7729673,"BLR":31973.555,"BEL":1871.9618,"BLZ":6819.132,"BEN":3454.8914,"BTN":493.51712,"BOL":162946.78,"BES":15.929964,"BIH":268.02277,"BWA":5.8109274,"BRA":3241964.2,"VGB":1.3888943,"BRN":794.88116,"BGR":5062.3677,"BFA":1.962708,"BDI":1295.3027,"KHM":56696.848,"CMR":24906.096,"CAN":1602971.5,"CYM":6.252092,"CAF":12806.204,"TCD":188.68985,"CHL":82125.96,"CHN":258141.97,"COL":121432.555,"COM":26.201038,"COG":18045.361,"CRI":8221.503,"CIV":86226.96,"HRV":1709.7258,"CUB":6434.8184,"CUW":0.67741925,"CYP":23.58205,"CZE":3897.5203,"COD":271284.53,"DNK":1551.8628,"DMA":27.238703,"DOM":10679.668,"TLS":673.5525,"ECU":13666.3,"EGY":37.683292,"SLV":5955.6665,"GNQ":1906.823,"ERI":0,"EST":5629.8604,"SWZ":5750.149,"ETH":13468.913,"FJI":1527.4326,"FIN":89635.266,"FRA":25576.797,"GUF":1788.8765,"GAB":15870.153,"GMB":10.340869,"GEO":188.43225,"DEU":6307.9194,"GHA":24904.37,"GRC":2426.622,"GRD":70.06675,"GLP":74.214,"GTM":98119.75,"GIN":9204.998,"GNB":1017.2795,"GUY":7201.961,"HTI":1035.65,"HND":33558.676,"HUN":5685.226,"IND":42674.637,"IDN":543327.44,"IRN":233.60555,"IRQ":12.107953,"IRL":2231.5613,"ISR":26.196663,"ITA":3412.021,"JAM":1021.73175,"JPN":19131.066,"JOR":0,"KAZ":3145.8743,"KEN":13370.5205,"KGZ":53.32023,"LAO":86943.12,"LVA":21308.264,"LBN":81.07387,"LSO":1.6786227,"LBR":21533.955,"LBY":22.730066,"LIE":0,"LTU":8898.815,"LUX":102.065025,"MDG":83796.54,"MWI":7027.209,"MYS":183906.52,"MDV":1.1478261,"MLI":31.5422,"MLT":0,"MTQ":284.00085,"MRT":1.034571,"MUS":117.96724,"MYT":30.325336,"MEX":151322.61,"FSM":0,"MDA":85.333626,"MNG":38173.816,"MNE":194.18753,"MSR":2.2123208,"MAR":1971.9376,"MOZ":79100.586,"MMR":76440.664,"NAM":190.64659,"NPL":1939.4714,"NLD":286.45074,"NCL":820.75385,"NZL":44382.582,"NIC":46810.04,"NER":0,"NGA":13249.301,"PRK":7192.869,"MKD":878.64197,"NOR":14576.66,"PAK":540.32745,"PLW":16.785711,"PSE":0.9155984,"PAN":11208.371,"PNG":31291.97,"PRY":266719.8,"PER":73079.41,"PHL":34771.598,"POL":33001.504,"PRT":26817.164,"PRI":1187.6473,"REU":140.7586,"ROU":9299.866,"RUS":3019262.5,"RWA":1020.1047,"KNA":29.573288,"LCA":18.230976,"MAF":3.2954364,"VCT":8.094184,"SMR":0.055779092,"STP":0,"SEN":35.161503,"SRB":793.95715,"SYC":0,"SLE":9092.627,"SGP":18.304384,"SXM":2.050849,"SVK":3721.637,"SVN":513.7531,"SLB":2356.9067,"SOM":96.53351,"ZAF":92370.82,"KOR":3570.039,"SSD":1809.8475,"ESP":22908.422,"LKA":3107.0156,"SDN":16.01301,"SUR":4430.126,"SWE":92507.85,"CHE":403.77225,"SYR":106.76968,"TWN":1073.0989,"TJK":21.00605,"TZA":83038.48,"THA":57910.164,"TGO":2041.4727,"TTO":722.8049,"TUN":1491.4407,"TUR":17384.482,"TKM":71.78838,"TCA":9.660869,"UGA":11821.027,"UKR":38647.316,"GBR":1826.3727,"USA":1644627.8,"VIR":39.295643,"URY":10325.089,"UZB":24.184126,"VUT":474.17844,"VEN":85881.07,"VNM":42645.457,"ZMB":41538.723,"ZWE":7230.2563}