{"AFG":183.53685,"ALA":733.5014,"ALB":3145.9841,"DZA":4291.595,"AND":18.993324,"AGO":69781.51,"AIA":8.853996,"ATG":24.653576,"ARG":431605.6,"ARM":64.17104,"ABW":0,"AUS":123487.47,"AUT":14501.467,"AZE":476.03003,"BHS":573.7635,"BGD":4197.2505,"BRB":7.7197847,"BLR":38380.023,"BEL":4762.19,"BLZ":4326.3477,"BEN":675.67285,"BTN":885.2964,"BOL":202263.69,"BES":0.14693561,"BIH":3815.2446,"BWA":37.523876,"BRA":3841170.2,"VGB":2.3386345,"BRN":1190.541,"BGR":7973.796,"BFA":8.529675,"BDI":588.299,"KHM":79134,"CMR":22447.973,"CAN":2697031.5,"CYM":45.06752,"CAF":13901.7,"TCD":450.60696,"CHL":84962.57,"CHN":494845.6,"COL":252216.42,"COM":40.15792,"COG":13588.351,"CRI":9668.935,"CIV":48014.69,"HRV":6598.302,"CUB":21596.832,"CUW":0.3008384,"CYP":71.27754,"CZE":13357.707,"COD":397300.1,"DNK":2362.3,"DMA":78.31589,"DOM":19345.889,"TLS":2026.0162,"ECU":36788.715,"EGY":49.45332,"SLV":4528.663,"GNQ":412.8957,"ERI":0,"EST":18087.24,"SWZ":5345.0728,"ETH":12898.218,"FJI":2005.127,"FIN":146475.77,"FRA":74710.44,"GUF":4600.393,"GAB":9492.173,"GMB":61.437428,"GEO":1766.7767,"DEU":44275.52,"GHA":17602.059,"GRC":6507.279,"GRD":630.7165,"GLP":183.03348,"GTM":56326.28,"GIN":17103.516,"GNB":3523.2002,"GUY":3828.6533,"HTI":2276.035,"HND":26401.783,"HUN":11909.915,"IND":64513.594,"IDN":1286451.9,"IRN":161.36429,"IRQ":2.5411499,"IRL":6671.908,"ISR":62.41246,"ITA":16492.19,"JAM":3875.751,"JPN":35974.062,"JOR":2.0893028,"KAZ":5094.744,"KEN":16902.732,"KGZ":133.70888,"LAO":64111.938,"LVA":30614.133,"LBN":106.913506,"LSO":2.6283612,"LBR":6183.4287,"LBY":6.9501095,"LIE":8.482471,"LTU":13056.545,"LUX":308.7332,"MDG":81355.21,"MWI":5670.4697,"MYS":351768.53,"MDV":1.6063008,"MLI":146.73257,"MLT":1.3778713,"MTQ":162.6739,"MRT":0.07370741,"MUS":324.85315,"MYT":4.954659,"MEX":168232.95,"FSM":0,"MDA":224.1641,"MNG":52979.348,"MNE":834.604,"MSR":7.080093,"MAR":1396.0884,"MOZ":107130.3,"MMR":101191.33,"NAM":54.15755,"NPL":2175.6804,"NLD":1268.0237,"NCL":1440.1141,"NZL":60267.02,"NIC":20973.46,"NER":0,"NGA":14445.52,"PRK":11182.736,"MKD":2130.3435,"NOR":33131.426,"PAK":1010.5717,"PLW":28.07476,"PSE":0.8527561,"PAN":16739.637,"PNG":57372.887,"PRY":246918.12,"PER":100217.81,"PHL":48033.36,"POL":41339.453,"PRT":55262.965,"PRI":1317.9779,"REU":0,"ROU":18433.09,"RUS":3496068.8,"RWA":1087.8578,"KNA":23.679218,"LCA":38.334286,"MAF":1.5378327,"VCT":20.309057,"SMR":0.11150849,"STP":0,"SEN":120.55069,"SRB":2444.1143,"SYC":0,"SLE":4010.4124,"SGP":33.763348,"SXM":1.0985718,"SVK":4570.322,"SVN":1232.0736,"SLB":3513.8345,"SOM":193.72398,"ZAF":72375.34,"KOR":11180.271,"SSD":9731.709,"ESP":66610.86,"LKA":5520.105,"SDN":9.5654955,"SUR":5205.4966,"SWE":271291.66,"CHE":3658.0942,"SYR":100.3698,"TWN":1742.7476,"TJK":8.930453,"TZA":66368.695,"THA":91100.94,"TGO":2743.8904,"TTO":724.1401,"TUN":307.02673,"TUR":28020.326,"TKM":20.797722,"TCA":10.015526,"UGA":17923.229,"UKR":49044.625,"GBR":24451.7,"USA":2735484.5,"VIR":32.542526,"URY":14844.713,"UZB":21.056635,"VUT":296.75885,"VEN":89758.49,"VNM":73457.66,"ZMB":28140.025,"ZWE":8369.799}