{"AFG":211.49597,"ALA":696.3104,"ALB":670.026,"DZA":4420.946,"AND":1.1407503,"AGO":91573.59,"AIA":3.5123136,"ATG":60.355606,"ARG":365795.5,"ARM":88.13223,"ABW":0,"AUS":175722.47,"AUT":21525.48,"AZE":190.828,"BHS":1436.265,"BGD":3231.2874,"BRB":8.843711,"BLR":35950.387,"BEL":2972.1938,"BLZ":8091.327,"BEN":1575.2467,"BTN":676.0904,"BOL":249794.25,"BES":0.66064334,"BIH":500.78485,"BWA":34.79706,"BRA":3479552,"VGB":3.06963,"BRN":1270.9554,"BGR":6385.712,"BFA":16.152493,"BDI":948.12604,"KHM":64571.24,"CMR":24622.623,"CAN":2913513.8,"CYM":9.015078,"CAF":28000.963,"TCD":462.09265,"CHL":106129.17,"CHN":378450.28,"COL":187429.98,"COM":83.8463,"COG":18436.826,"CRI":16412.691,"CIV":65302.266,"HRV":2688.8105,"CUB":12647.26,"CUW":0.6020371,"CYP":31.104614,"CZE":25386.64,"COD":482094.5,"DNK":8974.079,"DMA":51.877712,"DOM":25043.324,"TLS":1291.5359,"ECU":40068.086,"EGY":31.039139,"SLV":5847.8745,"GNQ":1562.9608,"ERI":0,"EST":14793.648,"SWZ":4530.4824,"ETH":15447.344,"FJI":1615.7063,"FIN":230180.61,"FRA":45288.95,"GUF":2749.3816,"GAB":16555.797,"GMB":4.6459203,"GEO":403.84732,"DEU":39081.312,"GHA":41278.59,"GRC":4006.5688,"GRD":47.412434,"GLP":217.38411,"GTM":100710.52,"GIN":14552.256,"GNB":3918.0889,"GUY":5556.3433,"HTI":1961.7827,"HND":40378.375,"HUN":10318.144,"IND":54976.844,"IDN":1180546.6,"IRN":112.11226,"IRQ":2.7190728,"IRL":7852.208,"ISR":134.15482,"ITA":10439.366,"JAM":7577.8027,"JPN":35278.676,"JOR":0,"KAZ":2862.0405,"KEN":12626.069,"KGZ":48.519516,"LAO":68161.29,"LVA":40665.01,"LBN":292.26462,"LSO":0.6712206,"LBR":11130.141,"LBY":18.77061,"LIE":4.0571146,"LTU":20320.16,"LUX":66.34314,"MDG":93179.836,"MWI":9334.616,"MYS":375516.7,"MDV":1.9131579,"MLI":81.19233,"MLT":0,"MTQ":200.89967,"MRT":0,"MUS":172.54909,"MYT":34.232685,"MEX":204731.53,"FSM":0,"MDA":89.6613,"MNG":7204.0474,"MNE":157.35841,"MSR":24.047344,"MAR":1489.3049,"MOZ":149687,"MMR":90943.18,"NAM":55.27255,"NPL":2377.6335,"NLD":1398.2819,"NCL":1417.228,"NZL":51999.41,"NIC":95035.72,"NER":0,"NGA":13041.406,"PRK":16333.639,"MKD":1283.4349,"NOR":24594.012,"PAK":848.86273,"PLW":41.12103,"PSE":0.2607634,"PAN":12305.004,"PNG":38323.754,"PRY":262172.62,"PER":161853.38,"PHL":49183.8,"POL":81462.69,"PRT":38895.195,"PRI":1281.3464,"REU":214.03851,"ROU":19173.46,"RUS":1571090.8,"RWA":793.0158,"KNA":18.094118,"LCA":52.61476,"MAF":4.5404077,"VCT":15.210789,"SMR":0.05573887,"STP":0,"SEN":62.66451,"SRB":1456.6611,"SYC":0,"SLE":6864.196,"SGP":80.14126,"SXM":3.5155728,"SVK":27562.115,"SVN":1895.0963,"SLB":6499.555,"SOM":259.2209,"ZAF":104441.195,"KOR":8800.19,"SSD":10061.608,"ESP":48525.773,"LKA":4605.6094,"SDN":90.794,"SUR":3404.6233,"SWE":248310.67,"CHE":2228.32,"SYR":781.80334,"TWN":1442.2017,"TJK":18.380188,"TZA":90529.11,"THA":83627.39,"TGO":2045.0504,"TTO":1219.708,"TUN":616.5529,"TUR":19991.832,"TKM":23.240313,"TCA":21.606508,"UGA":29013.38,"UKR":36247.844,"GBR":8512.96,"USA":2682760,"VIR":19.132675,"URY":15588.289,"UZB":9.39077,"VUT":215.77621,"VEN":93847.47,"VNM":101733.375,"ZMB":56943.633,"ZWE":11538.612}