{"AFG":136.90717,"ALA":98.75226,"ALB":936.0497,"DZA":5330.0405,"AND":6.4532127,"AGO":75456.875,"AIA":1.3171566,"ATG":58.797592,"ARG":314660.34,"ARM":99.95808,"ABW":0,"AUS":185043.56,"AUT":12502.416,"AZE":417.9934,"BHS":1001.0635,"BGD":6731.8154,"BRB":3.6725843,"BLR":41954.984,"BEL":6864.8564,"BLZ":4273.5024,"BEN":1780.9175,"BTN":544.24457,"BOL":215584.73,"BES":6.753632,"BIH":471.83505,"BWA":26.691168,"BRA":2870101.8,"VGB":2.046326,"BRN":1006.2282,"BGR":5037.3438,"BFA":4.530427,"BDI":329.6669,"KHM":80379.01,"CMR":35339.465,"CAN":2397679.2,"CYM":17.014194,"CAF":56457.535,"TCD":2966.9053,"CHL":91374.984,"CHN":569470,"COL":188559.25,"COM":12.285161,"COG":21497.758,"CRI":9995.73,"CIV":97743.65,"HRV":2156.2244,"CUB":12146.647,"CUW":2.557756,"CYP":52.397083,"CZE":8566.032,"COD":450853.78,"DNK":5147.4497,"DMA":25.085577,"DOM":13384.327,"TLS":2895.0981,"ECU":35227.98,"EGY":26.952435,"SLV":4574.606,"GNQ":1199.7164,"ERI":0,"EST":21675.623,"SWZ":9407.75,"ETH":11757.993,"FJI":1823.5208,"FIN":182114.2,"FRA":53973.598,"GUF":2452.4275,"GAB":18136.277,"GMB":6.0698285,"GEO":424.3732,"DEU":42058.26,"GHA":27105.018,"GRC":7144.8555,"GRD":30.10176,"GLP":58.791904,"GTM":52398.43,"GIN":15275.047,"GNB":2011.8639,"GUY":5649.983,"HTI":1127.9556,"HND":41536.133,"HUN":7944.8516,"IND":59558.434,"IDN":1430826.9,"IRN":92.65323,"IRQ":2.3038092,"IRL":5094.9287,"ISR":128.64088,"ITA":8491.778,"JAM":2783.7769,"JPN":38019.527,"JOR":0.7835792,"KAZ":2815.4094,"KEN":20555.77,"KGZ":61.043056,"LAO":122474.7,"LVA":38854.18,"LBN":146.37576,"LSO":1.5525451,"LBR":36153.676,"LBY":14.351974,"LIE":9.964985,"LTU":17404.773,"LUX":360.72256,"MDG":70718.945,"MWI":5509.3105,"MYS":334307.84,"MDV":1.9933872,"MLI":101.91402,"MLT":0,"MTQ":89.98594,"MRT":0,"MUS":140.10326,"MYT":41.136257,"MEX":177743.44,"FSM":0,"MDA":149.83818,"MNG":12845.962,"MNE":159.1806,"MSR":12.243892,"MAR":2122.4854,"MOZ":171832.7,"MMR":126545.98,"NAM":13.786887,"NPL":2930.44,"NLD":1419.8428,"NCL":2092.3367,"NZL":61284.387,"NIC":38761.51,"NER":0,"NGA":26001.941,"PRK":12297.188,"MKD":2007.7247,"NOR":39969.992,"PAK":1193.2527,"PLW":31.662327,"PSE":0.7234155,"PAN":34206.29,"PNG":55549.016,"PRY":147949.56,"PER":88019.31,"PHL":56816.387,"POL":37317.367,"PRT":42544.79,"PRI":1236.9984,"REU":608.479,"ROU":12883.808,"RUS":2213627,"RWA":717.4739,"KNA":19.424562,"LCA":97.22015,"MAF":2.4898682,"VCT":10.34416,"SMR":0,"STP":0,"SEN":37.868595,"SRB":1786.2119,"SYC":0,"SLE":28511.607,"SGP":54.2222,"SXM":2.1242177,"SVK":7968.2637,"SVN":1226.4464,"SLB":5032.957,"SOM":110.3645,"ZAF":104745.62,"KOR":9972.449,"SSD":8387.984,"ESP":72142.66,"LKA":7645.929,"SDN":3.245223,"SUR":3299.057,"SWE":248784.98,"CHE":1969.3143,"SYR":275.1114,"TWN":1969.152,"TJK":11.284126,"TZA":84670.36,"THA":99215.36,"TGO":1679.5605,"TTO":1742.81,"TUN":343.00995,"TUR":25399.27,"TKM":8.686336,"TCA":4.291727,"UGA":28298.36,"UKR":41770.91,"GBR":20442.93,"USA":2597963.5,"VIR":72.41664,"URY":20693.768,"UZB":34.649673,"VUT":168.24933,"VEN":84358.3,"VNM":78434.43,"ZMB":40152.07,"ZWE":14760.434}