{"AFG":229.1743,"ALA":247.59799,"ALB":5169.865,"DZA":5150.123,"AND":1.9408344,"AGO":143582.7,"AIA":7.3914337,"ATG":34.654488,"ARG":423938.12,"ARM":41.35655,"ABW":0,"AUS":370788.9,"AUT":31568.809,"AZE":433.69858,"BHS":593.89154,"BGD":3906.5232,"BRB":30.054235,"BLR":32440.605,"BEL":5946.899,"BLZ":12291.549,"BEN":4620.032,"BTN":447.6666,"BOL":189141.73,"BES":0.44057536,"BIH":2571.1206,"BWA":24.652205,"BRA":2613972.2,"VGB":4.6039896,"BRN":1556.0123,"BGR":9373.741,"BFA":2.6416063,"BDI":1816.2909,"KHM":77553.805,"CMR":45170.98,"CAN":2110263.2,"CYM":16.267601,"CAF":36122.43,"TCD":992.6325,"CHL":120769.48,"CHN":646761.06,"COL":267456.7,"COM":76.748535,"COG":29036.992,"CRI":11396.812,"CIV":90835.98,"HRV":3177.0515,"CUB":7784.931,"CUW":3.4605727,"CYP":767.5343,"CZE":21220.645,"COD":459729.03,"DNK":4350.3745,"DMA":40.151554,"DOM":16024.715,"TLS":1529.7413,"ECU":60125.844,"EGY":54.614716,"SLV":2964.0295,"GNQ":2963.0166,"ERI":0,"EST":16168.663,"SWZ":6460.604,"ETH":25080.309,"FJI":2094.2754,"FIN":151845.39,"FRA":48455.88,"GUF":3234.1792,"GAB":15124.621,"GMB":48.9311,"GEO":856.41833,"DEU":92803.16,"GHA":40140.188,"GRC":45847.5,"GRD":67.13538,"GLP":152.97755,"GTM":126361.1,"GIN":33760.242,"GNB":6025.4097,"GUY":5010.713,"HTI":2013.5985,"HND":42346.152,"HUN":9296.318,"IND":66111.8,"IDN":1385629,"IRN":89.54189,"IRQ":5.09007,"IRL":11454.274,"ISR":41.636414,"ITA":11199.304,"JAM":1263.6221,"JPN":44506.613,"JOR":0.3264935,"KAZ":4235.098,"KEN":25826.908,"KGZ":75.44928,"LAO":132800.6,"LVA":36096.906,"LBN":267.52353,"LSO":1.6751277,"LBR":44199.82,"LBY":2.4701605,"LIE":7.326514,"LTU":15997.115,"LUX":500.276,"MDG":187819.11,"MWI":7448.4727,"MYS":405458.56,"MDV":4.280826,"MLI":122.69302,"MLT":0.31313807,"MTQ":152.54558,"MRT":0,"MUS":128.89296,"MYT":19.669537,"MEX":216919.03,"FSM":0,"MDA":207.1107,"MNG":47713.19,"MNE":1011.0346,"MSR":10.326361,"MAR":2455.5957,"MOZ":137822.88,"MMR":145681.86,"NAM":74.9088,"NPL":3028.9949,"NLD":1599.8881,"NCL":924.0263,"NZL":62148.94,"NIC":88341.07,"NER":0,"NGA":24445.156,"PRK":13153.499,"MKD":3829.0508,"NOR":31498.43,"PAK":1020.76575,"PLW":87.737686,"PSE":0.91870594,"PAN":20534.717,"PNG":48258.895,"PRY":425553.9,"PER":114556.26,"PHL":65896.07,"POL":56702.316,"PRT":36285.562,"PRI":1029.9846,"REU":0,"ROU":37851.81,"RUS":2321346,"RWA":1372.8488,"KNA":11.477806,"LCA":45.436584,"MAF":2.270195,"VCT":20.908865,"SMR":0.7248515,"STP":0,"SEN":162.41907,"SRB":2155.3645,"SYC":0,"SLE":21868.445,"SGP":73.60305,"SXM":5.2006645,"SVK":9424.0205,"SVN":2069.7512,"SLB":5632.239,"SOM":252.90266,"ZAF":46813.867,"KOR":8008.2075,"SSD":8973.63,"ESP":59675.074,"LKA":10161.574,"SDN":177.91025,"SUR":3500.001,"SWE":182711.81,"CHE":1774.9216,"SYR":1566.3512,"TWN":1639.3582,"TJK":7.3222027,"TZA":120607.26,"THA":92112.46,"TGO":3168.6858,"TTO":1100.0361,"TUN":863.1714,"TUR":24752.271,"TKM":33.081493,"TCA":73.03981,"UGA":36346.96,"UKR":63782.027,"GBR":30786.734,"USA":2426093.5,"VIR":24.332083,"URY":21251.475,"UZB":24.365568,"VUT":97.414665,"VEN":113118.97,"VNM":79871.77,"ZMB":53354.184,"ZWE":9167.5}