{"AFG":97.80635,"ALA":1285.5044,"ALB":5433.642,"DZA":7921.9976,"AND":4.791251,"AGO":102286.91,"AIA":9.87842,"ATG":44.7389,"ARG":589559.44,"ARM":99.152176,"ABW":0,"AUS":204490.64,"AUT":26818.846,"AZE":412.45288,"BHS":1931.6753,"BGD":4396.845,"BRB":12.667157,"BLR":35696.926,"BEL":7165.9976,"BLZ":8270.969,"BEN":477.27737,"BTN":700.6833,"BOL":368597.7,"BES":0.3670093,"BIH":1437.2017,"BWA":14.872806,"BRA":2436643,"VGB":6.2845483,"BRN":1292.9712,"BGR":6341.635,"BFA":4.1536465,"BDI":1957.3555,"KHM":83406,"CMR":34585.695,"CAN":1940560.2,"CYM":31.76513,"CAF":31011.67,"TCD":3388.0994,"CHL":122131.414,"CHN":731528.1,"COL":230253.11,"COM":33.97415,"COG":17024.29,"CRI":21784.77,"CIV":127523.586,"HRV":3826.3562,"CUB":16827.508,"CUW":5.1162233,"CYP":85.48359,"CZE":16784.639,"COD":402725.4,"DNK":5992.5884,"DMA":92.85405,"DOM":21568.623,"TLS":818.5875,"ECU":51626.664,"EGY":63.559025,"SLV":3298.8586,"GNQ":4769.92,"ERI":0,"EST":18277.04,"SWZ":4576.1953,"ETH":23504.424,"FJI":2312.3252,"FIN":200086.23,"FRA":85042.305,"GUF":4990.7124,"GAB":16404.52,"GMB":296.01413,"GEO":645.29834,"DEU":60993.906,"GHA":37782.805,"GRC":20985.094,"GRD":61.77482,"GLP":130.42146,"GTM":77000.42,"GIN":21428.523,"GNB":3239.92,"GUY":9047.94,"HTI":2109.453,"HND":43199.23,"HUN":8856.166,"IND":77066.9,"IDN":1394440.1,"IRN":284.23306,"IRQ":12.368763,"IRL":6791.9844,"ISR":59.393517,"ITA":14668.155,"JAM":2012.7917,"JPN":39846.637,"JOR":0,"KAZ":4215.5703,"KEN":19087.316,"KGZ":69.97461,"LAO":80460.35,"LVA":29288.037,"LBN":387.3114,"LSO":4.304557,"LBR":36089.477,"LBY":4.0300493,"LIE":7.7991686,"LTU":15171.638,"LUX":974.04846,"MDG":123035.72,"MWI":9672.17,"MYS":368043.8,"MDV":5.3530674,"MLI":102.27598,"MLT":0,"MTQ":274.10056,"MRT":0,"MUS":186.25014,"MYT":42.641083,"MEX":182812.36,"FSM":0,"MDA":120.93596,"MNG":55456.387,"MNE":1399.5857,"MSR":5.8265533,"MAR":3285.6978,"MOZ":204163.62,"MMR":118202.48,"NAM":25.673079,"NPL":2671.2908,"NLD":1108.876,"NCL":440.09967,"NZL":60844.992,"NIC":53686.465,"NER":0,"NGA":27278.531,"PRK":18507.355,"MKD":3909.0923,"NOR":33398.348,"PAK":933.0455,"PLW":61.95074,"PSE":2.5462646,"PAN":39754.9,"PNG":70013.89,"PRY":375624.28,"PER":125426.89,"PHL":38304.29,"POL":47535.375,"PRT":33587.77,"PRI":1208.3325,"REU":14.453535,"ROU":17339.031,"RUS":3028513.5,"RWA":1059.8833,"KNA":21.484194,"LCA":54.468452,"MAF":2.6363928,"VCT":38.751003,"SMR":0.055747196,"STP":0,"SEN":274.7699,"SRB":3147.25,"SYC":0,"SLE":20916.428,"SGP":35.071957,"SXM":1.3915269,"SVK":13405.336,"SVN":1817.6841,"SLB":8116.938,"SOM":234.13397,"ZAF":81190.805,"KOR":13813.139,"SSD":8555.454,"ESP":43944.098,"LKA":6424.3584,"SDN":49.78985,"SUR":7359.7866,"SWE":293381.72,"CHE":2320.629,"SYR":824.1304,"TWN":2187.7683,"TJK":17.39573,"TZA":163564.2,"THA":79621.805,"TGO":1166.6948,"TTO":1258.0951,"TUN":709.6087,"TUR":28483.393,"TKM":54.802326,"TCA":60.45128,"UGA":36741.105,"UKR":52621.89,"GBR":12050.85,"USA":2205586.8,"VIR":38.48242,"URY":23353.746,"UZB":25.461704,"VUT":151.2107,"VEN":119194.03,"VNM":108005.46,"ZMB":65650.63,"ZWE":5344.7637}