{"AFG":55.47341,"ALA":673.58685,"ALB":1297.833,"DZA":10312.634,"AND":1.2554884,"AGO":164189.81,"AIA":1.463457,"ATG":60.499424,"ARG":307967.2,"ARM":169.50902,"ABW":0.15031573,"AUS":202312.16,"AUT":15795.031,"AZE":302.46814,"BHS":808.63116,"BGD":5564.2524,"BRB":10.941535,"BLR":35319.17,"BEL":5117.1333,"BLZ":10281.253,"BEN":4904.6895,"BTN":1056.3824,"BOL":224402.66,"BES":0.88089925,"BIH":1223.3252,"BWA":33.210728,"BRA":1811003.9,"VGB":4.8963404,"BRN":2159.2727,"BGR":5955.291,"BFA":4.1550503,"BDI":861.4271,"KHM":120887.09,"CMR":34630.215,"CAN":1542952.8,"CYM":28.865442,"CAF":46037.32,"TCD":1055.1927,"CHL":88045.586,"CHN":594076,"COL":235761.69,"COM":110.92677,"COG":18348.525,"CRI":22282.812,"CIV":108847.125,"HRV":2847.5493,"CUB":16018.297,"CUW":4.28893,"CYP":50.92717,"CZE":13439,"COD":631700.2,"DNK":6561.3276,"DMA":73.55771,"DOM":13923.4375,"TLS":2567.2605,"ECU":57197.67,"EGY":40.870266,"SLV":4261.4126,"GNQ":5616.883,"ERI":0,"EST":18786.582,"SWZ":10648.543,"ETH":28634.928,"FJI":1731.3904,"FIN":176146.62,"FRA":65946.82,"GUF":2626.6274,"GAB":15850.767,"GMB":8.3927555,"GEO":364.4883,"DEU":28320.059,"GHA":38212.836,"GRC":6386.8296,"GRD":93.242714,"GLP":113.07173,"GTM":86853.9,"GIN":23335.469,"GNB":7936.9116,"GUY":7967.879,"HTI":2400.2173,"HND":51432.715,"HUN":10001.284,"IND":72497.65,"IDN":1941935.8,"IRN":111.587494,"IRQ":11.94228,"IRL":7056.433,"ISR":87.947945,"ITA":14183.715,"JAM":3516.1772,"JPN":39967.656,"JOR":0,"KAZ":5723.249,"KEN":17545.006,"KGZ":130.92674,"LAO":145335.4,"LVA":34885.65,"LBN":336.08984,"LSO":1.8767959,"LBR":74984.79,"LBY":4.547632,"LIE":3.634544,"LTU":14369.337,"LUX":214.34383,"MDG":136019.12,"MWI":3996.4114,"MYS":622811.44,"MDV":2.9829478,"MLI":155.82332,"MLT":0,"MTQ":194.92566,"MRT":0,"MUS":239.689,"MYT":5.704664,"MEX":279565.34,"FSM":0,"MDA":162.41522,"MNG":81552.24,"MNE":535.4081,"MSR":4.7200837,"MAR":1129.1526,"MOZ":216672.77,"MMR":215048.86,"NAM":78.203964,"NPL":5028.2886,"NLD":1494.0845,"NCL":879.1715,"NZL":59160.887,"NIC":82991.06,"NER":0,"NGA":25121.67,"PRK":12957.292,"MKD":4232.838,"NOR":23000.719,"PAK":822.2788,"PLW":27.465698,"PSE":1.0486114,"PAN":36854.348,"PNG":48182.22,"PRY":352798.75,"PER":176602.53,"PHL":60097.57,"POL":46497.047,"PRT":39823.93,"PRI":946.4599,"REU":179.78236,"ROU":16020.512,"RUS":2090760.8,"RWA":1349.5219,"KNA":32.66461,"LCA":52.30694,"MAF":0.65909475,"VCT":27.050522,"SMR":0.11155957,"STP":0,"SEN":153.21785,"SRB":2390.281,"SYC":0,"SLE":30529.732,"SGP":176.12439,"SXM":2.9297104,"SVK":11183.637,"SVN":1907.9056,"SLB":5980.668,"SOM":285.50302,"ZAF":67046.85,"KOR":16228.584,"SSD":7629.409,"ESP":66953.44,"LKA":13867.296,"SDN":76.23051,"SUR":7174.581,"SWE":208085.86,"CHE":2177.4946,"SYR":116.24373,"TWN":7979.022,"TJK":21.131004,"TZA":142530.53,"THA":131920.56,"TGO":5563.657,"TTO":1366.3326,"TUN":962.1972,"TUR":27505.684,"TKM":9.380604,"TCA":105.45181,"UGA":23082.076,"UKR":47884.363,"GBR":37147.54,"USA":1602654,"VIR":83.32476,"URY":18921.076,"UZB":61.17827,"VUT":1049.2351,"VEN":140609.56,"VNM":137170.17,"ZMB":117110.59,"ZWE":19226.754}