{"AFG":78.03391,"ALA":630.56854,"ALB":635.00195,"DZA":2576.2542,"AND":0.8555525,"AGO":157250.05,"AIA":0.21951021,"ATG":18.107044,"ARG":411692.6,"ARM":129.17105,"ABW":0,"AUS":289056.88,"AUT":16604.135,"AZE":410.77908,"BHS":389.7754,"BGD":4535.1724,"BRB":16.038101,"BLR":35463.31,"BEL":10826.632,"BLZ":9813.176,"BEN":521.5307,"BTN":3969.9888,"BOL":449986.2,"BES":2.2755759,"BIH":824.4531,"BWA":27.965912,"BRA":2679643.8,"VGB":3.8000307,"BRN":952.2591,"BGR":3471.4302,"BFA":6.88171,"BDI":1861.9546,"KHM":237718.33,"CMR":56879.92,"CAN":2095241.6,"CYM":38.922363,"CAF":47075.01,"TCD":253.28255,"CHL":90826.625,"CHN":621761.2,"COL":194931.38,"COM":90.944305,"COG":43272.688,"CRI":13068.317,"CIV":92461.234,"HRV":3434.9846,"CUB":8480.513,"CUW":1.5040572,"CYP":55.66096,"CZE":15333.741,"COD":806367.4,"DNK":4357.3887,"DMA":91.3778,"DOM":14065.49,"TLS":624.9022,"ECU":33432.754,"EGY":68.3679,"SLV":2849.826,"GNQ":6520.0977,"ERI":0,"EST":21469.252,"SWZ":6645.85,"ETH":19749.39,"FJI":2227.9165,"FIN":167379.19,"FRA":141905.64,"GUF":2901.31,"GAB":9894.992,"GMB":23.602547,"GEO":659.58295,"DEU":74774.195,"GHA":19438.65,"GRC":7653.413,"GRD":157.74936,"GLP":118.288506,"GTM":59418.07,"GIN":16007.965,"GNB":4880.5083,"GUY":9249.507,"HTI":2014.6924,"HND":45985.34,"HUN":11175.317,"IND":46282.785,"IDN":1276621.4,"IRN":139.90726,"IRQ":7.589811,"IRL":3748.4426,"ISR":86.13737,"ITA":15393.4,"JAM":2349.2878,"JPN":34705.418,"JOR":0.065306395,"KAZ":2672.8542,"KEN":22502.338,"KGZ":210.8225,"LAO":166878.08,"LVA":48466.02,"LBN":113.57733,"LSO":2.563447,"LBR":20244.297,"LBY":8.37513,"LIE":2.159484,"LTU":21588.14,"LUX":873.2668,"MDG":106793.61,"MWI":3951.975,"MYS":430653.2,"MDV":1.9887788,"MLI":52.542477,"MLT":0,"MTQ":73.356224,"MRT":0,"MUS":22.038727,"MYT":31.830109,"MEX":164761.81,"FSM":68.61764,"MDA":151.50304,"MNG":8544.355,"MNE":196.17188,"MSR":108.12208,"MAR":953.7803,"MOZ":193770.64,"MMR":168905.47,"NAM":22.881943,"NPL":2099.8047,"NLD":3302.2778,"NCL":495.84686,"NZL":55676.094,"NIC":212302.9,"NER":0,"NGA":32579.178,"PRK":18751.621,"MKD":2200.25,"NOR":39384.82,"PAK":641.3078,"PLW":29.601233,"PSE":0.59153175,"PAN":15311.947,"PNG":67501.58,"PRY":441790.22,"PER":140777.31,"PHL":101504.484,"POL":71015.94,"PRT":48368.1,"PRI":591.98596,"REU":214.88242,"ROU":17575.08,"RUS":1835833.2,"RWA":2398.337,"KNA":16.479355,"LCA":95.581764,"MAF":0.512617,"VCT":62.044804,"SMR":0,"STP":0,"SEN":151.3508,"SRB":2356.3228,"SYC":0,"SLE":8770.129,"SGP":42.06983,"SXM":0.14649124,"SVK":17022.494,"SVN":1396.1538,"SLB":6348.429,"SOM":131.57721,"ZAF":61533.414,"KOR":14280.694,"SSD":3658.6416,"ESP":55482.79,"LKA":7161.5303,"SDN":37.36373,"SUR":6796.6714,"SWE":263292,"CHE":1645.6935,"SYR":232.99011,"TWN":2381.9998,"TJK":6.0058775,"TZA":137540.42,"THA":133934.25,"TGO":508.14612,"TTO":3385.1848,"TUN":392.649,"TUR":16656.824,"TKM":5.7002144,"TCA":38.132584,"UGA":33991.87,"UKR":52002.883,"GBR":27776.969,"USA":2159749.8,"VIR":20.686117,"URY":17633.688,"UZB":17.65613,"VUT":253.46704,"VEN":99614.42,"VNM":173605.48,"ZMB":172104.55,"ZWE":6528.995}