{"AFG":100.55386,"ALA":464.00586,"ALB":1160.8132,"DZA":8266.6875,"AND":0.8561431,"AGO":180842.6,"AIA":0.6586562,"ATG":24.953518,"ARG":497260.7,"ARM":154.72978,"ABW":0,"AUS":120062.055,"AUT":18009.502,"AZE":102.184135,"BHS":615.3866,"BGD":4061.6128,"BRB":17.68712,"BLR":45080.52,"BEL":4973.078,"BLZ":26348.652,"BEN":650.3915,"BTN":962.9906,"BOL":328748.8,"BES":8.588645,"BIH":898.7044,"BWA":16.674385,"BRA":1914531.5,"VGB":13.300574,"BRN":2607.4006,"BGR":3227.1892,"BFA":14.413137,"BDI":939.92224,"KHM":192035.78,"CMR":27205.64,"CAN":2151859.5,"CYM":39.193024,"CAF":47168.973,"TCD":912.60345,"CHL":98489.875,"CHN":593338.9,"COL":187699.2,"COM":121.104454,"COG":27433.697,"CRI":10396.401,"CIV":124695.55,"HRV":2847.2437,"CUB":16061.202,"CUW":1.1290113,"CYP":107.13195,"CZE":21747.93,"COD":425931.47,"DNK":3087.3262,"DMA":44.388954,"DOM":12924.576,"TLS":1415.4828,"ECU":43295.465,"EGY":79.62923,"SLV":3220.673,"GNQ":7654.6914,"ERI":0,"EST":27167.62,"SWZ":2608.063,"ETH":14990.991,"FJI":513.0401,"FIN":159136.19,"FRA":63210.516,"GUF":2304.1016,"GAB":17221.309,"GMB":30.123112,"GEO":467.46497,"DEU":33742.137,"GHA":36172.812,"GRC":6002.5073,"GRD":40.035522,"GLP":69.246704,"GTM":40438.61,"GIN":27593.87,"GNB":4268.3774,"GUY":7603.059,"HTI":2492.3127,"HND":52503.863,"HUN":8171.509,"IND":81552.81,"IDN":1540448.4,"IRN":156.44814,"IRQ":2.4730918,"IRL":3003.9807,"ISR":1060.0497,"ITA":11091.68,"JAM":2365.02,"JPN":34964.027,"JOR":0,"KAZ":4262.418,"KEN":17129.713,"KGZ":78.18267,"LAO":130666.56,"LVA":44696.09,"LBN":135.23926,"LSO":1.4785776,"LBR":34361.062,"LBY":7.1478014,"LIE":1.0011005,"LTU":21687.576,"LUX":444.25076,"MDG":161807.4,"MWI":8210.791,"MYS":462882.84,"MDV":8.803302,"MLI":163.2325,"MLT":0,"MTQ":150.9073,"MRT":0,"MUS":482.3324,"MYT":2.3272974,"MEX":185087.03,"FSM":0,"MDA":168.33041,"MNG":3320.6455,"MNE":472.0072,"MSR":6.2693644,"MAR":3295.1143,"MOZ":149698.81,"MMR":134604.1,"NAM":69.736244,"NPL":2470.087,"NLD":1115.9069,"NCL":597.37604,"NZL":59435.285,"NIC":43227.676,"NER":0,"NGA":53658.113,"PRK":5274.7563,"MKD":2128.4653,"NOR":32199.61,"PAK":404.50107,"PLW":29.371082,"PSE":0,"PAN":22840.18,"PNG":51740.7,"PRY":456617.8,"PER":123611.484,"PHL":32767.727,"POL":56250.434,"PRT":26659.084,"PRI":1218.4666,"REU":550.9855,"ROU":16747.064,"RUS":3000187,"RWA":901.33105,"KNA":11.035216,"LCA":57.39286,"MAF":8.934316,"VCT":27.723484,"SMR":0,"STP":0,"SEN":111.284615,"SRB":2096.4768,"SYC":0,"SLE":33907.34,"SGP":72.91131,"SXM":1.9775832,"SVK":11502.647,"SVN":1396.9204,"SLB":5795.034,"SOM":168.58882,"ZAF":69385.21,"KOR":11597.82,"SSD":8633.6045,"ESP":39061.402,"LKA":14614.609,"SDN":188.06755,"SUR":5428.197,"SWE":205051,"CHE":1859.8356,"SYR":150.67474,"TWN":1390.4666,"TJK":14.390698,"TZA":137099.1,"THA":93708.23,"TGO":1238.4017,"TTO":362.009,"TUN":2188.336,"TUR":23441.844,"TKM":11.895748,"TCA":13.955322,"UGA":64855.715,"UKR":59838.312,"GBR":22306.383,"USA":1656924.6,"VIR":48.16209,"URY":27589.734,"UZB":18.598705,"VUT":567.9228,"VEN":72788.99,"VNM":130405.125,"ZMB":59624.47,"ZWE":8939.428}