{"AFG":28.883047,"ALA":652.41797,"ALB":5327.506,"DZA":10835.71,"AND":6.842956,"AGO":177754.52,"AIA":1.5366504,"ATG":32.461945,"ARG":474111.7,"ARM":175.4759,"ABW":0,"AUS":137861.6,"AUT":11068.442,"AZE":522.43304,"BHS":358.94733,"BGD":5282.2476,"BRB":112.87121,"BLR":39240.574,"BEL":5598.0483,"BLZ":11548.3125,"BEN":2845.604,"BTN":669.72015,"BOL":270725.25,"BES":1.7943844,"BIH":2250.4236,"BWA":13.039572,"BRA":2889743,"VGB":0.87706447,"BRN":1799.657,"BGR":9753.219,"BFA":0.22673094,"BDI":837.2096,"KHM":195182.61,"CMR":50454.27,"CAN":2530040.5,"CYM":8.646057,"CAF":54703.668,"TCD":2469.4731,"CHL":173196.4,"CHN":595912.5,"COL":222957.67,"COM":126.38942,"COG":31176.334,"CRI":10290.611,"CIV":96110.71,"HRV":4904.921,"CUB":10099.039,"CUW":5.5694847,"CYP":49.49533,"CZE":13912.155,"COD":627044.06,"DNK":4372.2505,"DMA":142.94153,"DOM":17815.492,"TLS":1824.0333,"ECU":73237.94,"EGY":279.0932,"SLV":2497.822,"GNQ":4918.5967,"ERI":0,"EST":17654.123,"SWZ":3513.8572,"ETH":40535.152,"FJI":1120.8984,"FIN":160092.73,"FRA":65820.04,"GUF":7554.0693,"GAB":16906.496,"GMB":40.540535,"GEO":362.85657,"DEU":25467.744,"GHA":36591.64,"GRC":13005.057,"GRD":39.585396,"GLP":282.98825,"GTM":83695,"GIN":24421.424,"GNB":3501.5015,"GUY":11436.338,"HTI":4155.4736,"HND":32211.355,"HUN":11815.723,"IND":84775.734,"IDN":2253081.5,"IRN":248.92398,"IRQ":5.271964,"IRL":5733.6094,"ISR":45.715374,"ITA":20907.04,"JAM":2567.9753,"JPN":43761.574,"JOR":0,"KAZ":3090.7695,"KEN":17658.805,"KGZ":39.049168,"LAO":147060.45,"LVA":34249.395,"LBN":163.21269,"LSO":1.4863108,"LBR":72043.695,"LBY":3.894969,"LIE":3.2663007,"LTU":17528.736,"LUX":441.32947,"MDG":127953.1,"MWI":12116.504,"MYS":627665.7,"MDV":1.3035712,"MLI":78.54474,"MLT":0.1252253,"MTQ":297.84906,"MRT":0,"MUS":145.8959,"MYT":130.45091,"MEX":170866.75,"FSM":0,"MDA":1684.2097,"MNG":34130.156,"MNE":1210.2267,"MSR":1.9911076,"MAR":1650.2034,"MOZ":138889.89,"MMR":222735.86,"NAM":23.274345,"NPL":3852.6294,"NLD":889.7932,"NCL":679.00006,"NZL":68583.69,"NIC":33550.566,"NER":0,"NGA":34804.98,"PRK":16389.28,"MKD":2875.2043,"NOR":29443.012,"PAK":198.81395,"PLW":25.407295,"PSE":0.39258862,"PAN":16889.96,"PNG":70866.41,"PRY":508403.6,"PER":270650.4,"PHL":58485.68,"POL":54386.145,"PRT":58193.367,"PRI":649.5101,"REU":836.57996,"ROU":30255.615,"RUS":5354369,"RWA":1054.315,"KNA":9.490657,"LCA":64.567245,"MAF":3.2953439,"VCT":21.432219,"SMR":0.05572962,"STP":0,"SEN":81.28004,"SRB":3260.0466,"SYC":0,"SLE":16341.259,"SGP":89.98471,"SXM":0.29298025,"SVK":9102.253,"SVN":863.89667,"SLB":8717.198,"SOM":182.62689,"ZAF":84623.78,"KOR":15650.071,"SSD":6135.0063,"ESP":79968.69,"LKA":14289.703,"SDN":8.269033,"SUR":18007.113,"SWE":234116.4,"CHE":1429.57,"SYR":5359.7393,"TWN":1349.6366,"TJK":13.775867,"TZA":153393.22,"THA":113186.41,"TGO":1730.9862,"TTO":700.7562,"TUN":1408.2147,"TUR":27922.867,"TKM":4.6543345,"TCA":7.584919,"UGA":28892.402,"UKR":54950.32,"GBR":35107.777,"USA":1952076.9,"VIR":25.524754,"URY":30552.234,"UZB":23.73909,"VUT":152.26776,"VEN":101785.33,"VNM":180643.48,"ZMB":127842.12,"ZWE":13681.027}