{"AFG":0.6922139,"ALA":508.995,"ALB":2524.6663,"DZA":6910.1494,"AND":3.1930263,"AGO":165372.6,"AIA":1.1708091,"ATG":21.124569,"ARG":374654.9,"ARM":34.399017,"ABW":0,"AUS":258392.6,"AUT":7586.7837,"AZE":92.15605,"BHS":1555.6803,"BGD":6014.5215,"BRB":5.021769,"BLR":27973.361,"BEL":3302.7236,"BLZ":16388.9,"BEN":1303.3795,"BTN":451.0554,"BOL":178676.47,"BES":3.172593,"BIH":2448.937,"BWA":10.338811,"BRA":1936836.4,"VGB":2.3386278,"BRN":882.57275,"BGR":3578.854,"BFA":0.22648428,"BDI":1362.3223,"KHM":190006.88,"CMR":83040.48,"CAN":2794492.5,"CYM":17.014906,"CAF":42125.28,"TCD":2892.1213,"CHL":101618.46,"CHN":436963.53,"COL":137414.9,"COM":1713.5322,"COG":53448.793,"CRI":7696.706,"CIV":175769.47,"HRV":2931.78,"CUB":5942.2075,"CUW":5.944114,"CYP":12.428867,"CZE":7625.5195,"COD":915402.44,"DNK":1994.3284,"DMA":21.375841,"DOM":12679.867,"TLS":452.28714,"ECU":47870.35,"EGY":62.20892,"SLV":2038.4519,"GNQ":7106.997,"ERI":0,"EST":17062.145,"SWZ":3098.613,"ETH":29719.264,"FJI":2522.9836,"FIN":148312.58,"FRA":29928.709,"GUF":2793.8884,"GAB":42005.133,"GMB":12.0669,"GEO":151.24355,"DEU":15180.99,"GHA":81118.336,"GRC":5846.7554,"GRD":25.130695,"GLP":164.5406,"GTM":54995.883,"GIN":146110.27,"GNB":20687.57,"GUY":6817.462,"HTI":3129.0366,"HND":43581.098,"HUN":8892.236,"IND":74802.67,"IDN":1137152.9,"IRN":40.830544,"IRQ":2.2216017,"IRL":4727.4805,"ISR":43.910088,"ITA":15162.439,"JAM":1319.174,"JPN":22710.057,"JOR":0,"KAZ":2474.3896,"KEN":13314.061,"KGZ":19.392603,"LAO":205457.9,"LVA":27746.158,"LBN":158.28549,"LSO":4.445071,"LBR":155224.84,"LBY":80.97398,"LIE":1.7909673,"LTU":13894.09,"LUX":346.33344,"MDG":298992.06,"MWI":10447.45,"MYS":333217.28,"MDV":2.0635293,"MLI":408.49466,"MLT":0.12524685,"MTQ":144.7947,"MRT":0,"MUS":212.76543,"MYT":325.16437,"MEX":215603.03,"FSM":0,"MDA":157.96844,"MNG":541.5038,"MNE":2360.9404,"MSR":0.88513327,"MAR":826.7378,"MOZ":160848.52,"MMR":246820.25,"NAM":1.538816,"NPL":674.75024,"NLD":499.63467,"NCL":2094.622,"NZL":76723.445,"NIC":43943.773,"NER":0,"NGA":43149.63,"PRK":4873.399,"MKD":1113.2665,"NOR":32424.227,"PAK":47.519802,"PLW":19.920774,"PSE":0.3292172,"PAN":13874.392,"PNG":55696.867,"PRY":318028.97,"PER":207376.56,"PHL":58245.99,"POL":34885.81,"PRT":51867.492,"PRI":694.03,"REU":1632.3132,"ROU":12596.498,"RUS":4939740.5,"RWA":2439.489,"KNA":4.4124913,"LCA":34.299927,"MAF":1.6111039,"VCT":11.016729,"SMR":0,"STP":0,"SEN":374.2117,"SRB":2659.561,"SYC":0.3796256,"SLE":170245.89,"SGP":25.918482,"SXM":1.9775093,"SVK":5028.3545,"SVN":606.0743,"SLB":9384.072,"SOM":290.53577,"ZAF":55915.547,"KOR":9340.138,"SSD":4157.4976,"ESP":63486.215,"LKA":7876.535,"SDN":4.0936117,"SUR":10064.135,"SWE":197142.38,"CHE":745.6563,"SYR":1263.487,"TWN":890.9571,"TJK":0.059942342,"TZA":179925.97,"THA":84236.35,"TGO":2904.7656,"TTO":751.3604,"TUN":1296.1779,"TUR":22286.605,"TKM":0.30908078,"TCA":10.516317,"UGA":47580.445,"UKR":37510.746,"GBR":28205.46,"USA":1723697.1,"VIR":26.094835,"URY":18954.027,"UZB":21.46123,"VUT":1000.7241,"VEN":63095.766,"VNM":132274.78,"ZMB":83285.33,"ZWE":9548.012}