{"AFG":2.1487596,"ALA":549.09705,"ALB":1017.54614,"DZA":9499.258,"AND":0.74135756,"AGO":210065.72,"AIA":0.2926758,"ATG":23.624092,"ARG":239589.67,"ARM":32.33821,"ABW":0,"AUS":279934.56,"AUT":9753.409,"AZE":286.48828,"BHS":891.6303,"BGD":12049.911,"BRB":1.798752,"BLR":33488.26,"BEL":4211.6206,"BLZ":16487.209,"BEN":1350.1892,"BTN":1149.2968,"BOL":254459.22,"BES":1.2589896,"BIH":1639.9529,"BWA":10.061173,"BRA":2682760.8,"VGB":0.5114687,"BRN":2212.7405,"BGR":6489.5347,"BFA":0,"BDI":2011.062,"KHM":161726.05,"CMR":179569.42,"CAN":2634632.8,"CYM":7.6326733,"CAF":56216.312,"TCD":2997.0117,"CHL":118835.54,"CHN":528184.3,"COL":200697.12,"COM":1458.4911,"COG":70776.66,"CRI":10847.198,"CIV":346796.53,"HRV":4426.693,"CUB":5775.047,"CUW":2.3330786,"CYP":32.098007,"CZE":13878.787,"COD":1330319.9,"DNK":5264.463,"DMA":11.947919,"DOM":13650.922,"TLS":1841.8007,"ECU":30501.404,"EGY":93.811935,"SLV":2305.6628,"GNQ":18900.062,"ERI":0,"EST":23547.719,"SWZ":4926.9272,"ETH":31467.604,"FJI":3500.271,"FIN":186372.95,"FRA":43828.42,"GUF":4075.6907,"GAB":44696.86,"GMB":17.46336,"GEO":82.67113,"DEU":20717.59,"GHA":120127.91,"GRC":3698.145,"GRD":83.46221,"GLP":194.34644,"GTM":61813.625,"GIN":132655.52,"GNB":12841.672,"GUY":11555.219,"HTI":3826.6604,"HND":57419.35,"HUN":14983.902,"IND":131432.73,"IDN":1890665.6,"IRN":55.673584,"IRQ":0.92620724,"IRL":5684.2783,"ISR":120.20506,"ITA":19373.867,"JAM":2822.6677,"JPN":27572.17,"JOR":0.06530604,"KAZ":522.1037,"KEN":15206.149,"KGZ":9.990773,"LAO":243586.95,"LVA":32175.062,"LBN":157.13077,"LSO":9.433566,"LBR":163849.14,"LBY":4.348965,"LIE":2.3714056,"LTU":15920.53,"LUX":426.2398,"MDG":416106.8,"MWI":18517.508,"MYS":645678.25,"MDV":2.6751287,"MLI":269.95944,"MLT":0,"MTQ":155.15265,"MRT":0,"MUS":509.6361,"MYT":1145.384,"MEX":169113.5,"FSM":0,"MDA":344.68286,"MNG":479.82263,"MNE":1387.8601,"MSR":0.2950303,"MAR":1664.0795,"MOZ":199809.16,"MMR":330370.3,"NAM":2.935499,"NPL":890.68677,"NLD":850.8775,"NCL":1949.9598,"NZL":78764.46,"NIC":75476.305,"NER":0,"NGA":68277.59,"PRK":10765.756,"MKD":1783.1932,"NOR":38814.375,"PAK":29.227688,"PLW":91.865585,"PSE":1.1143336,"PAN":13950.606,"PNG":103978.28,"PRY":345187.28,"PER":203728.19,"PHL":101921.78,"POL":55967.414,"PRT":60235.797,"PRI":864.976,"REU":654.7073,"ROU":19087.904,"RUS":4474451.5,"RWA":2859.0684,"KNA":3.7517955,"LCA":39.975113,"MAF":1.244918,"VCT":8.920029,"SMR":0,"STP":0,"SEN":326.26468,"SRB":4091.608,"SYC":0.75917727,"SLE":161486.58,"SGP":189.73688,"SXM":0.21972205,"SVK":17262.445,"SVN":5312.7334,"SLB":16778.557,"SOM":114.67368,"ZAF":69253.88,"KOR":13303.039,"SSD":6066.346,"ESP":73907.99,"LKA":12254.827,"SDN":3.9476545,"SUR":14527.3545,"SWE":242101.94,"CHE":1415.6154,"SYR":952.3181,"TWN":981.55554,"TJK":0.48402378,"TZA":197480.05,"THA":137196.2,"TGO":2508.1646,"TTO":1558.9404,"TUN":2373.7812,"TUR":21771.5,"TKM":0.84463894,"TCA":30.407387,"UGA":54777.586,"UKR":46964.945,"GBR":30033.334,"USA":1726987,"VIR":20.739916,"URY":25290.006,"UZB":82.54941,"VUT":511.52707,"VEN":99472.39,"VNM":217073.66,"ZMB":114000.15,"ZWE":9556.261}