{"AFG":0,"ALA":566.923,"ALB":276.73962,"DZA":5691.0005,"AND":2.1677833,"AGO":161047.69,"AIA":0,"ATG":8.392135,"ARG":179615.11,"ARM":1.2879454,"ABW":0,"AUS":260744.9,"AUT":7904.4116,"AZE":23.282341,"BHS":1084.2336,"BGD":12599.232,"BRB":1.9487004,"BLR":33787.64,"BEL":3392.7625,"BLZ":12268.002,"BEN":597.4786,"BTN":712.2344,"BOL":165768.66,"BES":0,"BIH":531.71356,"BWA":0,"BRA":2218443,"VGB":0,"BRN":1747.8491,"BGR":7130.9624,"BFA":0,"BDI":1447.4727,"KHM":132788.27,"CMR":78612.36,"CAN":2729794.5,"CYM":0.0725171,"CAF":27029.016,"TCD":2588.0142,"CHL":105958.875,"CHN":488795.66,"COL":140493.22,"COM":421.32742,"COG":47293.24,"CRI":3285.7283,"CIV":152430.33,"HRV":2632.6316,"CUB":6677.8994,"CUW":0.6773086,"CYP":19.167992,"CZE":8008.1743,"COD":926325.4,"DNK":2544.3503,"DMA":1.8556317,"DOM":15058.656,"TLS":845.1879,"ECU":29948.482,"EGY":30.520746,"SLV":2375.2183,"GNQ":7432.7656,"ERI":0,"EST":25404.844,"SWZ":3204.5356,"ETH":10162.58,"FJI":1793.2421,"FIN":172535.23,"FRA":36947.234,"GUF":2837.43,"GAB":25117.709,"GMB":10.040479,"GEO":30.369587,"DEU":12784.909,"GHA":57372.4,"GRC":3757.6262,"GRD":6.472311,"GLP":67.99582,"GTM":54195.25,"GIN":161783.69,"GNB":12652.929,"GUY":12867.897,"HTI":3066.7422,"HND":50204.207,"HUN":10645.316,"IND":109435.08,"IDN":1743678.6,"IRN":0,"IRQ":0,"IRL":4476.212,"ISR":50.74849,"ITA":13918.656,"JAM":2894.6748,"JPN":30835.818,"JOR":0,"KAZ":161.59308,"KEN":15570.046,"KGZ":0,"LAO":284754.66,"LVA":30808.312,"LBN":171.63208,"LSO":0.73443043,"LBR":185925.4,"LBY":0.19478585,"LIE":1.3175102,"LTU":15760.391,"LUX":325.30984,"MDG":301437,"MWI":10756.575,"MYS":454031,"MDV":0,"MLI":204.07784,"MLT":0,"MTQ":31.49755,"MRT":0,"MUS":0,"MYT":18.089878,"MEX":196996.33,"FSM":0,"MDA":473.10422,"MNG":7134.8564,"MNE":171.99947,"MSR":0.1474814,"MAR":945.40405,"MOZ":181141.92,"MMR":292781.72,"NAM":6.014804,"NPL":546.74884,"NLD":876.3274,"NCL":475.77045,"NZL":63763.34,"NIC":35500.926,"NER":0,"NGA":40875.375,"PRK":10795.711,"MKD":775.2499,"NOR":36529.316,"PAK":2.0346162,"PLW":0,"PSE":0,"PAN":10562.09,"PNG":179523.83,"PRY":279095.22,"PER":165508.02,"PHL":65711.26,"POL":42575.79,"PRT":46083.22,"PRI":716.4429,"REU":8.562229,"ROU":10778.002,"RUS":2323395.2,"RWA":2199.2673,"KNA":0.95667154,"LCA":6.7266197,"MAF":0,"VCT":1.573696,"SMR":0,"STP":0,"SEN":292.44403,"SRB":2701.1814,"SYC":0,"SLE":232739.02,"SGP":154.74408,"SXM":0,"SVK":5245.7124,"SVN":1007.7278,"SLB":14910.7295,"SOM":65.76453,"ZAF":70048.71,"KOR":17249.797,"SSD":2420.3364,"ESP":65232.227,"LKA":7364.806,"SDN":7.9797177,"SUR":11763.807,"SWE":215855.28,"CHE":747.2127,"SYR":2387.298,"TWN":925.35547,"TJK":0,"TZA":111655.516,"THA":120516.805,"TGO":934.2729,"TTO":664.4104,"TUN":1873.6923,"TUR":27495.766,"TKM":0,"TCA":21.035694,"UGA":53916.902,"UKR":48726.457,"GBR":23924.219,"USA":2286139.2,"VIR":0.29247516,"URY":17543.533,"UZB":0,"VUT":3373.845,"VEN":60950.43,"VNM":217731.58,"ZMB":87011.21,"ZWE":12219.771}