{"AFG":0,"ALA":671.81104,"ALB":907.213,"DZA":7997.814,"AND":0.513482,"AGO":229077.16,"AIA":0,"ATG":14.4254,"ARG":229767.42,"ARM":22.67048,"ABW":0,"AUS":430365.7,"AUT":17135.629,"AZE":14.533474,"BHS":3113.6587,"BGD":21185.979,"BRB":13.941535,"BLR":90154.086,"BEL":4468.465,"BLZ":20584.97,"BEN":2007.4462,"BTN":1898.1545,"BOL":469617.75,"BES":0,"BIH":2130.755,"BWA":0.72764766,"BRA":5371321,"VGB":2.7040286,"BRN":2563.9941,"BGR":7254.772,"BFA":0,"BDI":1562.9701,"KHM":182780.75,"CMR":116013.83,"CAN":2079920.8,"CYM":70.0605,"CAF":50765.64,"TCD":3163.524,"CHL":113665.91,"CHN":716789.8,"COL":290035.8,"COM":122.331215,"COG":113657.47,"CRI":13820.56,"CIV":221091.6,"HRV":5292.0713,"CUB":73981.51,"CUW":2.182095,"CYP":567.9658,"CZE":22746.053,"COD":1379642.2,"DNK":4617.5522,"DMA":7.1239767,"DOM":24879.12,"TLS":1290.3826,"ECU":43810.26,"EGY":35.53959,"SLV":5727.6133,"GNQ":9468.111,"ERI":0,"EST":36312.684,"SWZ":4787.5728,"ETH":19436.328,"FJI":8347.809,"FIN":240266.92,"FRA":60312.41,"GUF":6064.663,"GAB":31661.584,"GMB":5.170541,"GEO":442.61884,"DEU":26581.77,"GHA":119221.7,"GRC":5965.7266,"GRD":58.92301,"GLP":68.988846,"GTM":178431.53,"GIN":215979.64,"GNB":16114.262,"GUY":26129.441,"HTI":17211.627,"HND":188353.22,"HUN":13944.74,"IND":163911.19,"IDN":2419011.2,"IRN":1.8503284,"IRQ":0.18439947,"IRL":9379.307,"ISR":64.02776,"ITA":24390.283,"JAM":1981.2861,"JPN":54235.47,"JOR":0,"KAZ":1221.3037,"KEN":18994.775,"KGZ":7.6431084,"LAO":387480.3,"LVA":44910.34,"LBN":263.13452,"LSO":13.190145,"LBR":168524.64,"LBY":0.32471994,"LIE":4.2162266,"LTU":25448.768,"LUX":517.2736,"MDG":383441.94,"MWI":13508.093,"MYS":565314.94,"MDV":0,"MLI":204.60124,"MLT":0,"MTQ":25.910366,"MRT":0,"MUS":0,"MYT":83.24422,"MEX":273174.6,"FSM":0,"MDA":805.4416,"MNG":4111.37,"MNE":1085.777,"MSR":6.1948485,"MAR":2030.9934,"MOZ":250310.25,"MMR":362081.22,"NAM":1.3206881,"NPL":972.32684,"NLD":1371.3828,"NCL":1313.7852,"NZL":80071.33,"NIC":142326.66,"NER":0,"NGA":72056.01,"PRK":11320.258,"MKD":1475.1871,"NOR":59899.492,"PAK":0,"PLW":0,"PSE":0,"PAN":17340.422,"PNG":176800.84,"PRY":319563.47,"PER":229867.89,"PHL":128806.64,"POL":86175.414,"PRT":94626.8,"PRI":597.8111,"REU":7.404617,"ROU":22791.822,"RUS":5043794.5,"RWA":2762.2944,"KNA":8.315376,"LCA":103.73226,"MAF":0,"VCT":13.714802,"SMR":0,"STP":0,"SEN":254.40698,"SRB":4459.9536,"SYC":0,"SLE":177674.05,"SGP":153.51363,"SXM":0,"SVK":16875.977,"SVN":5342.154,"SLB":17951.516,"SOM":85.840836,"ZAF":73423.016,"KOR":22404.49,"SSD":4035.216,"ESP":107291.266,"LKA":17432.902,"SDN":26.37308,"SUR":16792.916,"SWE":310150.47,"CHE":1628.9381,"SYR":1807.6243,"TWN":3266.2358,"TJK":0,"TZA":152682.4,"THA":171314.55,"TGO":3442.7163,"TTO":1345.447,"TUN":1451.161,"TUR":25369.887,"TKM":0.059443913,"TCA":18.744009,"UGA":67423.305,"UKR":106358,"GBR":28740.586,"USA":2259276.5,"VIR":8.355745,"URY":23795.645,"UZB":0,"VUT":1308.7219,"VEN":206368.23,"VNM":353275.38,"ZMB":141242.81,"ZWE":10903.845}