{"AFG":0,"ALA":733.3712,"ALB":1669.1616,"DZA":45949.582,"AND":3.1369486,"AGO":279879.47,"AIA":0.7318656,"ATG":71.456696,"ARG":233089.08,"ARM":37.621025,"ABW":0,"AUS":236404.53,"AUT":18292.646,"AZE":66.43095,"BHS":3694.1218,"BGD":28363.57,"BRB":15.589212,"BLR":78483.89,"BEL":4092.86,"BLZ":16416.193,"BEN":2232.8079,"BTN":1914.6741,"BOL":461447.06,"BES":0,"BIH":1251.038,"BWA":0.653218,"BRA":4509085,"VGB":225.9279,"BRN":932.5145,"BGR":7488.583,"BFA":0,"BDI":1761.136,"KHM":118327.516,"CMR":186598.58,"CAN":2557080.5,"CYM":73.62158,"CAF":63373.09,"TCD":6764.148,"CHL":214517.19,"CHN":642178,"COL":423924.28,"COM":305.1571,"COG":63249.652,"CRI":22013.154,"CIV":357270.8,"HRV":5746.7627,"CUB":76666.305,"CUW":0.6016335,"CYP":436.44684,"CZE":26449.857,"COD":1465822,"DNK":4303.543,"DMA":23287.871,"DOM":27028.096,"TLS":1698.8682,"ECU":70962.11,"EGY":56.18641,"SLV":4732.5483,"GNQ":11812.758,"ERI":0,"EST":38825.3,"SWZ":6333.1113,"ETH":35198.402,"FJI":3061.5686,"FIN":335873.53,"FRA":68656.94,"GUF":4101.535,"GAB":37756.363,"GMB":7.943546,"GEO":173.23828,"DEU":32627.652,"GHA":115307.29,"GRC":8802.927,"GRD":27.926996,"GLP":59.861496,"GTM":79747.63,"GIN":231562.31,"GNB":16428.514,"GUY":19168.93,"HTI":5437.908,"HND":113409.82,"HUN":14032.182,"IND":179009.06,"IDN":1297627.1,"IRN":99.09588,"IRQ":0.61464286,"IRL":6103.1772,"ISR":97.47023,"ITA":33706.1,"JAM":2192.1482,"JPN":47034.863,"JOR":0.3265106,"KAZ":905.50977,"KEN":22098.014,"KGZ":32.37349,"LAO":348935.84,"LVA":47036.367,"LBN":284.95032,"LSO":6.4651914,"LBR":203132.5,"LBY":10.323017,"LIE":3.42553,"LTU":25705.53,"LUX":408.25504,"MDG":509968.16,"MWI":15321.55,"MYS":483117.5,"MDV":0,"MLI":331.98502,"MLT":0,"MTQ":115.69333,"MRT":0,"MUS":0,"MYT":44.363853,"MEX":298020.1,"FSM":0,"MDA":1060.709,"MNG":25201.137,"MNE":1251.4541,"MSR":0.14751484,"MAR":2354.781,"MOZ":358739.34,"MMR":341470.78,"NAM":1.8336439,"NPL":2321.1511,"NLD":1279.0093,"NCL":1147.4124,"NZL":74589.77,"NIC":211649.6,"NER":0,"NGA":170804.28,"PRK":8447.629,"MKD":1135.8138,"NOR":57680.867,"PAK":185.9221,"PLW":0,"PSE":1.6374831,"PAN":30933.076,"PNG":116519.984,"PRY":359518.88,"PER":300941.16,"PHL":113881.82,"POL":95778.836,"PRT":173879.23,"PRI":56190.86,"REU":0,"ROU":18985.756,"RUS":5281440.5,"RWA":2722.0532,"KNA":3.6784427,"LCA":81.31494,"MAF":3.9545135,"VCT":28.849752,"SMR":0,"STP":0,"SEN":391.19476,"SRB":3408.086,"SYC":0,"SLE":232730.2,"SGP":261.80432,"SXM":4.3944597,"SVK":14141.857,"SVN":4827.4746,"SLB":19714.588,"SOM":303.5122,"ZAF":93923.47,"KOR":20639.303,"SSD":6813.318,"ESP":98197.25,"LKA":13006.35,"SDN":73.73516,"SUR":17915.79,"SWE":330785.4,"CHE":2424.1978,"SYR":2137.6682,"TWN":2530.4502,"TJK":0,"TZA":194701.78,"THA":196172.12,"TGO":7104.805,"TTO":730.4204,"TUN":8529.777,"TUR":33599.68,"TKM":0,"TCA":31.690395,"UGA":116792.28,"UKR":85282.64,"GBR":22929.61,"USA":2306283.5,"VIR":1123.4954,"URY":21792.355,"UZB":1.1086417,"VUT":411.5196,"VEN":166330.84,"VNM":286813.4,"ZMB":162293.34,"ZWE":25847.252}