{"AFG":24.30292,"ALA":619.1653,"ALB":2037.5542,"DZA":5744.579,"AND":13.291326,"AGO":242154.94,"AIA":0,"ATG":162.07997,"ARG":172753.56,"ARM":5.2587504,"ABW":0.3006309,"AUS":250385.47,"AUT":26276.55,"AZE":73.28279,"BHS":908.5555,"BGD":19332.371,"BRB":22.33444,"BLR":87292.29,"BEL":4604.3496,"BLZ":11153.721,"BEN":1818.8887,"BTN":1219.6538,"BOL":301505.8,"BES":0.44077927,"BIH":2551.7449,"BWA":2.1137657,"BRA":2945258,"VGB":5.9930644,"BRN":800.0383,"BGR":9574.555,"BFA":0,"BDI":2861.0554,"KHM":113179.04,"CMR":120472.445,"CAN":2140162.2,"CYM":42.097744,"CAF":40713.85,"TCD":6930.411,"CHL":76787.34,"CHN":568280,"COL":351761.12,"COM":216.3523,"COG":62404.348,"CRI":12286.096,"CIV":324659.78,"HRV":8195.338,"CUB":14885.401,"CUW":0.5265787,"CYP":32.1969,"CZE":39148.312,"COD":1372308.6,"DNK":3142.4744,"DMA":778.34235,"DOM":13957.908,"TLS":1232.9492,"ECU":38631.6,"EGY":60.955696,"SLV":2697.5903,"GNQ":7780.066,"ERI":0,"EST":40021.402,"SWZ":1913.721,"ETH":18794.389,"FJI":1335.1359,"FIN":269823.88,"FRA":68722.38,"GUF":3708.251,"GAB":26552.945,"GMB":6.1459417,"GEO":276.75415,"DEU":51988.27,"GHA":151508.92,"GRC":7062.824,"GRD":109.80816,"GLP":96.089775,"GTM":71094.06,"GIN":182875.5,"GNB":14388.666,"GUY":11650.209,"HTI":4113.2095,"HND":76222.41,"HUN":13756.5625,"IND":125044.016,"IDN":1217328.9,"IRN":64.64118,"IRQ":0,"IRL":8368.666,"ISR":38.412422,"ITA":38546.656,"JAM":2230.148,"JPN":50169.18,"JOR":0,"KAZ":1071.7781,"KEN":15832.739,"KGZ":16.395205,"LAO":294553.9,"LVA":46903.21,"LBN":254.07437,"LSO":7.0478206,"LBR":204804.47,"LBY":2.5975368,"LIE":5.7983074,"LTU":19721.506,"LUX":456.57776,"MDG":366401.84,"MWI":15500.263,"MYS":437906.7,"MDV":0,"MLI":298.6478,"MLT":0,"MTQ":50.56942,"MRT":0,"MUS":0,"MYT":72.28338,"MEX":266304.9,"FSM":0,"MDA":842.411,"MNG":9209.777,"MNE":1628.089,"MSR":9.2952585,"MAR":2063.9236,"MOZ":172278.88,"MMR":278519.53,"NAM":7.8597717,"NPL":1593.4333,"NLD":1244.9958,"NCL":3046.5762,"NZL":78936.805,"NIC":71338.055,"NER":0,"NGA":119735.44,"PRK":7656.163,"MKD":1533.9685,"NOR":58972.934,"PAK":67.413315,"PLW":3.891266,"PSE":1.8321205,"PAN":27968.453,"PNG":117197.01,"PRY":258706.53,"PER":211036.94,"PHL":70350.2,"POL":96674.555,"PRT":97424.234,"PRI":1224.8787,"REU":0,"ROU":18865.117,"RUS":5555904,"RWA":4278.159,"KNA":4.781105,"LCA":31.762224,"MAF":0,"VCT":16.712364,"SMR":0.22314502,"STP":0,"SEN":300.64365,"SRB":3860.7456,"SYC":0,"SLE":188194.81,"SGP":288.25772,"SXM":0,"SVK":17662.148,"SVN":8180.2036,"SLB":17810.105,"SOM":42.890396,"ZAF":63545.43,"KOR":21784.629,"SSD":2610.821,"ESP":119388.32,"LKA":13105.481,"SDN":16.115763,"SUR":18922.523,"SWE":290012.3,"CHE":3076.2395,"SYR":900.85205,"TWN":1868.7719,"TJK":0,"TZA":171571.5,"THA":133449.58,"TGO":6761.1235,"TTO":944.21204,"TUN":901.86194,"TUR":35438.766,"TKM":0,"TCA":36.057983,"UGA":86146.266,"UKR":74111.47,"GBR":26205.201,"USA":2088961.5,"VIR":44.733654,"URY":19496.566,"UZB":0.29305068,"VUT":1016.07104,"VEN":111722,"VNM":225083.39,"ZMB":143822.39,"ZWE":6530.5366}