{"AFG":12.840059,"ALA":2359.009,"ALB":1056.4333,"DZA":6276.5635,"AND":7.5269094,"AGO":174892.4,"AIA":0,"ATG":23.410309,"ARG":145244.94,"ARM":0.35529256,"ABW":0,"AUS":1660516.6,"AUT":33570.465,"AZE":9.645308,"BHS":1549.9453,"BGD":22071.691,"BRB":53.588436,"BLR":74920.62,"BEL":5527.8022,"BLZ":18413.414,"BEN":772.31226,"BTN":785.16907,"BOL":852798.1,"BES":1.5425652,"BIH":1175.3806,"BWA":0.072190665,"BRA":2693011.8,"VGB":0.8769921,"BRN":1166.4635,"BGR":4057.173,"BFA":0,"BDI":2381.1826,"KHM":143302.52,"CMR":121461.91,"CAN":2171913,"CYM":10.324091,"CAF":48805.074,"TCD":5057.3257,"CHL":78613.23,"CHN":495286.25,"COL":267957.9,"COM":279.2163,"COG":73504.42,"CRI":11465.753,"CIV":242186.9,"HRV":5918.4673,"CUB":7433.917,"CUW":2.1818032,"CYP":39.08746,"CZE":73213.77,"COD":1218961.5,"DNK":9111.42,"DMA":57.89255,"DOM":14919.465,"TLS":1487.7806,"ECU":35616.805,"EGY":19.386566,"SLV":2243.6245,"GNQ":9478.106,"ERI":0,"EST":45895.52,"SWZ":4101.3594,"ETH":25471.79,"FJI":1444.392,"FIN":289824.6,"FRA":80741.39,"GUF":3266.776,"GAB":28300.984,"GMB":20.085571,"GEO":151.4857,"DEU":107801.195,"GHA":88256.73,"GRC":7535.8623,"GRD":21.062977,"GLP":68.041245,"GTM":90233.12,"GIN":193661.19,"GNB":15613.458,"GUY":22166.254,"HTI":4388.2295,"HND":81390.945,"HUN":14350.54,"IND":115594.78,"IDN":1175420.1,"IRN":129.2757,"IRQ":0,"IRL":10315.444,"ISR":53.70535,"ITA":59394.707,"JAM":2288.4224,"JPN":51021.918,"JOR":0.32639357,"KAZ":1222.44,"KEN":15880.866,"KGZ":14.165501,"LAO":364605.5,"LVA":57377.6,"LBN":385.2556,"LSO":8.327021,"LBR":171697.2,"LBY":1.9493623,"LIE":11.228348,"LTU":24528.496,"LUX":507.09177,"MDG":254072.23,"MWI":12141.037,"MYS":395335,"MDV":0,"MLI":210.75723,"MLT":0,"MTQ":60.025486,"MRT":0,"MUS":0,"MYT":34.90639,"MEX":326862.06,"FSM":0,"MDA":802.51666,"MNG":2771.0422,"MNE":635.2913,"MSR":4.351869,"MAR":1240.3044,"MOZ":235527.62,"MMR":309200.1,"NAM":1.9669958,"NPL":1973.1763,"NLD":2437.9868,"NCL":798.23987,"NZL":71254.04,"NIC":77807.97,"NER":0,"NGA":86841.99,"PRK":27412.258,"MKD":1777.9761,"NOR":64631.723,"PAK":74.264435,"PLW":8.698362,"PSE":0.26246855,"PAN":33985.336,"PNG":94484.16,"PRY":312896.66,"PER":230550.36,"PHL":63931.973,"POL":76581.89,"PRT":36875.09,"PRI":691.4348,"REU":0,"ROU":12184.9795,"RUS":3682303.8,"RWA":2509.7576,"KNA":8.241383,"LCA":21.372375,"MAF":0.3661525,"VCT":10.942732,"SMR":0.5018789,"STP":0,"SEN":277.48978,"SRB":3865.2266,"SYC":0,"SLE":175455.2,"SGP":287.6431,"SXM":0,"SVK":10297.393,"SVN":3417.0396,"SLB":16530.3,"SOM":373.13898,"ZAF":75980.31,"KOR":20687.951,"SSD":3710.7527,"ESP":70856.555,"LKA":10259.088,"SDN":53.88742,"SUR":18354.018,"SWE":332737.06,"CHE":3453.684,"SYR":1173.1194,"TWN":1408.7372,"TJK":0,"TZA":142682.72,"THA":129647.11,"TGO":5185.229,"TTO":653.36707,"TUN":572.2217,"TUR":38903.945,"TKM":0,"TCA":16.599787,"UGA":63180.34,"UKR":44979.695,"GBR":28311.87,"USA":2106413.5,"VIR":19.216227,"URY":14499.102,"UZB":15.469498,"VUT":243.08066,"VEN":140066.31,"VNM":216702.8,"ZMB":124507.78,"ZWE":11497.8}