{"AFG":32.391853,"ALA":672.18085,"ALB":1104.44,"DZA":13055.279,"AND":26.923592,"AGO":247580.14,"AIA":0,"ATG":14.941507,"ARG":197086.34,"ARM":17.539207,"ABW":0,"AUS":2355743.5,"AUT":25862.607,"AZE":19.248175,"BHS":2689.5093,"BGD":21464.004,"BRB":22.109709,"BLR":68796.7,"BEL":5354.14,"BLZ":26709.686,"BEN":1601.0652,"BTN":1234.4485,"BOL":428387.06,"BES":9.4775505,"BIH":1764.8586,"BWA":1.0897946,"BRA":3286618.5,"VGB":0.07308887,"BRN":1164.1272,"BGR":4698.5786,"BFA":0,"BDI":1847.8633,"KHM":143468.06,"CMR":202385.44,"CAN":1191176.8,"CYM":8.432295,"CAF":54831.953,"TCD":3432.5745,"CHL":70415.77,"CHN":420536.25,"COL":323606.06,"COM":263.25153,"COG":64197.84,"CRI":8228.434,"CIV":248528.95,"HRV":5990.357,"CUB":12570.282,"CUW":1.8809161,"CYP":30.473095,"CZE":100179.3,"COD":1308350.9,"DNK":3166.2693,"DMA":65.09126,"DOM":21425.916,"TLS":1448.8339,"ECU":48805.574,"EGY":17.083456,"SLV":2201.0952,"GNQ":4854.42,"ERI":0,"EST":36784.32,"SWZ":2672.2236,"ETH":17836.254,"FJI":2038.4186,"FIN":254395.5,"FRA":77276.016,"GUF":4236.67,"GAB":21609.047,"GMB":9.817622,"GEO":203.8232,"DEU":186484.23,"GHA":136598.66,"GRC":5361.4355,"GRD":18.437002,"GLP":50.51824,"GTM":98524.28,"GIN":178380.38,"GNB":17096.805,"GUY":15638.67,"HTI":3792.7434,"HND":93608.25,"HUN":11966.476,"IND":130585.58,"IDN":960275.94,"IRN":16.846216,"IRQ":0,"IRL":6195.0327,"ISR":45.35994,"ITA":28031.686,"JAM":2163.7466,"JPN":47761.617,"JOR":0.065307096,"KAZ":1798.1211,"KEN":18896.248,"KGZ":9.995858,"LAO":357386.3,"LVA":50435.965,"LBN":470.70953,"LSO":15.324859,"LBR":219958.72,"LBY":0.58592385,"LIE":2.5822594,"LTU":22928.424,"LUX":649.7058,"MDG":240885.6,"MWI":16057.204,"MYS":268686.72,"MDV":0,"MLI":148.84741,"MLT":0,"MTQ":63.530766,"MRT":0,"MUS":0,"MYT":166.71341,"MEX":298876.3,"FSM":0,"MDA":1390.8801,"MNG":423.6726,"MNE":962.9221,"MSR":2.2125428,"MAR":3615.6301,"MOZ":232410.44,"MMR":309683.3,"NAM":1.4609834,"NPL":2132.7124,"NLD":1877.878,"NCL":4037.7827,"NZL":60743.5,"NIC":111237.6,"NER":0,"NGA":99097.555,"PRK":14680.648,"MKD":1840.4768,"NOR":67963.91,"PAK":59.234818,"PLW":15.796543,"PSE":0.13073875,"PAN":27305,"PNG":77952.414,"PRY":243135.69,"PER":277855.56,"PHL":63579.492,"POL":74767.18,"PRT":62029.133,"PRI":677.70483,"REU":0,"ROU":27283.135,"RUS":5435185.5,"RWA":3168.482,"KNA":10.076416,"LCA":39.61216,"MAF":1.6111002,"VCT":6.5950027,"SMR":0,"STP":0,"SEN":757.256,"SRB":4825.4365,"SYC":0,"SLE":154626.22,"SGP":164.357,"SXM":0,"SVK":11903.242,"SVN":3832.078,"SLB":14578.689,"SOM":153.29218,"ZAF":62002.758,"KOR":20069.367,"SSD":2286.2407,"ESP":101721.15,"LKA":11174.035,"SDN":64.14294,"SUR":15021.391,"SWE":339819.5,"CHE":3861.0708,"SYR":3033.199,"TWN":1442.1962,"TJK":0.18439505,"TZA":186016.11,"THA":119220.23,"TGO":5444.168,"TTO":857.4903,"TUN":1060.3716,"TUR":45098.664,"TKM":0,"TCA":34.341125,"UGA":73481.5,"UKR":79180.91,"GBR":22781.795,"USA":1963484.9,"VIR":14.005827,"URY":12703.904,"UZB":2.467318,"VUT":3884.7573,"VEN":138586.55,"VNM":207543.34,"ZMB":162690.73,"ZWE":6190.6475}