{"AFG":25.282333,"ALA":1354.5907,"ALB":1672.2246,"DZA":20457.885,"AND":1.8252573,"AGO":297882.03,"AIA":1.6827817,"ATG":39.011658,"ARG":201629.86,"ARM":4.1461186,"ABW":0,"AUS":260521.31,"AUT":16603.943,"AZE":78.779495,"BHS":1543.1998,"BGD":17576.906,"BRB":17.163876,"BLR":63380.793,"BEL":9085.924,"BLZ":9301.899,"BEN":1698.3976,"BTN":1238.5,"BOL":559047.6,"BES":0.22568747,"BIH":977.30835,"BWA":1.2799566,"BRA":2985832.2,"VGB":3.8004606,"BRN":941.8082,"BGR":6579.3794,"BFA":0,"BDI":2261.7288,"KHM":144224.75,"CMR":168341.8,"CAN":2522271,"CYM":10.105221,"CAF":66665.945,"TCD":5094.0806,"CHL":71457.97,"CHN":534559.7,"COL":264574.06,"COM":161.75266,"COG":57884.918,"CRI":7823.201,"CIV":183257.44,"HRV":5216.8877,"CUB":9670.239,"CUW":3.6122236,"CYP":641.28503,"CZE":56245.953,"COD":1246458.8,"DNK":4752.151,"DMA":30.13653,"DOM":14173.083,"TLS":1416.2771,"ECU":30221.066,"EGY":16.29376,"SLV":1486.6113,"GNQ":8871.847,"ERI":0,"EST":33987.38,"SWZ":3139.0261,"ETH":19634.91,"FJI":7158.1157,"FIN":266814.56,"FRA":112072.21,"GUF":2151.083,"GAB":18002.783,"GMB":18.887499,"GEO":374.7484,"DEU":201835.73,"GHA":101389.85,"GRC":48979.117,"GRD":15.954712,"GLP":66.69796,"GTM":49863.324,"GIN":167344.81,"GNB":13675.658,"GUY":9397.692,"HTI":2405.2966,"HND":69453.65,"HUN":13714.597,"IND":125523.445,"IDN":839695.2,"IRN":20.379213,"IRQ":0,"IRL":8760.877,"ISR":27.450275,"ITA":28074.91,"JAM":1482.8317,"JPN":48224.227,"JOR":0,"KAZ":683.4669,"KEN":7537.384,"KGZ":16.735413,"LAO":317478.53,"LVA":48402.414,"LBN":670.88916,"LSO":15.574456,"LBR":129698.27,"LBY":0.19490911,"LIE":0.5269174,"LTU":22600.203,"LUX":1048.5579,"MDG":234626.16,"MWI":16570.713,"MYS":277494.2,"MDV":0,"MLI":130.30923,"MLT":0,"MTQ":43.254295,"MRT":0,"MUS":0,"MYT":63.4247,"MEX":188565.12,"FSM":0,"MDA":1096.5338,"MNG":171.74971,"MNE":498.33716,"MSR":2.5073428,"MAR":1532.4548,"MOZ":277891.34,"MMR":303919.88,"NAM":4.521776,"NPL":2606.3638,"NLD":2390.626,"NCL":634.5193,"NZL":66069.12,"NIC":91769.81,"NER":0,"NGA":97051.69,"PRK":13572.99,"MKD":2296.3677,"NOR":63679.664,"PAK":50.78496,"PLW":3.280797,"PSE":0,"PAN":24378.963,"PNG":76116.84,"PRY":276552.38,"PER":224299.67,"PHL":48745.05,"POL":77393.164,"PRT":37216.312,"PRI":689.5816,"REU":0,"ROU":14597.233,"RUS":6513904,"RWA":2913.6748,"KNA":9.195702,"LCA":33.25888,"MAF":2.1235824,"VCT":12.661684,"SMR":0,"STP":0,"SEN":176.25052,"SRB":3969.4417,"SYC":0.15183578,"SLE":113016.73,"SGP":200.50311,"SXM":0.07325181,"SVK":6071.203,"SVN":2196.7432,"SLB":11985.572,"SOM":167.8285,"ZAF":51853.98,"KOR":17294.441,"SSD":2790.8494,"ESP":85581.88,"LKA":13261.688,"SDN":47.887444,"SUR":12152.066,"SWE":333045.97,"CHE":3380.4402,"SYR":2852.095,"TWN":1446.3394,"TJK":0,"TZA":164949.97,"THA":122693.59,"TGO":5834.8037,"TTO":314.94382,"TUN":2078.006,"TUR":79010.33,"TKM":0,"TCA":43.21771,"UGA":49199.7,"UKR":66305.73,"GBR":26134.912,"USA":2040922.5,"VIR":19.057825,"URY":16975.998,"UZB":3.2740128,"VUT":55.685047,"VEN":63825.09,"VNM":192947.44,"ZMB":201078.48,"ZWE":8975.684}