{"AFG":5.8093433,"ALA":1164.9268,"ALB":2082.1028,"DZA":13433.732,"AND":13.91555,"AGO":266594.4,"AIA":0.21949719,"ATG":37.319565,"ARG":231775.12,"ARM":7.0353928,"ABW":0,"AUS":118634.02,"AUT":19824.285,"AZE":140.314,"BHS":590.51514,"BGD":13788.769,"BRB":5.2463236,"BLR":64867.656,"BEL":4802.1577,"BLZ":8189.473,"BEN":1668.044,"BTN":1205.0702,"BOL":594348.1,"BES":0,"BIH":1965.2799,"BWA":1.8617125,"BRA":3303933.8,"VGB":2.0463164,"BRN":914.6011,"BGR":4025.723,"BFA":0,"BDI":1600.9795,"KHM":103847.87,"CMR":147404.9,"CAN":2297729,"CYM":26.246784,"CAF":50694.36,"TCD":5442.8066,"CHL":67780.06,"CHN":609888.7,"COL":265244.62,"COM":163.365,"COG":59116.062,"CRI":8546.508,"CIV":172468.58,"HRV":7758.83,"CUB":4864.833,"CUW":4.741046,"CYP":71.1727,"CZE":34725.87,"COD":1218625,"DNK":3346.1365,"DMA":31.619198,"DOM":13134.755,"TLS":1104.9448,"ECU":52451.332,"EGY":11.348736,"SLV":1627.2592,"GNQ":7716.5703,"ERI":0,"EST":39190.31,"SWZ":1928.6741,"ETH":19831.482,"FJI":980.9893,"FIN":255304.8,"FRA":58433.758,"GUF":3756.5627,"GAB":29080.904,"GMB":17.014507,"GEO":264.8593,"DEU":86168.63,"GHA":118623.93,"GRC":9747.409,"GRD":20.47036,"GLP":40.39044,"GTM":46342.27,"GIN":130187.11,"GNB":9775.046,"GUY":10406.042,"HTI":1839.8104,"HND":57326.156,"HUN":14760.504,"IND":113976.68,"IDN":883724.9,"IRN":93.7361,"IRQ":0,"IRL":6739.098,"ISR":79.204735,"ITA":28495.64,"JAM":1131.3668,"JPN":53499.336,"JOR":0,"KAZ":3571.0823,"KEN":6616.034,"KGZ":29.330437,"LAO":321618.7,"LVA":57115.27,"LBN":582.9101,"LSO":3.0263627,"LBR":152040.83,"LBY":0,"LIE":1.8960007,"LTU":23691.777,"LUX":319.48544,"MDG":256142.75,"MWI":14873.035,"MYS":247979.38,"MDV":0,"MLI":159.1962,"MLT":0,"MTQ":32.313347,"MRT":0,"MUS":0,"MYT":72.947334,"MEX":178357.03,"FSM":0,"MDA":1111.5913,"MNG":92.0197,"MNE":1155.9277,"MSR":0.5900701,"MAR":12005.996,"MOZ":237732.73,"MMR":260734.75,"NAM":1.4525297,"NPL":1890.9607,"NLD":1157.2766,"NCL":366.24362,"NZL":58344.8,"NIC":48963.227,"NER":0,"NGA":106099.5,"PRK":8985.689,"MKD":2434.0662,"NOR":67036.34,"PAK":39.79633,"PLW":9.314853,"PSE":0,"PAN":17333.045,"PNG":141532.05,"PRY":216878.86,"PER":235252.58,"PHL":84350.91,"POL":72027.74,"PRT":46867.523,"PRI":612.76526,"REU":0,"ROU":16384.932,"RUS":4283179,"RWA":2531.8376,"KNA":4.339269,"LCA":34.30942,"MAF":0.073225796,"VCT":62.560955,"SMR":0,"STP":0,"SEN":289.10913,"SRB":4378.165,"SYC":0,"SLE":119913.63,"SGP":102.21305,"SXM":0.512747,"SVK":5181.2173,"SVN":2820.8535,"SLB":14474.199,"SOM":125.36783,"ZAF":40888.91,"KOR":25594.926,"SSD":3418.4116,"ESP":137665.81,"LKA":8385.297,"SDN":41.124805,"SUR":14406.492,"SWE":329775.56,"CHE":1933.2214,"SYR":456.06613,"TWN":1488.8932,"TJK":0.12240774,"TZA":160563.81,"THA":110560.63,"TGO":4999.2383,"TTO":374.37564,"TUN":2941.2007,"TUR":53114.074,"TKM":0,"TCA":15.671028,"UGA":64087.11,"UKR":47765.38,"GBR":34067.246,"USA":2201133.5,"VIR":32.99897,"URY":15842.815,"UZB":7.2513676,"VUT":44.441494,"VEN":55370.613,"VNM":165065.8,"ZMB":178880.31,"ZWE":8205.031}