{"AFG":13.790075,"ALA":1092.809,"ALB":2482.8025,"DZA":22012.295,"AND":5.6459446,"AGO":267930.44,"AIA":0,"ATG":19.131912,"ARG":215744.34,"ARM":84.66336,"ABW":0,"AUS":190606.98,"AUT":26473.152,"AZE":450.20862,"BHS":1256.4219,"BGD":17769.94,"BRB":5.8459077,"BLR":59184.285,"BEL":7553.131,"BLZ":22563.105,"BEN":2599.6855,"BTN":1772.6061,"BOL":696019.5,"BES":0,"BIH":3822.609,"BWA":2.3950334,"BRA":2803516.2,"VGB":1.8269286,"BRN":913.611,"BGR":5546.0083,"BFA":0,"BDI":1947.4988,"KHM":120814.2,"CMR":203939.73,"CAN":8569618,"CYM":24.627073,"CAF":54292.742,"TCD":11065.449,"CHL":107287.05,"CHN":601861.06,"COL":196406.92,"COM":151.58679,"COG":67274.734,"CRI":9042.451,"CIV":190293.92,"HRV":10394.113,"CUB":18767.191,"CUW":3.2346444,"CYP":53.616875,"CZE":24361.566,"COD":1323854.9,"DNK":3964.0186,"DMA":144.81099,"DOM":22942.75,"TLS":1469.594,"ECU":42947.73,"EGY":34.01652,"SLV":1783.2039,"GNQ":8508.912,"ERI":0,"EST":36144.117,"SWZ":2029.4453,"ETH":36164.727,"FJI":787.6384,"FIN":241742.88,"FRA":85783.01,"GUF":5032.0854,"GAB":19616.607,"GMB":12.067643,"GEO":770.2828,"DEU":122663.016,"GHA":112578.31,"GRC":45948.188,"GRD":26.56414,"GLP":36.682762,"GTM":71077.695,"GIN":154106.77,"GNB":11473.836,"GUY":27798.117,"HTI":2550.982,"HND":84431.75,"HUN":19650.818,"IND":136343.67,"IDN":1394605.8,"IRN":134.08575,"IRQ":3.169095,"IRL":6851.5347,"ISR":61.348804,"ITA":44581.414,"JAM":1969.2855,"JPN":50409.973,"JOR":0.3918948,"KAZ":19984.305,"KEN":11231.534,"KGZ":93.69656,"LAO":445367.28,"LVA":54485.742,"LBN":521.6796,"LSO":1.3439153,"LBR":155254.64,"LBY":66.98676,"LIE":0.58032966,"LTU":24723.03,"LUX":908.16516,"MDG":303029.66,"MWI":22971.469,"MYS":308584.94,"MDV":14.215299,"MLI":315.6213,"MLT":0,"MTQ":106.19865,"MRT":0,"MUS":0,"MYT":54.19938,"MEX":226052.31,"FSM":0,"MDA":1359.2628,"MNG":836.0601,"MNE":1635.1729,"MSR":0,"MAR":3998.0264,"MOZ":262112.23,"MMR":306959.8,"NAM":3.2298992,"NPL":2198.2786,"NLD":1542.4028,"NCL":589.797,"NZL":50400.59,"NIC":117524.58,"NER":0,"NGA":85233.734,"PRK":10093.1875,"MKD":2772.3674,"NOR":57932.5,"PAK":133.25221,"PLW":34.519676,"PSE":0.19615166,"PAN":25107.184,"PNG":83572.22,"PRY":184492.03,"PER":227329.33,"PHL":42653.258,"POL":76004.96,"PRT":36385.28,"PRI":760.0876,"REU":0,"ROU":25193.066,"RUS":3353008.2,"RWA":3033.167,"KNA":3.2356858,"LCA":24.436579,"MAF":0.07323607,"VCT":11.090155,"SMR":0.39042938,"STP":0,"SEN":161.53465,"SRB":7656.637,"SYC":0,"SLE":99677.51,"SGP":185.89198,"SXM":0.36624265,"SVK":9817.102,"SVN":4562.951,"SLB":9571.256,"SOM":104.60085,"ZAF":29549.098,"KOR":21591.8,"SSD":6139.2397,"ESP":85828.766,"LKA":11676.468,"SDN":22.04793,"SUR":26061.844,"SWE":313878.66,"CHE":3074.4846,"SYR":2444.021,"TWN":1946.3373,"TJK":14.216948,"TZA":228937.75,"THA":141786.55,"TGO":4444.168,"TTO":844.6265,"TUN":3445.7075,"TUR":53746.38,"TKM":0,"TCA":23.821966,"UGA":68876.42,"UKR":66974.28,"GBR":21573.992,"USA":1381352.5,"VIR":26.847876,"URY":20882.844,"UZB":0.51379085,"VUT":825.5907,"VEN":76350.7,"VNM":135286.86,"ZMB":190185.33,"ZWE":5655.9126}