{"AFG":7.871379,"ALA":951.086,"ALB":877.2167,"DZA":4397.7837,"AND":16.53794,"AGO":282733.94,"AIA":0,"ATG":42.032127,"ARG":202719.62,"ARM":28.747713,"ABW":0,"AUS":180504.11,"AUT":27429.576,"AZE":162.6973,"BHS":1957.8395,"BGD":15911.065,"BRB":8.469051,"BLR":71081.21,"BEL":6065.565,"BLZ":33987.875,"BEN":1389.4656,"BTN":1162.0148,"BOL":1812578.1,"BES":0,"BIH":2121.615,"BWA":1.2342627,"BRA":4387883,"VGB":0.0730786,"BRN":1038.9774,"BGR":5257.086,"BFA":0,"BDI":2132.3772,"KHM":93417.4,"CMR":178795.55,"CAN":5164922,"CYM":35.545403,"CAF":60454.8,"TCD":13084.126,"CHL":47606.477,"CHN":673569.3,"COL":212750.2,"COM":494.44687,"COG":114287.29,"CRI":8285.342,"CIV":165109.97,"HRV":7415.1035,"CUB":10056.631,"CUW":2.3324754,"CYP":158.11865,"CZE":19556.125,"COD":1375674.1,"DNK":3627.871,"DMA":45.7769,"DOM":12992.158,"TLS":940.83984,"ECU":61942.637,"EGY":29.85024,"SLV":1673.8118,"GNQ":7735.149,"ERI":0,"EST":34884.87,"SWZ":2421.7952,"ETH":27783.006,"FJI":1074.0826,"FIN":233586.14,"FRA":78512.91,"GUF":4474.9688,"GAB":28941.656,"GMB":15.360245,"GEO":485.63388,"DEU":89432.22,"GHA":107910.164,"GRC":12443.525,"GRD":228.84406,"GLP":28.550838,"GTM":141961.45,"GIN":146769.56,"GNB":9292.807,"GUY":107173.22,"HTI":2409.0542,"HND":74931.484,"HUN":12697.255,"IND":125677.914,"IDN":1119481.2,"IRN":61.08604,"IRQ":1.8619493,"IRL":7322.567,"ISR":61.03047,"ITA":32825.188,"JAM":1814.9716,"JPN":53588.055,"JOR":1.1103652,"KAZ":2851.066,"KEN":14056.916,"KGZ":52.366478,"LAO":351069.3,"LVA":56603.984,"LBN":504.68298,"LSO":1.2804383,"LBR":166485.2,"LBY":40.014923,"LIE":5.271199,"LTU":22286.049,"LUX":584.54517,"MDG":230974.06,"MWI":17077.838,"MYS":282432,"MDV":18.798958,"MLI":236.50284,"MLT":0,"MTQ":57.333683,"MRT":0,"MUS":0,"MYT":1158.544,"MEX":330263.47,"FSM":0,"MDA":1796.5609,"MNG":2704.9775,"MNE":632.4009,"MSR":0.8852101,"MAR":1398.9243,"MOZ":298308.12,"MMR":276568.22,"NAM":0.9533285,"NPL":2578.9375,"NLD":1480.0322,"NCL":1761.6875,"NZL":39448.81,"NIC":157942.25,"NER":0,"NGA":105592.02,"PRK":11981.034,"MKD":2035.825,"NOR":66267,"PAK":103.402626,"PLW":6.9443207,"PSE":0.72383785,"PAN":21537.047,"PNG":81946.19,"PRY":265670.62,"PER":268020.2,"PHL":59070.45,"POL":71484.13,"PRT":43375.285,"PRI":363.77438,"REU":0,"ROU":19983.572,"RUS":5177630.5,"RWA":3596.1917,"KNA":5.223632,"LCA":18.908657,"MAF":4.0275555,"VCT":40.86517,"SMR":0.1673345,"STP":0,"SEN":154.15768,"SRB":4110.27,"SYC":0,"SLE":130658.64,"SGP":64.06598,"SXM":1.0254303,"SVK":7623.685,"SVN":3699.4097,"SLB":11050.244,"SOM":139.84627,"ZAF":39483.91,"KOR":15595.15,"SSD":5506.808,"ESP":77939.83,"LKA":11719.618,"SDN":27.057997,"SUR":33966.83,"SWE":315303.06,"CHE":4130.6143,"SYR":985.0515,"TWN":3680.679,"TJK":0.48806652,"TZA":225552.81,"THA":141565.05,"TGO":5729.2056,"TTO":1103.6406,"TUN":1662.8932,"TUR":39865.64,"TKM":0,"TCA":21.320105,"UGA":64802.98,"UKR":80150.32,"GBR":22786.006,"USA":1594603.2,"VIR":20.610529,"URY":11448.682,"UZB":3.2466826,"VUT":303.88235,"VEN":144477.02,"VNM":128409.29,"ZMB":229226.03,"ZWE":5821.214}