{"AFG":-1.2023159,"ALB":-1.9856519,"DZA":-2.3977382,"ASM":-0.33161435,"AND":-2.0417109,"AGO":-0.81803876,"AIA":-0.31532192,"ATG":-0.35405922,"ARG":-1.4570675,"ARM":-0.91149974,"AUS":0.38593546,"AUT":-3.1409874,"AZE":-0.4182671,"BHS":-0.47871923,"BHR":0.14831702,"BGD":-0.94015235,"BLR":-3.5188863,"BEL":-1.7871557,"BLZ":-1.4042915,"BEN":-0.9523762,"BTN":-1.833694,"BOL":-1.0306067,"BIH":-3.8250554,"BWA":-0.28275752,"BRA":-0.7659704,"BRN":-1.3633032,"BGR":-2.6225054,"BFA":-0.513107,"BDI":-1.1809283,"KHM":-2.0565436,"CMR":-0.78157026,"CAN":-0.282655,"CPV":-0.12507232,"CYM":-0.2911903,"CAF":-0.63014954,"TCD":-1.1411978,"CHL":-1.2045763,"CHN":-1.154482,"COL":-0.8067171,"COM":-0.34825167,"COG":-0.7468338,"COK":-0.9138899,"CRI":-0.6125782,"CIV":-1.1028156,"HRV":-3.5926297,"CUB":-0.361406,"CYP":-1.2816254,"CZE":-3.2279766,"COD":-1.0890007,"DNK":-2.285044,"DJI":-1.0408064,"DOM":-0.7935856,"TLS":-0.7367881,"ECU":-0.39249262,"EGY":-1.6812397,"SLV":-0.9623194,"GNQ":-1.1969562,"ERI":-1.6845652,"EST":-2.777443,"SWZ":-0.0129373865,"ETH":-1.7447006,"FLK":-0.7546608,"FRO":-0.27604008,"FJI":-0.9027958,"FIN":-2.0943878,"FRA":-1.6110417,"PYF":-0.24300687,"GAB":-1.0877161,"GMB":-0.44926867,"GEO":-0.95932287,"DEU":-2.808839,"GHA":-0.97376615,"GRC":-1.4878203,"GRL":-0.65561074,"GTM":-1.319194,"GIN":-1.0659146,"GNB":-0.7133155,"GUY":-0.324268,"HTI":-0.6676359,"HMD":-0.787924,"HND":-1.2087073,"HKG":-1.4504453,"HUN":-3.3173244,"ISL":-2.5962188,"IND":-0.9220498,"IDN":-1.0683227,"IRN":-1.1748656,"IRQ":-0.96945786,"IRL":-0.36408687,"IMN":-0.9634393,"ISR":-1.1127895,"ITA":-2.5849578,"JAM":-0.6808467,"JPN":-2.1863883,"JOR":-1.2368178,"KAZ":0.42390338,"KEN":-1.2366327,"KIR":0.17869346,"KWT":-0.56753534,"KGZ":-1.1876063,"LAO":-1.5550557,"LVA":-3.0421734,"LBN":-1.1571678,"LSO":-0.7672891,"LBR":-0.92230636,"LBY":-2.1154583,"LTU":-3.3289535,"LUX":-2.1870906,"MDG":-0.7780156,"MWI":-0.76187295,"MYS":-1.4087962,"MLI":-1.3708338,"MRT":-1.7659987,"MUS":-0.17956574,"MEX":-1.7077394,"MDA":-3.1030943,"MNG":-0.52528715,"MNE":-2.9944952,"MAR":-1.7720995,"MOZ":-0.20469697,"MMR":-1.751572,"NAM":-0.9364726,"NPL":-1.6203156,"NLD":-2.1308963,"NCL":-1.0413073,"NZL":-1.2980647,"NIC":-0.8006069,"NER":-1.7383798,"NGA":-0.55118114,"PRK":-2.278435,"MKD":-2.7203705,"NOR":-3.1235628,"OMN":-1.2298487,"PAK":-0.67972136,"PSE":-0.89346665,"PAN":-1.0612985,"PNG":-1.2467085,"PRY":-1.3682566,"PER":-0.7652437,"PHL":-1.7012347,"POL":-3.3463953,"PRT":-0.7894912,"PRI":-0.98160094,"QAT":-0.9885532,"ROU":-3.041167,"RUS":-1.521835,"RWA":-1.1314477,"SHN":0.0012687048,"VCT":-0.3368446,"WSM":-0.32301268,"STP":-0.806894,"SAU":-2.2717435,"SEN":-0.617496,"SRB":-3.4366455,"SYC":-0.37948117,"SLE":-0.9762729,"SVK":-3.4757977,"SVN":-3.4489634,"SLB":-0.7572684,"SOM":-0.75399655,"ZAF":-0.18086903,"SGS":-1.0276259,"KOR":-2.0554593,"SSD":-1.8113629,"ESP":-1.8167754,"LKA":-1.2898664,"SDN":-1.6247181,"SUR":-0.14094956,"SWE":-2.29093,"CHE":-2.8955162,"SYR":-1.0823076,"TJK":-1.6532463,"TZA":-1.0053482,"THA":-1.8324782,"TGO":-1.0221629,"TTO":-0.6114685,"TUN":-2.469227,"TUR":-1.7061834,"TKM":0.14740342,"UGA":-1.8851055,"UKR":-2.8391488,"ARE":-1.5314428,"GBR":-1.1731254,"USA":-1.5468966,"VIR":-0.33801094,"URY":-0.43604746,"UZB":-0.049986005,"VUT":-0.63729477,"VEN":-0.75546426,"VNM":-1.5221676,"YEM":-2.0105367,"ZMB":-1.0660208,"ZWE":-0.19167216}