{"AFG":0.79474455,"ALB":-1.8267816,"DZA":-1.7033572,"ASM":-0.3716,"AND":-2.069164,"AGO":-0.004901091,"AIA":-0.14941566,"ATG":-0.16129749,"ARG":-0.83156395,"ARM":-1.0929424,"AUS":-0.31617156,"AUT":-2.638191,"AZE":-0.34646782,"BHS":-0.26509556,"BHR":0.22128709,"BGD":-1.0047728,"BLR":-3.7201633,"BEL":-1.499575,"BLZ":-1.4848744,"BEN":-0.6407941,"BTN":-1.8823366,"BOL":-1.0367539,"BIH":-2.652787,"BWA":-0.055924255,"BRA":-0.40844473,"BRN":-1.3481148,"BGR":-2.095091,"BFA":-0.06728617,"BDI":-0.5201586,"KHM":-1.6244851,"CMR":-0.3590598,"CAN":-0.92287093,"CPV":-0.36939988,"CYM":-0.116657734,"CAF":0.14625485,"TCD":-0.54439,"CHL":-0.6299786,"CHN":-0.71813697,"COL":-0.72873527,"COM":-0.42644167,"COG":-0.29310527,"COK":-0.7644224,"CRI":-0.56572264,"CIV":-0.98790836,"HRV":-2.3545635,"CUB":0.06346067,"CYP":-1.1389102,"CZE":-2.4966486,"COD":-0.3997043,"DNK":-2.2215965,"DJI":-0.6342759,"DOM":-0.6979675,"TLS":-0.7642617,"ECU":-0.49022627,"EGY":-1.1526161,"SLV":-0.59254074,"GNQ":-0.96359825,"ERI":-1.1896001,"EST":-3.827762,"SWZ":0.58096296,"ETH":-0.8588255,"FLK":-0.73231524,"FRO":-0.3323988,"FJI":-0.8027156,"FIN":-3.1910174,"FRA":-1.7337672,"PYF":-0.21099918,"GAB":-0.90369606,"GMB":0.0041977563,"GEO":-1.3740429,"DEU":-2.2868595,"GHA":-0.7666766,"GRC":-1.4957448,"GRL":0.3863308,"GTM":-1.265333,"GIN":-0.6143945,"GNB":-0.29649845,"GUY":-0.20792961,"HTI":-0.4323524,"HMD":-0.98985624,"HND":-1.3757273,"HKG":-1.1267594,"HUN":-1.6189032,"ISL":-1.0205425,"IND":-0.48738018,"IDN":-1.1491205,"IRN":-0.16522145,"IRQ":-0.42503294,"IRL":-0.50257,"IMN":-0.8626372,"ISR":-0.596461,"ITA":-2.2394617,"JAM":-0.47665516,"JPN":-2.091119,"JOR":-0.7722783,"KAZ":0.16874816,"KEN":-0.79297704,"KIR":0.35013357,"KWT":-0.1031274,"KGZ":0.7977319,"LAO":-1.0481945,"LVA":-3.9413688,"LBN":-0.8107586,"LSO":0.012942374,"LBR":-0.9045038,"LBY":-1.4717035,"LTU":-3.5883763,"LUX":-1.9163743,"MDG":-1.0471898,"MWI":-0.20540984,"MYS":-1.4435433,"MLI":-0.5167594,"MRT":-0.9222193,"MUS":-0.31710657,"MEX":-1.8806025,"MDA":-2.518688,"MNG":-0.23477995,"MNE":-2.5524023,"MAR":-1.2703983,"MOZ":0.12207031,"MMR":-1.675931,"NAM":-0.50709057,"NPL":-1.3831505,"NLD":-1.6882683,"NCL":-1.3203158,"NZL":-1.61015,"NIC":-0.9279793,"NER":-0.93307686,"NGA":-0.17512067,"PRK":-2.0813193,"MKD":-2.4822538,"NOR":-2.9403877,"OMN":-0.7445135,"PAK":0.6207617,"PSE":-0.37360048,"PAN":-0.7336133,"PNG":-1.1602381,"PRY":-0.9137805,"PER":-0.97025985,"PHL":-1.425427,"POL":-2.8109481,"PRT":-0.55788046,"PRI":-0.9735667,"QAT":-0.52403384,"ROU":-2.2037005,"RUS":-2.38184,"RWA":-0.51590985,"SHN":-0.12888622,"VCT":-0.1780998,"WSM":-0.36344782,"STP":-0.6552293,"SAU":-1.7094959,"SEN":-0.14037307,"SRB":-1.997656,"SYC":-0.13838005,"SLE":-0.78399134,"SVK":-2.4578965,"SVN":-2.9100506,"SLB":-0.7638877,"SOM":-0.39172873,"ZAF":-0.025760254,"SGS":-1.4437984,"KOR":-1.9551891,"SSD":-0.6888793,"ESP":-1.6713108,"LKA":-0.983984,"SDN":-1.2070311,"SUR":0.31939253,"SWE":-2.269121,"CHE":-2.7442188,"SYR":-0.6589996,"TJK":0.8437025,"TZA":-0.9274122,"THA":-1.406321,"TGO":-0.83387583,"TTO":-0.49801746,"TUN":-2.3006845,"TUR":-1.7524074,"TKM":1.7794485,"UGA":-0.87419796,"UKR":-2.5178704,"ARE":-1.0765911,"GBR":-1.2773814,"USA":-1.5758208,"VIR":-0.2069354,"URY":-0.09156489,"UZB":1.6542568,"VUT":-0.691906,"VEN":-0.56725454,"VNM":-1.0801424,"YEM":-1.5680908,"ZMB":-0.110972084,"ZWE":0.23433566}