{"AFG":0.35543725,"ALB":-1.2583907,"DZA":-1.8367096,"ASM":-0.6961341,"AND":-1.0274872,"AGO":-0.49457836,"AIA":-0.25324664,"ATG":-0.30207506,"ARG":-1.040778,"ARM":-1.1091936,"AUS":-0.095685005,"AUT":-2.0685318,"AZE":-0.5585914,"BHS":-0.06992356,"BHR":-0.43495274,"BGD":-0.5349762,"BLR":-3.3967047,"BEL":-1.641044,"BLZ":-1.6210103,"BEN":-0.92330456,"BTN":-1.7853605,"BOL":-1.6491108,"BIH":-2.3089905,"BWA":-0.7834286,"BRA":-0.72068024,"BRN":-1.6595321,"BGR":-1.9067618,"BFA":-0.9432443,"BDI":-0.46998057,"KHM":-1.8262095,"CMR":-0.8268625,"CAN":-0.5818985,"CPV":-0.1260535,"CYM":-0.25727257,"CAF":-0.52647084,"TCD":-1.1715363,"CHL":-1.0340142,"CHN":-0.46852657,"COL":-1.466055,"COM":-0.4716145,"COG":-0.8081549,"COK":-0.5489175,"CRI":-1.1262317,"CIV":-1.1118294,"HRV":-2.174909,"CUB":0.03276475,"CYP":-1.1211468,"CZE":-2.193459,"COD":-0.8221488,"DNK":-2.3834605,"DJI":-0.97310925,"DOM":-0.8478568,"TLS":-0.6822426,"ECU":-1.1788524,"EGY":-1.2934659,"SLV":-1.2900723,"GNQ":-1.2747835,"ERI":-1.4633397,"EST":-3.4139998,"SWZ":-0.91102177,"ETH":-1.1386614,"FLK":-0.36707854,"FRO":-0.5644882,"FJI":-0.7648063,"FIN":-2.4937181,"FRA":-1.3515844,"PYF":-0.7194031,"GAB":-1.1889156,"GMB":-0.99452144,"GEO":-1.2672437,"DEU":-2.1260996,"GHA":-0.8176697,"GRC":-1.2193488,"GRL":-0.84100693,"GTM":-1.5481967,"GIN":-1.2036742,"GNB":-1.1866745,"GUY":-1.1891879,"HTI":-0.6901574,"HMD":-0.55478746,"HND":-1.6565714,"HKG":-0.9848192,"HUN":-1.6532332,"ISL":-2.3160439,"IND":-0.64831275,"IDN":-1.4820155,"IRN":-0.3222935,"IRQ":-0.7716052,"IRL":-0.54491204,"IMN":-0.7509734,"ISR":-0.90885806,"ITA":-1.6015245,"JAM":-0.8528345,"JPN":-1.820384,"JOR":-0.94815904,"KAZ":-0.45533252,"KEN":-0.71655655,"KIR":-0.65067005,"KWT":-0.410468,"KGZ":0.20241976,"LAO":-1.4719807,"LVA":-3.452717,"LBN":-1.0136701,"LSO":-1.2825097,"LBR":-1.03794,"LBY":-1.7910029,"LTU":-3.345155,"LUX":-1.6484593,"MDG":-1.0499244,"MWI":-0.3186604,"MYS":-1.6868725,"MLI":-1.7194947,"MRT":-1.2735186,"MUS":-0.54658526,"MEX":-1.4897709,"MDA":-2.3862267,"MNG":0.3200582,"MNE":-1.7196234,"MAR":-1.1506822,"MOZ":-0.14440234,"MMR":-1.6046251,"NAM":-0.81842214,"NPL":-1.3186196,"NLD":-1.9972602,"NCL":-0.95852596,"NZL":-1.009588,"NIC":-1.3751498,"NER":-2.160176,"NGA":-0.7020955,"PRK":-1.4795612,"MKD":-1.7842207,"NOR":-3.6285818,"OMN":-0.41038895,"PAK":0.15967242,"PSE":-0.82451445,"PAN":-1.3840519,"PNG":-1.2833033,"PRY":-0.5720852,"PER":-1.6142033,"PHL":-1.5774446,"POL":-2.533098,"PRT":-0.8639044,"PRI":-1.0148559,"QAT":-0.68516225,"ROU":-1.7941204,"RUS":-1.4464126,"RWA":-0.47434044,"SHN":-0.55449456,"VCT":-0.39911827,"WSM":-0.58371353,"STP":-0.6432562,"SAU":-1.4586782,"SEN":-1.2434307,"SRB":-1.8940052,"SYC":-0.7223547,"SLE":-1.0299457,"SVK":-2.0351706,"SVN":-2.220711,"SLB":-0.75351,"SOM":-0.51412743,"ZAF":-0.9706411,"SGS":-0.8486621,"KOR":-1.3837446,"SSD":-0.99411994,"ESP":-1.3714889,"LKA":-1.599668,"SDN":-1.2563968,"SUR":-1.2970742,"SWE":-2.675317,"CHE":-1.99221,"SYR":-0.92715913,"TJK":0.33373377,"TZA":-0.6010987,"THA":-1.7525836,"TGO":-0.9551962,"TTO":-0.85905313,"TUN":-1.8893414,"TUR":-1.683042,"TKM":0.6831146,"UGA":-0.85510254,"UKR":-2.8076925,"ARE":-0.8643063,"GBR":-1.55174,"USA":-1.7430807,"VIR":-0.30132627,"URY":-0.40938148,"UZB":0.43376586,"VUT":-0.45967755,"VEN":-1.5178666,"VNM":-1.3557512,"YEM":-1.4413294,"ZMB":-0.48829317,"ZWE":-0.7408142}