{"AFG":-1.0052422,"ALB":-0.32151732,"DZA":-2.625519,"ASM":-0.6766359,"AND":-1.1717259,"AGO":-0.79760075,"AIA":-0.5451091,"ATG":-0.56578,"ARG":0.27813363,"ARM":-1.3212258,"AUS":-0.647455,"AUT":-1.0931174,"AZE":-1.0805384,"BHS":-0.26142898,"BHR":-1.3366785,"BGD":-0.9105508,"BLR":-1.1698946,"BEL":-0.37886095,"BLZ":-1.9199324,"BEN":-1.4995855,"BTN":-1.6472117,"BOL":-1.5046377,"BIH":-0.85946137,"BWA":-0.99841446,"BRA":-1.4588995,"BRN":-1.6263652,"BGR":-0.8195389,"BFA":-1.8619362,"BDI":-0.6488714,"KHM":-2.2696364,"CMR":-0.6821744,"CAN":-0.47879913,"CPV":-0.47727236,"CYM":-0.5344866,"CAF":-0.39675632,"TCD":-1.4794856,"CHL":-0.62545675,"CHN":-0.55649966,"COL":-1.5907669,"COM":-0.69586736,"COG":-0.6707452,"COK":-0.38846874,"CRI":-1.3534516,"CIV":-1.3194431,"HRV":-0.6460113,"CUB":-0.22020054,"CYP":-1.1561145,"CZE":-0.77414346,"COD":-0.6587966,"DNK":-0.19466408,"DJI":-2.7192087,"DOM":-0.8959163,"TLS":-1.0081263,"ECU":-1.2374649,"EGY":-1.7886597,"SLV":-1.4991398,"GNQ":-1.3676769,"ERI":-2.9733436,"EST":-0.2670252,"SWZ":-1.418161,"ETH":-1.5783087,"FLK":-0.24514079,"FRO":-0.121315874,"FJI":-0.7215063,"FIN":0.5374563,"FRA":-0.6305701,"PYF":-0.70261574,"GAB":-1.2877313,"GMB":-1.9161326,"GEO":-1.4511877,"DEU":-0.49564752,"GHA":-1.3012686,"GRC":-0.834369,"GRL":-3.2028754,"GTM":-1.9923247,"GIN":-1.7114202,"GNB":-1.7167696,"GUY":-1.5596882,"HTI":-0.7778778,"HMD":-0.722301,"HND":-1.9284128,"HKG":-0.9925995,"HUN":-0.24378389,"ISL":-2.985201,"IND":-1.1506065,"IDN":-1.4698969,"IRN":-1.4263054,"IRQ":-0.774997,"IRL":0.119288206,"IMN":-0.029652318,"ISR":-1.2208331,"ITA":-0.68436956,"JAM":-1.0129728,"JPN":-1.8504663,"JOR":-0.91409236,"KAZ":-0.61344904,"KEN":-0.5289472,"KIR":-0.99754554,"KWT":-0.90646,"KGZ":-0.55151576,"LAO":-1.5070521,"LVA":-0.40042755,"LBN":-0.81638366,"LSO":-1.5400046,"LBR":-1.083066,"LBY":-2.4348812,"LTU":-0.5787018,"LUX":-0.3211551,"MDG":-1.2902926,"MWI":-0.37590742,"MYS":-1.6806203,"MLI":-2.7824488,"MRT":-2.4856694,"MUS":-0.81561023,"MEX":-1.3659936,"MDA":-0.6420876,"MNG":0.59126323,"MNE":-0.7523112,"MAR":-1.5316457,"MOZ":-0.47217098,"MMR":-1.5875816,"NAM":-0.84869117,"NPL":-1.453486,"NLD":-0.35982957,"NCL":-1.2119435,"NZL":-1.5309253,"NIC":-1.5395032,"NER":-2.764887,"NGA":-0.9322996,"PRK":-1.2696291,"MKD":-0.8963115,"NOR":-2.1252706,"OMN":-0.9852621,"PAK":0.054194767,"PSE":-1.0600244,"PAN":-1.4888841,"PNG":-1.5648223,"PRY":0.16801262,"PER":-1.5872701,"PHL":-2.0351644,"POL":-0.70936036,"PRT":-0.1446011,"PRI":-1.2173854,"QAT":-1.5901827,"ROU":-0.55827445,"RUS":-0.0748944,"RWA":-0.5724103,"SHN":-0.89925414,"VCT":-0.66998464,"WSM":-0.61684513,"STP":-1.0140575,"SAU":-2.1031325,"SEN":-2.3779671,"SRB":-0.18526995,"SYC":-0.83575106,"SLE":-1.1765733,"SVK":-1.3797482,"SVN":-1.1622018,"SLB":-0.7979188,"SOM":-0.7926356,"ZAF":-1.1960946,"SGS":-0.38432112,"KOR":-1.4982933,"SSD":-1.5177302,"ESP":-0.94242543,"LKA":-1.5080825,"SDN":-2.5603497,"SUR":-1.511928,"SWE":0.029460588,"CHE":-1.0796324,"SYR":-0.7463415,"TJK":-1.0662004,"TZA":-0.30697966,"THA":-1.7985541,"TGO":-1.5170012,"TTO":-1.1812333,"TUN":-1.930544,"TUR":-1.4802605,"TKM":-0.6221392,"UGA":-0.63730574,"UKR":-0.9557249,"ARE":-1.2936629,"GBR":-0.5636086,"USA":-1.2132983,"VIR":-0.5852135,"URY":1.080043,"UZB":-0.6931291,"VUT":-0.38857618,"VEN":-1.995295,"VNM":-1.6984726,"YEM":-2.5626233,"ZMB":-0.5326807,"ZWE":-1.1334298}