{"AFG":-0.386346,"ALB":-1.260394,"DZA":-1.8338901,"ASM":-0.30170456,"AND":-1.8768727,"AGO":-0.20351315,"AIA":-0.40520382,"ATG":-0.40439034,"ARG":-0.31266868,"ARM":-1.325037,"AUS":-0.16411288,"AUT":-2.133147,"AZE":-0.84339166,"BHS":-0.06161849,"BHR":-0.15347894,"BGD":-0.13047679,"BLR":-0.84674627,"BEL":-1.2354219,"BLZ":-1.4168549,"BEN":-1.3731343,"BTN":-1.2743405,"BOL":-0.23316415,"BIH":-1.9384437,"BWA":-0.2796913,"BRA":-0.6962144,"BRN":-1.5721159,"BGR":-1.15777,"BFA":-1.3851725,"BDI":-0.3606917,"KHM":-1.3876857,"CMR":-0.7090802,"CAN":0.13218224,"CPV":0.028152784,"CYM":-0.34884563,"CAF":-0.40375757,"TCD":-1.8734893,"CHL":-0.53686076,"CHN":-0.6240137,"COL":-0.9472973,"COM":-0.31062412,"COG":-0.40646806,"COK":-0.42092672,"CRI":-1.0351285,"CIV":-1.1849426,"HRV":-1.5023044,"CUB":-0.23661502,"CYP":-1.2716957,"CZE":-1.4983072,"COD":-0.49982023,"DNK":-0.767231,"DJI":-0.798919,"DOM":-0.6199897,"TLS":-0.958782,"ECU":-0.7059118,"EGY":-1.6127154,"SLV":-1.4101552,"GNQ":-0.9702573,"ERI":-1.9118904,"EST":-0.7651426,"SWZ":-0.8485692,"ETH":-1.0709472,"FLK":-0.82925755,"FRO":-0.5825456,"FJI":-0.6313791,"FIN":-0.097332515,"FRA":-1.300965,"PYF":-0.25066853,"GAB":-0.7950587,"GMB":-0.8607753,"GEO":-1.5258476,"DEU":-1.1718632,"GHA":-1.0989728,"GRC":-1.4234096,"GRL":-1.6645226,"GTM":-1.4956336,"GIN":-1.2024859,"GNB":-0.94661254,"GUY":-0.7283514,"HTI":-0.7898021,"HMD":-1.0036197,"HND":-1.5702463,"HKG":-1.229011,"HUN":-0.8275896,"ISL":-2.9971063,"IND":-0.51486176,"IDN":-1.3327273,"IRN":-0.9124659,"IRQ":-1.0590959,"IRL":0.11904041,"IMN":-0.3606129,"ISR":-1.0978144,"ITA":-1.7172923,"JAM":-1.1049924,"JPN":-1.5795959,"JOR":-1.2017189,"KAZ":0.76513815,"KEN":-0.61778736,"KIR":-0.5301663,"KWT":-0.83308727,"KGZ":-0.113614954,"LAO":-1.0680989,"LVA":-0.66372055,"LBN":-1.0025283,"LSO":-1.4663692,"LBR":-0.99237794,"LBY":-2.0877695,"LTU":-0.6744887,"LUX":-1.1785492,"MDG":-0.813443,"MWI":-0.6935708,"MYS":-1.4389428,"MLI":-1.3829731,"MRT":-1.326388,"MUS":-0.44376692,"MEX":-1.4803451,"MDA":0.014829263,"MNG":-0.803459,"MNE":-1.731057,"MAR":-1.2108656,"MOZ":-0.39428154,"MMR":-1.415691,"NAM":-0.93792176,"NPL":-1.012608,"NLD":-0.9966925,"NCL":-1.136866,"NZL":-1.5206534,"NIC":-1.2009217,"NER":-2.284215,"NGA":-1.2648668,"PRK":-1.4732577,"MKD":-1.9245688,"NOR":-1.902287,"OMN":-0.45316568,"PAK":-0.61258364,"PSE":-0.89777535,"PAN":-1.207901,"PNG":-1.2586526,"PRY":0.91555786,"PER":-0.8748247,"PHL":-1.6046239,"POL":-1.0437561,"PRT":-0.47199225,"PRI":-0.7544988,"QAT":-0.9787262,"ROU":-0.6301627,"RUS":-0.3336958,"RWA":-0.29784504,"SHN":-0.123932205,"VCT":-0.45423302,"WSM":-0.33608755,"STP":-0.68559426,"SAU":-1.8963823,"SEN":-1.2035061,"SRB":-1.1240133,"SYC":-0.45373964,"SLE":-1.093845,"SVK":-1.7259297,"SVN":-2.026849,"SLB":-0.7427039,"SOM":-0.43846193,"ZAF":-1.2935377,"SGS":-0.6976486,"KOR":-1.5666852,"SSD":-1.038751,"ESP":-1.5600748,"LKA":-1.1913713,"SDN":-2.2502494,"SUR":-0.49246517,"SWE":-0.6155159,"CHE":-2.3090553,"SYR":-1.026256,"TJK":-0.06637281,"TZA":-0.24451399,"THA":-1.218814,"TGO":-1.199994,"TTO":-0.75246924,"TUN":-2.2617855,"TUR":-1.5131742,"TKM":0.40023133,"UGA":-0.37885937,"UKR":-0.33273733,"ARE":-1.0898973,"GBR":-0.7521803,"USA":-1.1014483,"VIR":-0.42414936,"URY":0.72534394,"UZB":0.83257276,"VUT":-0.4889957,"VEN":-1.1445365,"VNM":-1.2689906,"YEM":-1.1546688,"ZMB":-0.42434326,"ZWE":-0.67327285}