{"AFG":-1.1634265,"ALB":-1.2467071,"DZA":-1.6996311,"ASM":-0.47744766,"AND":-0.7096796,"AGO":-0.5260925,"AIA":-0.52072555,"ATG":-0.48833656,"ARG":-0.34185395,"ARM":-2.7393305,"AUS":-0.33790565,"AUT":-1.5349029,"AZE":-2.1142585,"BHS":-0.31453228,"BHR":-0.90897465,"BGD":-0.3981031,"BLR":-1.8242255,"BEL":-0.68682384,"BLZ":-1.317665,"BEN":-1.5690193,"BTN":-2.042132,"BOL":-0.64625436,"BIH":-1.6289967,"BWA":-0.245205,"BRA":-0.8518794,"BRN":-1.712317,"BGR":-0.81904227,"BFA":-1.9146838,"BDI":-0.71140546,"KHM":-1.8738933,"CMR":-0.8128915,"CAN":-1.3398744,"CPV":0.36231408,"CYM":-0.5159624,"CAF":-0.6460039,"TCD":-2.4430387,"CHL":-1.0946695,"CHN":-1.0119834,"COL":-1.1512173,"COM":-0.670053,"COG":-0.80993193,"COK":-0.7029524,"CRI":-1.1201147,"CIV":-0.9417097,"HRV":-1.2961779,"CUB":-0.28729248,"CYP":-1.2023535,"CZE":-1.0296398,"COD":-0.9695417,"DNK":-0.45185837,"DJI":-0.9073928,"DOM":-0.8511278,"TLS":-0.93323106,"ECU":-0.8472333,"EGY":-2.3481143,"SLV":-1.5371137,"GNQ":-1.1470953,"ERI":-1.8254801,"EST":-1.5260648,"SWZ":-0.8350091,"ETH":-1.3624501,"FLK":-1.4664427,"FRO":0.010771434,"FJI":-0.7488367,"FIN":-1.708974,"FRA":-0.72020674,"PYF":-0.4543481,"GAB":-1.0962687,"GMB":-0.58876103,"GEO":-2.7313545,"DEU":-0.7506973,"GHA":-1.0829281,"GRC":-1.0910214,"GRL":-1.0373086,"GTM":-1.3399128,"GIN":-1.0680846,"GNB":-0.6421034,"GUY":-0.779977,"HTI":-0.85743093,"HMD":-0.6743172,"HND":-1.5775377,"HKG":-1.5305258,"HUN":-1.0619962,"ISL":-1.9214352,"IND":-0.74163944,"IDN":-1.4393998,"IRN":-1.6021452,"IRQ":-1.6801332,"IRL":0.6097534,"IMN":0.050069768,"ISR":-1.6249951,"ITA":-1.0461869,"JAM":-1.2133828,"JPN":-2.2330143,"JOR":-1.7237877,"KAZ":-0.8532788,"KEN":-0.84977037,"KIR":-0.63820106,"KWT":-1.206086,"KGZ":-0.84657174,"LAO":-1.4622588,"LVA":-1.4201708,"LBN":-1.4193178,"LSO":-1.1274707,"LBR":-0.7062618,"LBY":-2.4996436,"LTU":-1.4086595,"LUX":-0.84166956,"MDG":-0.9797015,"MWI":-0.8203686,"MYS":-1.7639884,"MLI":-1.9089249,"MRT":-0.9535387,"MUS":-0.6158115,"MEX":-0.9406052,"MDA":-1.2817163,"MNG":0.05099087,"MNE":-1.6294535,"MAR":-0.42769447,"MOZ":-0.62812376,"MMR":-1.5219355,"NAM":-0.4474609,"NPL":-1.640716,"NLD":-0.39173707,"NCL":-1.1418704,"NZL":-1.7902158,"NIC":-1.37336,"NER":-3.0395324,"NGA":-1.4873986,"PRK":-2.3767288,"MKD":-1.7694107,"NOR":-2.5273123,"OMN":-0.9873188,"PAK":-0.68647987,"PSE":-1.4153532,"PAN":-1.3432366,"PNG":-1.0507199,"PRY":-0.31093454,"PER":-1.0362034,"PHL":-1.3695993,"POL":-1.1683491,"PRT":0.45359483,"PRI":-1.0783051,"QAT":-1.4100008,"ROU":-1.1039742,"RUS":-1.4050356,"RWA":-0.58703756,"SHN":-0.27477297,"VCT":-0.4795855,"WSM":-0.4679254,"STP":-0.69239205,"SAU":-2.2400367,"SEN":-0.9933488,"SRB":-1.0763141,"SYC":-0.7579815,"SLE":-0.79284114,"SVK":-1.7158011,"SVN":-1.5560592,"SLB":-0.49662557,"SOM":-0.7853548,"ZAF":-0.5766618,"SGS":-1.2127155,"KOR":-2.3935661,"SSD":-1.4550086,"ESP":-0.3153702,"LKA":-0.95885897,"SDN":-2.397277,"SUR":-0.5935896,"SWE":-1.183328,"CHE":-1.8127538,"SYR":-1.4322224,"TJK":-1.0689372,"TZA":-0.978617,"THA":-1.5236002,"TGO":-1.2170733,"TTO":-0.8104811,"TUN":-1.6038079,"TUR":-2.4064958,"TKM":-0.68149066,"UGA":-0.8553602,"UKR":-1.7913979,"ARE":-1.276604,"GBR":-0.02859529,"USA":-1.501953,"VIR":-0.5746646,"URY":0.4696618,"UZB":-0.8072653,"VUT":-0.43015638,"VEN":-1.3680602,"VNM":-1.8402148,"YEM":-1.836408,"ZMB":-0.5489373,"ZWE":-0.73737544}