{"AFG":-0.09127325,"ALB":-0.19263148,"DZA":-1.6356863,"ASM":-0.50175494,"AND":-1.3407577,"AGO":-0.35368267,"AIA":-0.39317736,"ATG":-0.41840553,"ARG":-0.61239046,"ARM":-1.8631603,"AUS":-0.364791,"AUT":-1.2698519,"AZE":-1.1681246,"BHS":-0.020923773,"BHR":-0.5079889,"BGD":-0.32530212,"BLR":-1.282727,"BEL":-1.17955,"BLZ":-1.3045906,"BEN":-1.2306393,"BTN":-0.71227235,"BOL":-0.6902003,"BIH":-0.9261651,"BWA":-0.25666666,"BRA":-0.69657785,"BRN":-1.589778,"BGR":-0.26006484,"BFA":-1.2214695,"BDI":-0.5779174,"KHM":-1.4994535,"CMR":-0.89377517,"CAN":-1.1557482,"CPV":-0.34325394,"CYM":-0.124091305,"CAF":-0.4352703,"TCD":-1.8094653,"CHL":-1.073337,"CHN":-0.076714955,"COL":-1.3541423,"COM":-0.34748983,"COG":-0.5976655,"COK":-0.31140676,"CRI":-1.0684056,"CIV":-1.0883976,"HRV":-0.7658383,"CUB":0.002363205,"CYP":-0.5834546,"CZE":-1.0495133,"COD":-0.74892837,"DNK":-1.080053,"DJI":-1.3676919,"DOM":-0.62238073,"TLS":-0.75936776,"ECU":-0.9675595,"EGY":-1.4374434,"SLV":-1.1045069,"GNQ":-1.1729518,"ERI":-1.913026,"EST":-1.3589263,"SWZ":-0.7076476,"ETH":-1.0454007,"FLK":-0.81188506,"FRO":-0.00899003,"FJI":-0.97560453,"FIN":-0.8449629,"FRA":-1.2613125,"PYF":-0.3271489,"GAB":-1.0000652,"GMB":-0.90892917,"GEO":-1.6506728,"DEU":-1.0171866,"GHA":-0.9574974,"GRC":-0.27351752,"GRL":-0.3440257,"GTM":-1.3345127,"GIN":-1.1791048,"GNB":-0.91752034,"GUY":-1.0626149,"HTI":-0.4818546,"HMD":-0.46783015,"HND":-1.4531158,"HKG":-0.36958137,"HUN":0.21376522,"ISL":-1.5898528,"IND":-0.24294583,"IDN":-1.1772342,"IRN":-1.4120035,"IRQ":-1.3032879,"IRL":-0.25011215,"IMN":-0.49035075,"ISR":-0.7715295,"ITA":-0.9135267,"JAM":-0.898462,"JPN":-1.4248587,"JOR":-1.1669372,"KAZ":-0.25100556,"KEN":-0.29488373,"KIR":-0.3308026,"KWT":-1.1590652,"KGZ":0.08067008,"LAO":-0.87536067,"LVA":-1.2834209,"LBN":-0.7806492,"LSO":-1.1576272,"LBR":-0.8360839,"LBY":-1.6311592,"LTU":-1.1802244,"LUX":-0.99554604,"MDG":-0.9706237,"MWI":-0.8564892,"MYS":-1.5630034,"MLI":-1.5299846,"MRT":-1.3191333,"MUS":-0.42800078,"MEX":-1.1831647,"MDA":0.086197555,"MNG":-0.38019598,"MNE":-0.5710307,"MAR":-1.3191901,"MOZ":-0.7001378,"MMR":-1.2209388,"NAM":-0.6673295,"NPL":-0.62915736,"NLD":-1.1122495,"NCL":-1.4069778,"NZL":-1.5479921,"NIC":-1.3114424,"NER":-2.2169104,"NGA":-1.2437891,"PRK":-1.1762232,"MKD":-0.55901724,"NOR":-2.3757994,"OMN":-1.0361441,"PAK":0.36614823,"PSE":-0.5930321,"PAN":-1.2717255,"PNG":-1.238295,"PRY":-1.143551,"PER":-1.2283196,"PHL":-1.4613832,"POL":-0.9322517,"PRT":-0.91366893,"PRI":-0.73399526,"QAT":-1.0305066,"ROU":-0.1318777,"RUS":-1.9517599,"RWA":-0.55602616,"SHN":-0.5881427,"VCT":-0.4741076,"WSM":-0.5026889,"STP":-0.6874024,"SAU":-2.1799366,"SEN":-1.0800635,"SRB":-0.18136168,"SYC":-0.3338841,"SLE":-0.9127922,"SVK":-0.8533802,"SVN":-1.2854345,"SLB":-0.6872988,"SOM":-0.4147466,"ZAF":-0.74161404,"SGS":-0.5248765,"KOR":-0.9614498,"SSD":-1.3062849,"ESP":-1.5531088,"LKA":-0.9398308,"SDN":-2.008345,"SUR":-0.8744065,"SWE":-1.1053638,"CHE":-1.512196,"SYR":-0.965913,"TJK":0.2900096,"TZA":-0.22979386,"THA":-1.1647822,"TGO":-1.0942141,"TTO":-0.95637846,"TUN":-1.063964,"TUR":-1.5049781,"TKM":0.04895997,"UGA":-0.78438157,"UKR":-0.40001345,"ARE":-1.5532198,"GBR":-0.76167536,"USA":-1.2127764,"VIR":-0.378757,"URY":-0.13334672,"UZB":0.31436715,"VUT":-0.5942836,"VEN":-1.4818325,"VNM":-0.8230197,"YEM":-1.8500007,"ZMB":-0.78208905,"ZWE":-1.3547693}