{"AFG":-0.18672554,"ALB":-0.041371584,"DZA":-1.473574,"ASM":-0.3028159,"AND":-0.51616764,"AGO":-0.34111834,"AIA":-0.28994146,"ATG":-0.3861332,"ARG":-0.4538559,"ARM":-0.30816537,"AUS":-0.2942976,"AUT":-1.1724128,"AZE":-0.03229638,"BHS":0.032441616,"BHR":-0.0969731,"BGD":0.08593432,"BLR":-1.9435925,"BEL":-0.13677256,"BLZ":-1.0181031,"BEN":-1.3212438,"BTN":-1.075429,"BOL":-1.1420345,"BIH":-1.1782684,"BWA":-0.43104863,"BRA":-1.0349456,"BRN":-1.4752566,"BGR":-0.4020864,"BFA":-1.7690082,"BDI":-0.6507494,"KHM":-1.0426944,"CMR":-0.8198349,"CAN":-0.6511635,"CPV":-0.4248867,"CYM":-0.08189058,"CAF":-0.4217609,"TCD":-1.8436555,"CHL":-0.934478,"CHN":-0.6715756,"COL":-1.1885465,"COM":-0.47025013,"COG":-0.5143655,"COK":0.03434213,"CRI":-0.82039243,"CIV":-0.8480466,"HRV":-0.94994545,"CUB":-0.010083358,"CYP":-0.43143058,"CZE":-1.4866167,"COD":-0.63008803,"DNK":-1.2529861,"DJI":-1.8455082,"DOM":-0.13501565,"TLS":-0.24315722,"ECU":-0.6997269,"EGY":-0.942075,"SLV":-1.137534,"GNQ":-1.031428,"ERI":-2.3171687,"EST":-1.9375807,"SWZ":-0.7341662,"ETH":-2.0047677,"FLK":-0.5350892,"FRO":-0.56981707,"FJI":-0.58894616,"FIN":-1.6482049,"FRA":-0.23324515,"PYF":-0.24081595,"GAB":-0.8951127,"GMB":-0.6976287,"GEO":-0.28069562,"DEU":-1.0251453,"GHA":-0.92708033,"GRC":0.12620723,"GRL":-0.5614403,"GTM":-1.1349102,"GIN":-0.70299417,"GNB":-0.7650288,"GUY":-0.7059663,"HTI":-0.16843891,"HMD":-0.336925,"HND":-1.0472447,"HKG":-1.414753,"HUN":-0.5679341,"ISL":-2.894353,"IND":-0.24542935,"IDN":-1.1922482,"IRN":-0.9824822,"IRQ":-0.49390706,"IRL":-0.46487907,"IMN":-0.9465224,"ISR":-0.37342143,"ITA":-0.7728694,"JAM":-0.7587493,"JPN":-2.5667114,"JOR":-0.21863854,"KAZ":-0.044613462,"KEN":-1.8123001,"KIR":-0.2544222,"KWT":-0.3711566,"KGZ":0.5717716,"LAO":-0.9646247,"LVA":-1.8689455,"LBN":-0.11601933,"LSO":-1.3462731,"LBR":-0.56820935,"LBY":-1.0415682,"LTU":-1.9141583,"LUX":-0.013343741,"MDG":-1.0150625,"MWI":-0.61271447,"MYS":-1.5598623,"MLI":-2.1375887,"MRT":-1.6133672,"MUS":-0.5000536,"MEX":-1.7336874,"MDA":-0.96552664,"MNG":-1.7226392,"MNE":-0.79883605,"MAR":-0.82991356,"MOZ":-0.44825378,"MMR":-0.88454884,"NAM":-0.6430087,"NPL":-0.73511773,"NLD":-0.7717715,"NCL":-1.4343586,"NZL":-1.5187411,"NIC":-0.87509614,"NER":-2.5150423,"NGA":-1.3170696,"PRK":-3.2991946,"MKD":-0.7218085,"NOR":-3.1235664,"OMN":-1.2659216,"PAK":0.1358974,"PSE":-0.21254468,"PAN":-1.1390891,"PNG":-0.94587725,"PRY":-1.340477,"PER":-1.0368265,"PHL":-1.3223271,"POL":-1.8331457,"PRT":-0.059313256,"PRI":-0.55564404,"QAT":-0.72162026,"ROU":-0.8053367,"RUS":-1.2149825,"RWA":-0.63445884,"SHN":-0.37683392,"VCT":-0.46885347,"WSM":-0.25878778,"STP":-0.6216828,"SAU":-1.801787,"SEN":-1.0180088,"SRB":-0.746358,"SYC":-0.54550856,"SLE":-0.5246606,"SVK":-1.5119938,"SVN":-1.3720592,"SLB":-0.46593556,"SOM":-1.1610336,"ZAF":-1.1927087,"SGS":-0.68199396,"KOR":-2.7498085,"SSD":-1.618117,"ESP":-0.56806606,"LKA":-1.0124017,"SDN":-1.8482357,"SUR":-0.65970725,"SWE":-1.8850111,"CHE":-0.91548157,"SYR":-0.089948416,"TJK":0.8040211,"TZA":-0.90631294,"THA":-1.0007734,"TGO":-0.9943285,"TTO":-0.7113249,"TUN":-0.84182817,"TUR":-0.5890427,"TKM":0.75162345,"UGA":-1.521268,"UKR":-1.1090424,"ARE":-0.9843256,"GBR":-0.8016915,"USA":-1.7402722,"VIR":-0.26103544,"URY":0.17713134,"UZB":0.57442576,"VUT":-0.50529546,"VEN":-0.9467847,"VNM":-1.1237922,"YEM":-2.0743592,"ZMB":-0.7237417,"ZWE":-0.91929215}