{"AFG":-0.7259914,"ALB":-1.0874373,"DZA":-1.9890817,"ASM":-0.45676693,"AND":-0.5185887,"AGO":-0.7986973,"AIA":-0.29757085,"ATG":-0.36772093,"ARG":-0.6454906,"ARM":-1.5963963,"AUS":-0.4657227,"AUT":-1.3920145,"AZE":-0.9243477,"BHS":-0.019079844,"BHR":-0.41693974,"BGD":-0.47532606,"BLR":-0.6794397,"BEL":-0.46947488,"BLZ":-1.2540464,"BEN":-1.5498098,"BTN":-1.559718,"BOL":-0.17997567,"BIH":-1.6418136,"BWA":-1.0110464,"BRA":-0.62257165,"BRN":-1.579505,"BGR":-1.0408279,"BFA":-1.8424703,"BDI":-0.77042514,"KHM":-1.4409946,"CMR":-1.0062405,"CAN":-1.3470759,"CPV":-0.12649839,"CYM":-0.15511243,"CAF":-0.7867918,"TCD":-1.7951332,"CHL":-1.2202722,"CHN":-0.4012642,"COL":-1.2406107,"COM":-0.29205275,"COG":-0.9285571,"COK":-0.4644982,"CRI":-0.85739404,"CIV":-1.0383215,"HRV":-1.4493608,"CUB":-0.17476654,"CYP":-1.627182,"CZE":-0.9139748,"COD":-1.040286,"DNK":-0.5204838,"DJI":-1.6984215,"DOM":-0.6840903,"TLS":-0.46043667,"ECU":-0.88577193,"EGY":-2.2929718,"SLV":-1.1769103,"GNQ":-1.2580808,"ERI":-2.3984165,"EST":-0.5109672,"SWZ":-0.9255672,"ETH":-1.5318766,"FLK":-0.80345607,"FRO":-0.2900963,"FJI":-0.5659935,"FIN":-0.1027205,"FRA":-0.90275437,"PYF":-0.3145852,"GAB":-1.18931,"GMB":-0.9549921,"GEO":-1.615666,"DEU":-0.5975338,"GHA":-1.1241454,"GRC":-0.8770316,"GRL":-2.5461109,"GTM":-1.359478,"GIN":-1.1114149,"GNB":-0.9899761,"GUY":-0.93022174,"HTI":-0.54571277,"HMD":-0.6498929,"HND":-1.3305758,"HKG":-0.7516575,"HUN":-0.8344123,"ISL":-2.741326,"IND":-0.45787683,"IDN":-1.1053214,"IRN":-1.5717263,"IRQ":-1.7902874,"IRL":0.18630068,"IMN":-0.26648906,"ISR":-1.8490682,"ITA":-1.3900079,"JAM":-0.84422857,"JPN":-0.9790058,"JOR":-1.9862863,"KAZ":0.0023938417,"KEN":-1.3514742,"KIR":-0.31608805,"KWT":-1.3548514,"KGZ":-0.32571253,"LAO":-1.1565329,"LVA":-0.42430982,"LBN":-1.8001691,"LSO":-1.4676161,"LBR":-0.6976091,"LBY":-2.1020973,"LTU":-0.46456972,"LUX":-0.6853683,"MDG":-0.900605,"MWI":-0.38502678,"MYS":-1.5237088,"MLI":-1.9826623,"MRT":-1.5990957,"MUS":-0.28736258,"MEX":-1.1762998,"MDA":-0.9909107,"MNG":0.35677007,"MNE":-1.5312866,"MAR":-0.9464784,"MOZ":-0.54557353,"MMR":-1.3894249,"NAM":-0.92015904,"NPL":-1.0658833,"NLD":-0.43832788,"NCL":-0.9593051,"NZL":-1.4542645,"NIC":-1.1964227,"NER":-2.3383923,"NGA":-1.406391,"PRK":-0.67060083,"MKD":-1.3193258,"NOR":-2.3552465,"OMN":-0.71994656,"PAK":-0.55275697,"PSE":-1.7051916,"PAN":-1.1746706,"PNG":-0.9976349,"PRY":-0.35765696,"PER":-0.761281,"PHL":-1.4944626,"POL":-0.78177196,"PRT":-0.07953572,"PRI":-0.8155535,"QAT":-1.4120865,"ROU":-0.98841333,"RUS":-0.46246397,"RWA":-0.8031025,"SHN":-0.2134021,"VCT":-0.5101743,"WSM":-0.40353188,"STP":-0.80851144,"SAU":-2.2596004,"SEN":-1.2802805,"SRB":-1.1363173,"SYC":-0.47151342,"SLE":-0.69742393,"SVK":-1.5393051,"SVN":-1.6853504,"SLB":-0.53348845,"SOM":-0.67458755,"ZAF":-1.3434353,"SGS":-0.6865723,"KOR":-0.7646983,"SSD":-1.804372,"ESP":-0.91235065,"LKA":-0.7892316,"SDN":-2.2181995,"SUR":-0.9324899,"SWE":-0.64878255,"CHE":-1.3275402,"SYR":-1.7302688,"TJK":-0.23310365,"TZA":-0.5824652,"THA":-1.3597714,"TGO":-1.2200938,"TTO":-0.91976196,"TUN":-1.7723507,"TUR":-2.4261682,"TKM":-0.33055633,"UGA":-1.4186395,"UKR":-0.913234,"ARE":-0.9777954,"GBR":-0.39277974,"USA":-1.326624,"VIR":-0.32123646,"URY":0.12321925,"UZB":-0.19451548,"VUT":-0.20703666,"VEN":-1.4013742,"VNM":-1.0488262,"YEM":-1.787758,"ZMB":-0.817043,"ZWE":-1.3837872}