{"AFG":-2.020418,"ALB":-0.97982407,"DZA":-1.9476551,"ASM":-0.33890548,"AND":-1.0004994,"AGO":-0.47609028,"AIA":-0.48276934,"ATG":-0.5182514,"ARG":-0.86952275,"ARM":-1.4981629,"AUS":-1.0856711,"AUT":-0.77141595,"AZE":-1.4571205,"BHS":-0.1753788,"BHR":-0.8068908,"BGD":-1.2776113,"BLR":-0.591667,"BEL":-0.39128467,"BLZ":-1.3729011,"BEN":-0.6962549,"BTN":-1.113777,"BOL":-1.0770111,"BIH":-1.6186217,"BWA":0.34630767,"BRA":-0.79489726,"BRN":-1.6878757,"BGR":-1.0723865,"BFA":-0.5878466,"BDI":-0.64964277,"KHM":-1.3116245,"CMR":-0.33770928,"CAN":-1.3822042,"CPV":-0.4169588,"CYM":-0.56671065,"CAF":-0.26395512,"TCD":-1.3244886,"CHL":-1.1966405,"CHN":-0.21836726,"COL":-1.2368268,"COM":-0.41103014,"COG":-0.38726583,"COK":-0.29276308,"CRI":-0.26686367,"CIV":-1.0605422,"HRV":-0.7563756,"CUB":-0.3827559,"CYP":-1.7742225,"CZE":-0.5357116,"COD":-0.65522957,"DNK":0.208201,"DJI":-2.3855066,"DOM":-0.61279964,"TLS":-0.9016382,"ECU":-1.3152037,"EGY":-2.3349607,"SLV":-1.4282608,"GNQ":-0.8530361,"ERI":-2.7311752,"EST":0.19079499,"SWZ":-1.0465459,"ETH":-2.0049963,"FLK":-0.8835344,"FRO":-0.19614774,"FJI":-0.33238506,"FIN":0.4043037,"FRA":-0.46053538,"PYF":-0.30661154,"GAB":-0.84086657,"GMB":-0.77216023,"GEO":-1.8371015,"DEU":-0.20443648,"GHA":-0.8749795,"GRC":-1.0522505,"GRL":-2.6615274,"GTM":-1.3803107,"GIN":-0.8508425,"GNB":-0.85694075,"GUY":-1.2947112,"HTI":-0.7148676,"HMD":-0.8500654,"HND":-1.5154223,"HKG":-0.6483163,"HUN":-0.2355175,"ISL":-1.5803219,"IND":-1.2228823,"IDN":-0.9190831,"IRN":-2.344231,"IRQ":-2.7099571,"IRL":0.7830422,"IMN":0.20635283,"ISR":-2.091959,"ITA":-0.94347125,"JAM":-1.3009777,"JPN":-1.6518149,"JOR":-2.0814037,"KAZ":-1.6922551,"KEN":-1.1345483,"KIR":-0.430974,"KWT":-2.8374033,"KGZ":-1.0232701,"LAO":-0.7636115,"LVA":0.20123838,"LBN":-1.8571182,"LSO":-0.09675064,"LBR":-0.7965951,"LBY":-2.2092125,"LTU":0.010164599,"LUX":-0.21508868,"MDG":-0.7647808,"MWI":-0.29553524,"MYS":-1.2903761,"MLI":-1.2828888,"MRT":-1.5249518,"MUS":-0.39916277,"MEX":-1.1854228,"MDA":-0.8849306,"MNG":0.3243263,"MNE":-1.7100616,"MAR":-1.4260403,"MOZ":-0.37092605,"MMR":-1.5688208,"NAM":-0.08481868,"NPL":-1.4377435,"NLD":-0.29177073,"NCL":-0.47945166,"NZL":-1.3530746,"NIC":-1.0117038,"NER":-1.7628446,"NGA":-0.2609757,"PRK":-1.4088181,"MKD":-1.542617,"NOR":-1.4754057,"OMN":-1.3058167,"PAK":-0.9236881,"PSE":-1.9449633,"PAN":-0.6548045,"PNG":-0.89878416,"PRY":-1.3352613,"PER":-1.1532551,"PHL":-1.0189017,"POL":-0.50558263,"PRT":-0.09951329,"PRI":-0.79463387,"QAT":-1.7482096,"ROU":-1.0046592,"RUS":-0.8127826,"RWA":-0.56528044,"SHN":0.028645515,"VCT":-0.6636345,"WSM":-0.2382334,"STP":-0.42795467,"SAU":-2.9766686,"SEN":-0.92351323,"SRB":-1.3306693,"SYC":-0.633681,"SLE":-0.71876305,"SVK":-1.0912621,"SVN":-0.6799708,"SLB":-0.4201716,"SOM":-0.7622188,"ZAF":-0.2525054,"SGS":-0.90993565,"KOR":-1.302639,"SSD":-2.2453966,"ESP":-1.00117,"LKA":-0.8194354,"SDN":-2.4633439,"SUR":-1.4017701,"SWE":0.29837582,"CHE":-0.7576758,"SYR":-2.088566,"TJK":-1.3543357,"TZA":-0.64311266,"THA":-1.1257149,"TGO":-0.9392598,"TTO":-1.1127971,"TUN":-2.058085,"TUR":-2.5049832,"TKM":-2.3793743,"UGA":-1.5528237,"UKR":-0.9816399,"ARE":-1.6555887,"GBR":0.055582803,"USA":-0.8799408,"VIR":-0.49406514,"URY":-0.31681147,"UZB":-2.286621,"VUT":-0.17905648,"VEN":-1.5212988,"VNM":-0.6968897,"YEM":-2.299122,"ZMB":-0.36102724,"ZWE":-0.8494923}