{"AFG":-2.2988863,"ALB":0.4450768,"DZA":-1.8896805,"ASM":-0.573751,"AND":-0.48876286,"AGO":-1.2366471,"AIA":-0.83138436,"ATG":-0.8045292,"ARG":-0.4746432,"ARM":-1.1832868,"AUS":-0.3904636,"AUT":-0.6132925,"AZE":-1.3102392,"BHS":-0.70833653,"BHR":-0.60684043,"BGD":-0.84220886,"BLR":-1.1056163,"BEL":-0.9865575,"BLZ":-1.8369288,"BEN":-1.5387262,"BTN":-1.1783754,"BOL":-1.5310975,"BIH":-0.034344982,"BWA":-1.0398571,"BRA":-0.7074445,"BRN":-1.3503671,"BGR":0.1004262,"BFA":-1.8245696,"BDI":-1.2541565,"KHM":-1.228951,"CMR":-0.8251457,"CAN":-2.2756603,"CPV":-0.08044354,"CYM":-0.90718764,"CAF":-0.8174909,"TCD":-1.9830018,"CHL":-1.2229939,"CHN":-0.57213414,"COL":-1.2532659,"COM":-0.6900339,"COG":-0.69717044,"COK":-0.31325307,"CRI":-0.65128726,"CIV":-1.3003892,"HRV":0.072330534,"CUB":-0.9707918,"CYP":-1.203984,"CZE":-0.6098992,"COD":-0.7888007,"DNK":-0.7414338,"DJI":-3.6116514,"DOM":-1.0196381,"TLS":-0.8896117,"ECU":-1.3365182,"EGY":-1.6504375,"SLV":-1.7399923,"GNQ":-1.1023693,"ERI":-3.250658,"EST":-1.0697501,"SWZ":-0.4500544,"ETH":-2.656747,"FLK":-1.141069,"FRO":-0.41677585,"FJI":-0.33881903,"FIN":-0.3150961,"FRA":-0.81339425,"PYF":-0.73157567,"GAB":-1.157496,"GMB":-1.2627963,"GEO":-1.1269414,"DEU":-0.6688941,"GHA":-1.3745216,"GRC":0.18059646,"GRL":-1.0532874,"GTM":-1.8717403,"GIN":-1.2157046,"GNB":-1.2634702,"GUY":-0.8156478,"HTI":-1.2085816,"HMD":-0.76459837,"HND":-1.8003942,"HKG":-0.861397,"HUN":0.5824759,"ISL":-1.3143287,"IND":-1.4260545,"IDN":-1.1630138,"IRN":-2.0375545,"IRQ":-2.3527524,"IRL":-0.36574152,"IMN":-0.60564107,"ISR":-1.2511556,"ITA":-0.3565096,"JAM":-1.6390439,"JPN":-1.3274885,"JOR":-1.4885536,"KAZ":-2.2968626,"KEN":-1.8302902,"KIR":-0.9275382,"KWT":-2.347309,"KGZ":-0.8215506,"LAO":-0.8629589,"LVA":-1.0794634,"LBN":-1.2753426,"LSO":-0.5892051,"LBR":-0.82528716,"LBY":-2.1197984,"LTU":-1.0059141,"LUX":-0.8800556,"MDG":-1.2862715,"MWI":-1.0590162,"MYS":-1.2381679,"MLI":-1.9871926,"MRT":-1.4796867,"MUS":-0.6675739,"MEX":-0.58197945,"MDA":-0.7857482,"MNG":-0.20080955,"MNE":-0.0024368565,"MAR":-1.2320182,"MOZ":-0.655062,"MMR":-1.0528241,"NAM":-1.5726277,"NPL":-1.4360952,"NLD":-0.9496831,"NCL":-0.27009344,"NZL":-0.9329522,"NIC":-1.2024012,"NER":-2.4918256,"NGA":-1.2401999,"PRK":-1.2549595,"MKD":0.10507729,"NOR":-2.2728488,"OMN":-1.5361763,"PAK":-1.4112784,"PSE":-1.1393075,"PAN":-0.9983242,"PNG":-0.98428935,"PRY":-1.2370247,"PER":-1.3929392,"PHL":-0.8788535,"POL":-0.6571329,"PRT":-0.46188807,"PRI":-1.1867734,"QAT":-1.4570475,"ROU":-0.07365654,"RUS":-1.4865938,"RWA":-1.1628051,"SHN":-0.4169747,"VCT":-0.8683693,"WSM":-0.52017385,"STP":-0.68941146,"SAU":-2.6982996,"SEN":-1.5344573,"SRB":0.61202425,"SYC":-0.82759285,"SLE":-0.8523534,"SVK":-0.454335,"SVN":-0.4130322,"SLB":-0.4054338,"SOM":-1.4072334,"ZAF":-0.53205425,"SGS":-1.1842294,"KOR":-1.157668,"SSD":-2.6863549,"ESP":-0.69341636,"LKA":-0.41624865,"SDN":-2.656034,"SUR":-0.76628923,"SWE":-0.9553296,"CHE":-0.83750945,"SYR":-1.3789259,"TJK":-1.1318498,"TZA":-1.1449755,"THA":-1.1186348,"TGO":-1.3976496,"TTO":-1.0892528,"TUN":-1.8461384,"TUR":-1.216055,"TKM":-2.218384,"UGA":-1.9630455,"UKR":-1.1525637,"ARE":-1.8236536,"GBR":-0.9505141,"USA":-1.1120142,"VIR":-0.83307725,"URY":-0.16552798,"UZB":-2.3739026,"VUT":-0.047325134,"VEN":-1.4356246,"VNM":-0.7483719,"YEM":-2.6400585,"ZMB":-1.1268643,"ZWE":-0.8546509}