{"AFG":-1.2872008,"ALB":0.061681766,"DZA":-1.4850731,"ASM":-0.4142076,"AND":-1.6212116,"AGO":-0.97553444,"AIA":-0.3432277,"ATG":-0.33167204,"ARG":-0.28115168,"ARM":-0.80011064,"AUS":-0.0435005,"AUT":-0.5567577,"AZE":-0.67268443,"BHS":-0.3948717,"BHR":-0.47919813,"BGD":-0.8591771,"BLR":-1.079225,"BEL":-0.91838247,"BLZ":-0.97740096,"BEN":-1.5494999,"BTN":-1.2098536,"BOL":-1.2099386,"BIH":-0.19701083,"BWA":-0.37014222,"BRA":-0.61495906,"BRN":-1.0989556,"BGR":-0.16074939,"BFA":-1.5472962,"BDI":-0.9356664,"KHM":-1.0263282,"CMR":-0.8392984,"CAN":-1.7244482,"CPV":-0.4367827,"CYM":-0.4423057,"CAF":-0.8017516,"TCD":-1.1870064,"CHL":-0.8420002,"CHN":-0.76735616,"COL":-1.0768803,"COM":-0.2789928,"COG":-0.82949144,"COK":-0.58535033,"CRI":-0.38081518,"CIV":-1.0103477,"HRV":-0.034585606,"CUB":-0.53539735,"CYP":-0.50026995,"CZE":-0.37961996,"COD":-0.8673237,"DNK":-0.62633157,"DJI":-2.1956995,"DOM":-0.6531088,"TLS":-0.31267008,"ECU":-0.9412546,"EGY":-1.206371,"SLV":-0.84978026,"GNQ":-0.9024146,"ERI":-1.9427472,"EST":-1.2728882,"SWZ":-0.21195126,"ETH":-2.0679939,"FLK":-0.7582552,"FRO":-0.6714907,"FJI":-0.6510887,"FIN":-0.642131,"FRA":-1.0847492,"PYF":-0.4113337,"GAB":-0.9606784,"GMB":-1.3408293,"GEO":-0.5840218,"DEU":-0.5410239,"GHA":-1.1436683,"GRC":0.18442762,"GRL":-1.8771747,"GTM":-0.9856599,"GIN":-1.1568874,"GNB":-1.1584954,"GUY":-0.7218337,"HTI":-0.79961365,"HMD":-0.090406545,"HND":-0.8539993,"HKG":-0.85115427,"HUN":0.5626902,"ISL":-1.5485969,"IND":-1.2906972,"IDN":-0.9884677,"IRN":-1.3177661,"IRQ":-1.246107,"IRL":-0.5961865,"IMN":-0.90752345,"ISR":-0.9280202,"ITA":-0.8800935,"JAM":-1.2049742,"JPN":-1.6816062,"JOR":-1.1030768,"KAZ":-1.1912955,"KEN":-1.8143238,"KIR":-0.10360686,"KWT":-1.1217682,"KGZ":-0.66253275,"LAO":-0.9418939,"LVA":-1.1919125,"LBN":-0.7244623,"LSO":-0.7292643,"LBR":-0.8007056,"LBY":-1.1107575,"LTU":-0.93082327,"LUX":-0.77785397,"MDG":-0.8446687,"MWI":-0.122373104,"MYS":-1.0182976,"MLI":-1.3320738,"MRT":-1.7090249,"MUS":-0.48200068,"MEX":-0.5539482,"MDA":-0.29141927,"MNG":-0.49485847,"MNE":-0.26521036,"MAR":-1.5331043,"MOZ":0.22091787,"MMR":-1.2901591,"NAM":-1.2627106,"NPL":-1.4686017,"NLD":-0.8458333,"NCL":-0.9288623,"NZL":-1.5259876,"NIC":-0.557697,"NER":-1.2410556,"NGA":-1.202921,"PRK":-1.3955512,"MKD":-0.09398631,"NOR":-2.16448,"OMN":-1.0451912,"PAK":-0.5570782,"PSE":-0.6490454,"PAN":-0.5246506,"PNG":-0.9154005,"PRY":-0.6544501,"PER":-1.0916432,"PHL":-0.7547019,"POL":-0.41005206,"PRT":-1.0168396,"PRI":-0.7297406,"QAT":-0.724119,"ROU":-0.08774265,"RUS":-0.95091105,"RWA":-0.9297016,"SHN":-0.4221449,"VCT":-0.40446392,"WSM":-0.41163507,"STP":-0.50382644,"SAU":-1.7006065,"SEN":-1.6027184,"SRB":0.27998352,"SYC":-0.4847816,"SLE":-0.90159446,"SVK":-0.25086734,"SVN":-0.3160915,"SLB":-0.4879322,"SOM":-1.4223461,"ZAF":-0.50829464,"SGS":-0.8619938,"KOR":-0.8580864,"SSD":-2.0090747,"ESP":-1.7335945,"LKA":-0.448174,"SDN":-1.752307,"SUR":-0.5887602,"SWE":-0.63345575,"CHE":-1.1527194,"SYR":-0.44451174,"TJK":-0.61037076,"TZA":-1.023829,"THA":-0.97550774,"TGO":-1.2179222,"TTO":-0.8466217,"TUN":-1.7653953,"TUR":-0.5148285,"TKM":-1.4563526,"UGA":-1.7571236,"UKR":-0.8021784,"ARE":-0.8778413,"GBR":-1.1581687,"USA":-1.3213495,"VIR":-0.377961,"URY":-0.03574721,"UZB":-1.6304836,"VUT":-0.3926331,"VEN":-1.1819968,"VNM":-0.7075189,"YEM":-1.9765,"ZMB":-0.042167503,"ZWE":0.74880713}