{"AFG":-1.2370776,"ALB":0.3552703,"DZA":-1.5159594,"ASM":-0.19736497,"AND":-1.2739979,"AGO":-0.6530833,"AIA":-0.17977047,"ATG":-0.22583199,"ARG":-0.372623,"ARM":-0.29033318,"AUS":-0.303859,"AUT":-1.5265688,"AZE":-0.47654414,"BHS":-0.3176888,"BHR":-0.11131382,"BGD":-0.9820965,"BLR":-1.9437486,"BEL":-1.3411468,"BLZ":-1.0572876,"BEN":-1.3672501,"BTN":-1.2957188,"BOL":-1.3886248,"BIH":-0.6918106,"BWA":-0.37638602,"BRA":-0.70382005,"BRN":-0.848633,"BGR":0.08357815,"BFA":-1.5525063,"BDI":-0.79334575,"KHM":-1.2055484,"CMR":-0.7584117,"CAN":-0.30717662,"CPV":-0.554962,"CYM":-0.2931714,"CAF":-0.6874836,"TCD":-1.3329439,"CHL":-0.5560178,"CHN":-0.8493011,"COL":-0.7578557,"COM":-0.32599035,"COG":-0.74914265,"COK":0.03920714,"CRI":-0.32816634,"CIV":-0.99545527,"HRV":-0.62896353,"CUB":-0.49567604,"CYP":-0.54828924,"CZE":-1.3679715,"COD":-0.8269351,"DNK":-1.3784909,"DJI":-2.2895238,"DOM":-0.5470888,"TLS":-0.2970818,"ECU":-1.0005707,"EGY":-1.1763246,"SLV":-0.9520583,"GNQ":-0.8973066,"ERI":-2.0190182,"EST":-1.9481235,"SWZ":-0.0832924,"ETH":-1.9654802,"FLK":-0.6008349,"FRO":-0.91311675,"FJI":-0.12055731,"FIN":-1.3421693,"FRA":-0.96141034,"PYF":-0.115591526,"GAB":-0.89234143,"GMB":-1.4651424,"GEO":-0.3693726,"DEU":-1.3745824,"GHA":-1.011537,"GRC":0.63628477,"GRL":-0.30019233,"GTM":-1.1508313,"GIN":-0.99556607,"GNB":-1.1161765,"GUY":-0.46433005,"HTI":-0.5663161,"HMD":-0.26386335,"HND":-0.74409914,"HKG":-0.24651964,"HUN":-0.603263,"ISL":-1.3027724,"IND":-1.2507051,"IDN":-0.9049633,"IRN":-1.4944067,"IRQ":-1.2733102,"IRL":-0.40201506,"IMN":-0.96200246,"ISR":-0.71806747,"ITA":-0.6002374,"JAM":-0.952213,"JPN":-2.035719,"JOR":-0.7321327,"KAZ":-1.6589136,"KEN":-1.8173615,"KIR":-0.02039051,"KWT":-1.5703583,"KGZ":-0.40244958,"LAO":-0.82102233,"LVA":-1.8893739,"LBN":-0.59236807,"LSO":-0.2857624,"LBR":-0.6729267,"LBY":-1.5667595,"LTU":-1.8657069,"LUX":-1.1942662,"MDG":-1.0776438,"MWI":-0.5115493,"MYS":-0.9233529,"MLI":-1.9645953,"MRT":-1.8582119,"MUS":-0.31246772,"MEX":-0.92572707,"MDA":-0.9009971,"MNG":-0.844491,"MNE":-0.48342064,"MAR":-1.2447273,"MOZ":-0.28667435,"MMR":-1.1033869,"NAM":-0.8904874,"NPL":-1.8226007,"NLD":-1.431049,"NCL":-0.14415629,"NZL":-1.0292662,"NIC":-0.5868659,"NER":-2.1102006,"NGA":-1.1466951,"PRK":-1.6525397,"MKD":0.21553357,"NOR":-2.528955,"OMN":-0.902373,"PAK":-0.6278381,"PSE":-0.59040755,"PAN":-0.44249916,"PNG":-0.54763955,"PRY":-1.0503684,"PER":-1.1121787,"PHL":-0.627364,"POL":-1.6175748,"PRT":-0.86707664,"PRI":-0.6222863,"QAT":-0.70921296,"ROU":-0.467114,"RUS":-2.1131206,"RWA":-0.8216446,"SHN":-0.20579052,"VCT":-0.29162517,"WSM":-0.18777163,"STP":-0.6175502,"SAU":-1.7531103,"SEN":-1.8028306,"SRB":0.030019393,"SYC":-0.34215942,"SLE":-0.6230111,"SVK":-1.50991,"SVN":-1.3167064,"SLB":-0.2480057,"SOM":-0.97516173,"ZAF":-0.36808443,"SGS":-0.9406344,"KOR":-0.8732534,"SSD":-2.0026777,"ESP":-1.3514895,"LKA":-0.13072602,"SDN":-1.4932071,"SUR":-0.44351578,"SWE":-1.6166402,"CHE":-1.4452268,"SYR":-0.36779785,"TJK":-0.3167378,"TZA":-0.7661292,"THA":-1.106113,"TGO":-1.0897304,"TTO":-0.45913887,"TUN":-1.0515906,"TUR":-0.11114732,"TKM":-1.3483247,"UGA":-1.6205063,"UKR":-1.1970974,"ARE":-0.9978082,"GBR":-1.2527767,"USA":-0.7069394,"VIR":-0.1752785,"URY":-0.20811033,"UZB":-1.1868826,"VUT":-0.023999056,"VEN":-0.70370674,"VNM":-0.4498652,"YEM":-1.7617286,"ZMB":-0.37474537,"ZWE":-0.5378329}