{"AFG":-1.0848675,"ALB":-0.7076543,"DZA":-2.1153595,"ASM":-0.31671667,"AND":-1.2134994,"AGO":-1.0043246,"AIA":-0.20081489,"ATG":-0.2094415,"ARG":-0.16839874,"ARM":-1.4077969,"AUS":-0.29831815,"AUT":-0.7843471,"AZE":-1.2041157,"BHS":-0.2429498,"BHR":-0.1920913,"BGD":-1.262362,"BLR":-1.5853887,"BEL":-0.77968603,"BLZ":-0.69292164,"BEN":-1.076245,"BTN":-1.7176172,"BOL":-1.026411,"BIH":-1.2813659,"BWA":-0.8401744,"BRA":-0.5574295,"BRN":-0.90497094,"BGR":-1.3006347,"BFA":-0.9976843,"BDI":-1.246602,"KHM":-1.3165845,"CMR":-0.88993245,"CAN":-0.30393705,"CPV":-0.18470494,"CYM":-0.23934603,"CAF":-0.9286024,"TCD":-1.6037945,"CHL":-0.7681489,"CHN":-0.27385762,"COL":-0.5729864,"COM":-0.5026615,"COG":-0.8592121,"COK":-0.36383596,"CRI":-0.17756176,"CIV":-0.7801914,"HRV":-1.1333312,"CUB":-0.14601786,"CYP":-1.3927377,"CZE":-0.53536004,"COD":-1.0897115,"DNK":-0.20991574,"DJI":-2.6823742,"DOM":-0.64559776,"TLS":-0.27879462,"ECU":-0.7152505,"EGY":-1.6929861,"SLV":-0.6757414,"GNQ":-1.0501199,"ERI":-2.4328797,"EST":-0.7942906,"SWZ":-0.27598524,"ETH":-2.089501,"FLK":-0.77164525,"FRO":0.5116946,"FJI":-0.2517023,"FIN":0.14526884,"FRA":-1.0037899,"PYF":-0.21673505,"GAB":-1.0747279,"GMB":-0.91134757,"GEO":-1.376839,"DEU":-0.33840203,"GHA":-0.78418046,"GRC":-0.8914881,"GRL":-1.3745428,"GTM":-0.79042405,"GIN":-0.74296695,"GNB":-0.5852828,"GUY":-0.59307146,"HTI":-0.536259,"HMD":-0.49910048,"HND":-0.43846798,"HKG":-0.6598274,"HUN":-0.81025296,"ISL":-0.25001737,"IND":-1.5836811,"IDN":-0.9077118,"IRN":-1.6420313,"IRQ":-2.1665251,"IRL":0.18203747,"IMN":-0.13994794,"ISR":-1.631148,"ITA":-0.82996845,"JAM":-0.9118741,"JPN":-1.2153634,"JOR":-1.9769405,"KAZ":-0.9140925,"KEN":-2.2403896,"KIR":-0.01620706,"KWT":-2.1412237,"KGZ":-0.41467038,"LAO":-1.0295385,"LVA":-0.9232392,"LBN":-1.8806319,"LSO":-0.1960551,"LBR":-0.51131153,"LBY":-1.6690456,"LTU":-0.9438438,"LUX":-0.5602202,"MDG":-0.97330076,"MWI":-0.94889706,"MYS":-0.9544527,"MLI":-1.404883,"MRT":-1.2744702,"MUS":-0.05638806,"MEX":-0.74896294,"MDA":-1.8432957,"MNG":0.14063074,"MNE":-1.0038682,"MAR":-1.8690411,"MOZ":-0.70493716,"MMR":-1.516595,"NAM":-1.026766,"NPL":-1.791556,"NLD":-0.603381,"NCL":-0.41458926,"NZL":-1.115412,"NIC":-0.28326353,"NER":-1.7172576,"NGA":-1.1087807,"PRK":-1.8437468,"MKD":-1.1026541,"NOR":-0.65737224,"OMN":-0.63284844,"PAK":-1.0029005,"PSE":-1.5354201,"PAN":-0.3684627,"PNG":-0.63243455,"PRY":-0.46011496,"PER":-0.92509156,"PHL":-0.5972945,"POL":-0.5583919,"PRT":-0.30626842,"PRI":-0.5908858,"QAT":-0.4810864,"ROU":-1.3882927,"RUS":-0.6681374,"RWA":-1.200057,"SHN":-0.23269431,"VCT":-0.2102933,"WSM":-0.254529,"STP":-0.88729256,"SAU":-2.0315685,"SEN":-1.0917196,"SRB":-1.1574802,"SYC":-0.4705437,"SLE":-0.48147535,"SVK":-1.0139779,"SVN":-1.2113487,"SLB":-0.2774248,"SOM":-1.2988821,"ZAF":-0.09015123,"SGS":-0.6683936,"KOR":-0.9190356,"SSD":-2.3632627,"ESP":-1.2312912,"LKA":-0.21977663,"SDN":-2.0888343,"SUR":-0.48205027,"SWE":0.49561918,"CHE":-1.0154909,"SYR":-1.5308057,"TJK":-0.48539296,"TZA":-1.331663,"THA":-1.7296423,"TGO":-0.8931422,"TTO":-0.5517411,"TUN":-2.0803616,"TUR":-1.7316972,"TKM":-1.0103331,"UGA":-2.0062902,"UKR":-1.7152549,"ARE":-0.43838215,"GBR":-0.39395833,"USA":-0.195955,"VIR":-0.17500131,"URY":0.17224066,"UZB":-0.85618085,"VUT":-0.111654915,"VEN":-0.6772402,"VNM":-0.5556286,"YEM":-1.7224587,"ZMB":-1.1718673,"ZWE":-1.3462996}