{"AFG":-1.436617,"ALB":-1.1053574,"DZA":-2.3087215,"ASM":-0.5548555,"AND":-1.6886173,"AGO":0.011850357,"AIA":-0.5304251,"ATG":-0.5846246,"ARG":-1.0112716,"ARM":-0.5188038,"AUS":-0.20405786,"AUT":-1.9566041,"AZE":-0.79807544,"BHS":-0.4400479,"BHR":-0.11952051,"BGD":-0.27350363,"BLR":-1.9156114,"BEL":-1.5292374,"BLZ":-1.5593214,"BEN":-1.288557,"BTN":-1.2413816,"BOL":-1.2595428,"BIH":-1.9799334,"BWA":0.106210314,"BRA":-0.6484019,"BRN":-1.3272804,"BGR":-1.7758608,"BFA":-1.450744,"BDI":-0.7924735,"KHM":-1.1568017,"CMR":-0.9849963,"CAN":-0.995411,"CPV":-0.5129795,"CYM":-0.4312609,"CAF":-0.97015554,"TCD":-1.3637776,"CHL":-1.4427875,"CHN":-1.1451346,"COL":-1.1300343,"COM":-0.5412383,"COG":-0.8578951,"COK":-0.370855,"CRI":-0.68431693,"CIV":-1.2666731,"HRV":-1.8609663,"CUB":-0.62512016,"CYP":-0.88226724,"CZE":-1.8883386,"COD":-0.8359373,"DNK":-1.4691242,"DJI":-1.7471386,"DOM":-0.9971409,"TLS":-0.65019846,"ECU":-1.3253597,"EGY":-1.620746,"SLV":-1.3277516,"GNQ":-1.2968866,"ERI":-1.715744,"EST":-1.4463906,"SWZ":-1.5078739,"ETH":-1.5501908,"FLK":-0.86362267,"FRO":-0.42356038,"FJI":-0.3703076,"FIN":-0.30555347,"FRA":-1.5288912,"PYF":-0.5698841,"GAB":-1.1880445,"GMB":-1.2779163,"GEO":-0.28967744,"DEU":-1.6262048,"GHA":-1.1803416,"GRC":-0.8980682,"GRL":-0.50139916,"GTM":-1.7532401,"GIN":-1.4352894,"GNB":-1.2886415,"GUY":-1.2218657,"HTI":-0.9747198,"HMD":-0.5075844,"HND":-1.1997541,"HKG":-0.75816387,"HUN":-1.8239083,"ISL":-0.9435702,"IND":-0.47104964,"IDN":-1.2500559,"IRN":-1.6187571,"IRQ":-1.4059525,"IRL":-0.39196035,"IMN":-0.65656984,"ISR":-0.99672705,"ITA":-1.4320151,"JAM":-1.201507,"JPN":-0.8931527,"JOR":-0.98369116,"KAZ":-2.750334,"KEN":-1.3242201,"KIR":-0.70389014,"KWT":-1.5481762,"KGZ":-0.9541767,"LAO":-0.6569064,"LVA":-1.5931654,"LBN":-0.8771426,"LSO":-1.2131194,"LBR":-1.0183011,"LBY":-1.907185,"LTU":-1.6807369,"LUX":-1.5047294,"MDG":-1.0115312,"MWI":-0.56845474,"MYS":-1.3560238,"MLI":-2.0267284,"MRT":-2.0872025,"MUS":-0.38338327,"MEX":-0.60298353,"MDA":-2.293385,"MNG":-1.3771768,"MNE":-1.5877309,"MAR":-1.8681248,"MOZ":-0.37798485,"MMR":-0.97244215,"NAM":-0.4630045,"NPL":-1.1664535,"NLD":-1.4254255,"NCL":-0.64491224,"NZL":-0.46576858,"NIC":-0.856116,"NER":-1.7821752,"NGA":-1.0689579,"PRK":-1.4685544,"MKD":-1.5828118,"NOR":-1.432336,"OMN":-0.7694127,"PAK":-0.53533894,"PSE":-0.79971117,"PAN":-0.78824204,"PNG":-0.609935,"PRY":-1.1434932,"PER":-1.3227676,"PHL":-0.67199737,"POL":-1.9087645,"PRT":-0.92253107,"PRI":-0.9851524,"QAT":-0.5383809,"ROU":-2.0001113,"RUS":-1.2970823,"RWA":-0.8909524,"SHN":-0.6615884,"VCT":-0.62877065,"WSM":-0.52443933,"STP":-1.0238689,"SAU":-1.5947405,"SEN":-1.5583653,"SRB":-1.9401397,"SYC":-0.65195924,"SLE":-1.1792508,"SVK":-2.0546184,"SVN":-1.9008808,"SLB":-0.26667723,"SOM":-0.9423563,"ZAF":-1.2264409,"SGS":-0.41531995,"KOR":-0.6504559,"SSD":-2.060624,"ESP":-1.5058479,"LKA":-1.1676286,"SDN":-1.5474662,"SUR":-1.2895212,"SWE":-0.8094397,"CHE":-1.8714281,"SYR":-0.52561086,"TJK":-1.2505602,"TZA":-0.99852103,"THA":-0.97181255,"TGO":-1.2245294,"TTO":-0.99298924,"TUN":-2.3441954,"TUR":-0.5114901,"TKM":-1.7562035,"UGA":-1.6939135,"UKR":-2.023079,"ARE":-0.5342328,"GBR":-1.1852926,"USA":-0.37655893,"VIR":-0.540256,"URY":-0.36144924,"UZB":-2.022884,"VUT":-0.18274753,"VEN":-1.1678644,"VNM":-0.65533084,"YEM":-1.7377849,"ZMB":0.099425636,"ZWE":0.0686481}