{"AFG":-0.60099596,"ALB":-0.4065509,"DZA":-0.7715575,"ASM":-0.75920373,"AND":-0.6122039,"AGO":-0.9133398,"AIA":-0.64167434,"ATG":-0.65290517,"ARG":-0.8245721,"ARM":0.35874757,"AUS":-0.46830449,"AUT":-1.928587,"AZE":0.03893574,"BHS":-0.5929206,"BHR":-0.14271641,"BGD":-0.16649978,"BLR":-1.6368116,"BEL":-1.7153186,"BLZ":-1.4074302,"BEN":-1.5632564,"BTN":-1.2753009,"BOL":-1.4220997,"BIH":-1.2672061,"BWA":-1.6895065,"BRA":-0.7345104,"BRN":-1.1908172,"BGR":-0.8270979,"BFA":-1.6221122,"BDI":-1.1188802,"KHM":-1.3326001,"CMR":-0.9462636,"CAN":-1.1592017,"CPV":0.033151943,"CYM":-0.5926404,"CAF":-0.95283604,"TCD":-1.3130808,"CHL":-1.3465298,"CHN":-1.0070354,"COL":-1.3060306,"COM":-0.6681903,"COG":-0.87552327,"COK":-0.31250796,"CRI":-0.49362373,"CIV":-1.3258809,"HRV":-1.3688794,"CUB":-0.51930666,"CYP":-0.22532296,"CZE":-1.8584539,"COD":-1.1610705,"DNK":-1.5289966,"DJI":-1.5098186,"DOM":-0.98025465,"TLS":-0.6083307,"ECU":-1.3524269,"EGY":-0.9647067,"SLV":-1.513044,"GNQ":-1.1952463,"ERI":-1.3672714,"EST":-2.0444791,"SWZ":-1.583714,"ETH":-1.3234936,"FLK":-0.840193,"FRO":-0.63640535,"FJI":-0.4184154,"FIN":-2.890557,"FRA":-0.8012588,"PYF":-0.85929966,"GAB":-1.0519208,"GMB":-1.0074039,"GEO":0.09977958,"DEU":-1.845409,"GHA":-1.3712025,"GRC":-0.19474821,"GRL":-0.85091954,"GTM":-1.4453839,"GIN":-1.3478829,"GNB":-1.0681081,"GUY":-1.2608967,"HTI":-1.1883992,"HMD":-0.6102074,"HND":-1.1220981,"HKG":-0.9877338,"HUN":-1.3085282,"ISL":-1.1361604,"IND":-0.6313958,"IDN":-1.2307696,"IRN":-0.96684486,"IRQ":-1.2074906,"IRL":-0.054691833,"IMN":-0.75430995,"ISR":-0.61931485,"ITA":-0.733891,"JAM":-1.4227791,"JPN":-0.48478207,"JOR":-0.6522565,"KAZ":-0.5480535,"KEN":-0.97320604,"KIR":-1.2633816,"KWT":-1.5479201,"KGZ":-0.53579473,"LAO":-1.0740166,"LVA":-1.7544037,"LBN":-0.05825297,"LSO":-1.6413587,"LBR":-0.9158139,"LBY":-0.6082883,"LTU":-1.4953588,"LUX":-1.5068983,"MDG":-1.1572849,"MWI":-1.0577483,"MYS":-1.2449569,"MLI":-1.3297974,"MRT":-0.8891907,"MUS":-0.6840846,"MEX":-1.0079876,"MDA":-1.4518279,"MNG":-0.40755674,"MNE":-0.8093736,"MAR":-0.48880124,"MOZ":-1.0341264,"MMR":-1.1604943,"NAM":-1.4076179,"NPL":-0.98287916,"NLD":-1.6098832,"NCL":-0.31859955,"NZL":-0.10913805,"NIC":-0.693151,"NER":-1.5091146,"NGA":-1.2501589,"PRK":-1.2021774,"MKD":-0.9343095,"NOR":-2.8033202,"OMN":-1.0286126,"PAK":-0.61894625,"PSE":-0.37554184,"PAN":-0.9631861,"PNG":-0.5784165,"PRY":-1.4836823,"PER":-1.3311828,"PHL":-0.8922383,"POL":-1.6119932,"PRT":0.22995917,"PRI":-0.95015603,"QAT":-1.0866008,"ROU":-1.2675266,"RUS":-1.5579494,"RWA":-1.216999,"SHN":-0.87651604,"VCT":-0.6330864,"WSM":-0.7470605,"STP":-0.77322036,"SAU":-1.8558363,"SEN":-1.2838893,"SRB":-1.0597963,"SYC":-0.74473363,"SLE":-1.0395002,"SVK":-1.7979522,"SVN":-1.6604382,"SLB":-0.22609551,"SOM":-0.6691963,"ZAF":-1.5247984,"SGS":-0.29032546,"KOR":-0.68581396,"SSD":-2.0032632,"ESP":-0.47287798,"LKA":-1.3799676,"SDN":-1.3043576,"SUR":-1.2900099,"SWE":-2.002133,"CHE":-1.5386691,"SYR":0.047940772,"TJK":-0.64538336,"TZA":-1.1603621,"THA":-1.2989806,"TGO":-1.400004,"TTO":-0.9665491,"TUN":-0.9820993,"TUR":0.19926398,"TKM":0.08019942,"UGA":-1.6768976,"UKR":-1.1208498,"ARE":-1.3186129,"GBR":-1.048443,"USA":-1.1994044,"VIR":-0.6383217,"URY":-0.7602152,"UZB":0.12600464,"VUT":-0.13737328,"VEN":-1.4624156,"VNM":-1.1096131,"YEM":-1.8490034,"ZMB":-1.1531471,"ZWE":-1.6299086}