{"AFG":-0.8181849,"ALB":-1.2197071,"DZA":-2.1920052,"ASM":-0.7069017,"AND":-2.2480528,"AGO":-0.9897544,"AIA":-0.55877334,"ATG":-0.57618904,"ARG":-0.7399983,"ARM":-2.2899642,"AUS":-0.94839305,"AUT":-2.6106076,"AZE":-2.0512292,"BHS":-0.6041309,"BHR":-0.420818,"BGD":-0.30001068,"BLR":-3.1440172,"BEL":-2.278725,"BLZ":-1.9107658,"BEN":-1.3909446,"BTN":-1.1361037,"BOL":-2.0678682,"BIH":-2.385633,"BWA":-0.6387188,"BRA":-1.2716136,"BRN":-1.3715277,"BGR":-1.8728002,"BFA":-1.5438052,"BDI":-1.2609876,"KHM":-1.6384677,"CMR":-1.0264817,"CAN":-1.9168612,"CPV":-0.5098869,"CYM":-0.52389956,"CAF":-0.7648179,"TCD":-1.3729682,"CHL":-1.038735,"CHN":-1.4664854,"COL":-1.515261,"COM":-0.80008346,"COG":-0.8621068,"COK":-0.36600018,"CRI":-0.96915025,"CIV":-1.5208539,"HRV":-2.285582,"CUB":-0.43504825,"CYP":-1.0498406,"CZE":-2.6255271,"COD":-1.1299502,"DNK":-2.1010768,"DJI":-1.450662,"DOM":-0.76679915,"TLS":-0.61410457,"ECU":-1.5265347,"EGY":-1.1374401,"SLV":-1.50946,"GNQ":-1.3496865,"ERI":-1.6528474,"EST":-2.867061,"SWZ":-0.5698683,"ETH":-1.2954687,"FLK":-0.14959426,"FRO":-0.40916276,"FJI":-0.34710965,"FIN":-2.8084927,"FRA":-1.9669441,"PYF":-0.8110607,"GAB":-1.262272,"GMB":-1.2185491,"GEO":-2.4159274,"DEU":-2.5251596,"GHA":-1.4472691,"GRC":-1.0550092,"GRL":-1.2256728,"GTM":-2.014073,"GIN":-1.297043,"GNB":-1.1501423,"GUY":-1.3976679,"HTI":-0.9822752,"HMD":-0.54667485,"HND":-1.5926455,"HKG":-0.7472403,"HUN":-2.077396,"ISL":-0.14607899,"IND":-0.72141045,"IDN":-1.2942567,"IRN":-1.7188172,"IRQ":-1.8562922,"IRL":-0.40873608,"IMN":-0.7995014,"ISR":-1.087313,"ITA":-1.7823014,"JAM":-1.3179802,"JPN":-1.163483,"JOR":-1.1490022,"KAZ":-1.6718855,"KEN":-1.148261,"KIR":-1.0548296,"KWT":-1.129817,"KGZ":-0.13111167,"LAO":-0.970778,"LVA":-2.9168646,"LBN":-0.8796444,"LSO":-1.0548253,"LBR":-1.1843249,"LBY":-1.482544,"LTU":-2.8450978,"LUX":-2.2308161,"MDG":-1.0722672,"MWI":-0.93137455,"MYS":-1.370192,"MLI":-1.7073202,"MRT":-1.7881765,"MUS":-0.85157603,"MEX":-0.9256992,"MDA":-2.6702316,"MNG":-1.597158,"MNE":-1.7433821,"MAR":-2.1886268,"MOZ":-0.827518,"MMR":-1.1459564,"NAM":-0.87198883,"NPL":-0.94967026,"NLD":-2.2868543,"NCL":-0.5235419,"NZL":-0.118130565,"NIC":-1.1605603,"NER":-2.1907852,"NGA":-1.2164339,"PRK":-2.81925,"MKD":-1.5393456,"NOR":-2.8208334,"OMN":-1.1700177,"PAK":-0.853731,"PSE":-1.031416,"PAN":-1.1078081,"PNG":-0.63934994,"PRY":-1.9623607,"PER":-1.6809636,"PHL":-1.1252012,"POL":-2.745655,"PRT":-1.7976203,"PRI":-0.69466037,"QAT":-1.1646048,"ROU":-2.361997,"RUS":-1.6898994,"RWA":-1.3635602,"SHN":-0.95832855,"VCT":-0.52349263,"WSM":-0.6707527,"STP":-1.0862341,"SAU":-2.2494667,"SEN":-1.5226477,"SRB":-2.3064787,"SYC":-0.81816214,"SLE":-1.178373,"SVK":-2.5882862,"SVN":-2.34309,"SLB":-0.22526073,"SOM":-0.69421005,"ZAF":-1.0451089,"SGS":0.020573298,"KOR":-1.9852753,"SSD":-1.812399,"ESP":-2.4139187,"LKA":-1.1854225,"SDN":-1.2258137,"SUR":-1.4507341,"SWE":-2.4777412,"CHE":-2.544786,"SYR":-1.2018933,"TJK":-0.27697107,"TZA":-1.1952157,"THA":-1.2925601,"TGO":-1.4107982,"TTO":-0.9987748,"TUN":-2.4462159,"TUR":-2.1216645,"TKM":-1.4034266,"UGA":-1.6617961,"UKR":-2.955038,"ARE":-1.3432997,"GBR":-1.378097,"USA":-1.0450047,"VIR":-0.5804858,"URY":-0.32372832,"UZB":-1.1587318,"VUT":-0.0093805,"VEN":-1.5334436,"VNM":-1.1677088,"YEM":-2.1375723,"ZMB":-1.2214097,"ZWE":-1.4131647}