{"AFG":-2.7104228,"ALB":-0.3472629,"DZA":-1.9761685,"ASM":-0.4377443,"AND":-1.0713434,"AGO":-0.78976375,"AIA":-0.37376308,"ATG":-0.45042357,"ARG":-0.6647623,"ARM":-0.90305686,"AUS":0.104469694,"AUT":-0.9574795,"AZE":-0.89314455,"BHS":-0.08023882,"BHR":-0.69560593,"BGD":0.22158861,"BLR":-0.6950523,"BEL":-0.5568903,"BLZ":-1.2325583,"BEN":-1.904293,"BTN":-1.1894861,"BOL":-1.1983124,"BIH":-0.88373786,"BWA":-0.80718464,"BRA":-0.43622318,"BRN":-0.8611045,"BGR":-0.7331546,"BFA":-2.1057146,"BDI":-0.6344015,"KHM":-1.0083979,"CMR":-0.90975493,"CAN":-1.1680956,"CPV":-0.6220419,"CYM":-0.2964088,"CAF":-0.6262538,"TCD":-1.1363745,"CHL":-0.5973976,"CHN":-1.5566678,"COL":-0.3491063,"COM":-0.42300525,"COG":-0.58252543,"COK":-0.6744795,"CRI":-0.32597557,"CIV":-1.4166201,"HRV":-0.83551925,"CUB":-0.15497239,"CYP":-0.9143755,"CZE":-0.8025241,"COD":-0.91194075,"DNK":-0.78738683,"DJI":-1.1912116,"DOM":-0.22202857,"TLS":-0.5681084,"ECU":-0.70519084,"EGY":-0.7577369,"SLV":-0.97008544,"GNQ":-1.1013556,"ERI":-1.0737454,"EST":-0.73035914,"SWZ":-0.1846102,"ETH":-1.2460517,"FLK":-0.3335983,"FRO":-0.3805512,"FJI":-0.58176374,"FIN":-0.5672137,"FRA":-0.7127137,"PYF":-0.35931936,"GAB":-0.91421384,"GMB":-1.1794945,"GEO":-0.324007,"DEU":-0.70311564,"GHA":-1.7289654,"GRC":-0.4920276,"GRL":-1.211863,"GTM":-1.3018194,"GIN":-1.1321249,"GNB":-1.09804,"GUY":-0.3306017,"HTI":-0.43604103,"HMD":-0.63379997,"HND":-0.869044,"HKG":-0.93499994,"HUN":-0.5848738,"ISL":-2.1840963,"IND":-0.3908596,"IDN":-0.9378476,"IRN":-2.7731295,"IRQ":-1.8469871,"IRL":0.30711964,"IMN":-0.08161358,"ISR":-0.96879125,"ITA":-0.91531944,"JAM":-0.85663766,"JPN":-1.0990119,"JOR":-0.94365025,"KAZ":-1.1401838,"KEN":-1.1992383,"KIR":0.11553224,"KWT":-1.7601014,"KGZ":-1.7313057,"LAO":-0.4754893,"LVA":-0.5022184,"LBN":-0.62915695,"LSO":-0.6490851,"LBR":-0.9964444,"LBY":-1.1520823,"LTU":-0.37349582,"LUX":-0.47538117,"MDG":-0.77224094,"MWI":-0.7121641,"MYS":-1.0054423,"MLI":-1.9795083,"MRT":-1.8929062,"MUS":-0.66021365,"MEX":-0.50325423,"MDA":-0.89583397,"MNG":-1.8065447,"MNE":-0.60129845,"MAR":-1.801314,"MOZ":-0.3683947,"MMR":-0.65922624,"NAM":-1.1831177,"NPL":-0.9331555,"NLD":-0.5333719,"NCL":-0.724668,"NZL":-0.6870363,"NIC":-0.59686726,"NER":-1.5315504,"NGA":-1.5839847,"PRK":-1.6254317,"MKD":-0.58413315,"NOR":-1.5372286,"OMN":-1.1659232,"PAK":-1.4243342,"PSE":-0.9396665,"PAN":-0.13259077,"PNG":-0.64813584,"PRY":-1.1815864,"PER":-0.651334,"PHL":-0.7565236,"POL":-0.70385504,"PRT":-0.7093269,"PRI":-0.33405495,"QAT":-1.201614,"ROU":-0.80068326,"RUS":-1.2119397,"RWA":-0.6518248,"SHN":-0.38855267,"VCT":-0.57676363,"WSM":-0.37644386,"STP":-1.0769237,"SAU":-2.0988884,"SEN":-1.4916209,"SRB":-0.6156376,"SYC":-0.5075038,"SLE":-1.046567,"SVK":-0.9936382,"SVN":-0.95517397,"SLB":-0.2168514,"SOM":-0.7041305,"ZAF":-0.6927938,"SGS":-0.36445475,"KOR":-1.613557,"SSD":-1.5840007,"ESP":-1.5170121,"LKA":-0.67271423,"SDN":-0.8770151,"SUR":-0.41628376,"SWE":-0.7449011,"CHE":-0.91324806,"SYR":-0.9123635,"TJK":-1.9666303,"TZA":-1.0688825,"THA":-0.7617755,"TGO":-1.7595348,"TTO":-0.6452613,"TUN":-2.137489,"TUR":-0.7408626,"TKM":-1.6316094,"UGA":-0.92502373,"UKR":-0.6321327,"ARE":-1.6331037,"GBR":-0.3440881,"USA":-0.60093683,"VIR":-0.4249352,"URY":-0.5493421,"UZB":-1.5502214,"VUT":-0.300632,"VEN":-0.62076205,"VNM":-0.63239574,"YEM":-1.7883326,"ZMB":-0.8833901,"ZWE":-0.63957447}