{"AFG":-0.41528437,"ALB":-0.30015156,"DZA":-0.9913616,"ASM":-0.35586563,"AND":-0.8555129,"AGO":-0.80407304,"AIA":0.14236037,"ATG":0.09288088,"ARG":-0.4366566,"ARM":-0.527343,"AUS":0.34618726,"AUT":-1.118229,"AZE":-0.781498,"BHS":-0.43737254,"BHR":-0.2657455,"BGD":0.23657386,"BLR":-1.500295,"BEL":-0.9508236,"BLZ":-0.84691125,"BEN":-0.7333422,"BTN":-0.26265022,"BOL":-0.9660738,"BIH":-0.6569885,"BWA":-1.06399,"BRA":0.0121234255,"BRN":-0.6626623,"BGR":-0.06649264,"BFA":-0.7457363,"BDI":-0.1996646,"KHM":-0.7802145,"CMR":-0.49280438,"CAN":-0.5431182,"CPV":0.053696316,"CYM":-0.2521278,"CAF":-0.2227246,"TCD":-0.881711,"CHL":-0.36480284,"CHN":-0.6894457,"COL":-0.027481237,"COM":-0.29750156,"COG":-0.4330136,"COK":-1.0167545,"CRI":-0.14073944,"CIV":-0.91204596,"HRV":-0.581036,"CUB":-0.26650047,"CYP":-0.4721856,"CZE":-1.0745628,"COD":-0.57354754,"DNK":-1.4959358,"DJI":-0.57411176,"DOM":0.13377412,"TLS":-0.1039834,"ECU":-0.294868,"EGY":-0.5872211,"SLV":-0.7052245,"GNQ":-0.95875186,"ERI":-0.5807708,"EST":-2.0698404,"SWZ":0.04995354,"ETH":-0.65168124,"FLK":-0.5186876,"FRO":-0.54398423,"FJI":-0.5909546,"FIN":-2.0668013,"FRA":-0.70536804,"PYF":-0.20451482,"GAB":-0.8211498,"GMB":-0.9497056,"GEO":-0.78491145,"DEU":-1.0726668,"GHA":-0.82291824,"GRC":-0.07584039,"GRL":-0.85296077,"GTM":-0.96730834,"GIN":-0.8669445,"GNB":-0.9937995,"GUY":-0.09706259,"HTI":-0.025883675,"HMD":-0.13444087,"HND":-0.52193576,"HKG":-0.77261513,"HUN":-0.3744484,"ISL":-2.527466,"IND":-0.051609356,"IDN":-0.62141895,"IRN":-0.63845176,"IRQ":-1.1785953,"IRL":-0.21519844,"IMN":-0.61757344,"ISR":-0.6304588,"ITA":-0.76792747,"JAM":-0.5843846,"JPN":-0.59475684,"JOR":-0.6775544,"KAZ":-1.3899609,"KEN":-0.8588751,"KIR":0.09926637,"KWT":-1.1465335,"KGZ":-0.6674285,"LAO":-0.686186,"LVA":-1.6533374,"LBN":-0.17375045,"LSO":-0.350787,"LBR":-0.7941861,"LBY":-0.7237107,"LTU":-1.4780068,"LUX":-0.83999664,"MDG":-0.93304014,"MWI":-0.3697947,"MYS":-0.6779644,"MLI":-0.9500316,"MRT":-0.68131846,"MUS":-0.48810688,"MEX":-0.96815974,"MDA":-0.9384301,"MNG":-0.862336,"MNE":-0.6752365,"MAR":-0.92698413,"MOZ":-0.30593982,"MMR":-0.51318616,"NAM":-0.8124941,"NPL":0.056188364,"NLD":-1.0344874,"NCL":-0.43818045,"NZL":-0.46998277,"NIC":-0.26138163,"NER":-0.99306947,"NGA":-0.53206044,"PRK":-0.45639038,"MKD":-0.27911472,"NOR":-2.529833,"OMN":-0.7289898,"PAK":-0.1742301,"PSE":-0.45197544,"PAN":0.05516672,"PNG":-0.63484365,"PRY":-0.80464345,"PER":-0.44282007,"PHL":-0.6266611,"POL":-1.180141,"PRT":-0.7001538,"PRI":-0.062107403,"QAT":-0.7193382,"ROU":-0.5294067,"RUS":-2.0816321,"RWA":-0.31913996,"SHN":-0.6523771,"VCT":0.046456177,"WSM":-0.29920688,"STP":-0.86906844,"SAU":-1.3299965,"SEN":-1.0487024,"SRB":-0.29194152,"SYC":-0.28988394,"SLE":-0.88307095,"SVK":-1.0722805,"SVN":-0.92859745,"SLB":-0.40294424,"SOM":-0.13875389,"ZAF":-0.5235059,"SGS":-0.7055852,"KOR":-0.66373026,"SSD":-1.1535683,"ESP":-1.0592347,"LKA":-0.6068999,"SDN":-0.49479452,"SUR":0.1933891,"SWE":-1.6655258,"CHE":-1.0977837,"SYR":-0.49565706,"TJK":-0.90590644,"TZA":-0.50763386,"THA":-0.7430568,"TGO":-0.88210917,"TTO":-0.14106305,"TUN":-1.4536968,"TUR":-0.7330222,"TKM":-0.4555572,"UGA":-0.5924795,"UKR":-1.1601359,"ARE":-1.069832,"GBR":-0.9576967,"USA":-0.77535504,"VIR":0.1243914,"URY":-0.48194352,"UZB":-0.6174064,"VUT":-0.19629733,"VEN":-0.2309866,"VNM":-0.59649676,"YEM":-1.3140093,"ZMB":-0.915932,"ZWE":-1.2100261}