{"AFG":-0.7853839,"ALB":-1.1600099,"DZA":-1.3195895,"ASM":-0.2830914,"AND":-0.9749587,"AGO":-0.72510815,"AIA":-0.1281271,"ATG":-0.22285397,"ARG":-0.8215758,"ARM":-1.52732,"AUS":0.27605876,"AUT":-0.8680787,"AZE":-1.8288015,"BHS":0.070054375,"BHR":-1.0733423,"BGD":-0.60793906,"BLR":-0.7426303,"BEL":-0.08869121,"BLZ":-1.3816357,"BEN":-0.83434296,"BTN":-0.5746155,"BOL":-0.8251168,"BIH":-1.0399121,"BWA":-0.79999655,"BRA":-0.40773836,"BRN":-0.9247778,"BGR":-1.4520216,"BFA":-1.0815973,"BDI":-0.51189995,"KHM":-0.74790746,"CMR":-0.3058335,"CAN":-1.4836184,"CPV":-0.78557044,"CYM":-0.072419964,"CAF":-0.045481045,"TCD":-1.1390897,"CHL":-0.65911657,"CHN":-0.72913724,"COL":-0.4848299,"COM":-0.4260645,"COG":-0.5911546,"COK":-0.83867425,"CRI":-0.4512984,"CIV":-0.8728511,"HRV":-0.7204966,"CUB":0.04087305,"CYP":-1.6138239,"CZE":-0.51994675,"COD":-0.7779034,"DNK":-0.16165362,"DJI":-0.9519418,"DOM":-0.28624678,"TLS":-0.5850806,"ECU":-0.56521845,"EGY":-1.5633159,"SLV":-1.1711086,"GNQ":-0.78822917,"ERI":-1.1975302,"EST":-0.5111525,"SWZ":-0.07306758,"ETH":-1.0614377,"FLK":-0.8833588,"FRO":0.4225274,"FJI":-0.5243948,"FIN":-0.09455528,"FRA":-0.13557446,"PYF":-0.3066287,"GAB":-0.69515085,"GMB":-0.92008066,"GEO":-1.6485668,"DEU":-0.23217161,"GHA":-0.870255,"GRC":-1.3071204,"GRL":-1.0335418,"GTM":-1.4879638,"GIN":-0.9017124,"GNB":-1.0374006,"GUY":-0.7632456,"HTI":-0.18213637,"HMD":-0.42413405,"HND":-1.1280003,"HKG":-0.42271152,"HUN":-0.20420355,"ISL":-2.128961,"IND":-0.34672675,"IDN":-0.95007735,"IRN":-1.5951937,"IRQ":-2.1088398,"IRL":0.54029363,"IMN":0.39237526,"ISR":-1.8789062,"ITA":-0.7772677,"JAM":-0.7541526,"JPN":-0.18646462,"JOR":-2.0786452,"KAZ":-2.2613425,"KEN":-0.7060232,"KIR":-0.115719795,"KWT":-1.6597198,"KGZ":-0.72045976,"LAO":-0.5219709,"LVA":-0.42850694,"LBN":-1.7219089,"LSO":-0.70829207,"LBR":-0.6710089,"LBY":-1.6030489,"LTU":-0.33513823,"LUX":0.18566085,"MDG":-0.8905881,"MWI":-0.6266734,"MYS":-0.96357316,"MLI":-1.3472046,"MRT":-1.4701881,"MUS":-0.58991766,"MEX":-1.1507641,"MDA":-1.4271625,"MNG":-1.2681624,"MNE":-1.0622364,"MAR":-1.4049019,"MOZ":-0.4359204,"MMR":-0.98633546,"NAM":-0.7042203,"NPL":-0.35165843,"NLD":-0.22805943,"NCL":-0.99439573,"NZL":-0.8583142,"NIC":-0.7439411,"NER":-1.6376058,"NGA":-0.5822174,"PRK":-0.13743848,"MKD":-1.5505772,"NOR":-0.8228515,"OMN":-1.1178951,"PAK":-0.62877184,"PSE":-1.7344389,"PAN":-0.09047636,"PNG":-0.8909891,"PRY":-0.6384614,"PER":-0.6222318,"PHL":-0.58004874,"POL":-0.4874601,"PRT":-0.56755084,"PRI":-0.51765746,"QAT":-1.6629982,"ROU":-1.2507193,"RUS":-0.7757778,"RWA":-0.643661,"SHN":-0.38966146,"VCT":-0.35261202,"WSM":-0.25191197,"STP":-0.41828313,"SAU":-2.2987807,"SEN":-1.0577512,"SRB":-1.1923445,"SYC":-0.22777064,"SLE":-0.60663635,"SVK":-0.78015393,"SVN":-0.8065832,"SLB":-0.6062843,"SOM":-0.3068514,"ZAF":-0.68035537,"SGS":-0.9394792,"KOR":-0.14709133,"SSD":-1.2911668,"ESP":-1.103784,"LKA":-0.42337623,"SDN":-1.1934509,"SUR":-0.9597114,"SWE":0.31450883,"CHE":-0.52361935,"SYR":-1.7028326,"TJK":-0.5923658,"TZA":-0.65849876,"THA":-0.65599966,"TGO":-0.93256617,"TTO":-0.6466573,"TUN":-1.8226522,"TUR":-1.9627743,"TKM":-1.842831,"UGA":-0.778753,"UKR":-1.5156764,"ARE":-1.8268185,"GBR":-0.059174377,"USA":-0.92385143,"VIR":-0.15569894,"URY":-0.75111246,"UZB":-1.8608385,"VUT":-0.3332626,"VEN":-0.38126817,"VNM":-0.5875452,"YEM":-1.8475834,"ZMB":-0.84838104,"ZWE":-0.7785414}