{"AFG":-1.2111495,"ALB":-0.05522992,"DZA":-1.0727915,"ASM":-0.37949896,"AND":-1.1647907,"AGO":-1.0026864,"AIA":-0.0035060246,"ATG":-0.09937223,"ARG":-0.30831027,"ARM":-0.116157435,"AUS":-0.60885626,"AUT":-1.1374685,"AZE":-0.57272196,"BHS":-0.36848864,"BHR":-0.52391654,"BGD":0.023298105,"BLR":-0.9179597,"BEL":-0.62651485,"BLZ":-1.266993,"BEN":-0.8469731,"BTN":-0.25267115,"BOL":-1.1403903,"BIH":-0.47849485,"BWA":-0.68921286,"BRA":-0.7102974,"BRN":-0.97391576,"BGR":-0.23690982,"BFA":-1.1790801,"BDI":-0.68668556,"KHM":-0.78749084,"CMR":-0.4674953,"CAN":-0.6484918,"CPV":-0.56437474,"CYM":-0.29757103,"CAF":-0.13666184,"TCD":-0.5903082,"CHL":-0.19210048,"CHN":-0.75992304,"COL":-0.60140675,"COM":-0.60041636,"COG":-0.6861631,"COK":-0.28224978,"CRI":-0.53653175,"CIV":-0.77152014,"HRV":-0.43768978,"CUB":-0.654527,"CYP":0.16108386,"CZE":-0.94312805,"COD":-0.91231203,"DNK":-1.108676,"DJI":-0.73597115,"DOM":-0.58662623,"TLS":-0.64907914,"ECU":-0.65906525,"EGY":-0.34744772,"SLV":-1.4868573,"GNQ":-0.94334984,"ERI":-0.4719782,"EST":-1.5203224,"SWZ":-0.34115037,"ETH":-1.3127447,"FLK":-0.19145316,"FRO":0.2037611,"FJI":-0.38926268,"FIN":-0.77671844,"FRA":-0.8458195,"PYF":-0.28678608,"GAB":-0.90319043,"GMB":-0.7765012,"GEO":-0.2908952,"DEU":-0.7290048,"GHA":-0.9631899,"GRC":-0.20124972,"GRL":0.09265689,"GTM":-1.3727007,"GIN":-0.6691629,"GNB":-0.7566969,"GUY":-0.74022657,"HTI":-0.71960336,"HMD":-0.09248174,"HND":-1.270197,"HKG":-0.33636388,"HUN":-0.30636966,"ISL":-1.7233163,"IND":-0.24716997,"IDN":-0.9067133,"IRN":-1.2082338,"IRQ":-0.88586897,"IRL":-0.20659046,"IMN":-0.1501586,"ISR":-0.19072692,"ITA":-0.7025865,"JAM":-1.0411963,"JPN":-0.62216675,"JOR":-0.31627908,"KAZ":-2.473578,"KEN":-0.9273262,"KIR":-0.2383318,"KWT":-0.42033625,"KGZ":-1.052789,"LAO":-0.50003034,"LVA":-1.252522,"LBN":0.37372816,"LSO":-1.0436815,"LBR":-0.5746336,"LBY":-0.5954282,"LTU":-1.084257,"LUX":-0.45550287,"MDG":-0.9333169,"MWI":-0.67276496,"MYS":-0.8959529,"MLI":-1.2338105,"MRT":-1.0916084,"MUS":-0.6564886,"MEX":-1.0940987,"MDA":-0.43571982,"MNG":-1.3590406,"MNE":-0.29977727,"MAR":-1.1255108,"MOZ":-0.5110286,"MMR":-0.45506048,"NAM":-0.7214276,"NPL":-0.16966087,"NLD":-0.59444064,"NCL":-1.0201265,"NZL":-0.6629281,"NIC":-0.79905176,"NER":-1.1106056,"NGA":-0.47387156,"PRK":-0.63504463,"MKD":-0.40252957,"NOR":-1.6268568,"OMN":-0.74021417,"PAK":-0.61105835,"PSE":-0.007162968,"PAN":-0.37112665,"PNG":-0.82217807,"PRY":-1.0772662,"PER":-0.61554784,"PHL":-0.4755338,"POL":-0.9610897,"PRT":-0.7122783,"PRI":-0.5300598,"QAT":-0.76571846,"ROU":-0.37945136,"RUS":-1.8722701,"RWA":-0.8086141,"SHN":-0.4587253,"VCT":-0.27942324,"WSM":-0.35296807,"STP":-0.47546545,"SAU":-1.2284158,"SEN":-1.0207685,"SRB":-0.43654814,"SYC":-0.4595941,"SLE":-0.47911993,"SVK":-0.8743484,"SVN":-0.70255333,"SLB":-0.44459805,"SOM":-0.8369095,"ZAF":-0.64744645,"SGS":-0.6226153,"KOR":-0.2769262,"SSD":-1.1021262,"ESP":-1.2659355,"LKA":-0.90255374,"SDN":-0.41396347,"SUR":-0.8280341,"SWE":-0.86128473,"CHE":-1.2005132,"SYR":-0.13097632,"TJK":-1.0964841,"TZA":-0.71251726,"THA":-0.5898698,"TGO":-0.97574836,"TTO":-0.4854981,"TUN":-1.177303,"TUR":-0.46076632,"TKM":-1.0727923,"UGA":-0.98177177,"UKR":-0.5977822,"ARE":-1.1459752,"GBR":-0.6710191,"USA":-1.04955,"VIR":0.00033489862,"URY":-0.3052303,"UZB":-1.4595474,"VUT":-0.37765217,"VEN":-0.3444611,"VNM":-0.5353591,"YEM":-1.6828159,"ZMB":-0.9098994,"ZWE":-0.6198891}