{"AFG":-1.1939245,"ALB":0.014209986,"DZA":-1.335948,"ASM":-0.42819485,"AND":-0.038844734,"AGO":-1.0469842,"AIA":-0.3148972,"ATG":-0.35802904,"ARG":-0.22397895,"ARM":-0.37616292,"AUS":0.1565694,"AUT":-0.48705283,"AZE":-0.1849662,"BHS":-0.2696673,"BHR":-0.42580256,"BGD":-0.46486473,"BLR":-0.46802226,"BEL":-0.036147457,"BLZ":-1.1804162,"BEN":-0.96321136,"BTN":-0.88871956,"BOL":0.18253581,"BIH":-0.20926708,"BWA":-0.74100065,"BRA":-0.03741582,"BRN":-0.9998533,"BGR":-0.37569156,"BFA":-1.3800145,"BDI":-0.9719694,"KHM":-0.97269946,"CMR":-0.7606376,"CAN":-1.2465899,"CPV":-0.21653335,"CYM":-0.20059633,"CAF":-0.42734465,"TCD":-1.9487619,"CHL":-0.28817478,"CHN":-0.7079025,"COL":-0.51258296,"COM":-0.36653265,"COG":-0.9457591,"COK":-0.33745608,"CRI":-0.40623108,"CIV":-0.84433204,"HRV":0.0042288206,"CUB":-0.20430963,"CYP":-0.8261301,"CZE":-0.3744122,"COD":-1.145421,"DNK":-0.4771572,"DJI":-0.50600034,"DOM":-0.79949266,"TLS":-0.6055279,"ECU":-0.855027,"EGY":-1.7484709,"SLV":-1.0193256,"GNQ":-1.1281372,"ERI":-1.0237536,"EST":0.12511577,"SWZ":-0.22872455,"ETH":-1.0903726,"FLK":-0.3766588,"FRO":-0.23850755,"FJI":-0.21498394,"FIN":0.3714554,"FRA":-0.09162712,"PYF":-0.38628387,"GAB":-1.1612558,"GMB":-0.9891577,"GEO":-0.5649376,"DEU":-0.17120081,"GHA":-0.8425636,"GRC":-0.43647873,"GRL":-1.3791844,"GTM":-1.375186,"GIN":-0.8315589,"GNB":-0.756563,"GUY":-0.6866272,"HTI":-0.77079535,"HMD":-0.24876225,"HND":-0.980437,"HKG":-0.47025236,"HUN":0.38451228,"ISL":-2.4440005,"IND":-0.92087555,"IDN":-0.8962693,"IRN":-1.63235,"IRQ":-1.7161322,"IRL":-0.032118242,"IMN":-0.10982454,"ISR":-1.3369647,"ITA":-0.12029272,"JAM":-1.0094813,"JPN":-0.16705109,"JOR":-1.6515115,"KAZ":-0.42858922,"KEN":-0.95200825,"KIR":-0.37068653,"KWT":-1.4495937,"KGZ":-0.71258897,"LAO":-0.7522416,"LVA":0.124606825,"LBN":-1.0179615,"LSO":-0.40675816,"LBR":-0.51038235,"LBY":-2.0768652,"LTU":-0.067752995,"LUX":0.111768134,"MDG":-0.5165499,"MWI":-0.7120597,"MYS":-0.9033742,"MLI":-1.3292617,"MRT":-0.68683165,"MUS":-0.31006828,"MEX":-1.0572072,"MDA":-0.69539547,"MNG":-0.9411598,"MNE":-0.24503946,"MAR":-0.3843142,"MOZ":-0.3228666,"MMR":-0.83501625,"NAM":-0.78642297,"NPL":-1.0306271,"NLD":-0.30476335,"NCL":-0.9910647,"NZL":-0.5853612,"NIC":-0.6501274,"NER":-2.324864,"NGA":-0.9000098,"PRK":-0.06937266,"MKD":-0.40137926,"NOR":-1.9922594,"OMN":-0.6660263,"PAK":-1.1634487,"PSE":-1.2614278,"PAN":-0.25550237,"PNG":-1.0345312,"PRY":0.44635916,"PER":-0.6405039,"PHL":-0.68623656,"POL":-0.4225161,"PRT":0.31840244,"PRI":-0.70038015,"QAT":-1.0849012,"ROU":-0.3593304,"RUS":-0.9504908,"RWA":-1.115674,"SHN":-0.2873691,"VCT":-0.47086,"WSM":-0.36413655,"STP":-0.5784419,"SAU":-1.9307461,"SEN":-1.1387807,"SRB":-0.11815133,"SYC":-0.3895556,"SLE":-0.4961845,"SVK":-0.41680107,"SVN":-0.38489604,"SLB":-0.6002862,"SOM":-0.42639652,"ZAF":-0.6594921,"SGS":-0.8223536,"KOR":-0.04656058,"SSD":-1.5449759,"ESP":-0.2984159,"LKA":-0.9372886,"SDN":-1.7278838,"SUR":-0.9423299,"SWE":-0.34161964,"CHE":-0.3209674,"SYR":-1.2688068,"TJK":-0.6340242,"TZA":-0.6371643,"THA":-0.879041,"TGO":-0.8465333,"TTO":-0.6788452,"TUN":-1.3835233,"TUR":-1.244865,"TKM":-0.07175561,"UGA":-1.1672188,"UKR":-0.63388556,"ARE":-1.315956,"GBR":-0.47609928,"USA":-1.1664759,"VIR":-0.3209847,"URY":-0.3126943,"UZB":-0.044679303,"VUT":-0.2604386,"VEN":-0.41573986,"VNM":-0.6453617,"YEM":-1.1541286,"ZMB":-1.0342525,"ZWE":-0.4120787}