{"AFG":-1.3853234,"ALB":-0.32760856,"DZA":-1.6145808,"ASM":-0.5365551,"AND":-1.3949264,"AGO":-0.97697,"AIA":-0.34855047,"ATG":-0.30753517,"ARG":-0.40806904,"ARM":0.10475308,"AUS":-0.12857158,"AUT":-2.247554,"AZE":-0.04167519,"BHS":-0.45639992,"BHR":0.5276861,"BGD":-0.45287594,"BLR":-1.5807508,"BEL":-2.0016463,"BLZ":-1.2035652,"BEN":-1.1113605,"BTN":-0.9566745,"BOL":-1.3076235,"BIH":-1.3743668,"BWA":-0.5043094,"BRA":-0.7621195,"BRN":-1.0350395,"BGR":-0.41770568,"BFA":-1.2685513,"BDI":-1.352547,"KHM":-1.3259864,"CMR":-0.77283096,"CAN":-1.1266185,"CPV":-0.1613574,"CYM":-0.3633186,"CAF":-0.67149526,"TCD":-1.1555074,"CHL":-0.09571227,"CHN":-1.0299715,"COL":-0.5290292,"COM":-0.6076233,"COG":-0.8935879,"COK":-0.37289968,"CRI":-0.75541085,"CIV":-1.0404903,"HRV":-1.4754324,"CUB":-0.4143683,"CYP":0.014560223,"CZE":-1.9703974,"COD":-1.3036026,"DNK":-1.9330944,"DJI":-0.64258385,"DOM":-0.6566262,"TLS":-0.4043069,"ECU":-0.83496314,"EGY":-0.53262275,"SLV":-1.1137303,"GNQ":-1.0626508,"ERI":-0.648802,"EST":-1.771247,"SWZ":0.22848868,"ETH":-1.2457271,"FLK":0.22336406,"FRO":-0.7645769,"FJI":-0.34309244,"FIN":-1.7100409,"FRA":-1.4799973,"PYF":-0.53243417,"GAB":-1.0262114,"GMB":-1.2666079,"GEO":0.24955511,"DEU":-1.970305,"GHA":-1.1605512,"GRC":-0.2569126,"GRL":-1.1272743,"GTM":-1.3637308,"GIN":-0.9203275,"GNB":-0.99316025,"GUY":-0.7154465,"HTI":-0.7027032,"HMD":-0.39651057,"HND":-1.0523683,"HKG":-0.683423,"HUN":-0.9647421,"ISL":-3.0554657,"IND":-0.8246522,"IDN":-0.921199,"IRN":-1.3581725,"IRQ":-0.24601372,"IRL":-1.0658325,"IMN":-0.97567177,"ISR":-0.106985964,"ITA":-1.0787617,"JAM":-1.1045179,"JPN":-0.76799935,"JOR":-0.09424194,"KAZ":-0.24980833,"KEN":-1.2846184,"KIR":-0.6982851,"KWT":-0.27165675,"KGZ":-0.65622616,"LAO":-1.1161536,"LVA":-1.7247738,"LBN":0.31060004,"LSO":-0.2767476,"LBR":-0.62573034,"LBY":-0.9974318,"LTU":-1.7385708,"LUX":-1.7989014,"MDG":-1.047563,"MWI":-0.6001404,"MYS":-0.99534464,"MLI":-1.2666563,"MRT":-0.9307081,"MUS":-0.5562841,"MEX":-0.70812696,"MDA":-1.0412194,"MNG":-0.81480926,"MNE":-0.83537745,"MAR":-1.0222127,"MOZ":-0.5053012,"MMR":-0.7997449,"NAM":-0.6502077,"NPL":-0.9986741,"NLD":-2.057327,"NCL":-0.8984501,"NZL":-0.074462295,"NIC":-0.7760623,"NER":-1.2882489,"NGA":-0.76200277,"PRK":-1.042155,"MKD":-0.81059027,"NOR":-3.7724373,"OMN":-0.8782921,"PAK":-1.0392145,"PSE":-0.010344823,"PAN":-0.84365845,"PNG":-0.83117455,"PRY":-1.7165409,"PER":-0.7545946,"PHL":-0.771197,"POL":-1.8698231,"PRT":-0.5465563,"PRI":-0.60502607,"QAT":-0.548909,"ROU":-0.89589435,"RUS":-0.43265298,"RWA":-1.4886919,"SHN":-0.31369814,"VCT":-0.43826976,"WSM":-0.45256028,"STP":-0.6454611,"SAU":-1.2416866,"SEN":-1.2200842,"SRB":-1.0134926,"SYC":-0.39521375,"SLE":-0.6406099,"SVK":-1.7354168,"SVN":-2.1178496,"SLB":-0.43603182,"SOM":-0.6035538,"ZAF":-0.3019626,"SGS":-0.49836537,"KOR":-0.83631706,"SSD":-1.9020047,"ESP":-1.2466718,"LKA":-0.8880666,"SDN":-0.70224714,"SUR":-0.91227883,"SWE":-2.457592,"CHE":-2.084381,"SYR":0.28369215,"TJK":-1.1542685,"TZA":-1.1536989,"THA":-1.1166586,"TGO":-1.1730604,"TTO":-0.60386306,"TUN":-1.7773641,"TUR":0.08573515,"TKM":-1.0252217,"UGA":-1.861764,"UKR":-0.8580253,"ARE":-0.8384512,"GBR":-1.9082494,"USA":-0.8556299,"VIR":-0.34763923,"URY":-0.99942297,"UZB":-0.7885807,"VUT":-0.14122088,"VEN":-0.45755672,"VNM":-0.98785686,"YEM":-1.2909027,"ZMB":-0.7209355,"ZWE":-0.7493623}