{"AFG":-0.11887821,"ALB":-0.65970325,"DZA":-1.4820665,"ASM":-0.264318,"AND":-2.3235357,"AGO":-1.1824292,"AIA":-0.14337063,"ATG":-0.18536313,"ARG":-0.46607104,"ARM":-0.4375089,"AUS":-0.38076082,"AUT":-1.8671178,"AZE":-0.8732665,"BHS":-0.45478502,"BHR":0.08084774,"BGD":-0.33163658,"BLR":-2.087046,"BEL":-2.1461728,"BLZ":-0.84098464,"BEN":-0.69172114,"BTN":-1.0489469,"BOL":-0.31391573,"BIH":-1.7937013,"BWA":-1.3275388,"BRA":-0.111045994,"BRN":-1.0817156,"BGR":-0.8715386,"BFA":-0.8689683,"BDI":-0.95005816,"KHM":-1.3551267,"CMR":-0.33957162,"CAN":-0.8798813,"CPV":-0.12039677,"CYM":-0.38632885,"CAF":-0.1343236,"TCD":-0.741827,"CHL":-0.4730177,"CHN":-0.74985725,"COL":-0.23789422,"COM":-0.54544,"COG":-0.556303,"COK":-0.4055128,"CRI":-0.59782505,"CIV":-0.66893166,"HRV":-1.7735418,"CUB":-0.55674,"CYP":-0.38126945,"CZE":-1.9213492,"COD":-1.032781,"DNK":-2.1936114,"DJI":-0.40395498,"DOM":-0.66630393,"TLS":-0.7896579,"ECU":-0.3619558,"EGY":-0.3263224,"SLV":-0.6779253,"GNQ":-0.77888185,"ERI":-0.57353956,"EST":-2.1479201,"SWZ":0.0021529992,"ETH":-1.2301844,"FLK":-0.21694696,"FRO":-0.54527813,"FJI":-0.41968647,"FIN":-1.4006125,"FRA":-1.8837118,"PYF":-0.34710136,"GAB":-0.716695,"GMB":-0.79556733,"GEO":-0.55459166,"DEU":-2.0253956,"GHA":-0.88248855,"GRC":-0.4484109,"GRL":-0.7365497,"GTM":-0.999904,"GIN":-0.33058295,"GNB":-0.53552216,"GUY":-0.52029735,"HTI":-0.75748795,"HMD":-0.5537982,"HND":-0.76089984,"HKG":-0.41147026,"HUN":-1.1139065,"ISL":-2.8382156,"IND":-0.3688647,"IDN":-0.8417042,"IRN":-0.83787984,"IRQ":-1.3656069,"IRL":-1.4399709,"IMN":-1.4461104,"ISR":-0.17762876,"ITA":-1.5097189,"JAM":-1.1093289,"JPN":-0.8738618,"JOR":-0.34975806,"KAZ":-0.13005264,"KEN":-1.3580852,"KIR":-0.30690733,"KWT":-1.2092658,"KGZ":0.12971498,"LAO":-1.1903768,"LVA":-2.0465052,"LBN":-0.29512104,"LSO":-1.0341257,"LBR":-0.45949778,"LBY":-0.7101163,"LTU":-1.856754,"LUX":-1.9798037,"MDG":-1.1340202,"MWI":-0.84267455,"MYS":-0.90585375,"MLI":-0.9674816,"MRT":-1.5498881,"MUS":-0.7776758,"MEX":-0.83683914,"MDA":-1.7795824,"MNG":-0.16006751,"MNE":-1.1492269,"MAR":-1.5985928,"MOZ":-0.95167273,"MMR":-0.9498126,"NAM":-1.3073082,"NPL":-0.9727819,"NLD":-2.3534606,"NCL":-1.1142759,"NZL":-1.172415,"NIC":-0.4933982,"NER":-0.8229372,"NGA":-0.40406212,"PRK":-1.1281075,"MKD":-1.1738863,"NOR":-3.406371,"OMN":-0.9195552,"PAK":-0.11223674,"PSE":-0.13713948,"PAN":-0.73306304,"PNG":-0.9160926,"PRY":0.30049977,"PER":-0.48925623,"PHL":-0.9076316,"POL":-1.9043676,"PRT":-0.80374783,"PRI":-0.4576831,"QAT":-0.8712902,"ROU":-1.1571761,"RUS":-1.0169289,"RWA":-1.1595769,"SHN":0.002321561,"VCT":-0.26466545,"WSM":-0.25241852,"STP":-0.13233852,"SAU":-1.6227318,"SEN":-1.0027885,"SRB":-1.1887065,"SYC":-0.39665875,"SLE":-0.36583248,"SVK":-1.6208805,"SVN":-1.9652586,"SLB":-0.51908475,"SOM":-0.7070382,"ZAF":-0.6995299,"SGS":-1.1549441,"KOR":-1.4815372,"SSD":-1.7334262,"ESP":-1.9299082,"LKA":-0.8744281,"SDN":-0.6971529,"SUR":-0.7459529,"SWE":-1.8512782,"CHE":-2.0395296,"SYR":-0.5648949,"TJK":-0.04751112,"TZA":-1.2946502,"THA":-1.1125191,"TGO":-0.8949345,"TTO":-0.50158215,"TUN":-1.6675307,"TUR":-0.3102894,"TKM":-0.23830432,"UGA":-1.7368072,"UKR":-1.790979,"ARE":-1.1258448,"GBR":-2.2521772,"USA":-0.7259183,"VIR":-0.11234871,"URY":-0.45629224,"UZB":-0.032875787,"VUT":-0.47244883,"VEN":-0.3087338,"VNM":-0.99456865,"YEM":-1.4252018,"ZMB":-0.84448576,"ZWE":-1.1022173}