{"AFG":-2.1011903,"ALB":-1.0177317,"DZA":-1.7083229,"ASM":-0.34335852,"AND":-0.8649785,"AGO":-0.9961421,"AIA":-0.302001,"ATG":-0.3431797,"ARG":-0.769574,"ARM":-1.6962026,"AUS":-0.34422478,"AUT":-1.3614899,"AZE":-1.9751563,"BHS":-0.16887109,"BHR":-0.84861594,"BGD":-0.10486587,"BLR":-1.546286,"BEL":-0.8653445,"BLZ":-0.45080838,"BEN":-0.6523048,"BTN":-0.42573985,"BOL":-1.2802662,"BIH":-1.9790955,"BWA":-0.6833325,"BRA":-0.99552727,"BRN":-0.9528327,"BGR":-1.1518039,"BFA":-1.1088632,"BDI":-1.1559049,"KHM":-0.94348556,"CMR":-0.19872236,"CAN":-1.6160208,"CPV":-0.3821082,"CYM":-0.19160636,"CAF":0.5567338,"TCD":-1.1775174,"CHL":-0.57219577,"CHN":-0.87131065,"COL":-0.3641666,"COM":-0.6158056,"COG":-0.4967456,"COK":-0.07716402,"CRI":-0.5436754,"CIV":-0.85942715,"HRV":-1.9321526,"CUB":-0.32111183,"CYP":-1.2173712,"CZE":-1.4552547,"COD":-0.78260154,"DNK":-1.3971459,"DJI":-0.5425062,"DOM":-0.4910965,"TLS":-0.6032424,"ECU":-0.55437213,"EGY":-1.5418596,"SLV":-0.6284623,"GNQ":-0.99521464,"ERI":-1.2082361,"EST":-1.2203158,"SWZ":-0.6915863,"ETH":-1.014193,"FLK":-0.42867053,"FRO":-0.204709,"FJI":-0.07179117,"FIN":-0.8357768,"FRA":-0.980913,"PYF":-0.49372292,"GAB":-0.87951547,"GMB":-1.0857462,"GEO":-1.6218075,"DEU":-1.0009739,"GHA":-0.7943287,"GRC":-1.0250965,"GRL":-0.99476004,"GTM":-0.9256849,"GIN":-0.7314045,"GNB":-0.8840747,"GUY":-0.07653602,"HTI":-0.64949703,"HMD":-0.54429704,"HND":-0.37365308,"HKG":-0.62564033,"HUN":-1.3196245,"ISL":-2.0092793,"IND":-0.39021096,"IDN":-0.97844476,"IRN":-2.2499201,"IRQ":-2.2951908,"IRL":-0.30893186,"IMN":-0.4535364,"ISR":-1.5443913,"ITA":-1.0456147,"JAM":-1.0012981,"JPN":-0.63101965,"JOR":-1.8957609,"KAZ":-1.7934963,"KEN":-1.248185,"KIR":-0.5710065,"KWT":-1.9814659,"KGZ":-1.1240616,"LAO":-0.93025845,"LVA":-1.2502317,"LBN":-1.3037709,"LSO":-1.210358,"LBR":-0.58854675,"LBY":-1.2908558,"LTU":-1.4073676,"LUX":-0.61561555,"MDG":-1.1914825,"MWI":-0.819102,"MYS":-0.86449987,"MLI":-1.2325324,"MRT":-1.1049519,"MUS":-0.69070053,"MEX":-1.1430651,"MDA":-1.600299,"MNG":-1.0247215,"MNE":-1.3770322,"MAR":-1.0553536,"MOZ":-0.79209167,"MMR":-0.6857813,"NAM":-0.9851801,"NPL":-0.3079103,"NLD":-1.0269551,"NCL":-0.5459382,"NZL":-0.95806265,"NIC":-0.28245068,"NER":-1.4447393,"NGA":-0.32721424,"PRK":-0.6963961,"MKD":-1.3062533,"NOR":-2.2813835,"OMN":-1.3149902,"PAK":-1.0884482,"PSE":-1.4811198,"PAN":-0.770057,"PNG":-0.8156621,"PRY":-1.0110115,"PER":-0.6997471,"PHL":-1.2344378,"POL":-1.4759372,"PRT":-0.5730919,"PRI":-0.27342573,"QAT":-1.662865,"ROU":-1.3888139,"RUS":-1.7045546,"RWA":-1.3147436,"SHN":-0.3656187,"VCT":-0.48986483,"WSM":-0.30021286,"STP":-0.6564474,"SAU":-2.5485327,"SEN":-1.3006707,"SRB":-1.4891367,"SYC":-0.39863333,"SLE":-0.5540263,"SVK":-1.652012,"SVN":-1.8030821,"SLB":-0.43625832,"SOM":-0.58839923,"ZAF":-0.8731296,"SGS":-1.1060182,"KOR":-0.25149283,"SSD":-0.91900015,"ESP":-1.1257697,"LKA":-0.8184274,"SDN":-1.8915921,"SUR":-0.39009967,"SWE":-1.0500423,"CHE":-0.99443483,"SYR":-1.6137782,"TJK":-1.7376603,"TZA":-1.1400409,"THA":-0.9905408,"TGO":-0.71382046,"TTO":-0.6596608,"TUN":-1.663174,"TUR":-1.2585268,"TKM":-1.7955986,"UGA":-1.462444,"UKR":-1.7247092,"ARE":-1.7712752,"GBR":-1.1185223,"USA":-1.2411252,"VIR":-0.28920826,"URY":-1.2963849,"UZB":-1.6231478,"VUT":0.0076764426,"VEN":-0.35901532,"VNM":-0.7730716,"YEM":-1.6128721,"ZMB":-0.7210746,"ZWE":-0.8048599}