{"AFG":-1.3172866,"ALB":-1.5146604,"DZA":-1.4777673,"ASM":-0.5120724,"AND":-1.984376,"AGO":-1.0228273,"AIA":-0.573905,"ATG":-0.5257282,"ARG":-0.36615464,"ARM":-1.2841454,"AUS":0.09392444,"AUT":-2.0905716,"AZE":-1.3405534,"BHS":-0.4959084,"BHR":-0.1413533,"BGD":-0.60084456,"BLR":-2.432534,"BEL":-1.4276754,"BLZ":-0.978676,"BEN":-0.9081974,"BTN":-1.5745329,"BOL":-1.0849811,"BIH":-2.013189,"BWA":-0.30173478,"BRA":-0.81439084,"BRN":-1.2136439,"BGR":-1.1910437,"BFA":-1.3477591,"BDI":-0.953918,"KHM":-1.0889745,"CMR":-0.38199472,"CAN":-1.7572403,"CPV":-0.5613139,"CYM":-0.42721477,"CAF":0.12888718,"TCD":-0.7263441,"CHL":-0.6055353,"CHN":-1.0098993,"COL":-0.2988793,"COM":-0.76669914,"COG":-0.68211395,"COK":-0.73708886,"CRI":-0.50920516,"CIV":-1.0301689,"HRV":-1.7692733,"CUB":-0.38022885,"CYP":-0.9995496,"CZE":-1.9755726,"COD":-0.8976734,"DNK":-1.8336267,"DJI":-0.92470264,"DOM":-0.7274429,"TLS":-0.7217582,"ECU":-0.41966042,"EGY":-1.3885549,"SLV":-0.48121658,"GNQ":-0.98273754,"ERI":-1.0583014,"EST":-1.8758873,"SWZ":-0.49599877,"ETH":-0.96395063,"FLK":-0.20981266,"FRO":-0.8303881,"FJI":-0.8004829,"FIN":-1.7176675,"FRA":-1.4467417,"PYF":-0.42183813,"GAB":-0.9364583,"GMB":-1.7446967,"GEO":-1.1426748,"DEU":-1.6146132,"GHA":-1.0389503,"GRC":-1.0721525,"GRL":-0.26137808,"GTM":-1.1010174,"GIN":-0.8780244,"GNB":-1.1094933,"GUY":-0.28522334,"HTI":-0.7920968,"HMD":-0.4136945,"HND":-0.49720573,"HKG":-0.99335957,"HUN":-1.6551038,"ISL":-2.9174182,"IND":-0.41156086,"IDN":-1.0524122,"IRN":-1.2208103,"IRQ":-1.4945259,"IRL":-1.0701809,"IMN":-1.0398935,"ISR":-0.86594385,"ITA":-1.534463,"JAM":-1.0316229,"JPN":-1.9590198,"JOR":-0.9591958,"KAZ":-0.42590046,"KEN":-0.9817187,"KIR":-0.061009407,"KWT":-1.2153953,"KGZ":-0.25098395,"LAO":-0.8102539,"LVA":-2.0449123,"LBN":-0.7719564,"LSO":-1.2326063,"LBR":-0.8596737,"LBY":-1.5620794,"LTU":-2.0572417,"LUX":-1.3437179,"MDG":-1.548819,"MWI":-1.2311969,"MYS":-1.1425294,"MLI":-1.5441922,"MRT":-1.4635268,"MUS":-0.66865844,"MEX":-1.0470904,"MDA":-2.0782561,"MNG":0.010131687,"MNE":-2.065912,"MAR":-1.3414807,"MOZ":-1.1687989,"MMR":-1.1932265,"NAM":-1.0248705,"NPL":-1.1398373,"NLD":-1.4436182,"NCL":-1.4445909,"NZL":-1.4196091,"NIC":-0.34586653,"NER":-1.3107847,"NGA":-0.4550549,"PRK":-1.4224771,"MKD":-1.8569015,"NOR":-3.5165787,"OMN":-1.2785498,"PAK":-0.41471115,"PSE":-0.7366678,"PAN":-0.6433449,"PNG":-1.2430893,"PRY":-1.1939174,"PER":-0.5604021,"PHL":-1.4967831,"POL":-2.0768507,"PRT":-0.68587,"PRI":-0.5983631,"QAT":-0.9102988,"ROU":-1.6100117,"RUS":-1.8500401,"RWA":-1.0822659,"SHN":-0.11847973,"VCT":-0.5090019,"WSM":-0.5122997,"STP":-0.70170754,"SAU":-1.9707292,"SEN":-1.8138746,"SRB":-1.4911085,"SYC":-0.5548145,"SLE":-0.7221921,"SVK":-2.4652064,"SVN":-2.1357243,"SLB":-0.8685395,"SOM":-0.870419,"ZAF":-0.71744084,"SGS":-0.8493023,"KOR":-1.2009144,"SSD":-0.62439585,"ESP":-1.5056177,"LKA":-1.0497459,"SDN":-1.2421293,"SUR":-0.12944143,"SWE":-2.1542645,"CHE":-2.0421088,"SYR":-0.8418548,"TJK":-0.9954589,"TZA":-1.1519575,"THA":-0.88669366,"TGO":-0.9898548,"TTO":-0.7224145,"TUN":-1.6613477,"TUR":-0.9411076,"TKM":-0.64201254,"UGA":-1.0508175,"UKR":-2.073868,"ARE":-1.5025786,"GBR":-1.7217021,"USA":-1.154876,"VIR":-0.5173297,"URY":-0.26823482,"UZB":-0.45801118,"VUT":-0.75010586,"VEN":-0.51950645,"VNM":-0.91396314,"YEM":-1.6545426,"ZMB":-0.85513085,"ZWE":-0.8874709}