{"AFG":-0.883707,"ALB":-0.682641,"DZA":-0.963818,"ASM":-0.22744258,"AND":-1.2436914,"AGO":-0.48720932,"AIA":-0.2653494,"ATG":-0.2567234,"ARG":-0.5811557,"ARM":1.0546111,"AUS":-0.61003757,"AUT":-0.77458316,"AZE":0.6195335,"BHS":-0.7104481,"BHR":0.41508642,"BGD":-0.3743008,"BLR":-0.674377,"BEL":-0.5613858,"BLZ":-1.2381278,"BEN":-0.73301315,"BTN":-0.837127,"BOL":-0.8244603,"BIH":-1.0190214,"BWA":-0.58636504,"BRA":-0.80847424,"BRN":-1.3411988,"BGR":0.08825722,"BFA":-0.8042876,"BDI":-0.8445382,"KHM":-0.9825096,"CMR":-0.057572365,"CAN":-1.3711678,"CPV":-0.04906972,"CYM":-0.42692742,"CAF":0.58041304,"TCD":-0.56916445,"CHL":-0.68211555,"CHN":-0.99039,"COL":-0.22655408,"COM":-0.18366702,"COG":-0.33061013,"COK":-0.5146335,"CRI":-0.38518158,"CIV":-0.64912814,"HRV":-0.60214275,"CUB":-0.78500444,"CYP":-0.31667948,"CZE":-0.4556596,"COD":-0.6074443,"DNK":-1.6478425,"DJI":-0.39626345,"DOM":-0.57454747,"TLS":-0.5919657,"ECU":-0.4350605,"EGY":-0.7011356,"SLV":-0.7341555,"GNQ":-0.7464757,"ERI":-0.5410579,"EST":-2.256144,"SWZ":-0.15696955,"ETH":-0.6909067,"FLK":-0.47808647,"FRO":-0.83586574,"FJI":-0.6395605,"FIN":-2.941347,"FRA":-0.6841447,"PYF":-0.2759007,"GAB":-0.6459894,"GMB":-1.2925323,"GEO":1.3220006,"DEU":-0.6191478,"GHA":-0.6968544,"GRC":-0.13552336,"GRL":-2.0490894,"GTM":-1.3710452,"GIN":-0.5422745,"GNB":-0.6721919,"GUY":0.10049041,"HTI":-0.7044862,"HMD":-0.26610896,"HND":-0.7084451,"HKG":-0.335016,"HUN":0.008433491,"ISL":-3.7672873,"IND":-0.37133422,"IDN":-1.2055875,"IRN":-0.48423424,"IRQ":-0.5860931,"IRL":-0.53926235,"IMN":-0.6523991,"ISR":-0.37396875,"ITA":-1.0101975,"JAM":-0.9432645,"JPN":-1.5975142,"JOR":-0.3622582,"KAZ":-0.89999074,"KEN":-0.58427924,"KIR":0.27537823,"KWT":-0.5635281,"KGZ":-0.6114666,"LAO":-0.4529694,"LVA":-1.7117962,"LBN":-0.03965004,"LSO":-0.13381678,"LBR":-0.32107273,"LBY":-0.9941613,"LTU":-1.258316,"LUX":-0.30134448,"MDG":-0.82042027,"MWI":-0.41368786,"MYS":-1.2813506,"MLI":-0.74315196,"MRT":-0.76503295,"MUS":-0.3755088,"MEX":-1.4022478,"MDA":-0.2018112,"MNG":-1.1361376,"MNE":-1.1434712,"MAR":-0.7556283,"MOZ":-0.30987868,"MMR":-0.9386299,"NAM":-0.65097624,"NPL":-0.557272,"NLD":-0.84056777,"NCL":-1.5500937,"NZL":-0.98234934,"NIC":-0.32144642,"NER":-0.9943692,"NGA":-0.3127354,"PRK":-1.308705,"MKD":-0.7163422,"NOR":-4.3122134,"OMN":-1.2049727,"PAK":-0.5393351,"PSE":-0.21851175,"PAN":-0.4849426,"PNG":-1.0254512,"PRY":-0.47868267,"PER":-0.4830583,"PHL":-0.9648641,"POL":-0.65482855,"PRT":-0.50726193,"PRI":-0.42903152,"QAT":-0.5275755,"ROU":-0.014712441,"RUS":-2.2934473,"RWA":-0.942753,"SHN":-0.18915589,"VCT":-0.20728223,"WSM":-0.18214512,"STP":-0.23950608,"SAU":-1.321966,"SEN":-1.3530692,"SRB":-0.34494832,"SYC":-0.3409864,"SLE":-0.29269823,"SVK":-0.5838713,"SVN":-0.73154575,"SLB":-0.6362319,"SOM":-0.48432097,"ZAF":-0.2952622,"SGS":-1.0550472,"KOR":-0.9462001,"SSD":-0.37859377,"ESP":-1.1867787,"LKA":-0.66180897,"SDN":-0.75630075,"SUR":0.06720146,"SWE":-2.784498,"CHE":-1.108373,"SYR":0.026680231,"TJK":-0.7430795,"TZA":-0.5585656,"THA":-0.9653835,"TGO":-0.6667576,"TTO":-0.38518843,"TUN":-1.2135874,"TUR":0.92844224,"TKM":-0.045838613,"UGA":-0.9758666,"UKR":0.21723358,"ARE":-1.2185287,"GBR":-1.291386,"USA":-1.2620815,"VIR":-0.23107226,"URY":-1.0475531,"UZB":-0.009048005,"VUT":-0.7670264,"VEN":-0.18949158,"VNM":-0.71889544,"YEM":-1.375894,"ZMB":-0.2882317,"ZWE":-0.50466156}