{"AFG":-1.4853162,"ALB":-0.66068816,"DZA":-1.3536186,"ASM":-0.4928845,"AND":-0.97462815,"AGO":-1.1332825,"AIA":-0.49026394,"ATG":-0.42369524,"ARG":-0.2773334,"ARM":-1.6864247,"AUS":-0.42872372,"AUT":-0.9317999,"AZE":-1.2972636,"BHS":-0.59722567,"BHR":-0.6708307,"BGD":-0.6642224,"BLR":-0.66322434,"BEL":-0.67752594,"BLZ":-0.85910827,"BEN":-1.269157,"BTN":-1.3599364,"BOL":-0.6458955,"BIH":-1.1107749,"BWA":-1.4438423,"BRA":-0.75358886,"BRN":-1.1909986,"BGR":-0.7049232,"BFA":-1.1301168,"BDI":-0.9459422,"KHM":-1.4161242,"CMR":-1.0298334,"CAN":-1.6668688,"CPV":-0.4883755,"CYM":-0.36310497,"CAF":-0.81452847,"TCD":-1.5846205,"CHL":-0.76014954,"CHN":-1.4213682,"COL":-0.5035386,"COM":-0.26990128,"COG":-1.1356536,"COK":-0.4272108,"CRI":-0.62773895,"CIV":-1.036715,"HRV":-0.8042161,"CUB":-0.4727745,"CYP":-1.6417671,"CZE":-0.28652793,"COD":-1.1779529,"DNK":-0.37258878,"DJI":-0.9920996,"DOM":-0.555079,"TLS":-0.78145295,"ECU":-0.7511341,"EGY":-1.6070694,"SLV":-0.40562597,"GNQ":-0.9865424,"ERI":-1.21079,"EST":-0.8900568,"SWZ":-0.6421277,"ETH":-1.4334979,"FLK":-0.035405736,"FRO":-0.5103931,"FJI":-0.37552705,"FIN":-0.6178093,"FRA":-0.85159415,"PYF":-0.4653276,"GAB":-1.0937495,"GMB":-1.5009059,"GEO":-1.3697261,"DEU":-0.22717535,"GHA":-1.1743217,"GRC":-0.6886134,"GRL":-0.89356166,"GTM":-1.1501509,"GIN":-0.99975985,"GNB":-1.188572,"GUY":-0.5859291,"HTI":-0.63120204,"HMD":-0.37285945,"HND":-0.6032488,"HKG":-0.94397753,"HUN":-0.44066194,"ISL":-2.4055095,"IND":-0.42118534,"IDN":-1.2254201,"IRN":-1.737223,"IRQ":-2.5398972,"IRL":-0.57475096,"IMN":-0.4704126,"ISR":-1.6986464,"ITA":-0.88566226,"JAM":-0.66687423,"JPN":-0.9139633,"JOR":-2.2107909,"KAZ":-0.9141045,"KEN":-1.1250386,"KIR":-0.19563007,"KWT":-2.4899359,"KGZ":-1.0916587,"LAO":-1.0377836,"LVA":-0.67846274,"LBN":-2.157606,"LSO":-0.9453964,"LBR":-0.57294303,"LBY":-1.5751089,"LTU":-0.4286747,"LUX":-0.63978654,"MDG":-0.76260614,"MWI":-0.7413373,"MYS":-1.2232839,"MLI":-1.3925548,"MRT":-1.4242853,"MUS":-0.23043156,"MEX":-0.9014918,"MDA":-0.8141918,"MNG":-1.3647274,"MNE":-0.9570343,"MAR":-1.3241137,"MOZ":-0.6253335,"MMR":-0.9102103,"NAM":-1.3757544,"NPL":-1.0115093,"NLD":-0.32335672,"NCL":-0.8265271,"NZL":-0.52718955,"NIC":-0.4482514,"NER":-1.5609194,"NGA":-0.8358261,"PRK":-1.2143925,"MKD":-1.0068756,"NOR":-1.5504605,"OMN":-1.3169357,"PAK":-1.0181674,"PSE":-1.6665899,"PAN":-0.71615237,"PNG":-1.1749564,"PRY":-0.1380965,"PER":-0.92215556,"PHL":-0.9182442,"POL":-0.03366245,"PRT":-0.8745518,"PRI":-0.4328572,"QAT":-1.334864,"ROU":-0.69586354,"RUS":-0.38422605,"RWA":-0.9674802,"SHN":-0.46094546,"VCT":-0.40094677,"WSM":-0.44514117,"STP":-0.4942058,"SAU":-2.4385889,"SEN":-1.7450929,"SRB":-0.7646446,"SYC":-0.47385836,"SLE":-0.6289263,"SVK":-0.63725775,"SVN":-0.8844614,"SLB":-0.5621961,"SOM":-0.77110654,"ZAF":-0.8993771,"SGS":-0.57100314,"KOR":-0.97230387,"SSD":-1.4647847,"ESP":-1.1809043,"LKA":-0.85992175,"SDN":-1.2822489,"SUR":-0.6871497,"SWE":-0.6922595,"CHE":-1.2688375,"SYR":-2.1897087,"TJK":-1.2508281,"TZA":-0.7869169,"THA":-1.0797119,"TGO":-1.3215734,"TTO":-0.61834306,"TUN":-1.4709549,"TUR":-1.6304787,"TKM":-0.9681023,"UGA":-1.3145081,"UKR":-0.8381409,"ARE":-1.5552378,"GBR":-0.5957718,"USA":-0.9049509,"VIR":-0.44459358,"URY":-0.0037249725,"UZB":-0.88472694,"VUT":-0.33131394,"VEN":-0.67537326,"VNM":-1.021151,"YEM":-1.7704778,"ZMB":-0.7120466,"ZWE":-0.8479648}