{"AFG":-1.4714376,"ALB":-0.41132545,"DZA":-0.99728984,"ASM":-0.19651556,"AND":-0.9320027,"AGO":-1.0306439,"AIA":-0.42436376,"ATG":-0.37651253,"ARG":-0.0066517196,"ARM":-0.56159204,"AUS":-0.7852722,"AUT":-1.344313,"AZE":-0.6328604,"BHS":-0.882199,"BHR":-0.5165517,"BGD":-0.62168914,"BLR":-1.7583847,"BEL":-1.3318267,"BLZ":-1.2586833,"BEN":-1.1343297,"BTN":-1.4081577,"BOL":-1.0042287,"BIH":-1.0499631,"BWA":-0.7626248,"BRA":-1.102881,"BRN":-1.1782866,"BGR":-0.43731976,"BFA":-1.0584394,"BDI":-1.045248,"KHM":-0.9221757,"CMR":-0.9058731,"CAN":-0.91712046,"CPV":-0.66659737,"CYM":-0.6923871,"CAF":-0.73574656,"TCD":-0.9716916,"CHL":-0.33469415,"CHN":-1.1050317,"COL":-0.50990933,"COM":-0.6057089,"COG":-0.9352312,"COK":-0.16909058,"CRI":-0.69233686,"CIV":-0.90703946,"HRV":-0.85752064,"CUB":-0.88490885,"CYP":-0.91045755,"CZE":-0.9876253,"COD":-1.0630293,"DNK":-0.9235975,"DJI":-1.015458,"DOM":-0.6606466,"TLS":-0.46939722,"ECU":-0.68998843,"EGY":-1.0271773,"SLV":-0.90626717,"GNQ":-0.94657403,"ERI":-1.0296574,"EST":-1.649086,"SWZ":-1.266898,"ETH":-1.3411657,"FLK":0.25626028,"FRO":-0.8030804,"FJI":-0.50561905,"FIN":-2.18698,"FRA":-1.0783595,"PYF":-0.4677669,"GAB":-0.9822162,"GMB":-1.4831057,"GEO":-0.6209515,"DEU":-1.0100927,"GHA":-1.0872124,"GRC":-0.32220697,"GRL":-0.13994223,"GTM":-1.3875942,"GIN":-0.7273283,"GNB":-1.0290805,"GUY":-0.5597847,"HTI":-0.80111283,"HMD":-0.08967412,"HND":-0.8820388,"HKG":-0.6904407,"HUN":-0.46071044,"ISL":-2.1823099,"IND":-0.59901685,"IDN":-1.1168265,"IRN":-1.4367708,"IRQ":-1.5412925,"IRL":-0.41876817,"IMN":-0.6546752,"ISR":-0.77969575,"ITA":-1.128141,"JAM":-0.838017,"JPN":-0.89134645,"JOR":-0.73737574,"KAZ":-1.4424248,"KEN":-1.568508,"KIR":-0.21908538,"KWT":-1.4244901,"KGZ":-0.6899078,"LAO":-0.6593838,"LVA":-1.6017356,"LBN":-1.0845267,"LSO":-1.4147872,"LBR":-0.6000183,"LBY":-0.88370156,"LTU":-1.4779371,"LUX":-1.3006033,"MDG":-1.0581914,"MWI":-0.706322,"MYS":-1.0582296,"MLI":-0.95901203,"MRT":-1.0988649,"MUS":-0.4963436,"MEX":-1.2944506,"MDA":-0.95824796,"MNG":-1.6688329,"MNE":-0.8341496,"MAR":-1.0699676,"MOZ":-0.7641279,"MMR":-1.0228549,"NAM":-1.1087276,"NPL":-1.1395649,"NLD":-1.0966071,"NCL":-0.952775,"NZL":-0.6708579,"NIC":-0.7186591,"NER":-0.9970897,"NGA":-0.8029289,"PRK":-0.9367179,"MKD":-0.50357133,"NOR":-2.792606,"OMN":-1.2420582,"PAK":-0.9099844,"PSE":-0.73046607,"PAN":-0.64003724,"PNG":-0.90898067,"PRY":-0.39430508,"PER":-0.98532313,"PHL":-0.70678824,"POL":-0.8004136,"PRT":-0.4981419,"PRI":-0.6544731,"QAT":-1.2702942,"ROU":-0.47407946,"RUS":-1.6336851,"RWA":-1.023045,"SHN":-0.28176403,"VCT":-0.4185427,"WSM":-0.19734637,"STP":-0.44091955,"SAU":-1.7760229,"SEN":-1.4194446,"SRB":-0.51008373,"SYC":-0.4185389,"SLE":-0.5248292,"SVK":-0.954822,"SVN":-1.3059144,"SLB":-0.44648966,"SOM":-0.9818406,"ZAF":-1.3472872,"SGS":-0.25750098,"KOR":-0.9472949,"SSD":-1.2059493,"ESP":-0.8598711,"LKA":-0.79244757,"SDN":-1.0238208,"SUR":-0.69979906,"SWE":-1.6576563,"CHE":-1.392868,"SYR":-1.0377659,"TJK":-0.7558148,"TZA":-1.2417804,"THA":-0.7078026,"TGO":-1.1378471,"TTO":-0.60416794,"TUN":-1.1749462,"TUR":-0.6134009,"TKM":-0.91677403,"UGA":-1.347304,"UKR":-1.049548,"ARE":-1.8647543,"GBR":-0.8760741,"USA":-1.2224044,"VIR":-0.41173378,"URY":-0.28006992,"UZB":-1.0152394,"VUT":-0.45202908,"VEN":-0.63875705,"VNM":-0.67508364,"YEM":-1.769719,"ZMB":-0.6447482,"ZWE":-0.6471057}