{"AFG":-0.94298667,"ALB":-0.36646318,"DZA":-0.6514087,"ASM":-0.1508867,"AND":-1.63084,"AGO":-0.82886666,"AIA":0.09831587,"ATG":0.16439629,"ARG":0.02329882,"ARM":-1.2012534,"AUS":-0.23369963,"AUT":-1.5446647,"AZE":-2.1404593,"BHS":-0.64508504,"BHR":-0.37359205,"BGD":-0.32553896,"BLR":-2.8732593,"BEL":-1.1218594,"BLZ":-0.7138675,"BEN":-0.8980406,"BTN":-0.61807734,"BOL":-0.1876313,"BIH":-1.4490099,"BWA":-0.60257864,"BRA":-0.22681427,"BRN":-0.88967323,"BGR":-1.151731,"BFA":-0.52083445,"BDI":-0.63227206,"KHM":-0.63405496,"CMR":-0.7127943,"CAN":-0.625707,"CPV":0.36923647,"CYM":-0.19395876,"CAF":-0.6638069,"TCD":-0.17696571,"CHL":-0.41312632,"CHN":-1.2076387,"COL":-0.060455322,"COM":-0.19011195,"COG":-0.7534601,"COK":-0.43710104,"CRI":0.0021061897,"CIV":-0.6904858,"HRV":-1.43003,"CUB":-0.5216551,"CYP":-0.9741528,"CZE":-1.4611497,"COD":-0.711826,"DNK":-1.3462952,"DJI":-0.22616434,"DOM":-0.059362095,"TLS":-0.1687239,"ECU":-0.19109471,"EGY":-0.51879525,"SLV":-0.71102875,"GNQ":-0.6556937,"ERI":-0.16618793,"EST":-2.6289248,"SWZ":-0.20450258,"ETH":-0.500079,"FLK":-0.14881651,"FRO":-0.7847731,"FJI":-0.3565084,"FIN":-2.0649133,"FRA":-1.0574399,"PYF":0.057082176,"GAB":-0.6994441,"GMB":-0.48671594,"GEO":-1.3340883,"DEU":-1.4167928,"GHA":-0.78489476,"GRC":-0.30377594,"GRL":-0.39271963,"GTM":-0.647672,"GIN":-0.4888687,"GNB":-0.42058882,"GUY":-0.3485268,"HTI":-0.22263448,"HMD":-0.05641505,"HND":-0.43534198,"HKG":-0.9492349,"HUN":-1.1941887,"ISL":-2.3785002,"IND":0.06493902,"IDN":-0.8188965,"IRN":-1.3542981,"IRQ":-1.2698871,"IRL":-0.7023843,"IMN":-0.82600594,"ISR":-0.45867014,"ITA":-1.3224866,"JAM":-0.20559931,"JPN":-1.2651662,"JOR":-0.26342604,"KAZ":-3.23434,"KEN":-0.70373076,"KIR":0.15548229,"KWT":-1.2981513,"KGZ":-0.9928759,"LAO":-0.39812294,"LVA":-2.6617997,"LBN":-0.7300401,"LSO":-0.48468485,"LBR":-0.4290174,"LBY":-0.2664311,"LTU":-2.7080936,"LUX":-1.2932767,"MDG":-0.5340093,"MWI":-0.2544403,"MYS":-0.8172488,"MLI":-0.29612508,"MRT":-0.5468645,"MUS":0.10461426,"MEX":-0.669141,"MDA":-2.367944,"MNG":-2.353444,"MNE":-0.89540976,"MAR":-1.1581818,"MOZ":-0.19217937,"MMR":-0.47365317,"NAM":-0.7346423,"NPL":-0.54428977,"NLD":-1.0770345,"NCL":-0.82471246,"NZL":-0.47554114,"NIC":-0.15181144,"NER":-0.005891005,"NGA":-0.5058586,"PRK":-1.7987591,"MKD":-0.70203286,"NOR":-1.9646126,"OMN":-0.5409398,"PAK":-0.2674702,"PSE":-0.622117,"PAN":-0.105324745,"PNG":-0.80943155,"PRY":0.0980916,"PER":-0.23955901,"PHL":-0.4069395,"POL":-1.9348044,"PRT":-1.136073,"PRI":-0.19982386,"QAT":-0.90828866,"ROU":-1.4853402,"RUS":-2.7598603,"RWA":-0.6696002,"SHN":-0.21725495,"VCT":0.17151976,"WSM":-0.112464584,"STP":-0.42182064,"SAU":-1.1133476,"SEN":-0.5561182,"SRB":-1.2774811,"SYC":-0.053166706,"SLE":-0.51135856,"SVK":-1.4658784,"SVN":-1.6326313,"SLB":-0.28382874,"SOM":-0.16432507,"ZAF":-0.52672464,"SGS":-0.2607242,"KOR":-1.5273651,"SSD":-0.7751877,"ESP":-1.6762133,"LKA":-0.37478194,"SDN":-0.18283765,"SUR":-0.36793676,"SWE":-1.5316916,"CHE":-1.6407866,"SYR":-0.91677445,"TJK":-1.1747208,"TZA":-0.4371535,"THA":-0.48723078,"TGO":-0.79641217,"TTO":-0.027590433,"TUN":-1.600296,"TUR":-0.51290715,"TKM":-3.070885,"UGA":-0.80851346,"UKR":-2.3925955,"ARE":-1.1715142,"GBR":-0.9533467,"USA":-0.99172163,"VIR":0.13405783,"URY":-0.16226077,"UZB":-2.6868556,"VUT":-0.1382478,"VEN":-0.508468,"VNM":-0.37263647,"YEM":-1.1358553,"ZMB":-0.7376564,"ZWE":-0.8693525}