{"AFG":-0.06958418,"ALB":-0.445259,"DZA":-0.7769177,"ASM":-0.27349362,"AND":-1.1253544,"AGO":-0.636699,"AIA":-0.18998115,"ATG":-0.13252704,"ARG":-0.08928442,"ARM":0.10841284,"AUS":-0.27044868,"AUT":-1.6562915,"AZE":-0.2588074,"BHS":-0.698077,"BHR":-0.004011472,"BGD":-0.36816755,"BLR":-1.6888028,"BEL":-1.1414418,"BLZ":-1.0548587,"BEN":-0.71397144,"BTN":-0.81392044,"BOL":-0.7140344,"BIH":-1.2770928,"BWA":0.22041734,"BRA":-0.5347889,"BRN":-0.9450345,"BGR":-0.45264375,"BFA":-0.4181808,"BDI":-0.6938575,"KHM":-0.74025774,"CMR":-0.7548482,"CAN":-1.2715849,"CPV":0.022192478,"CYM":-0.40852532,"CAF":-0.52863425,"TCD":-0.9569523,"CHL":-0.5803565,"CHN":-1.2460601,"COL":-0.3877147,"COM":-0.28856993,"COG":-0.6781562,"COK":-0.05677827,"CRI":-0.5295822,"CIV":-0.565026,"HRV":-1.1144623,"CUB":-0.65407133,"CYP":-0.7832872,"CZE":-1.4139118,"COD":-0.7466853,"DNK":-1.7369899,"DJI":-0.3613375,"DOM":-0.35697207,"TLS":-0.19345474,"ECU":-0.42945704,"EGY":-1.2356379,"SLV":-0.86758137,"GNQ":-0.66795987,"ERI":-0.5367376,"EST":-2.0893576,"SWZ":0.073440075,"ETH":-0.641476,"FLK":-0.035661876,"FRO":-0.9039221,"FJI":-0.13103724,"FIN":-1.4255981,"FRA":-1.0123967,"PYF":-0.28486905,"GAB":-0.7120778,"GMB":-0.60381556,"GEO":-0.3738552,"DEU":-1.4586648,"GHA":-0.5835865,"GRC":-0.2694749,"GRL":-0.40379748,"GTM":-1.0854421,"GIN":-0.39756966,"GNB":-0.5479234,"GUY":-0.72098666,"HTI":-0.45782217,"HMD":-0.14028499,"HND":-0.8223774,"HKG":-0.7982704,"HUN":-1.1169264,"ISL":-2.2587097,"IND":-0.45996523,"IDN":-0.88304806,"IRN":-0.39094982,"IRQ":-1.2566655,"IRL":-0.44904938,"IMN":-0.62016237,"ISR":-0.89194626,"ITA":-1.0558821,"JAM":-0.5970438,"JPN":-1.1838638,"JOR":-0.8400714,"KAZ":-1.334836,"KEN":-0.75205374,"KIR":-0.6585309,"KWT":-1.1808623,"KGZ":-0.615833,"LAO":-0.5032732,"LVA":-1.9870993,"LBN":-0.9621032,"LSO":-0.4066726,"LBR":-0.33019924,"LBY":-1.1656696,"LTU":-1.901841,"LUX":-1.351658,"MDG":-0.77718085,"MWI":-0.43649817,"MYS":-0.8702574,"MLI":-0.4775281,"MRT":-0.043881577,"MUS":-0.22365601,"MEX":-1.0052658,"MDA":-0.8851123,"MNG":-1.7398006,"MNE":-0.90393585,"MAR":-0.7079453,"MOZ":-0.19681199,"MMR":-0.6407695,"NAM":-0.42230806,"NPL":-0.36391068,"NLD":-1.1495789,"NCL":-0.32935286,"NZL":0.2820818,"NIC":-0.6560545,"NER":-0.9613226,"NGA":-0.5234496,"PRK":-1.3882831,"MKD":-0.6806969,"NOR":-2.0683186,"OMN":-0.7107978,"PAK":-0.168907,"PSE":-0.95775205,"PAN":-0.53032655,"PNG":-0.6678397,"PRY":-0.18218867,"PER":-0.5766069,"PHL":-0.395617,"POL":-1.7010283,"PRT":-0.7665778,"PRI":-0.31929445,"QAT":-1.0086733,"ROU":-0.858906,"RUS":-1.5251274,"RWA":-0.797972,"SHN":-0.4886249,"VCT":-0.0915494,"WSM":-0.21891434,"STP":-0.46947637,"SAU":-1.5193352,"SEN":-0.5406974,"SRB":-0.9983864,"SYC":-0.18016784,"SLE":-0.34542432,"SVK":-1.4391664,"SVN":-1.4098574,"SLB":-0.2126344,"SOM":-0.20455742,"ZAF":-0.38994947,"SGS":-0.29920086,"KOR":-1.2482529,"SSD":-1.0432425,"ESP":-1.0105447,"LKA":-0.5346484,"SDN":-1.121358,"SUR":-0.80997294,"SWE":-1.7762944,"CHE":-1.7608715,"SYR":-0.7436946,"TJK":-0.25514904,"TZA":-0.8369727,"THA":-0.64680004,"TGO":-0.622258,"TTO":-0.36425224,"TUN":-1.3045834,"TUR":0.022788366,"TKM":-0.5633988,"UGA":-1.1171494,"UKR":-1.0340594,"ARE":-1.353686,"GBR":-0.77430105,"USA":-1.0517763,"VIR":-0.2248772,"URY":-0.10181276,"UZB":-0.70421267,"VUT":0.0446647,"VEN":-0.8250424,"VNM":-0.57519263,"YEM":-1.3374947,"ZMB":-0.5027434,"ZWE":-0.040499527}