{"AFG":0.16893257,"ALB":-0.72964627,"DZA":-1.496945,"ASM":-0.6141384,"AND":-1.4752766,"AGO":-0.96508425,"AIA":-0.5644801,"ATG":-0.5229766,"ARG":-0.5707101,"ARM":-0.602759,"AUS":-0.6116076,"AUT":-1.1143434,"AZE":-0.38813934,"BHS":-0.50355035,"BHR":-0.42294407,"BGD":-0.9843256,"BLR":-0.9748931,"BEL":-0.9563427,"BLZ":-0.8152978,"BEN":-0.99015397,"BTN":-1.1232299,"BOL":-1.4713405,"BIH":-1.2120508,"BWA":-0.530612,"BRA":-1.0455847,"BRN":-1.2502993,"BGR":-0.9055111,"BFA":-0.72512436,"BDI":-1.2580061,"KHM":-1.5670904,"CMR":-0.9953888,"CAN":-1.0783247,"CPV":-0.6501951,"CYM":-0.50030947,"CAF":-0.91988724,"TCD":-0.86159277,"CHL":-1.0286628,"CHN":-0.99718255,"COL":-0.94693834,"COM":-0.7815607,"COG":-0.96242887,"COK":-0.20390098,"CRI":-0.8676837,"CIV":-1.0917441,"HRV":-1.0977035,"CUB":-0.5719306,"CYP":-1.2749141,"CZE":-0.83563143,"COD":-1.1126796,"DNK":-0.57448006,"DJI":-1.2526337,"DOM":-0.62433976,"TLS":-0.5899172,"ECU":-0.89599085,"EGY":-1.1709999,"SLV":-0.9366245,"GNQ":-0.91813546,"ERI":-1.5408925,"EST":-0.91233724,"SWZ":-0.4025704,"ETH":-1.2824955,"FLK":-0.37344548,"FRO":-0.3306137,"FJI":-0.2117068,"FIN":-1.7683841,"FRA":-1.142819,"PYF":-0.74833983,"GAB":-0.9026963,"GMB":-0.9838454,"GEO":-0.4749486,"DEU":-0.68878907,"GHA":-1.100853,"GRC":-0.9028349,"GRL":-2.0034668,"GTM":-0.9314645,"GIN":-0.85978395,"GNB":-0.9644893,"GUY":-1.114498,"HTI":-1.022128,"HMD":-0.31068242,"HND":-0.72681,"HKG":-0.95311815,"HUN":-0.72488636,"ISL":-1.9096721,"IND":-0.8547349,"IDN":-1.22413,"IRN":-0.9280974,"IRQ":-1.8845707,"IRL":0.15617485,"IMN":-0.17353506,"ISR":-1.0805804,"ITA":-1.1586137,"JAM":-1.0260135,"JPN":-1.1028,"JOR":-1.1531664,"KAZ":-0.5218758,"KEN":-1.0388666,"KIR":-1.1699114,"KWT":-1.7534022,"KGZ":-0.192488,"LAO":-1.3310052,"LVA":-0.6295069,"LBN":-1.4860777,"LSO":-0.8367362,"LBR":-0.676373,"LBY":-1.0373976,"LTU":-0.52682155,"LUX":-0.95814633,"MDG":-1.0301362,"MWI":-0.86812085,"MYS":-1.1950507,"MLI":-0.9465699,"MRT":-1.316804,"MUS":-0.40930524,"MEX":-0.9331308,"MDA":-1.088706,"MNG":-1.3646579,"MNE":-1.029508,"MAR":-1.990816,"MOZ":-0.6407582,"MMR":-1.1538424,"NAM":-0.97469467,"NPL":-0.9313061,"NLD":-0.6937614,"NCL":-0.4961052,"NZL":0.31708154,"NIC":-0.77971554,"NER":-0.79116887,"NGA":-0.6907368,"PRK":-1.2933289,"MKD":-1.0799652,"NOR":-1.7405609,"OMN":-1.2052702,"PAK":-0.20518844,"PSE":-1.2125374,"PAN":-0.9186263,"PNG":-0.85761625,"PRY":-1.3214537,"PER":-1.09229,"PHL":-0.9039097,"POL":-0.5924173,"PRT":-1.4096836,"PRI":-0.18572044,"QAT":-1.4130317,"ROU":-0.847534,"RUS":-0.9865322,"RWA":-1.3164784,"SHN":-0.55957574,"VCT":-0.52285177,"WSM":-0.607059,"STP":-0.66412514,"SAU":-2.2160509,"SEN":-1.1584129,"SRB":-0.8284181,"SYC":-0.6436942,"SLE":-0.6921838,"SVK":-0.9800003,"SVN":-1.1809307,"SLB":-0.47569147,"SOM":-0.7607975,"ZAF":-0.8368502,"SGS":-0.22614907,"KOR":-1.0483167,"SSD":-1.5787086,"ESP":-1.8235775,"LKA":-0.7844863,"SDN":-1.3737324,"SUR":-1.2993134,"SWE":-0.9999873,"CHE":-1.2222937,"SYR":-1.432334,"TJK":-0.17414947,"TZA":-1.1802698,"THA":-1.3687834,"TGO":-1.0566717,"TTO":-0.7446701,"TUN":-1.8014733,"TUR":-0.6805528,"TKM":-0.21659511,"UGA":-1.3839755,"UKR":-0.9565621,"ARE":-1.7236204,"GBR":-0.345119,"USA":-1.3000139,"VIR":-0.54778117,"URY":-0.64750504,"UZB":-0.07211868,"VUT":-0.08600775,"VEN":-1.1577544,"VNM":-1.1849755,"YEM":-2.1953511,"ZMB":-0.8914685,"ZWE":-0.53502876}