{"AFG":-2.3793516,"ALB":-0.60047317,"DZA":-1.5390326,"ASM":-0.3308107,"AND":-1.9077692,"AGO":-0.99165964,"AIA":-0.48004565,"ATG":-0.43235716,"ARG":-0.48675355,"ARM":-1.8038073,"AUS":-0.18502347,"AUT":-1.4912175,"AZE":-1.7853724,"BHS":-0.15037505,"BHR":-1.1394535,"BGD":-0.10693741,"BLR":-0.7360737,"BEL":-1.4752059,"BLZ":-0.67258644,"BEN":-0.72200507,"BTN":-0.68241054,"BOL":-0.50698596,"BIH":-0.89365,"BWA":-0.8547587,"BRA":-0.5462859,"BRN":-0.8768131,"BGR":-0.817291,"BFA":-0.46824613,"BDI":-1.2652098,"KHM":-0.968569,"CMR":-0.6785963,"CAN":-3.0669925,"CPV":-0.94931,"CYM":-0.24155855,"CAF":-0.40169716,"TCD":-0.2937355,"CHL":-0.5744949,"CHN":-1.0577315,"COL":-0.3828443,"COM":-0.34772125,"COG":-0.7854664,"COK":-0.47070345,"CRI":-0.30163875,"CIV":-0.72336704,"HRV":-1.0827086,"CUB":-0.40721765,"CYP":-1.7081171,"CZE":-1.1172042,"COD":-0.93924284,"DNK":-0.8166368,"DJI":-0.9356224,"DOM":-0.3701099,"TLS":-0.60671014,"ECU":-0.01845614,"EGY":-0.92502874,"SLV":-0.09964498,"GNQ":-0.8042779,"ERI":-0.87301797,"EST":-0.4799075,"SWZ":-0.45454225,"ETH":-0.8499997,"FLK":-0.35929975,"FRO":-0.0017366012,"FJI":-0.52691716,"FIN":0.25047442,"FRA":-1.3321868,"PYF":-0.25915813,"GAB":-0.84217805,"GMB":-0.5733482,"GEO":-1.077447,"DEU":-1.3346745,"GHA":-0.77942246,"GRC":-0.7926658,"GRL":-0.70469683,"GTM":-0.6534233,"GIN":-0.53447217,"GNB":-0.57416373,"GUY":-0.6324978,"HTI":-0.7068011,"HMD":-0.42465284,"HND":-0.21465795,"HKG":-0.6974502,"HUN":-0.63270384,"ISL":-0.79305124,"IND":-0.15252495,"IDN":-0.8346696,"IRN":-2.5555258,"IRQ":-2.437491,"IRL":-0.7907057,"IMN":-0.7543023,"ISR":-1.2184509,"ITA":-1.2482611,"JAM":-0.9136618,"JPN":-0.3894385,"JOR":-1.442484,"KAZ":-2.4293406,"KEN":-0.6076253,"KIR":0.009249687,"KWT":-2.5942547,"KGZ":-1.6518949,"LAO":-0.7201915,"LVA":-0.5225751,"LBN":-1.7433544,"LSO":-0.6330182,"LBR":-0.34595394,"LBY":-0.50627285,"LTU":-0.6576027,"LUX":-1.5697376,"MDG":-0.6973794,"MWI":-0.6480325,"MYS":-0.80945855,"MLI":-0.7638974,"MRT":-1.3008142,"MUS":-0.024468899,"MEX":-0.62825483,"MDA":-1.2120272,"MNG":-0.91078526,"MNE":-0.65217584,"MAR":-2.5558107,"MOZ":-0.7699439,"MMR":-0.5499986,"NAM":-0.7928684,"NPL":-0.4655323,"NLD":-1.2676555,"NCL":-0.99950534,"NZL":-0.37633726,"NIC":-0.26531744,"NER":-0.27314615,"NGA":-0.4080275,"PRK":-0.8512152,"MKD":-0.8676732,"NOR":-0.3466573,"OMN":-1.3528438,"PAK":-1.128949,"PSE":-1.3729624,"PAN":-0.27538714,"PNG":-0.84781456,"PRY":-0.100506626,"PER":-0.25241914,"PHL":-0.73215276,"POL":-0.94715047,"PRT":-1.7259432,"PRI":-0.036435604,"QAT":-1.8359951,"ROU":-0.7224524,"RUS":-1.6747004,"RWA":-1.2834454,"SHN":0.17069213,"VCT":-0.37526622,"WSM":-0.31134176,"STP":-0.4962759,"SAU":-2.049186,"SEN":-0.6349149,"SRB":-0.6887458,"SYC":-0.14243142,"SLE":-0.35497174,"SVK":-0.8061097,"SVN":-1.4053074,"SLB":-0.5369191,"SOM":-0.39789534,"ZAF":-0.47235665,"SGS":-0.7067015,"KOR":-0.76497364,"SSD":-1.2056407,"ESP":-2.0553076,"LKA":-0.35022798,"SDN":-0.82332706,"SUR":-0.5908019,"SWE":-0.12819076,"CHE":-1.5035396,"SYR":-2.1157153,"TJK":-2.0985525,"TZA":-1.1106263,"THA":-0.6942865,"TGO":-0.7007931,"TTO":-0.60827416,"TUN":-1.8815683,"TUR":-1.515728,"TKM":-2.5909288,"UGA":-1.1858014,"UKR":-0.852757,"ARE":-1.8599497,"GBR":-0.955538,"USA":-1.3526001,"VIR":-0.5037112,"URY":-0.20272589,"UZB":-2.448719,"VUT":-0.4795812,"VEN":-0.87281704,"VNM":-0.5916691,"YEM":-1.5634608,"ZMB":-0.8046222,"ZWE":-1.0113903}