{"AFG":-0.51016325,"ALB":-0.78859216,"DZA":-1.3405975,"ASM":-0.39049038,"AND":-1.3139658,"AGO":-0.44645706,"AIA":-0.33969274,"ATG":-0.34132066,"ARG":-0.6510026,"ARM":-1.5086163,"AUS":-0.12978093,"AUT":-1.5117645,"AZE":-1.3971434,"BHS":-0.4328448,"BHR":-0.48559156,"BGD":-0.2553811,"BLR":-1.2639192,"BEL":-1.0527285,"BLZ":-0.7159362,"BEN":-0.35126877,"BTN":-0.45055425,"BOL":-0.596299,"BIH":-1.4802576,"BWA":-0.5041838,"BRA":-0.47913742,"BRN":-0.58917904,"BGR":-1.2792906,"BFA":-0.09348694,"BDI":-0.73259306,"KHM":-0.6805539,"CMR":-0.36551747,"CAN":-0.31060594,"CPV":-0.6176141,"CYM":-0.32565227,"CAF":-0.1840682,"TCD":-0.31266847,"CHL":-0.61137897,"CHN":-0.68700856,"COL":-0.2592422,"COM":-0.291293,"COG":-0.49152026,"COK":0.23882262,"CRI":-0.38466248,"CIV":-0.27048793,"HRV":-1.3461561,"CUB":-0.53931886,"CYP":-1.1260558,"CZE":-0.93556815,"COD":-0.52000904,"DNK":-0.42494574,"DJI":-0.563001,"DOM":-0.20149994,"TLS":-0.0671986,"ECU":-0.46594635,"EGY":-1.1705111,"SLV":-0.65070456,"GNQ":-0.57837313,"ERI":-0.5951832,"EST":-0.82110673,"SWZ":-0.4852805,"ETH":-0.5270729,"FLK":-0.39573124,"FRO":-0.84841245,"FJI":0.06012551,"FIN":-1.0224133,"FRA":-1.1458787,"PYF":-0.25703636,"GAB":-0.5751467,"GMB":-0.3333095,"GEO":-1.5144691,"DEU":-0.93425107,"GHA":-0.33362007,"GRC":-0.7993724,"GRL":-1.2725863,"GTM":-0.67515546,"GIN":-0.23943646,"GNB":-0.45079422,"GUY":-0.5528714,"HTI":-0.6850171,"HMD":-0.37902653,"HND":-0.29760566,"HKG":-0.1756107,"HUN":-0.87017745,"ISL":-2.6489515,"IND":-0.115889706,"IDN":-0.66678506,"IRN":-0.9847517,"IRQ":-1.6290401,"IRL":-0.14502569,"IMN":-0.5169443,"ISR":-0.9702739,"ITA":-1.0768538,"JAM":-0.8173358,"JPN":-0.66750246,"JOR":-0.9402075,"KAZ":-0.77234405,"KEN":-0.17445882,"KIR":-0.5590563,"KWT":-1.4374285,"KGZ":-0.21632917,"LAO":-0.3378857,"LVA":-0.8032866,"LBN":-1.3253754,"LSO":-0.80272216,"LBR":0.17732096,"LBY":-1.2001619,"LTU":-0.8091035,"LUX":-0.9712855,"MDG":-0.49739918,"MWI":-0.409362,"MYS":-0.6066802,"MLI":-0.7671323,"MRT":-0.76742095,"MUS":-0.011447589,"MEX":-1.2755786,"MDA":-1.5026659,"MNG":-0.5053383,"MNE":-1.1363701,"MAR":-1.272732,"MOZ":-0.48908758,"MMR":-0.5233135,"NAM":-0.4421064,"NPL":-0.4035194,"NLD":-0.7401381,"NCL":0.21392219,"NZL":0.14548604,"NIC":-0.42500544,"NER":-0.589911,"NGA":0.06705507,"PRK":-0.78133124,"MKD":-1.4407874,"NOR":-1.5552297,"OMN":-0.9056344,"PAK":-0.51094985,"PSE":-1.0430008,"PAN":-0.32671246,"PNG":-0.5028712,"PRY":-0.41261658,"PER":-0.5224374,"PHL":-0.25158295,"POL":-0.8887682,"PRT":-0.8950402,"PRI":0.09536425,"QAT":-1.1003727,"ROU":-1.2462543,"RUS":-0.8166166,"RWA":-0.79841566,"SHN":0.37777677,"VCT":-0.2868339,"WSM":-0.2738174,"STP":-0.051235516,"SAU":-1.2945769,"SEN":-0.46581793,"SRB":-1.2073903,"SYC":-0.1936477,"SLE":0.17281532,"SVK":-1.1293703,"SVN":-1.5909909,"SLB":-0.054736774,"SOM":-0.34598732,"ZAF":-0.6343078,"SGS":-0.6020831,"KOR":-0.5624539,"SSD":-0.8096762,"ESP":-1.4134942,"LKA":-0.13200586,"SDN":-0.60177964,"SUR":-0.727855,"SWE":-0.6393201,"CHE":-1.5724579,"SYR":-1.3026389,"TJK":-0.40306854,"TZA":-0.61444587,"THA":-0.5830841,"TGO":-0.27979007,"TTO":-0.5200617,"TUN":-1.4921211,"TUR":-1.0936297,"TKM":-0.79419947,"UGA":-0.69097394,"UKR":-1.4214716,"ARE":-1.2457191,"GBR":-0.70619875,"USA":-0.7825529,"VIR":-0.3618935,"URY":-0.46112093,"UZB":-0.68956095,"VUT":0.12110742,"VEN":-0.730799,"VNM":-0.17890231,"YEM":-1.3551755,"ZMB":-0.4688646,"ZWE":-0.6166144}