{"AFG":-1.5806621,"ALB":-0.69544774,"DZA":-1.9339815,"ASM":-0.6395545,"AND":-1.6051849,"AGO":-1.3799014,"AIA":-0.8827022,"ATG":-0.8872598,"ARG":-0.6713087,"ARM":-1.4250506,"AUS":-1.5830919,"AUT":-0.8718098,"AZE":-1.200256,"BHS":-0.5223815,"BHR":-0.7851114,"BGD":-0.7197668,"BLR":-0.61055684,"BEL":-0.69350463,"BLZ":-1.1439582,"BEN":-1.1500012,"BTN":-0.658804,"BOL":-1.31099,"BIH":-0.9960713,"BWA":-1.9982256,"BRA":-1.1625429,"BRN":-1.1767734,"BGR":-0.8943868,"BFA":-1.0398978,"BDI":-1.2030749,"KHM":-1.1741263,"CMR":-1.1864051,"CAN":-1.885511,"CPV":-1.0168792,"CYM":-0.6132906,"CAF":-1.0888337,"TCD":-1.244716,"CHL":-0.8258944,"CHN":-1.0928293,"COL":-0.7117912,"COM":-0.8295665,"COG":-1.1235303,"COK":-0.07746156,"CRI":-0.8547301,"CIV":-0.93887043,"HRV":-0.75585014,"CUB":-0.44730377,"CYP":-1.1553313,"CZE":-0.15374829,"COD":-1.1758528,"DNK":-0.17797838,"DJI":-1.1949397,"DOM":-0.6631983,"TLS":-0.64397544,"ECU":-1.1058341,"EGY":-1.2320744,"SLV":-0.75768757,"GNQ":-1.1772494,"ERI":-1.3852667,"EST":-0.04380844,"SWZ":-0.119981766,"ETH":-1.1067734,"FLK":-0.19803703,"FRO":0.026848257,"FJI":-0.15221722,"FIN":0.66223586,"FRA":-0.890342,"PYF":-0.772971,"GAB":-1.1563654,"GMB":-1.0968863,"GEO":-1.2135547,"DEU":-0.3521954,"GHA":-0.96258736,"GRC":-0.7717895,"GRL":-0.9016903,"GTM":-1.1018325,"GIN":-0.8778879,"GNB":-1.0218053,"GUY":-1.0998713,"HTI":-1.008397,"HMD":-0.64225084,"HND":-0.8400338,"HKG":-0.7962951,"HUN":-0.28919053,"ISL":-1.2466682,"IND":-0.35007033,"IDN":-0.98853683,"IRN":-1.896636,"IRQ":-1.868111,"IRL":-0.53174186,"IMN":-0.6496347,"ISR":-1.03781,"ITA":-1.1038032,"JAM":-0.99518824,"JPN":-1.2077894,"JOR":-1.1094737,"KAZ":-1.6284624,"KEN":-0.7628395,"KIR":-1.0384264,"KWT":-1.8442024,"KGZ":-1.3915628,"LAO":-1.0169016,"LVA":-0.28672868,"LBN":-1.116546,"LSO":-1.471094,"LBR":-0.44149765,"LBY":-1.1803681,"LTU":-0.47141457,"LUX":-0.6167634,"MDG":-1.002227,"MWI":-1.0325294,"MYS":-1.0525001,"MLI":-1.6325197,"MRT":-1.5859909,"MUS":-0.66525793,"MEX":-1.0088232,"MDA":-0.90653735,"MNG":-1.643684,"MNE":-0.9826929,"MAR":-1.5706497,"MOZ":-1.0626367,"MMR":-0.95327634,"NAM":-2.072773,"NPL":-0.48102883,"NLD":-0.48573327,"NCL":-0.47516108,"NZL":0.14307411,"NIC":-0.91144675,"NER":-1.300922,"NGA":-0.9260867,"PRK":-1.5654141,"MKD":-1.005929,"NOR":-0.13133447,"OMN":-0.95681447,"PAK":-0.784956,"PSE":-1.0038034,"PAN":-0.5998934,"PNG":-0.85653466,"PRY":-1.1740593,"PER":-1.0247421,"PHL":-0.73688316,"POL":-0.49592793,"PRT":-1.1396288,"PRI":-0.38138184,"QAT":-1.2682991,"ROU":-0.8082521,"RUS":-1.7127606,"RWA":-1.2987124,"SHN":-0.0058902106,"VCT":-0.7522066,"WSM":-0.5429794,"STP":-0.5630763,"SAU":-1.734436,"SEN":-1.405145,"SRB":-0.7325621,"SYC":-0.7711614,"SLE":-0.42387772,"SVK":-0.5411872,"SVN":-0.7834556,"SLB":-0.3087975,"SOM":-0.51612824,"ZAF":-1.2258805,"SGS":-0.18559243,"KOR":-1.5883201,"SSD":-1.586291,"ESP":-1.5093389,"LKA":-0.5662691,"SDN":-1.5002028,"SUR":-1.138915,"SWE":0.16173883,"CHE":-1.0784692,"SYR":-1.2167407,"TJK":-1.5165287,"TZA":-0.9138872,"THA":-1.0854782,"TGO":-1.0724568,"TTO":-0.8840777,"TUN":-1.8136183,"TUR":-0.9984897,"TKM":-2.0119536,"UGA":-1.1399117,"UKR":-0.8060076,"ARE":-1.3786836,"GBR":-0.6932628,"USA":-0.8528142,"VIR":-0.92752665,"URY":-0.57963175,"UZB":-1.792996,"VUT":-0.12782605,"VEN":-1.1160126,"VNM":-0.8142403,"YEM":-1.7476134,"ZMB":-1.3327723,"ZWE":-1.7048794}