{"AFG":-1.4943161,"ALB":-0.70470244,"DZA":-1.6665524,"ASM":-0.6590654,"AND":-1.3419809,"AGO":-1.1013923,"AIA":-0.6886714,"ATG":-0.7423827,"ARG":-0.46998549,"ARM":-1.0710875,"AUS":-0.93849045,"AUT":-0.90176696,"AZE":-0.52644366,"BHS":-0.14315446,"BHR":-0.6340494,"BGD":-0.5035739,"BLR":0.5439202,"BEL":-0.73809767,"BLZ":-0.8287737,"BEN":-1.3256534,"BTN":-0.57209295,"BOL":-1.0354947,"BIH":-0.9077485,"BWA":-1.273482,"BRA":-1.0067921,"BRN":-0.97684306,"BGR":-0.61993784,"BFA":-1.1955866,"BDI":-1.3036504,"KHM":-1.2428573,"CMR":-1.1679367,"CAN":-1.2061788,"CPV":-0.85326165,"CYM":-0.3097221,"CAF":-1.02844,"TCD":-1.0944328,"CHL":-0.8622051,"CHN":-0.6251766,"COL":-0.84297276,"COM":-0.661952,"COG":-1.03866,"COK":-0.29244772,"CRI":-0.725807,"CIV":-1.0039268,"HRV":-0.6292265,"CUB":-0.19775183,"CYP":-1.3332262,"CZE":-0.20874077,"COD":-1.1813711,"DNK":0.2771972,"DJI":-1.1246568,"DOM":-0.56279355,"TLS":-0.5265606,"ECU":-0.9410971,"EGY":-1.5777978,"SLV":-0.80575913,"GNQ":-1.1551889,"ERI":-1.3870977,"EST":0.6594045,"SWZ":-0.99390334,"ETH":-1.0804573,"FLK":-0.40504387,"FRO":-0.68155813,"FJI":-0.13073032,"FIN":0.27939317,"FRA":-1.0257633,"PYF":-0.7162697,"GAB":-1.1020802,"GMB":-0.99721736,"GEO":-0.85987884,"DEU":-0.29962972,"GHA":-1.1033711,"GRC":-0.79676276,"GRL":-1.5437794,"GTM":-0.7568264,"GIN":-0.7850642,"GNB":-0.9667072,"GUY":-1.0955085,"HTI":-0.8798987,"HMD":-0.48484114,"HND":-0.5278962,"HKG":-0.60079813,"HUN":-0.20794553,"ISL":-2.3205593,"IND":-0.7166125,"IDN":-0.96899337,"IRN":-1.5153385,"IRQ":-1.7668225,"IRL":0.08438969,"IMN":-0.3361378,"ISR":-1.1408902,"ITA":-1.0010804,"JAM":-0.94366854,"JPN":-0.68782115,"JOR":-1.3549675,"KAZ":-0.2581844,"KEN":-0.8649604,"KIR":-1.1622667,"KWT":-1.698885,"KGZ":-1.1078632,"LAO":-0.96596605,"LVA":0.68623257,"LBN":-1.3680354,"LSO":-1.1657107,"LBR":-0.5260248,"LBY":-1.3500196,"LTU":0.69557047,"LUX":-0.61815006,"MDG":-1.0436333,"MWI":-0.7158721,"MYS":-0.98092955,"MLI":-1.453723,"MRT":-1.2975469,"MUS":-0.36319208,"MEX":-1.1106694,"MDA":0.1545217,"MNG":-0.7434481,"MNE":-0.8783172,"MAR":-1.4297457,"MOZ":-0.86572886,"MMR":-0.80001,"NAM":-1.0167621,"NPL":-0.39207816,"NLD":-0.37014166,"NCL":-0.25528875,"NZL":-0.10794333,"NIC":-0.65960664,"NER":-1.2647551,"NGA":-1.0978894,"PRK":-0.29120943,"MKD":-1.0703257,"NOR":-0.8284523,"OMN":-0.9563982,"PAK":-1.1198632,"PSE":-1.1324941,"PAN":-0.9245927,"PNG":-0.8854014,"PRY":-0.79574364,"PER":-1.1185738,"PHL":-0.65370435,"POL":0.13891786,"PRT":-1.1751416,"PRI":-0.51549023,"QAT":-1.2883784,"ROU":-0.306882,"RUS":-0.13611718,"RWA":-1.3599067,"SHN":-0.429698,"VCT":-0.7505587,"WSM":-0.5823345,"STP":-0.7202012,"SAU":-1.8675241,"SEN":-1.2219796,"SRB":-0.6674464,"SYC":-0.7177572,"SLE":-0.41660437,"SVK":-0.3443683,"SVN":-0.5962296,"SLB":-0.3832054,"SOM":-0.49876818,"ZAF":-1.1678137,"SGS":-0.6329525,"KOR":-0.33209705,"SSD":-1.7232484,"ESP":-1.4969853,"LKA":-0.6767273,"SDN":-1.421604,"SUR":-1.2212425,"SWE":0.40912035,"CHE":-1.2251993,"SYR":-1.4140602,"TJK":-1.3466092,"TZA":-0.7834754,"THA":-0.9830055,"TGO":-1.2339611,"TTO":-0.919079,"TUN":-1.6163918,"TUR":-1.0640837,"TKM":-0.5717559,"UGA":-1.2144231,"UKR":0.34998584,"ARE":-1.2867298,"GBR":-0.37738702,"USA":-1.27604,"VIR":-0.7647459,"URY":-0.37498865,"UZB":-0.48340467,"VUT":-0.17130916,"VEN":-1.0306288,"VNM":-0.84348124,"YEM":-1.609683,"ZMB":-0.94184875,"ZWE":-1.3556604}