{"AFG":-0.876837,"ALB":-1.210515,"DZA":-2.07426,"ASM":-0.6064785,"AND":-1.628424,"AGO":-1.4411381,"AIA":-0.77931374,"ATG":-0.8271656,"ARG":-1.0365916,"ARM":-1.2947158,"AUS":-1.2122774,"AUT":-1.3406137,"AZE":-1.2982417,"BHS":-0.6561141,"BHR":-0.9825042,"BGD":-0.281984,"BLR":-2.552776,"BEL":-0.44338003,"BLZ":-1.4334272,"BEN":-1.4005255,"BTN":-0.52786183,"BOL":-1.2457522,"BIH":-1.8080105,"BWA":-1.6705898,"BRA":-0.96757156,"BRN":-1.0274428,"BGR":-1.5852224,"BFA":-1.415689,"BDI":-1.0867659,"KHM":-1.2460041,"CMR":-1.0962263,"CAN":-1.0753748,"CPV":-0.97001,"CYM":-0.5191795,"CAF":-0.94587535,"TCD":-0.28269038,"CHL":-0.9800281,"CHN":-1.2699074,"COL":-0.6432707,"COM":-0.6907504,"COG":-1.1746086,"COK":-0.44624105,"CRI":-0.6481654,"CIV":-1.2403392,"HRV":-1.5980748,"CUB":-0.64561576,"CYP":-1.3595101,"CZE":-0.83447784,"COD":-1.182745,"DNK":-0.885318,"DJI":-0.83812666,"DOM":-0.6483943,"TLS":-0.64880353,"ECU":-0.54552346,"EGY":-1.2354226,"SLV":-0.6923807,"GNQ":-1.2158931,"ERI":-1.0154821,"EST":-2.4853837,"SWZ":-0.6783338,"ETH":-0.9447444,"FLK":-0.8341741,"FRO":-0.23335199,"FJI":-0.35056558,"FIN":-2.3117445,"FRA":-0.6786962,"PYF":-0.56251335,"GAB":-1.2522944,"GMB":-1.05231,"GEO":-1.6642108,"DEU":-0.68505675,"GHA":-1.3013458,"GRC":-1.3261847,"GRL":-0.1166141,"GTM":-1.3615478,"GIN":-1.1046563,"GNB":-1.1902075,"GUY":-0.7783637,"HTI":-0.90459394,"HMD":-0.54179204,"HND":-0.9924485,"HKG":-1.0738589,"HUN":-1.1040934,"ISL":-1.4433951,"IND":-0.34485802,"IDN":-0.9251792,"IRN":-1.6120402,"IRQ":-1.9462663,"IRL":-0.16378723,"IMN":-0.4752827,"ISR":-1.1193777,"ITA":-1.3982786,"JAM":-0.90483886,"JPN":-1.2464228,"JOR":-1.308174,"KAZ":-2.388789,"KEN":-0.70971125,"KIR":-0.5968218,"KWT":-1.8570639,"KGZ":-0.78079015,"LAO":-1.1186662,"LVA":-2.495228,"LBN":-1.4300084,"LSO":-1.4030594,"LBR":-0.79220074,"LBY":-1.1891649,"LTU":-2.383839,"LUX":-0.32640055,"MDG":-0.5895211,"MWI":-0.85825425,"MYS":-0.9512488,"MLI":-1.8131083,"MRT":-2.0747197,"MUS":0.0013426145,"MEX":-1.4373001,"MDA":-2.246991,"MNG":-1.7589687,"MNE":-1.6187631,"MAR":-2.0303452,"MOZ":-0.93189126,"MMR":-1.0118226,"NAM":-1.7958736,"NPL":-0.33858466,"NLD":-0.47077784,"NCL":-0.5589137,"NZL":-0.86229175,"NIC":-0.69316816,"NER":-0.765474,"NGA":-0.8912487,"PRK":-1.4312243,"MKD":-1.4833647,"NOR":-1.4658856,"OMN":-0.8303502,"PAK":-0.92481464,"PSE":-1.1728196,"PAN":-0.6739581,"PNG":-0.9018262,"PRY":-1.3761573,"PER":-0.86381644,"PHL":-0.8355357,"POL":-1.6673738,"PRT":-0.96005756,"PRI":-0.50564766,"QAT":-1.5994133,"ROU":-1.7899027,"RUS":-1.9636627,"RWA":-1.2648355,"SHN":-0.4355421,"VCT":-0.80409163,"WSM":-0.52435845,"STP":-1.1174027,"SAU":-1.7119166,"SEN":-1.3175412,"SRB":-1.7110987,"SYC":-0.4672532,"SLE":-0.7451733,"SVK":-1.361997,"SVN":-1.6026672,"SLB":-0.5481536,"SOM":-0.5275399,"ZAF":-1.3793813,"SGS":-0.47891274,"KOR":-1.2359129,"SSD":-1.5438204,"ESP":-1.4677099,"LKA":-0.34938654,"SDN":-0.7352538,"SUR":-0.87355375,"SWE":-1.5615519,"CHE":-1.3393275,"SYR":-1.7076489,"TJK":-0.56870604,"TZA":-0.6235302,"THA":-1.1042734,"TGO":-1.3542562,"TTO":-0.8960903,"TUN":-2.2360234,"TUR":-1.6400118,"TKM":-1.8442507,"UGA":-1.1340834,"UKR":-2.580148,"ARE":-1.5829053,"GBR":-0.3697388,"USA":-1.0944561,"VIR":-0.8156746,"URY":-1.0387877,"UZB":-1.7998457,"VUT":-0.3152825,"VEN":-1.0574775,"VNM":-1.0417285,"YEM":-1.5367438,"ZMB":-1.3323113,"ZWE":-1.5207361}