{"AFG":0.17397211,"ALB":-0.06577615,"DZA":-0.8156561,"ASM":-0.41574875,"AND":-1.0451161,"AGO":-0.6407946,"AIA":-0.33777013,"ATG":-0.44307646,"ARG":0.042402625,"ARM":-1.0225865,"AUS":-0.522157,"AUT":-0.8969496,"AZE":-0.9752287,"BHS":-0.47234297,"BHR":-0.7693135,"BGD":-0.5766923,"BLR":-1.3999525,"BEL":-0.8190115,"BLZ":-1.007342,"BEN":-0.7991066,"BTN":-0.6235866,"BOL":-0.5864747,"BIH":-0.53867227,"BWA":-0.7746858,"BRA":-0.64642733,"BRN":-0.7309427,"BGR":-0.5220614,"BFA":-0.804805,"BDI":-0.6225316,"KHM":-0.603463,"CMR":-0.6036474,"CAN":-0.14427567,"CPV":-0.54477626,"CYM":-0.29296795,"CAF":-0.63640434,"TCD":-1.2544507,"CHL":-0.08480624,"CHN":-1.0550675,"COL":-0.27872673,"COM":-0.11667951,"COG":-0.7788879,"COK":-0.82973003,"CRI":-0.18143766,"CIV":-0.51479053,"HRV":-0.55266976,"CUB":-0.5001116,"CYP":-0.9130612,"CZE":-0.5248258,"COD":-0.79659766,"DNK":-0.68627375,"DJI":-0.7105932,"DOM":-0.15033674,"TLS":-0.63445014,"ECU":0.036775272,"EGY":-1.4446281,"SLV":-0.27860117,"GNQ":-0.7266598,"ERI":-1.1009768,"EST":-1.6063577,"SWZ":-0.05438407,"ETH":-0.84155196,"FLK":-0.28484383,"FRO":-0.6043255,"FJI":-0.61859655,"FIN":-1.4856561,"FRA":-0.87258166,"PYF":-0.23583286,"GAB":-0.77117664,"GMB":-0.15438509,"GEO":-1.1981144,"DEU":-0.52390903,"GHA":-0.51661795,"GRC":-0.079152465,"GRL":-0.41577092,"GTM":-0.8953441,"GIN":-0.37136793,"GNB":-0.49569717,"GUY":-0.6306364,"HTI":-0.35211134,"HMD":-0.18179142,"HND":-0.40770245,"HKG":-0.49923348,"HUN":-0.70448464,"ISL":-1.6802648,"IND":-0.27274212,"IDN":-0.73269385,"IRN":-0.58403516,"IRQ":-1.0971454,"IRL":-0.36871657,"IMN":-0.5921701,"ISR":-0.88591456,"ITA":-0.8182742,"JAM":-0.473457,"JPN":-0.8051558,"JOR":-0.89245224,"KAZ":-0.73870367,"KEN":-0.9851449,"KIR":-0.0011440912,"KWT":-0.99497,"KGZ":-0.18727903,"LAO":-0.9801316,"LVA":-1.3925503,"LBN":-1.0948385,"LSO":-0.38493308,"LBR":-0.20534833,"LBY":-1.0003358,"LTU":-1.2541323,"LUX":-0.7426141,"MDG":-0.25405678,"MWI":-0.23682149,"MYS":-0.69249517,"MLI":-0.82302314,"MRT":-0.7009115,"MUS":0.26971355,"MEX":-0.7108026,"MDA":-1.1560583,"MNG":-1.040644,"MNE":-0.41807303,"MAR":-1.1141566,"MOZ":-0.36341128,"MMR":-0.8001075,"NAM":-1.0495486,"NPL":-0.15147156,"NLD":-0.62849826,"NCL":-0.93212336,"NZL":-0.9821245,"NIC":-0.22859924,"NER":-1.6107017,"NGA":-0.59425133,"PRK":-0.58657366,"MKD":-0.13693672,"NOR":-1.7972337,"OMN":-0.6567197,"PAK":-0.06902901,"PSE":-0.9041357,"PAN":-0.21547492,"PNG":-0.64998674,"PRY":0.049259823,"PER":-0.51450586,"PHL":-0.49491024,"POL":-0.7568423,"PRT":-1.1505865,"PRI":-0.3411064,"QAT":-0.8445751,"ROU":-0.69120294,"RUS":-1.6039416,"RWA":-0.698682,"SHN":-0.30275503,"VCT":-0.4322095,"WSM":-0.28653303,"STP":-0.58870095,"SAU":-1.3084891,"SEN":-0.30324665,"SRB":-0.4907997,"SYC":-0.2560161,"SLE":-0.15927665,"SVK":-0.9166601,"SVN":-0.8430744,"SLB":-0.50539875,"SOM":-0.46679592,"ZAF":-0.5956514,"SGS":-0.33076063,"KOR":-0.4833623,"SSD":-1.4507136,"ESP":-1.272764,"LKA":-0.48790613,"SDN":-1.6475825,"SUR":-0.6708849,"SWE":-1.3928214,"CHE":-0.9370894,"SYR":-1.0718204,"TJK":0.14242926,"TZA":-0.5960789,"THA":-0.6570371,"TGO":-0.55717295,"TTO":-0.4943862,"TUN":-0.70263225,"TUR":-0.8131402,"TKM":-0.6839898,"UGA":-0.95681447,"UKR":-1.3207395,"ARE":-0.76572114,"GBR":-0.8121605,"USA":-0.45580268,"VIR":-0.34450865,"URY":0.14908735,"UZB":-0.60978633,"VUT":-0.5780029,"VEN":-0.501116,"VNM":-0.805908,"YEM":-1.4997193,"ZMB":-0.38320574,"ZWE":-0.77901703}