{"AFG":-0.32797584,"ALB":-1.1444925,"DZA":-1.0993968,"ASM":-0.43582168,"AND":-1.3929886,"AGO":-0.883859,"AIA":-0.23707485,"ATG":-0.3007145,"ARG":-0.035913426,"ARM":-0.80024606,"AUS":-0.8228976,"AUT":-1.892723,"AZE":-0.7869737,"BHS":-0.35722098,"BHR":-0.39973798,"BGD":-0.61290044,"BLR":-2.2058249,"BEL":-1.5407251,"BLZ":-0.86757946,"BEN":-0.99528426,"BTN":-0.8084704,"BOL":-0.50617456,"BIH":-1.8407997,"BWA":-1.3451155,"BRA":-0.8104377,"BRN":-0.5118475,"BGR":-1.3102018,"BFA":-0.6208925,"BDI":-0.7499604,"KHM":-0.628675,"CMR":-0.77852756,"CAN":-1.6188647,"CPV":-0.3541352,"CYM":-0.31483126,"CAF":-0.7634923,"TCD":-0.7481969,"CHL":-0.00088814896,"CHN":-0.7403095,"COL":-0.34818825,"COM":-0.35005045,"COG":-0.7408617,"COK":-0.506053,"CRI":-0.2951466,"CIV":-0.6837799,"HRV":-1.7588277,"CUB":-0.74033004,"CYP":-0.8714874,"CZE":-1.5498022,"COD":-0.70613813,"DNK":-1.1370947,"DJI":-0.40091768,"DOM":-0.29327235,"TLS":-0.30758157,"ECU":-0.008417447,"EGY":-1.124803,"SLV":-0.51784533,"GNQ":-0.7788696,"ERI":-0.87670135,"EST":-2.4939454,"SWZ":-0.42411384,"ETH":-0.8611261,"FLK":-0.22607623,"FRO":-0.9194808,"FJI":-0.5530378,"FIN":-2.5266106,"FRA":-1.2777299,"PYF":-0.39414725,"GAB":-0.7868088,"GMB":-0.5345251,"GEO":-1.036334,"DEU":-1.4409574,"GHA":-0.8437864,"GRC":-0.9403303,"GRL":-0.786334,"GTM":-0.7687135,"GIN":-0.43635353,"GNB":-0.71341115,"GUY":-0.61840296,"HTI":-0.5685112,"HMD":-0.04805578,"HND":-0.40878424,"HKG":-0.71092105,"HUN":-1.712522,"ISL":-1.825756,"IND":-0.5670802,"IDN":-0.6095147,"IRN":-0.78859824,"IRQ":-0.8442847,"IRL":-0.2890283,"IMN":-0.7566115,"ISR":-0.71075416,"ITA":-1.5358604,"JAM":-0.7341757,"JPN":-0.6174777,"JOR":-0.49068704,"KAZ":-0.86761427,"KEN":-1.2364527,"KIR":-0.13921833,"KWT":-1.0993446,"KGZ":-0.18890919,"LAO":-0.72230655,"LVA":-2.2052433,"LBN":-0.7041824,"LSO":-0.81133336,"LBR":-0.37373146,"LBY":-0.8997404,"LTU":-1.9813427,"LUX":-1.6386589,"MDG":-0.27235636,"MWI":-0.6143972,"MYS":-0.48173285,"MLI":-0.7434829,"MRT":-0.7495189,"MUS":0.01890421,"MEX":-0.7933671,"MDA":-1.8653544,"MNG":-0.53692406,"MNE":-1.4841375,"MAR":-0.8630777,"MOZ":-0.6772625,"MMR":-0.64101076,"NAM":-1.4677495,"NPL":-0.62890893,"NLD":-1.3081641,"NCL":-0.7280976,"NZL":0.0993044,"NIC":-0.3062671,"NER":-0.5506918,"NGA":-0.7393851,"PRK":-0.5761157,"MKD":-1.3763704,"NOR":-2.1320493,"OMN":-0.7902457,"PAK":-0.5549749,"PSE":-0.77052784,"PAN":-0.64536685,"PNG":-0.37327847,"PRY":0.11013969,"PER":-0.61732084,"PHL":-0.3836527,"POL":-1.6884699,"PRT":-2.3783255,"PRI":-0.17398374,"QAT":-0.9986413,"ROU":-1.6296902,"RUS":-1.3555139,"RWA":-0.7230857,"SHN":-0.45515218,"VCT":-0.36390352,"WSM":-0.37072325,"STP":-0.8354991,"SAU":-1.1878927,"SEN":-0.6551568,"SRB":-1.6741337,"SYC":-0.37439522,"SLE":-0.4130211,"SVK":-1.966494,"SVN":-1.986318,"SLB":-0.3382896,"SOM":-0.3457338,"ZAF":-0.74496126,"SGS":-0.045837134,"KOR":-0.07231913,"SSD":-1.5178008,"ESP":-1.5273895,"LKA":-0.41541782,"SDN":-1.0738598,"SUR":-0.73092985,"SWE":-1.9147893,"CHE":-1.4744496,"SYR":-0.6891861,"TJK":-0.06442046,"TZA":-0.8081419,"THA":-0.4736333,"TGO":-0.8685824,"TTO":-0.4752601,"TUN":-1.542379,"TUR":-0.5889559,"TKM":-1.1148003,"UGA":-0.9460454,"UKR":-1.9444894,"ARE":-1.2781638,"GBR":-0.91553515,"USA":-0.98485583,"VIR":-0.24918444,"URY":-0.39034104,"UZB":-1.0462235,"VUT":-0.40396485,"VEN":-0.49665418,"VNM":-0.60299796,"YEM":-1.2455505,"ZMB":-0.89432126,"ZWE":-1.3153661}