{"AFG":-0.71287155,"ALB":-0.53137827,"DZA":-1.0208081,"ASM":-0.27531448,"AND":-1.4717392,"AGO":-0.6592719,"AIA":-0.34284368,"ATG":-0.3288466,"ARG":-0.25252342,"ARM":0.22758056,"AUS":-0.11699454,"AUT":-1.5135046,"AZE":0.18647651,"BHS":-0.3815322,"BHR":-0.04668522,"BGD":0.31235552,"BLR":-1.535841,"BEL":-1.7918123,"BLZ":-0.7568647,"BEN":-0.8010147,"BTN":-0.4571588,"BOL":-0.67071843,"BIH":-0.86815053,"BWA":-0.4652617,"BRA":-0.7646572,"BRN":-0.38555828,"BGR":-0.7418227,"BFA":-0.7371383,"BDI":-0.553847,"KHM":-0.2610283,"CMR":-0.70888454,"CAN":-1.241944,"CPV":0.10653067,"CYM":-0.3968371,"CAF":-0.7376688,"TCD":-0.50897694,"CHL":0.017248949,"CHN":-0.75690395,"COL":-0.24245739,"COM":-0.108866215,"COG":-0.661627,"COK":-0.4485731,"CRI":-0.34500694,"CIV":-0.52878886,"HRV":-0.8230376,"CUB":-0.7127156,"CYP":-0.67182404,"CZE":-1.2129816,"COD":-0.62408894,"DNK":-2.0621831,"DJI":-0.4412435,"DOM":-0.58514625,"TLS":0.07985274,"ECU":0.010066986,"EGY":-0.47629872,"SLV":-0.34585175,"GNQ":-0.6733732,"ERI":-0.34879097,"EST":-1.5115429,"SWZ":-0.25988603,"ETH":-0.73732424,"FLK":0.14580733,"FRO":-1.5255092,"FJI":-0.5401044,"FIN":-1.173272,"FRA":-1.2432774,"PYF":-0.2681395,"GAB":-0.7147026,"GMB":-0.37591982,"GEO":0.049434196,"DEU":-1.5747081,"GHA":-0.716139,"GRC":-0.5439995,"GRL":-1.0606478,"GTM":-0.80312425,"GIN":-0.307175,"GNB":-0.4193705,"GUY":-0.5048463,"HTI":-0.8244516,"HMD":0.23680039,"HND":-0.30762228,"HKG":-0.62662166,"HUN":-0.7042586,"ISL":-3.2861462,"IND":0.07878971,"IDN":-0.51941174,"IRN":-1.0222949,"IRQ":-0.09398588,"IRL":-1.1595637,"IMN":-1.2936954,"ISR":-0.39013553,"ITA":-1.183848,"JAM":-0.9974696,"JPN":-0.40058443,"JOR":-0.0947539,"KAZ":-0.6375928,"KEN":-1.1426177,"KIR":0.088020645,"KWT":-0.22794358,"KGZ":-0.049348455,"LAO":-0.26197147,"LVA":-1.525947,"LBN":-0.40131846,"LSO":-0.47984537,"LBR":-0.107151665,"LBY":-0.6268801,"LTU":-1.7341329,"LUX":-1.6731969,"MDG":-0.4284819,"MWI":-0.5341881,"MYS":-0.39850616,"MLI":-0.60595495,"MRT":-0.3012193,"MUS":0.20301978,"MEX":-0.75421214,"MDA":-0.8595218,"MNG":-0.48517546,"MNE":-0.9511094,"MAR":-1.1021777,"MOZ":-0.5020887,"MMR":-0.058898132,"NAM":-0.8447783,"NPL":-0.20035945,"NLD":-1.9302402,"NCL":-0.608905,"NZL":-0.15405123,"NIC":-0.31350103,"NER":-0.4741443,"NGA":-0.42688036,"PRK":-0.53419924,"MKD":-0.8276174,"NOR":-2.3084116,"OMN":-0.39566788,"PAK":-0.7042248,"PSE":-0.4227248,"PAN":-0.52165633,"PNG":-0.39786753,"PRY":-0.66040355,"PER":-0.34671688,"PHL":-0.36866108,"POL":-1.5680779,"PRT":-0.8975764,"PRI":-0.5078233,"QAT":-0.54802877,"ROU":-0.76136273,"RUS":-1.8789339,"RWA":-0.4640945,"SHN":-0.18347962,"VCT":-0.2938911,"WSM":-0.14991903,"STP":-0.40261236,"SAU":-0.5594713,"SEN":-0.24811871,"SRB":-0.68807435,"SYC":-0.16611958,"SLE":-0.054630917,"SVK":-1.0696052,"SVN":-1.3530955,"SLB":-0.39835963,"SOM":-0.34464803,"ZAF":-0.45642662,"SGS":-0.14645073,"KOR":-0.31739697,"SSD":-1.0341167,"ESP":-1.1833392,"LKA":0.113148846,"SDN":-0.23643398,"SUR":-0.614062,"SWE":-1.7594985,"CHE":-1.4194409,"SYR":-0.3114237,"TJK":0.05137227,"TZA":-0.8346033,"THA":-0.16071892,"TGO":-0.65287876,"TTO":-0.39194807,"TUN":-1.3151354,"TUR":-0.19923486,"TKM":-0.3721492,"UGA":-0.644993,"UKR":-0.979578,"ARE":-0.66749716,"GBR":-1.6320587,"USA":-1.0714012,"VIR":-0.35918507,"URY":-0.4541889,"UZB":-0.2136066,"VUT":-0.4816095,"VEN":-0.38502774,"VNM":-0.32113838,"YEM":-0.87776375,"ZMB":-0.97812146,"ZWE":-0.9641115}