{"AFG":-0.05971648,"ALB":-1.1118408,"DZA":-1.0126754,"ASM":-0.10766363,"AND":-1.3934437,"AGO":-0.2683805,"AIA":0.0331405,"ATG":-0.025128046,"ARG":-0.040824454,"ARM":-0.29044083,"AUS":0.3096024,"AUT":-2.1068869,"AZE":-0.5147899,"BHS":-0.3328681,"BHR":-0.08866978,"BGD":-0.24430704,"BLR":-2.4206407,"BEL":-1.5132872,"BLZ":-0.73489016,"BEN":-0.22609012,"BTN":-0.43403423,"BOL":-0.55783814,"BIH":-1.895256,"BWA":-0.8301893,"BRA":-0.5025627,"BRN":-0.46759352,"BGR":-1.4945731,"BFA":-0.058714073,"BDI":-0.5515199,"KHM":-0.30529913,"CMR":-0.60523987,"CAN":-0.6425113,"CPV":-0.029836336,"CYM":-0.1671745,"CAF":-0.5278123,"TCD":-0.6215504,"CHL":-0.26652837,"CHN":-0.85558754,"COL":-0.008574486,"COM":-0.28919777,"COG":-0.6965227,"COK":-0.2067035,"CRI":-0.12699366,"CIV":-0.510781,"HRV":-1.9148363,"CUB":-0.3983326,"CYP":-1.1851485,"CZE":-1.88476,"COD":-0.5496216,"DNK":-1.3607644,"DJI":-0.09466982,"DOM":-0.07135614,"TLS":-0.09101057,"ECU":0.17204253,"EGY":-0.9487955,"SLV":-0.22262096,"GNQ":-0.64741755,"ERI":-0.2023123,"EST":-1.8597771,"SWZ":-0.53696877,"ETH":-0.32628503,"FLK":-0.19012024,"FRO":-0.5616489,"FJI":-0.33887085,"FIN":-1.6904926,"FRA":-1.4766196,"PYF":-0.050490063,"GAB":-0.71604043,"GMB":-0.18901522,"GEO":-0.602927,"DEU":-1.6437229,"GHA":-0.58851767,"GRC":-0.90508145,"GRL":-0.02170662,"GTM":-0.79707414,"GIN":-0.076150894,"GNB":-0.37008396,"GUY":-0.4871408,"HTI":-0.29858017,"HMD":0.026033273,"HND":-0.37025547,"HKG":-0.4512402,"HUN":-2.0743434,"ISL":-0.9267002,"IND":0.039221764,"IDN":-0.4454657,"IRN":-0.7098569,"IRQ":-1.0721213,"IRL":-0.4340864,"IMN":-0.52155244,"ISR":-0.81543976,"ITA":-1.7445544,"JAM":-0.37274584,"JPN":-1.2583606,"JOR":-0.57385784,"KAZ":-1.1221375,"KEN":-0.2919922,"KIR":0.012344678,"KWT":-0.9387122,"KGZ":0.27285895,"LAO":-0.14893611,"LVA":-2.0472958,"LBN":-1.0519446,"LSO":-0.33754444,"LBR":-0.17465846,"LBY":-0.8637876,"LTU":-2.2228813,"LUX":-1.6769663,"MDG":-0.42775998,"MWI":-0.5643185,"MYS":-0.44787613,"MLI":-0.22366507,"MRT":-0.38336706,"MUS":0.07954407,"MEX":-0.3728064,"MDA":-2.4315698,"MNG":-1.079813,"MNE":-1.5018712,"MAR":-0.6539765,"MOZ":-0.5657131,"MMR":-0.13475752,"NAM":-0.7234852,"NPL":-0.22978206,"NLD":-1.2447191,"NCL":-0.28789315,"NZL":-0.34983817,"NIC":-0.32503542,"NER":-0.4034667,"NGA":-0.35024643,"PRK":-1.5614396,"MKD":-1.355164,"NOR":-1.8193283,"OMN":0.13012011,"PAK":0.009825309,"PSE":-0.92150134,"PAN":-0.15830787,"PNG":-0.41730356,"PRY":-0.66792697,"PER":-0.31212917,"PHL":-0.41493878,"POL":-2.2326055,"PRT":-0.7196079,"PRI":0.15922546,"QAT":-0.60254496,"ROU":-1.8855997,"RUS":-1.385447,"RWA":-0.45679554,"SHN":-0.21586132,"VCT":-0.18515952,"WSM":-0.051707108,"STP":-0.6383632,"SAU":-0.6296396,"SEN":-0.1800216,"SRB":-1.6744384,"SYC":-0.16554213,"SLE":-0.19731028,"SVK":-2.2347724,"SVN":-2.1315024,"SLB":-0.35663876,"SOM":-0.07934395,"ZAF":-0.41978106,"SGS":-0.9052362,"KOR":-1.7031204,"SSD":-0.9634816,"ESP":-1.1897861,"LKA":0.03239584,"SDN":-0.44119468,"SUR":-0.48093095,"SWE":-1.6918103,"CHE":-1.8592868,"SYR":-1.1546172,"TJK":0.2963757,"TZA":-0.5887982,"THA":-0.15714677,"TGO":-0.32210383,"TTO":-0.4286262,"TUN":-1.7782925,"TUR":-0.89927244,"TKM":-0.7466023,"UGA":-0.41768265,"UKR":-2.3178437,"ARE":-0.46167898,"GBR":-0.89191055,"USA":-0.5731953,"VIR":0.012892882,"URY":0.20603316,"UZB":-0.77391964,"VUT":-0.3630495,"VEN":-0.4304153,"VNM":-0.26069355,"YEM":-0.50159806,"ZMB":-0.615339,"ZWE":-0.82141924}