{"AFG":-0.32745823,"ALB":-0.90578336,"DZA":-0.7423509,"ASM":-0.3428855,"AND":-0.74064475,"AGO":-0.46735716,"AIA":0.007879575,"ATG":-0.039158504,"ARG":-0.110887766,"ARM":-0.088481344,"AUS":-0.19139831,"AUT":-1.2295637,"AZE":-0.15707292,"BHS":-0.6918955,"BHR":-0.18131351,"BGD":-0.63223964,"BLR":-0.7585543,"BEL":-1.1544155,"BLZ":-0.94464684,"BEN":-0.3957348,"BTN":-0.7007435,"BOL":-0.77663916,"BIH":-1.2757188,"BWA":-1.3266314,"BRA":-0.6261185,"BRN":-0.48097357,"BGR":-0.80175287,"BFA":-0.42655054,"BDI":-0.6000288,"KHM":-0.56986266,"CMR":-0.77642995,"CAN":0.95782334,"CPV":-0.17332315,"CYM":-0.56938857,"CAF":-0.650523,"TCD":-1.1337566,"CHL":-0.20776017,"CHN":-0.82797027,"COL":-0.34645638,"COM":-0.2720704,"COG":-0.6798439,"COK":-0.42353344,"CRI":-0.34968233,"CIV":-0.3412892,"HRV":-1.0000621,"CUB":-0.857712,"CYP":-0.85366815,"CZE":-0.85400516,"COD":-0.62216836,"DNK":-1.3699049,"DJI":-0.22550409,"DOM":-0.43984032,"TLS":-0.06396707,"ECU":-0.018378893,"EGY":-1.2132404,"SLV":-0.5532408,"GNQ":-0.648689,"ERI":-0.36679968,"EST":-1.1235138,"SWZ":-0.87084407,"ETH":-0.7414417,"FLK":0.109148264,"FRO":-1.1323091,"FJI":-0.4510131,"FIN":-1.7731692,"FRA":-0.86296684,"PYF":-0.26219288,"GAB":-0.6801874,"GMB":-0.31100336,"GEO":-0.047557294,"DEU":-1.0819838,"GHA":-0.3296822,"GRC":-0.6197967,"GRL":-1.2611712,"GTM":-1.0173784,"GIN":-0.45029816,"GNB":-0.43219867,"GUY":-0.5111311,"HTI":-0.7467551,"HMD":0.10672938,"HND":-0.5270314,"HKG":-0.4578012,"HUN":-0.6710995,"ISL":-2.1027944,"IND":-0.44002882,"IDN":-0.51203775,"IRN":-1.1120471,"IRQ":-0.82905465,"IRL":-0.29391128,"IMN":-0.8002313,"ISR":-1.0504403,"ITA":-1.2128781,"JAM":-0.510063,"JPN":-1.4209118,"JOR":-0.7839754,"KAZ":-0.10467436,"KEN":-0.6487768,"KIR":-0.40109983,"KWT":-0.46281466,"KGZ":-0.5714684,"LAO":-0.46381107,"LVA":-0.9870718,"LBN":-0.9292777,"LSO":-0.78977937,"LBR":-0.10942856,"LBY":-0.79737157,"LTU":-0.97279626,"LUX":-1.1325926,"MDG":-0.54732436,"MWI":-0.659756,"MYS":-0.4601461,"MLI":-0.7088315,"MRT":-0.31422663,"MUS":0.08254496,"MEX":-0.7403672,"MDA":-0.9953771,"MNG":-1.1094112,"MNE":-1.2263848,"MAR":-0.43835244,"MOZ":-0.8797981,"MMR":-0.4724121,"NAM":-0.9535088,"NPL":-0.92201287,"NLD":-1.1167029,"NCL":-0.217786,"NZL":0.22889395,"NIC":-0.5460641,"NER":-1.1113023,"NGA":-0.6500152,"PRK":-1.2702085,"MKD":-1.2394581,"NOR":-2.3268735,"OMN":-0.22925186,"PAK":-0.25975895,"PSE":-1.1138114,"PAN":-0.34930596,"PNG":-0.34586635,"PRY":-0.578777,"PER":-0.5916001,"PHL":-0.5041146,"POL":-1.0027376,"PRT":-0.054881096,"PRI":-0.062350273,"QAT":-0.58196384,"ROU":-0.88973385,"RUS":-0.16101415,"RWA":-0.5301054,"SHN":-0.4336678,"VCT":-0.11178764,"WSM":-0.25174174,"STP":-0.38392034,"SAU":-0.76735806,"SEN":-0.2663161,"SRB":-0.8669133,"SYC":-0.3284982,"SLE":-0.31126532,"SVK":-0.9631137,"SVN":-1.2689677,"SLB":-0.30324888,"SOM":-0.44853735,"ZAF":-1.0190747,"SGS":0.059900794,"KOR":-1.4441649,"SSD":-0.76070863,"ESP":-0.530641,"LKA":-0.30820736,"SDN":-0.73821354,"SUR":-0.4624265,"SWE":-1.863747,"CHE":-1.2400714,"SYR":-0.89525944,"TJK":-0.2602919,"TZA":-0.5654106,"THA":-0.5870821,"TGO":-0.27999973,"TTO":-0.2799891,"TUN":-0.9063411,"TUR":-0.2938471,"TKM":-0.34336838,"UGA":-0.5630571,"UKR":-0.42349935,"ARE":-0.60815525,"GBR":-1.0261012,"USA":-0.0035506785,"VIR":-0.005532106,"URY":-0.0915637,"UZB":-0.26556498,"VUT":-0.4224135,"VEN":-0.5382948,"VNM":-0.3307365,"YEM":-0.80551815,"ZMB":-0.67893726,"ZWE":-1.4318765}