{"AFG":-1.7180811,"ALB":-0.20829059,"DZA":-1.2686027,"ASM":-0.15340185,"AND":-0.54969627,"AGO":-0.6862869,"AIA":-0.49680996,"ATG":-0.5345707,"ARG":-0.08694458,"ARM":-1.8609557,"AUS":-0.35120663,"AUT":-0.82800454,"AZE":-1.7664232,"BHS":-0.09365543,"BHR":-1.3707361,"BGD":-0.3640987,"BLR":-0.75056094,"BEL":-0.5203673,"BLZ":-0.61775875,"BEN":-0.6840296,"BTN":-0.8454483,"BOL":-0.5885485,"BIH":-0.59409416,"BWA":-0.12321695,"BRA":-0.50468254,"BRN":-0.49514422,"BGR":-1.0101529,"BFA":-0.7110858,"BDI":-0.4390235,"KHM":-0.7765169,"CMR":-0.8035329,"CAN":-2.0382135,"CPV":-0.42294708,"CYM":-0.2713437,"CAF":-0.80057305,"TCD":-1.1340866,"CHL":-0.107449494,"CHN":-0.62328476,"COL":-0.42908192,"COM":0.023839315,"COG":-0.78261536,"COK":-0.68570995,"CRI":-0.05517769,"CIV":-0.60730696,"HRV":-0.59150666,"CUB":-0.1428709,"CYP":-1.5378441,"CZE":-0.46321297,"COD":-0.6651368,"DNK":-0.5925577,"DJI":-0.3542533,"DOM":-0.6723854,"TLS":-0.571727,"ECU":0.14916229,"EGY":-1.5134859,"SLV":-0.093314804,"GNQ":-0.7755982,"ERI":-0.9629677,"EST":-0.7393945,"SWZ":-0.38328394,"ETH":-0.7774846,"FLK":0.19985564,"FRO":-0.41600838,"FJI":-0.4166584,"FIN":-0.8511502,"FRA":-0.35894576,"PYF":-0.015561421,"GAB":-0.81546146,"GMB":-0.91630477,"GEO":-1.4164017,"DEU":-0.4633366,"GHA":-0.5998273,"GRC":-0.7503417,"GRL":-1.4923638,"GTM":-0.66018724,"GIN":-0.6551749,"GNB":-0.7076564,"GUY":-0.40155855,"HTI":-0.6891648,"HMD":0.32664922,"HND":-0.26271042,"HKG":-0.56020474,"HUN":-0.71796685,"ISL":-1.2666754,"IND":-0.43030676,"IDN":-0.521764,"IRN":-2.4712157,"IRQ":-2.2769465,"IRL":-0.1305974,"IMN":-0.57819563,"ISR":-1.63531,"ITA":-0.56507534,"JAM":-0.32943502,"JPN":-0.63757247,"JOR":-1.929592,"KAZ":-0.5791628,"KEN":-0.6601041,"KIR":0.19512208,"KWT":-1.5095329,"KGZ":-0.90366817,"LAO":-0.54418945,"LVA":-0.6606626,"LBN":-1.873281,"LSO":-0.098086916,"LBR":-0.26349306,"LBY":-1.1179274,"LTU":-0.5875523,"LUX":-0.6332287,"MDG":-0.55981904,"MWI":-0.597764,"MYS":-0.50722265,"MLI":-1.0715517,"MRT":-1.1497688,"MUS":-0.21847408,"MEX":-0.3266518,"MDA":-0.98741597,"MNG":-0.1361713,"MNE":-0.45061097,"MAR":-1.1060345,"MOZ":-0.5821007,"MMR":-0.7059863,"NAM":-0.6784849,"NPL":-0.7623496,"NLD":-0.42920232,"NCL":-0.62600136,"NZL":-0.5940257,"NIC":-0.34398603,"NER":-0.90621203,"NGA":-0.5026948,"PRK":-0.40414682,"MKD":-0.73469514,"NOR":-1.0720366,"OMN":-0.59926194,"PAK":-1.0923494,"PSE":-1.6838332,"PAN":-0.412395,"PNG":-0.6367585,"PRY":-0.56366426,"PER":-0.37204966,"PHL":-0.6204559,"POL":-0.44361648,"PRT":-0.56131005,"PRI":-0.45354876,"QAT":-1.736237,"ROU":-0.9050692,"RUS":-1.1071604,"RWA":-0.40413842,"SHN":-0.4842558,"VCT":-0.52972585,"WSM":-0.11145655,"STP":-0.68849593,"SAU":-1.860034,"SEN":-0.89268476,"SRB":-0.731684,"SYC":0.021873793,"SLE":-0.33346653,"SVK":-0.74554306,"SVN":-0.8071645,"SLB":-0.42037344,"SOM":-0.25909773,"ZAF":-0.33423194,"SGS":0.13729258,"KOR":-0.4480802,"SSD":-1.0401391,"ESP":-0.5731882,"LKA":-0.11832174,"SDN":-1.2614657,"SUR":-0.42881122,"SWE":-0.5652537,"CHE":-0.7334648,"SYR":-2.0730824,"TJK":-1.1569651,"TZA":-0.5687885,"THA":-0.6130624,"TGO":-0.5853812,"TTO":-0.65259045,"TUN":-0.66511744,"TUR":-1.5996193,"TKM":-1.7755681,"UGA":-0.6973079,"UKR":-0.99765897,"ARE":-1.643459,"GBR":-0.37121987,"USA":-1.1875324,"VIR":-0.50550157,"URY":0.16663082,"UZB":-1.3785781,"VUT":-0.4330349,"VEN":-0.68564826,"VNM":-0.48758236,"YEM":-0.85761136,"ZMB":-0.54876024,"ZWE":-0.35684952}