{"AFG":-0.78083587,"ALB":-0.8191672,"DZA":-0.6217546,"ASM":-0.38367987,"AND":-0.19224644,"AGO":-0.18157022,"AIA":-0.09948381,"ATG":-0.13561694,"ARG":-0.41305694,"ARM":-1.0327202,"AUS":-0.087845005,"AUT":-0.5716306,"AZE":-0.8415335,"BHS":-0.31920257,"BHR":-1.6519581,"BGD":-0.5423263,"BLR":0.13744277,"BEL":-0.53160214,"BLZ":-0.36635065,"BEN":-0.15105486,"BTN":-1.0747433,"BOL":-0.503974,"BIH":-0.88981557,"BWA":0.29884234,"BRA":-0.21859694,"BRN":-0.19416602,"BGR":-0.76990813,"BFA":-0.00502189,"BDI":-0.13566335,"KHM":-0.33287764,"CMR":-0.3594041,"CAN":-0.91912276,"CPV":-0.014750163,"CYM":-0.07535219,"CAF":-0.2167929,"TCD":-1.1513907,"CHL":-0.07842302,"CHN":-0.91554517,"COL":-0.08714803,"COM":0.023097673,"COG":-0.30071497,"COK":-0.62692547,"CRI":0.3233056,"CIV":-0.068133354,"HRV":-0.54443884,"CUB":-0.40052876,"CYP":-1.6432027,"CZE":-0.046824142,"COD":-0.1145393,"DNK":-0.24748921,"DJI":-0.04814736,"DOM":-0.055077713,"TLS":-0.049131554,"ECU":0.36620584,"EGY":-1.7177486,"SLV":0.106132664,"GNQ":-0.4436067,"ERI":-0.7857649,"EST":-0.0019006828,"SWZ":0.33840957,"ETH":-0.45853963,"FLK":0.33766517,"FRO":-0.97852296,"FJI":-0.27130175,"FIN":-0.64034784,"FRA":-0.52899605,"PYF":-0.13258107,"GAB":-0.42950106,"GMB":0.024359861,"GEO":-0.9004906,"DEU":-0.35147992,"GHA":0.08718538,"GRC":-1.0453333,"GRL":-2.375797,"GTM":-0.41540542,"GIN":-0.11319987,"GNB":-0.12240537,"GUY":-0.11023712,"HTI":-0.11439085,"HMD":0.026221463,"HND":0.19532204,"HKG":-0.8678873,"HUN":-0.20788221,"ISL":-1.8090826,"IND":-0.6533685,"IDN":-0.24089687,"IRN":-1.7165155,"IRQ":-1.7243198,"IRL":0.12317908,"IMN":-0.55098665,"ISR":-1.7686332,"ITA":-0.86006576,"JAM":0.037950993,"JPN":-0.8448598,"JOR":-1.7416043,"KAZ":0.88893646,"KEN":-0.13604324,"KIR":-0.22216766,"KWT":-1.2399396,"KGZ":-0.23028211,"LAO":-0.4711736,"LVA":0.17889135,"LBN":-1.9236704,"LSO":0.3091121,"LBR":0.06549231,"LBY":-1.2722301,"LTU":0.21379568,"LUX":-0.6376079,"MDG":-0.14432256,"MWI":0.30708218,"MYS":-0.12241125,"MLI":-0.24288495,"MRT":0.40840164,"MUS":-0.30477095,"MEX":-0.84092736,"MDA":-0.28453267,"MNG":-0.72111803,"MNE":-1.0479916,"MAR":-0.051765997,"MOZ":0.20658271,"MMR":-0.69267446,"NAM":-0.29536915,"NPL":-0.96353334,"NLD":-0.37118614,"NCL":0.06181717,"NZL":-0.6585108,"NIC":0.2040302,"NER":-1.0254005,"NGA":-0.19491561,"PRK":-0.41139936,"MKD":-1.2077688,"NOR":-0.88247013,"OMN":-1.0418725,"PAK":-1.0747602,"PSE":-1.7951746,"PAN":-0.053446133,"PNG":-0.19437313,"PRY":-1.3005704,"PER":0.38735422,"PHL":-0.21293624,"POL":0.16105704,"PRT":-0.5944927,"PRI":0.124760784,"QAT":-1.7104114,"ROU":-0.45176852,"RUS":0.061535556,"RWA":-0.119811215,"SHN":-0.0245924,"VCT":-0.18741274,"WSM":-0.27171072,"STP":-0.36367956,"SAU":-1.7473978,"SEN":0.30708948,"SRB":-0.46797404,"SYC":0.1124781,"SLE":0.032933075,"SVK":-0.26680857,"SVN":-0.6743276,"SLB":-0.31611267,"SOM":0.07384046,"ZAF":0.095481314,"SGS":-0.16182888,"KOR":-0.6171277,"SSD":-0.6859444,"ESP":-0.55578357,"LKA":0.38107395,"SDN":-1.301031,"SUR":0.009144465,"SWE":-0.33699712,"CHE":-0.62586814,"SYR":-1.8732429,"TJK":-0.2220645,"TZA":-0.14010318,"THA":-0.26794338,"TGO":-0.03250392,"TTO":-0.38503823,"TUN":-0.87786645,"TUR":-1.4545611,"TKM":0.12711741,"UGA":-0.33902755,"UKR":-0.19700213,"ARE":-1.848299,"GBR":-0.28134227,"USA":-0.7707173,"VIR":-0.056905907,"URY":-0.49877977,"UZB":0.38001227,"VUT":-0.13210313,"VEN":-0.14319293,"VNM":-0.51958305,"YEM":-1.2169884,"ZMB":0.27246365,"ZWE":0.53284293}