{"AFG":-0.8863928,"ALB":-0.578542,"DZA":-1.3778108,"ASM":-0.49295315,"AND":-1.7481343,"AGO":-0.5018112,"AIA":-0.65081435,"ATG":-0.6779957,"ARG":-1.0188441,"ARM":-1.0645477,"AUS":-0.78988093,"AUT":-1.6825519,"AZE":-1.2690403,"BHS":-0.63197327,"BHR":-0.8943694,"BGD":-0.5414262,"BLR":-1.081097,"BEL":-1.1705182,"BLZ":-0.9598594,"BEN":-0.36565065,"BTN":-0.48223194,"BOL":-0.7806485,"BIH":-1.2974807,"BWA":0.16033037,"BRA":-0.6137166,"BRN":-0.81940717,"BGR":-0.92601585,"BFA":-0.1645449,"BDI":-0.76364785,"KHM":-0.69902277,"CMR":-0.65065575,"CAN":-0.76375055,"CPV":-0.5553222,"CYM":-0.50217104,"CAF":-0.844001,"TCD":-0.67539424,"CHL":-0.786606,"CHN":-1.1351922,"COL":-0.8643705,"COM":-0.62254924,"COG":-0.604667,"COK":-0.5724618,"CRI":-0.5114649,"CIV":-0.34833607,"HRV":-1.3028436,"CUB":-0.58481884,"CYP":-1.148823,"CZE":-1.225294,"COD":-0.7143728,"DNK":-0.7119128,"DJI":-0.45506477,"DOM":-0.5733056,"TLS":-0.20562856,"ECU":-0.6311822,"EGY":-1.0152377,"SLV":-0.8628842,"GNQ":-0.59495085,"ERI":-0.19885476,"EST":-0.44226822,"SWZ":-0.95564955,"ETH":-0.5575468,"FLK":-0.4921187,"FRO":-0.21818858,"FJI":-0.110822044,"FIN":-0.13865419,"FRA":-1.2169785,"PYF":-0.1895566,"GAB":-0.5108145,"GMB":-0.42798868,"GEO":-0.90280944,"DEU":-1.4178629,"GHA":-0.331151,"GRC":-0.6711591,"GRL":-1.411472,"GTM":-0.98936254,"GIN":-0.4582542,"GNB":-0.5238212,"GUY":-0.9079601,"HTI":-0.54578227,"HMD":-0.27787602,"HND":-0.5576741,"HKG":-1.2489613,"HUN":-1.0595399,"ISL":-0.47246817,"IND":-0.4467322,"IDN":-0.75588435,"IRN":-1.9096884,"IRQ":-1.5203887,"IRL":-0.22406012,"IMN":-0.5743224,"ISR":-1.1844969,"ITA":-1.561297,"JAM":-0.50152445,"JPN":-1.3678365,"JOR":-1.135595,"KAZ":-1.9570581,"KEN":-0.5485873,"KIR":-0.7435503,"KWT":-0.9826395,"KGZ":-0.97176313,"LAO":-0.6113089,"LVA":-0.55809075,"LBN":-1.3097843,"LSO":-0.32354358,"LBR":-0.19890833,"LBY":-0.9695554,"LTU":-0.7100633,"LUX":-1.4389571,"MDG":-0.84239024,"MWI":-0.5089493,"MYS":-0.8933738,"MLI":-0.75689715,"MRT":-0.794288,"MUS":-0.6993173,"MEX":-0.98234963,"MDA":-1.4573531,"MNG":-2.1668692,"MNE":-0.9840205,"MAR":-0.89219093,"MOZ":-0.61059076,"MMR":-0.6365428,"NAM":-0.1917247,"NPL":-0.28809962,"NLD":-1.122312,"NCL":-0.08871397,"NZL":0.17555714,"NIC":-0.5743346,"NER":-0.8336034,"NGA":-0.2384526,"PRK":-1.3239588,"MKD":-0.8567781,"NOR":-0.20786858,"OMN":-0.5456564,"PAK":-0.593391,"PSE":-1.3027394,"PAN":-1.017152,"PNG":-0.5311864,"PRY":-0.56816036,"PER":-0.7886359,"PHL":-0.5981291,"POL":-1.0186943,"PRT":-0.93940306,"PRI":-0.56745833,"QAT":-1.0756787,"ROU":-1.1120213,"RUS":-1.2860936,"RWA":-0.7928602,"SHN":0.2030484,"VCT":-0.64922506,"WSM":-0.44574404,"STP":0.07668909,"SAU":-1.2879608,"SEN":-0.3703251,"SRB":-1.0610657,"SYC":-0.7416668,"SLE":-0.20502202,"SVK":-1.25534,"SVN":-1.6487056,"SLB":-0.38840547,"SOM":-0.662169,"ZAF":-0.13339901,"SGS":-0.36952046,"KOR":-1.200394,"SSD":-0.9208582,"ESP":-1.4656683,"LKA":-0.6129263,"SDN":-0.780485,"SUR":-0.9529397,"SWE":-0.2996427,"CHE":-1.7787027,"SYR":-1.4118901,"TJK":-0.46951833,"TZA":-0.8989584,"THA":-0.6627037,"TGO":-0.34172186,"TTO":-0.9657421,"TUN":-1.3929869,"TUR":-0.93183565,"TKM":-2.0051665,"UGA":-0.7087903,"UKR":-1.2371371,"ARE":-1.0562938,"GBR":-0.43635225,"USA":-0.932699,"VIR":-0.62727946,"URY":-0.6536846,"UZB":-1.9331497,"VUT":-0.10519902,"VEN":-0.6764477,"VNM":-0.7920826,"YEM":-1.1431359,"ZMB":-0.4011332,"ZWE":-0.32366753}