{"AFG":-0.29862496,"ALB":-0.1712147,"DZA":-0.7508324,"ASM":-0.4907279,"AND":-0.8481226,"AGO":-0.6200388,"AIA":-0.6205943,"ATG":-0.7314345,"ARG":-0.0759904,"ARM":-0.88540727,"AUS":-0.21229458,"AUT":-1.8163227,"AZE":-0.9199333,"BHS":-0.5384291,"BHR":-0.4624567,"BGD":-0.19697571,"BLR":-2.6984465,"BEL":-2.0341513,"BLZ":-0.73825264,"BEN":-0.41682068,"BTN":-0.41009533,"BOL":-0.7360012,"BIH":-1.2648438,"BWA":-0.0047647953,"BRA":-0.84425116,"BRN":-0.65445024,"BGR":-1.1983753,"BFA":-0.422685,"BDI":-0.8021054,"KHM":-0.6852233,"CMR":-0.8456979,"CAN":-1.0836323,"CPV":-0.433081,"CYM":-0.60541457,"CAF":-0.90469474,"TCD":-1.0819898,"CHL":-0.22559755,"CHN":-1.0769286,"COL":-0.64249563,"COM":-0.61441326,"COG":-0.8124738,"COK":-0.41333547,"CRI":-0.6202195,"CIV":-0.60293245,"HRV":-1.4359474,"CUB":-0.5685029,"CYP":-0.96517724,"CZE":-1.7881413,"COD":-0.85154104,"DNK":-2.0906346,"DJI":-0.6611921,"DOM":-0.63663024,"TLS":-0.16543801,"ECU":-0.84041995,"EGY":-0.63466334,"SLV":-0.52012473,"GNQ":-0.80123425,"ERI":-0.863589,"EST":-2.539579,"SWZ":-0.072747864,"ETH":-0.9896787,"FLK":0.22133058,"FRO":-0.9428423,"FJI":-0.26461282,"FIN":-3.1221988,"FRA":-1.4607118,"PYF":-0.2796831,"GAB":-0.77863693,"GMB":-0.49826178,"GEO":-0.9097498,"DEU":-1.9376122,"GHA":-0.6451988,"GRC":-0.35952398,"GRL":-0.1866123,"GTM":-0.8910745,"GIN":-0.35109615,"GNB":-0.5309617,"GUY":-0.91818887,"HTI":-0.5095029,"HMD":-0.2512367,"HND":-0.4842895,"HKG":-0.975316,"HUN":-1.7902495,"ISL":-1.318205,"IND":-0.15146351,"IDN":-0.67834026,"IRN":-1.2811874,"IRQ":-1.1056334,"IRL":-0.89484596,"IMN":-1.1228784,"ISR":-0.7926836,"ITA":-0.98122215,"JAM":-0.6007406,"JPN":-0.7794795,"JOR":-0.61597466,"KAZ":-1.220842,"KEN":-0.8427048,"KIR":-0.55675477,"KWT":-0.5937917,"KGZ":-0.4909393,"LAO":-0.6012411,"LVA":-2.4735267,"LBN":-0.8195382,"LSO":-0.013983548,"LBR":-0.2530837,"LBY":-0.7213281,"LTU":-2.48864,"LUX":-1.9861411,"MDG":-0.79758435,"MWI":-0.86312884,"MYS":-0.692976,"MLI":-0.8654742,"MRT":-0.66727716,"MUS":-0.58310336,"MEX":-0.92674965,"MDA":-2.737504,"MNG":-1.678078,"MNE":-0.6698616,"MAR":-0.42913714,"MOZ":-0.76707333,"MMR":-0.6759054,"NAM":-0.6689546,"NPL":-0.16404499,"NLD":-2.0256255,"NCL":-0.32529974,"NZL":0.12816422,"NIC":-0.67235804,"NER":-0.9646004,"NGA":-0.4702913,"PRK":-1.2439091,"MKD":-0.72106916,"NOR":-2.1732283,"OMN":-0.25346646,"PAK":-0.21200545,"PSE":-0.86156744,"PAN":-0.9159581,"PNG":-0.58835393,"PRY":-0.41059193,"PER":-0.86917096,"PHL":-0.5175746,"POL":-2.1307442,"PRT":-0.3543408,"PRI":-0.68163633,"QAT":-0.89044446,"ROU":-1.9511687,"RUS":-1.5299698,"RWA":-0.8266966,"SHN":-0.013313611,"VCT":-0.78795034,"WSM":-0.4219955,"STP":-0.20607917,"SAU":-1.0162448,"SEN":-0.6025152,"SRB":-1.4151157,"SYC":-0.6811736,"SLE":-0.22947311,"SVK":-1.9850496,"SVN":-1.7837125,"SLB":-0.3401796,"SOM":-0.5286455,"ZAF":-0.026539883,"SGS":0.0444356,"KOR":-0.90530246,"SSD":-1.5005463,"ESP":-0.6199277,"LKA":-0.33332682,"SDN":-1.0396805,"SUR":-0.9544819,"SWE":-2.8632514,"CHE":-1.5651046,"SYR":-1.0296005,"TJK":-0.2246811,"TZA":-0.9304654,"THA":-0.58016986,"TGO":-0.462862,"TTO":-0.8725826,"TUN":-0.63983995,"TUR":-0.96551466,"TKM":-0.73465014,"UGA":-1.0064865,"UKR":-2.6257389,"ARE":-0.74834967,"GBR":-1.2793615,"USA":-1.113341,"VIR":-0.6654188,"URY":0.19362132,"UZB":-0.73938495,"VUT":-0.11593167,"VEN":-0.89565754,"VNM":-0.7230471,"YEM":-0.76022273,"ZMB":-0.7977605,"ZWE":-0.85876864}