{"AFG":-1.2253584,"ALB":-0.30470762,"DZA":-1.0604212,"ASM":-0.37577328,"AND":-0.760349,"AGO":-0.718746,"AIA":-0.5147543,"ATG":-0.595321,"ARG":-0.055182617,"ARM":-0.5654095,"AUS":-0.17870784,"AUT":-1.4145957,"AZE":-0.6637035,"BHS":-0.2857248,"BHR":-0.4049565,"BGD":-0.26157966,"BLR":-1.4179683,"BEL":-1.591287,"BLZ":-0.97500104,"BEN":-0.51475334,"BTN":-0.67994404,"BOL":-0.6189243,"BIH":-1.1136762,"BWA":-0.18222673,"BRA":-0.6616424,"BRN":-0.6138194,"BGR":-0.9498144,"BFA":-0.5061188,"BDI":-0.5890849,"KHM":-0.7451191,"CMR":-0.5882756,"CAN":-1.0794123,"CPV":-0.7967054,"CYM":-0.506736,"CAF":-0.5559613,"TCD":-0.6046748,"CHL":-0.491938,"CHN":-0.91544867,"COL":-0.71462375,"COM":-0.35984325,"COG":-0.58320874,"COK":-0.4025475,"CRI":-0.45371136,"CIV":-0.48798767,"HRV":-1.2221731,"CUB":-0.34046617,"CYP":-0.8569948,"CZE":-1.0530663,"COD":-0.68055534,"DNK":-1.6638569,"DJI":-0.7445755,"DOM":-0.5678304,"TLS":-0.1421032,"ECU":-0.6641674,"EGY":-0.94490814,"SLV":-0.47505936,"GNQ":-0.7274758,"ERI":-0.65591985,"EST":-1.2629787,"SWZ":-0.055233557,"ETH":-0.7405036,"FLK":-0.50157785,"FRO":-0.641169,"FJI":-0.6188949,"FIN":-1.4940144,"FRA":-1.1576532,"PYF":-0.13677311,"GAB":-0.6585784,"GMB":-0.74196213,"GEO":-0.3627882,"DEU":-1.4639193,"GHA":-0.61158866,"GRC":-0.5032812,"GRL":-0.60405374,"GTM":-0.95027304,"GIN":-0.5521553,"GNB":-0.74239683,"GUY":-0.65514946,"HTI":-0.44309187,"HMD":-0.16639277,"HND":-0.87010574,"HKG":-0.74209785,"HUN":-0.9831328,"ISL":-1.0859666,"IND":-0.32153574,"IDN":-0.59067917,"IRN":-2.0151541,"IRQ":-1.0166119,"IRL":-1.257917,"IMN":-1.5228977,"ISR":-0.95776486,"ITA":-0.95156103,"JAM":-0.60985786,"JPN":-1.2823004,"JOR":-0.81440216,"KAZ":-1.0265425,"KEN":-0.66015977,"KIR":0.024671236,"KWT":-0.78654724,"KGZ":-0.6229321,"LAO":-0.6151449,"LVA":-1.2172323,"LBN":-0.89779925,"LSO":-0.22495295,"LBR":-0.18235731,"LBY":-0.8789219,"LTU":-1.371851,"LUX":-1.5446486,"MDG":-0.77392083,"MWI":-0.7521145,"MYS":-0.6025157,"MLI":-0.9330848,"MRT":-1.2075676,"MUS":-0.5570612,"MEX":-0.72910094,"MDA":-1.0999317,"MNG":-0.89504415,"MNE":-0.55672365,"MAR":-0.9250679,"MOZ":-0.71504354,"MMR":-0.40474114,"NAM":-0.42385864,"NPL":-0.7164235,"NLD":-1.5555038,"NCL":-0.3567287,"NZL":0.012252092,"NIC":-0.6903632,"NER":-0.5064764,"NGA":-0.28751817,"PRK":-1.3606628,"MKD":-0.6674113,"NOR":-1.7024168,"OMN":-0.45422283,"PAK":-0.8639861,"PSE":-0.96841025,"PAN":-0.6020196,"PNG":-0.40936852,"PRY":-0.10257212,"PER":-0.7719243,"PHL":-0.47079292,"POL":-1.3506736,"PRT":-0.7943372,"PRI":-0.58670455,"QAT":-0.79080105,"ROU":-0.8061824,"RUS":-0.90086174,"RWA":-0.5089434,"SHN":0.20499389,"VCT":-0.6695778,"WSM":-0.30664906,"STP":-0.37392077,"SAU":-1.1282426,"SEN":-0.8531602,"SRB":-0.8790243,"SYC":-0.42461792,"SLE":-0.20787795,"SVK":-1.1521114,"SVN":-1.5492951,"SLB":-0.33563963,"SOM":-0.45772743,"ZAF":-0.06809648,"SGS":0.14787926,"KOR":-1.452655,"SSD":-1.1670738,"ESP":-0.93293315,"LKA":-0.14669625,"SDN":-0.8311184,"SUR":-0.56544447,"SWE":-1.388608,"CHE":-1.1940943,"SYR":-0.80423164,"TJK":-0.6935802,"TZA":-0.8263561,"THA":-0.6207463,"TGO":-0.50791055,"TTO":-0.8092952,"TUN":-0.8586471,"TUR":-0.53217715,"TKM":-0.659841,"UGA":-0.8304294,"UKR":-1.1408926,"ARE":-0.69168854,"GBR":-1.438221,"USA":-0.21869224,"VIR":-0.52409697,"URY":0.2604885,"UZB":-0.58671844,"VUT":-0.45913172,"VEN":-0.78452843,"VNM":-0.59388953,"YEM":-0.8603525,"ZMB":-0.9350767,"ZWE":-0.82164425}