{"AFG":0.099336185,"ALB":-0.32567585,"DZA":0.08578769,"ASM":-0.5142595,"AND":-0.356843,"AGO":0.032012463,"AIA":0.0510238,"ATG":0.024819056,"ARG":-0.25616264,"ARM":-0.7367194,"AUS":-0.21723287,"AUT":-1.4980564,"AZE":-0.8789715,"BHS":-0.3454081,"BHR":-0.22719924,"BGD":0.054364365,"BLR":-3.0576417,"BEL":-1.6848003,"BLZ":-0.5669673,"BEN":0.32465902,"BTN":-0.26271796,"BOL":-0.3425673,"BIH":-1.0178161,"BWA":0.65950745,"BRA":-0.053441525,"BRN":-0.21314304,"BGR":-1.1716632,"BFA":0.36518717,"BDI":0.10443226,"KHM":-0.113800526,"CMR":0.069174446,"CAN":0.46924052,"CPV":0.34064803,"CYM":-0.21553469,"CAF":0.11466169,"TCD":-0.5407321,"CHL":-0.095626555,"CHN":-0.4299505,"COL":-0.073759556,"COM":0.06233406,"COG":-0.05246369,"COK":-0.89503765,"CRI":0.4657003,"CIV":0.28261948,"HRV":-1.1218182,"CUB":-0.30314112,"CYP":-1.1250803,"CZE":-1.6912527,"COD":-0.07163779,"DNK":-2.1116316,"DJI":-0.03836282,"DOM":-0.047885578,"TLS":-0.1011974,"ECU":0.16177607,"EGY":-0.91339546,"SLV":0.31512976,"GNQ":-0.13522498,"ERI":-0.16899888,"EST":-2.8399708,"SWZ":0.16416025,"ETH":-0.10453621,"FLK":-0.09491905,"FRO":-0.11622254,"FJI":-0.5941882,"FIN":-2.8270833,"FRA":-0.98637676,"PYF":0.08775997,"GAB":-0.10116831,"GMB":-0.18789864,"GEO":-0.79396755,"DEU":-1.9510709,"GHA":0.23209922,"GRC":-0.72296005,"GRL":-0.14031112,"GTM":-0.5106163,"GIN":0.306029,"GNB":-0.05111249,"GUY":0.15485828,"HTI":0.044087887,"HMD":0.08379287,"HND":-0.24426794,"HKG":0.017868599,"HUN":-1.3720256,"ISL":0.20970552,"IND":0.12729247,"IDN":-0.2740189,"IRN":-0.89868236,"IRQ":-0.7009761,"IRL":-0.532733,"IMN":-1.0192941,"ISR":-1.0298147,"ITA":-0.8167696,"JAM":-0.027777672,"JPN":-0.43916428,"JOR":-0.59717196,"KAZ":-1.378596,"KEN":0.039477825,"KIR":0.5600131,"KWT":0.016264439,"KGZ":-0.42051315,"LAO":-0.14092477,"LVA":-2.7145405,"LBN":-0.91400576,"LSO":-0.2593885,"LBR":0.3786119,"LBY":-0.63323116,"LTU":-2.7770264,"LUX":-1.6603532,"MDG":-0.121518135,"MWI":0.16781187,"MYS":-0.24467881,"MLI":0.34531894,"MRT":0.70085317,"MUS":0.10186831,"MEX":-1.0621542,"MDA":-2.428754,"MNG":-1.0920624,"MNE":-0.7626109,"MAR":0.109295525,"MOZ":0.08559624,"MMR":-0.20635907,"NAM":0.07337332,"NPL":-0.10402501,"NLD":-1.737403,"NCL":-0.31655884,"NZL":0.046981853,"NIC":0.31620803,"NER":-0.30281338,"NGA":0.3005983,"PRK":-0.71496415,"MKD":-0.54664284,"NOR":-2.0933688,"OMN":-0.24717538,"PAK":0.016485611,"PSE":-1.1568075,"PAN":0.030347666,"PNG":-0.30760017,"PRY":-0.7048726,"PER":-0.02438148,"PHL":-0.06593752,"POL":-2.2794344,"PRT":0.14389054,"PRI":-0.025606314,"QAT":-0.546587,"ROU":-1.3960117,"RUS":-2.313997,"RWA":0.12789838,"SHN":0.20615609,"VCT":-0.0048413277,"WSM":-0.39064202,"STP":0.16068871,"SAU":-0.41237435,"SEN":0.012741406,"SRB":-0.8574054,"SYC":0.12618573,"SLE":0.4031062,"SVK":-1.5950924,"SVN":-1.4932842,"SLB":-0.33607993,"SOM":-0.024606705,"ZAF":0.008640051,"SGS":-0.84432656,"KOR":-0.67108583,"SSD":-0.3228372,"ESP":-0.29590115,"LKA":0.1323754,"SDN":-0.401124,"SUR":0.548011,"SWE":-2.2504292,"CHE":-1.162067,"SYR":-0.9045749,"TJK":-0.49206415,"TZA":-0.16285849,"THA":-0.10312843,"TGO":0.33510002,"TTO":-0.0025129318,"TUN":-0.3358654,"TUR":-1.1314113,"TKM":-0.7667906,"UGA":-0.09522947,"UKR":-3.026406,"ARE":-0.72211,"GBR":-1.0657451,"USA":-0.10261176,"VIR":0.087416805,"URY":-0.24863584,"UZB":-0.9407403,"VUT":-0.5132327,"VEN":-0.0013345083,"VNM":0.10612694,"YEM":-0.44881615,"ZMB":0.33555603,"ZWE":0.5218496}