{"AFG":0.38467804,"ALB":-0.35708094,"DZA":-0.3287661,"ASM":-0.36078915,"AND":-0.27661481,"AGO":-0.31601778,"AIA":-0.12883918,"ATG":-0.20305824,"ARG":-0.44314137,"ARM":-0.9916722,"AUS":0.29921976,"AUT":-0.73083997,"AZE":-0.77173567,"BHS":-0.39841986,"BHR":0.01985836,"BGD":-0.018842379,"BLR":-0.93207103,"BEL":-0.32294878,"BLZ":-0.5035016,"BEN":-0.15072489,"BTN":0.06873348,"BOL":-0.49734172,"BIH":-0.66993207,"BWA":-0.70132756,"BRA":-0.43796524,"BRN":-0.3195521,"BGR":-0.83038163,"BFA":-0.29753876,"BDI":-0.2935748,"KHM":-0.3438778,"CMR":-0.37951532,"CAN":-0.37582007,"CPV":-0.14544058,"CYM":-0.36349663,"CAF":-0.06061093,"TCD":-0.69648916,"CHL":-0.34853235,"CHN":-0.47408906,"COL":-0.318549,"COM":0.085655056,"COG":-0.39072862,"COK":0.12529469,"CRI":-0.122644424,"CIV":-0.15327168,"HRV":-0.51755905,"CUB":-0.31440035,"CYP":-0.9389245,"CZE":-0.37370896,"COD":-0.36641136,"DNK":-0.19216774,"DJI":-0.38077593,"DOM":-0.3394847,"TLS":0.19243908,"ECU":-0.36270794,"EGY":-0.43640438,"SLV":-0.35764918,"GNQ":-0.3761425,"ERI":-0.3898128,"EST":-0.49825403,"SWZ":-0.26805678,"ETH":-0.21103716,"FLK":-0.24961334,"FRO":-0.4652369,"FJI":0.27518257,"FIN":-0.75427413,"FRA":-0.37933242,"PYF":-0.10700512,"GAB":-0.34254137,"GMB":-0.4209013,"GEO":-0.78379184,"DEU":-0.29213652,"GHA":-0.22819583,"GRC":-0.3987875,"GRL":-0.35945657,"GTM":-0.5139799,"GIN":-0.04491186,"GNB":-0.27263165,"GUY":-0.24990876,"HTI":-0.18554592,"HMD":-0.23278885,"HND":-0.16918437,"HKG":-0.62660336,"HUN":-0.6822037,"ISL":-1.3493352,"IND":0.03900226,"IDN":-0.31101656,"IRN":-0.81496376,"IRQ":-1.1478342,"IRL":-0.109641515,"IMN":-0.19167013,"ISR":-0.8605413,"ITA":-0.4837077,"JAM":-0.18380578,"JPN":-1.0399138,"JOR":-0.8937256,"KAZ":-0.485464,"KEN":-0.25014973,"KIR":-1.0016857,"KWT":-0.3545363,"KGZ":-0.09709547,"LAO":-0.22064018,"LVA":-0.5026384,"LBN":-0.97546196,"LSO":-0.8569158,"LBR":0.15258598,"LBY":-0.17265432,"LTU":-0.68226165,"LUX":-0.37371966,"MDG":-0.14099486,"MWI":-0.17251952,"MYS":-0.36093935,"MLI":-0.52851343,"MRT":-0.4599692,"MUS":0.0023584366,"MEX":-0.6721201,"MDA":-1.5083729,"MNG":-0.87693864,"MNE":-0.71257687,"MAR":-0.47921085,"MOZ":-0.2785298,"MMR":-0.1147941,"NAM":-0.30902562,"NPL":0.3196254,"NLD":-0.1966129,"NCL":0.5038543,"NZL":0.20166337,"NIC":-0.15225744,"NER":-0.5599821,"NGA":-0.25946984,"PRK":-0.6309328,"MKD":-0.5677578,"NOR":-1.3848397,"OMN":-0.115102135,"PAK":0.4704453,"PSE":-0.93769854,"PAN":-0.5086176,"PNG":-0.073031105,"PRY":-0.80274373,"PER":-0.30455127,"PHL":0.0018065771,"POL":-0.4973165,"PRT":-0.44303608,"PRI":-0.27640167,"QAT":-0.5369537,"ROU":-0.893717,"RUS":-0.31574604,"RWA":-0.2967423,"SHN":0.14657307,"VCT":-0.27422252,"WSM":-0.26833248,"STP":0.20527236,"SAU":-0.6772535,"SEN":-0.45032707,"SRB":-0.54482096,"SYC":-0.0011061033,"SLE":0.15946372,"SVK":-0.73154086,"SVN":-0.66277415,"SLB":-0.06991196,"SOM":0.015206814,"ZAF":-0.54416585,"SGS":-0.18091881,"KOR":-0.7335799,"SSD":-0.38237205,"ESP":-0.634561,"LKA":-0.1067001,"SDN":-0.4642075,"SUR":-0.12626283,"SWE":-0.51644725,"CHE":-0.3239405,"SYR":-1.2711049,"TJK":0.029366812,"TZA":-0.09398905,"THA":-0.2780342,"TGO":-0.13937695,"TTO":-0.31092963,"TUN":-0.20048888,"TUR":-1.095099,"TKM":-0.25854224,"UGA":-0.4886147,"UKR":-1.3772,"ARE":-0.6907237,"GBR":-0.3498939,"USA":-0.38186738,"VIR":-0.1453433,"URY":-0.9081149,"UZB":-0.18299355,"VUT":0.22592323,"VEN":-0.2802569,"VNM":-0.3656818,"YEM":-0.47318253,"ZMB":-0.19791031,"ZWE":-0.4944365}