{"AFG":-1.6396775,"ALB":-0.6421922,"DZA":-0.429664,"ASM":-0.5496268,"AND":0.13757484,"AGO":-0.39725748,"AIA":-0.5894868,"ATG":-0.6249688,"ARG":0.1991928,"ARM":-0.047858905,"AUS":-0.47389707,"AUT":-0.6106365,"AZE":0.18875547,"BHS":-0.19735734,"BHR":-0.63789207,"BGD":-0.39844862,"BLR":0.8123862,"BEL":0.19331414,"BLZ":-0.6074508,"BEN":-0.6335004,"BTN":-0.7556569,"BOL":-0.6592935,"BIH":-0.6552313,"BWA":-0.75944084,"BRA":-0.76339245,"BRN":-0.5555339,"BGR":-0.4512001,"BFA":-0.70586663,"BDI":-0.7335637,"KHM":-0.5235799,"CMR":-0.765691,"CAN":-1.239939,"CPV":-0.331206,"CYM":-0.4108955,"CAF":-0.5414999,"TCD":-1.5078884,"CHL":-0.2627912,"CHN":-0.59258777,"COL":-0.73362666,"COM":-0.5611283,"COG":-0.5459921,"COK":-0.0031588871,"CRI":-0.3974088,"CIV":-0.32669878,"HRV":-0.5258485,"CUB":-0.22486527,"CYP":-0.96823126,"CZE":0.044869006,"COD":-0.5410886,"DNK":0.5075647,"DJI":-0.5450056,"DOM":-0.4554812,"TLS":0.052874565,"ECU":-0.6002674,"EGY":-0.8743141,"SLV":-0.53721935,"GNQ":-0.6267929,"ERI":-0.707788,"EST":1.0230377,"SWZ":-0.32869244,"ETH":-0.8540152,"FLK":0.5796952,"FRO":-0.4006504,"FJI":-0.20642631,"FIN":1.0568788,"FRA":0.06540743,"PYF":-0.38902426,"GAB":-0.6344841,"GMB":-0.51565886,"GEO":-0.11994221,"DEU":0.11940841,"GHA":-0.56294805,"GRC":-0.7172963,"GRL":-1.5790715,"GTM":-0.9290579,"GIN":-0.260362,"GNB":-0.3886393,"GUY":-0.64220697,"HTI":-0.3482461,"HMD":-0.25219294,"HND":-0.45136324,"HKG":-0.6220663,"HUN":-0.22781022,"ISL":-1.2210158,"IND":-0.5081766,"IDN":-0.6001989,"IRN":-1.2895256,"IRQ":-0.87953657,"IRL":0.32605302,"IMN":0.13495441,"ISR":-1.0189899,"ITA":-0.79373574,"JAM":-0.44945288,"JPN":-0.03942561,"JOR":-0.8092026,"KAZ":-0.17405947,"KEN":-0.86793166,"KIR":-0.7981081,"KWT":-1.091446,"KGZ":-1.4653629,"LAO":-0.48191276,"LVA":0.9086568,"LBN":-0.82298136,"LSO":-1.0426706,"LBR":0.022687754,"LBY":-0.70543045,"LTU":0.8026578,"LUX":-0.08132311,"MDG":-0.47079468,"MWI":-0.61403304,"MYS":-0.6143686,"MLI":-0.38866982,"MRT":-0.108798824,"MUS":-0.34837326,"MEX":-0.4497353,"MDA":0.29175472,"MNG":0.06646681,"MNE":-0.89320225,"MAR":-0.4495783,"MOZ":-0.55728644,"MMR":-0.58668995,"NAM":-0.5722303,"NPL":-0.5611096,"NLD":0.188226,"NCL":-0.25712237,"NZL":0.24905217,"NIC":-0.53112525,"NER":-1.3226782,"NGA":-0.8225152,"PRK":0.3214052,"MKD":-0.80727977,"NOR":-0.029077807,"OMN":-0.7398097,"PAK":-0.8624902,"PSE":-1.1021723,"PAN":-0.72255725,"PNG":-0.31674656,"PRY":-1.0093616,"PER":-0.6575489,"PHL":-0.4069028,"POL":0.56583786,"PRT":0.51970476,"PRI":-0.57169026,"QAT":-1.1464363,"ROU":-0.12970656,"RUS":-0.083862506,"RWA":-0.5736373,"SHN":0.0007041295,"VCT":-0.5934313,"WSM":-0.495687,"STP":-0.17220466,"SAU":-1.2739006,"SEN":-0.45105553,"SRB":-0.49937487,"SYC":-0.31420818,"SLE":-0.026426157,"SVK":-0.23848619,"SVN":-0.50463676,"SLB":-0.22622983,"SOM":-0.39066982,"ZAF":-0.7252023,"SGS":0.83808637,"KOR":0.030251304,"SSD":-1.0964302,"ESP":0.19686826,"LKA":-0.33843598,"SDN":-1.1731052,"SUR":-0.6145356,"SWE":0.78427744,"CHE":-0.4729168,"SYR":-0.65915173,"TJK":-1.73568,"TZA":-0.8669658,"THA":-0.3644484,"TGO":-0.45591816,"TTO":-0.595449,"TUN":-0.40651885,"TUR":-0.57428896,"TKM":-0.4798393,"UGA":-0.6773431,"UKR":0.4165446,"ARE":-1.2485273,"GBR":0.17554156,"USA":-0.79887134,"VIR":-0.5775078,"URY":0.37672973,"UZB":-0.69645613,"VUT":-0.083943844,"VEN":-0.852043,"VNM":-0.60672694,"YEM":-0.960896,"ZMB":-0.5626351,"ZWE":-0.42420435}