{"AFG":-0.3070902,"ALB":0.019948184,"DZA":-0.2555891,"ASM":-0.14479335,"AND":-0.048737567,"AGO":-0.19987933,"AIA":-0.2598486,"ATG":-0.2648945,"ARG":-0.17349704,"ARM":-0.34945846,"AUS":0.07401252,"AUT":-0.67048377,"AZE":-0.22308727,"BHS":0.08145285,"BHR":-0.05239455,"BGD":-0.42327866,"BLR":0.39889613,"BEL":0.10539087,"BLZ":-0.5228923,"BEN":-0.12437773,"BTN":-0.16945016,"BOL":-0.6474238,"BIH":-0.27223286,"BWA":0.1223503,"BRA":-0.35070658,"BRN":-0.19656467,"BGR":-0.10609138,"BFA":-0.11579418,"BDI":-0.29912534,"KHM":-0.16148536,"CMR":-0.19374561,"CAN":-1.2687925,"CPV":0.13921022,"CYM":-0.124063335,"CAF":0.16897695,"TCD":-0.012414932,"CHL":-0.29471457,"CHN":-0.20667507,"COL":-0.44140306,"COM":-0.15790479,"COG":-0.34857416,"COK":-0.15073426,"CRI":0.017798265,"CIV":-0.2082448,"HRV":-0.19173181,"CUB":0.04258871,"CYP":-0.63609815,"CZE":-0.089665554,"COD":-0.2748402,"DNK":0.6234493,"DJI":0.47178873,"DOM":-0.22451146,"TLS":-0.020202002,"ECU":-0.23534536,"EGY":-0.6304083,"SLV":-0.0077845254,"GNQ":-0.531792,"ERI":0.0707008,"EST":0.53417677,"SWZ":-0.53491133,"ETH":-0.32757568,"FLK":0.04915917,"FRO":-0.09721744,"FJI":-0.16860199,"FIN":0.19598229,"FRA":0.046621203,"PYF":-0.1322527,"GAB":-0.5580322,"GMB":-0.20835288,"GEO":-0.5094147,"DEU":0.093457885,"GHA":-0.32561827,"GRC":-0.1558311,"GRL":-0.96862406,"GTM":-0.71006805,"GIN":-0.08499098,"GNB":0.004134496,"GUY":-0.23301935,"HTI":0.027988276,"HMD":-0.16441676,"HND":-0.2563769,"HKG":-0.30535945,"HUN":-0.045473207,"ISL":-0.8262852,"IND":-0.5258794,"IDN":-0.42383528,"IRN":-0.60168046,"IRQ":-0.67176324,"IRL":0.22302532,"IMN":0.21231394,"ISR":-0.8486702,"ITA":-0.4302934,"JAM":-0.1092898,"JPN":0.60677034,"JOR":-0.7067726,"KAZ":-0.07875028,"KEN":-0.7311767,"KIR":0.29748058,"KWT":-0.3574245,"KGZ":0.22541642,"LAO":-0.28696617,"LVA":0.6414863,"LBN":-0.68277377,"LSO":-0.7239322,"LBR":-0.09338728,"LBY":-0.31799778,"LTU":0.638035,"LUX":-0.003590266,"MDG":-0.25908852,"MWI":0.018943628,"MYS":-0.2514259,"MLI":-0.08084711,"MRT":0.067326866,"MUS":-0.31446996,"MEX":-0.46468687,"MDA":0.52768224,"MNG":-0.10818549,"MNE":-0.2470438,"MAR":-0.14130624,"MOZ":-0.15572135,"MMR":-0.4989446,"NAM":-0.10094889,"NPL":-0.27272457,"NLD":0.28533378,"NCL":-0.047133923,"NZL":0.31854033,"NIC":-0.21069495,"NER":-0.25901493,"NGA":-0.037371475,"PRK":0.33157903,"MKD":-0.2457335,"NOR":0.6151367,"OMN":0.12872696,"PAK":-0.055479366,"PSE":-0.9466539,"PAN":-0.35567284,"PNG":-0.26345143,"PRY":-0.6916706,"PER":-0.47577477,"PHL":-0.15409343,"POL":0.35209432,"PRT":0.13639982,"PRI":-0.26494265,"QAT":-0.6354279,"ROU":0.042881325,"RUS":-0.05226451,"RWA":-0.21417125,"SHN":-0.042379063,"VCT":-0.3059481,"WSM":-0.08162292,"STP":-0.15164852,"SAU":-0.6500824,"SEN":0.01157252,"SRB":-0.027716368,"SYC":-0.058302402,"SLE":-0.13236237,"SVK":-0.38285175,"SVN":-0.3908379,"SLB":-0.08053446,"SOM":0.07872486,"ZAF":-0.3809266,"SGS":0.27288517,"KOR":0.26320574,"SSD":-0.054394405,"ESP":-0.07756412,"LKA":0.01403904,"SDN":0.033990383,"SUR":-0.100465454,"SWE":0.8141616,"CHE":-0.35688552,"SYR":-0.7766859,"TJK":0.43053392,"TZA":-0.46069828,"THA":-0.10676368,"TGO":-0.18202083,"TTO":-0.28224024,"TUN":-0.30715156,"TUR":-0.7551854,"TKM":-0.28587043,"UGA":-0.4976031,"UKR":0.17269336,"ARE":-0.7176933,"GBR":0.24903516,"USA":-0.124635935,"VIR":-0.26072773,"URY":-0.28833494,"UZB":-0.109938145,"VUT":0.00521485,"VEN":-0.511,"VNM":-0.16689777,"YEM":-0.0131208105,"ZMB":-0.090106964,"ZWE":-0.04426368}