{"AFG":-1.3175774,"ALB":-1.2654248,"DZA":-1.2838659,"ASM":0.114412785,"AND":-0.94008476,"AGO":-0.3694806,"AIA":-0.28612423,"ATG":-0.37531725,"ARG":-0.44830212,"ARM":-0.40546903,"AUS":0.1624531,"AUT":-1.7036031,"AZE":-0.38461772,"BHS":0.013638656,"BHR":-1.2171793,"BGD":-0.3706285,"BLR":-0.54139036,"BEL":-1.0957075,"BLZ":-0.28059196,"BEN":-0.5140336,"BTN":-0.49668446,"BOL":-0.3778502,"BIH":-1.6482109,"BWA":-0.73725986,"BRA":-0.44547096,"BRN":-0.3166256,"BGR":-1.4651891,"BFA":-0.461665,"BDI":-0.47860274,"KHM":-0.16962703,"CMR":-0.34137282,"CAN":-0.61169606,"CPV":-0.4932065,"CYM":-0.12869184,"CAF":-0.2666998,"TCD":-0.4311007,"CHL":-0.4717926,"CHN":-0.51359624,"COL":-0.24815194,"COM":-0.2427427,"COG":-0.32277218,"COK":0.05752786,"CRI":-0.08235836,"CIV":-0.3362085,"HRV":-1.3406161,"CUB":-0.0064323745,"CYP":-0.91898805,"CZE":-1.3209895,"COD":-0.47801957,"DNK":-0.55780816,"DJI":0.078278385,"DOM":-0.2745506,"TLS":-0.33767843,"ECU":-0.0443511,"EGY":-0.60336405,"SLV":0.008086841,"GNQ":-0.60131454,"ERI":-0.0037762325,"EST":0.022417665,"SWZ":-0.20100538,"ETH":-0.2700378,"FLK":-0.37652048,"FRO":0.025871554,"FJI":-0.27972698,"FIN":-0.37901735,"FRA":-0.9381133,"PYF":0.03431956,"GAB":-0.489827,"GMB":-0.27494335,"GEO":-0.2682676,"DEU":-1.0961033,"GHA":-0.6173601,"GRC":-1.260196,"GRL":-0.8561406,"GTM":-0.41307417,"GIN":-0.17330647,"GNB":-0.13759232,"GUY":-0.32415757,"HTI":-0.03448121,"HMD":-0.029396823,"HND":-0.012430509,"HKG":0.061864298,"HUN":-1.4041983,"ISL":0.06115712,"IND":-0.28668723,"IDN":-0.51115084,"IRN":-0.9266991,"IRQ":-0.8637237,"IRL":-0.24783534,"IMN":-0.4990203,"ISR":-0.9031005,"ITA":-1.2764713,"JAM":-0.17827432,"JPN":-0.021497438,"JOR":-0.7939752,"KAZ":-0.16474901,"KEN":-0.4440225,"KIR":0.49125704,"KWT":-0.84561867,"KGZ":-0.479975,"LAO":-0.015263081,"LVA":-0.067106605,"LBN":-0.80677015,"LSO":-0.42894626,"LBR":-0.29807138,"LBY":-0.6549687,"LTU":-0.28009436,"LUX":-1.0563215,"MDG":-0.31301847,"MWI":-0.30416632,"MYS":-0.4022851,"MLI":-0.41269827,"MRT":-0.56823236,"MUS":-0.24710862,"MEX":-0.6684852,"MDA":-1.2949,"MNG":-0.6031562,"MNE":-1.6248726,"MAR":-1.2098844,"MOZ":-0.30357122,"MMR":-0.23908234,"NAM":-0.69308466,"NPL":-0.3867245,"NLD":-1.003358,"NCL":-0.4434363,"NZL":-0.51363176,"NIC":-0.12645753,"NER":-0.51628304,"NGA":-0.36455026,"PRK":-0.38936266,"MKD":-1.6265117,"NOR":-0.46810362,"OMN":-0.33726373,"PAK":-0.7523927,"PSE":-0.9727738,"PAN":-0.3704276,"PNG":-0.33978018,"PRY":-0.12831338,"PER":-0.2907044,"PHL":-0.24260123,"POL":-0.9711676,"PRT":-0.2340436,"PRI":-0.2803696,"QAT":-1.3575212,"ROU":-1.3640952,"RUS":-0.2661389,"RWA":-0.47704634,"SHN":-0.1467797,"VCT":-0.46405968,"WSM":0.1468625,"STP":-0.04633236,"SAU":-0.8015215,"SEN":-0.38008913,"SRB":-1.5188766,"SYC":-0.054793995,"SLE":-0.25747856,"SVK":-1.446176,"SVN":-1.4302224,"SLB":-0.16916926,"SOM":-0.13362837,"ZAF":-0.4011167,"SGS":-0.46225706,"KOR":-0.6064573,"SSD":-0.7491188,"ESP":-0.82545155,"LKA":-0.016003609,"SDN":-0.2370801,"SUR":-0.10445865,"SWE":-0.24100532,"CHE":-1.1670412,"SYR":-0.92462444,"TJK":-0.654738,"TZA":-0.36515632,"THA":-0.050082047,"TGO":-0.552841,"TTO":-0.50109357,"TUN":-1.4192251,"TUR":-0.94751745,"TKM":-0.71723014,"UGA":-0.57931787,"UKR":-0.93239874,"ARE":-1.3057367,"GBR":-0.68293,"USA":-0.19216484,"VIR":-0.28505024,"URY":-0.07589356,"UZB":-0.6824047,"VUT":-0.3634251,"VEN":-0.55110854,"VNM":-0.079453625,"YEM":-0.26848903,"ZMB":-0.37720552,"ZWE":-0.1239632}