{"AFG":-1.5428457,"ALB":-0.6397197,"DZA":-1.5408434,"ASM":-0.014890194,"AND":-0.89637345,"AGO":-0.4236668,"AIA":-0.23069413,"ATG":-0.26471138,"ARG":-0.9168598,"ARM":-2.416466,"AUS":-0.5004754,"AUT":-0.32650474,"AZE":-1.839087,"BHS":-0.39053488,"BHR":-1.5627909,"BGD":-0.3277831,"BLR":-0.28645235,"BEL":-0.31767574,"BLZ":-0.5566419,"BEN":-0.7003145,"BTN":-0.86834925,"BOL":-0.89019436,"BIH":-0.52602834,"BWA":0.60994935,"BRA":-0.49471378,"BRN":-0.3931106,"BGR":-0.6623846,"BFA":-0.729924,"BDI":-0.38791767,"KHM":-0.40002665,"CMR":-0.6868448,"CAN":-1.211659,"CPV":-0.283964,"CYM":-0.23797528,"CAF":-0.8022997,"TCD":-1.1686894,"CHL":-0.6397907,"CHN":-0.7825324,"COL":-0.24057531,"COM":-0.29465356,"COG":-0.6185951,"COK":-0.25260195,"CRI":-0.030932108,"CIV":-0.46452713,"HRV":-0.09619034,"CUB":-0.4431491,"CYP":-1.934487,"CZE":0.01554964,"COD":-0.5445277,"DNK":0.22369863,"DJI":-0.425488,"DOM":-0.4155434,"TLS":-0.065187454,"ECU":0.0070528984,"EGY":-1.3118421,"SLV":-0.04484113,"GNQ":-0.6885001,"ERI":-1.0469465,"EST":0.219563,"SWZ":0.9152016,"ETH":-0.54521465,"FLK":-0.2806699,"FRO":-0.29213974,"FJI":-0.35772434,"FIN":-0.07892809,"FRA":-0.55424887,"PYF":-0.054354828,"GAB":-0.7157655,"GMB":-0.33874512,"GEO":-2.0979903,"DEU":-0.08398039,"GHA":-0.63446933,"GRC":-0.97196466,"GRL":-2.1196673,"GTM":-0.5753023,"GIN":-0.45919704,"GNB":-0.31351504,"GUY":-0.16166274,"HTI":-0.27981582,"HMD":-0.0055422485,"HND":-0.094910465,"HKG":-0.6244809,"HUN":0.071981736,"ISL":-0.8632593,"IND":-0.37961182,"IDN":-0.5451239,"IRN":-2.1536372,"IRQ":-2.3574893,"IRL":-0.32510224,"IMN":-0.19326468,"ISR":-1.8494606,"ITA":-0.551766,"JAM":-0.2516292,"JPN":-0.40858555,"JOR":-1.9883195,"KAZ":-1.0353885,"KEN":-0.5189826,"KIR":0.23321056,"KWT":-2.137252,"KGZ":-0.43594265,"LAO":-0.59652853,"LVA":0.14891991,"LBN":-2.2238176,"LSO":0.13277997,"LBR":-0.43074545,"LBY":-1.2049775,"LTU":0.105041385,"LUX":-0.23809244,"MDG":-0.50752544,"MWI":0.2944592,"MYS":-0.4314742,"MLI":-0.86406547,"MRT":-0.8015857,"MUS":-0.73312616,"MEX":-0.7987671,"MDA":-0.7277337,"MNG":-0.5684865,"MNE":-0.8460143,"MAR":-1.2077799,"MOZ":0.3934048,"MMR":-0.8340125,"NAM":-0.012042682,"NPL":-0.46658325,"NLD":-0.024451613,"NCL":-0.43698707,"NZL":-1.1824864,"NIC":-0.08192841,"NER":-1.2205418,"NGA":-0.8183236,"PRK":-0.3287941,"MKD":-0.6981902,"NOR":-0.2355393,"OMN":-1.0505077,"PAK":-0.9716468,"PSE":-2.0108864,"PAN":-0.2993709,"PNG":-0.3957995,"PRY":-1.2087151,"PER":-0.15333271,"PHL":-0.29399,"POL":-0.11709907,"PRT":-0.48172554,"PRI":-0.34130287,"QAT":-1.780562,"ROU":-0.56029266,"RUS":-0.9333341,"RWA":-0.4060367,"SHN":-0.6789147,"VCT":-0.30804363,"WSM":-0.03188594,"STP":-0.44687557,"SAU":-2.0088542,"SEN":-0.4328529,"SRB":-0.21618183,"SYC":-0.27369642,"SLE":-0.549339,"SVK":-0.3516734,"SVN":-0.11334106,"SLB":-0.42163992,"SOM":-0.1803511,"ZAF":0.107711636,"SGS":-0.10239497,"KOR":-0.34883842,"SSD":-0.9239866,"ESP":-0.9015217,"LKA":-0.25373554,"SDN":-1.1862793,"SUR":0.252889,"SWE":0.1544525,"CHE":-0.40539238,"SYR":-2.3339942,"TJK":-0.49096945,"TZA":-0.44945922,"THA":-0.41747522,"TGO":-0.6356918,"TTO":-0.46321678,"TUN":-1.2469071,"TUR":-2.381508,"TKM":-1.3160105,"UGA":-0.40441307,"UKR":-0.8723054,"ARE":-1.8197832,"GBR":-0.42336372,"USA":-0.6700875,"VIR":-0.23645608,"URY":-0.53943276,"UZB":-0.9801526,"VUT":-0.34563956,"VEN":-0.47701344,"VNM":-0.49923038,"YEM":-0.9203164,"ZMB":0.2176625,"ZWE":0.86777705}