{"AFG":-1.0193323,"ALB":-0.5184404,"DZA":-0.7260332,"ASM":-0.1984102,"AND":-0.8167098,"AGO":-0.4175353,"AIA":-0.19855659,"ATG":-0.24608295,"ARG":-0.43905067,"ARM":-1.8755955,"AUS":-0.19126089,"AUT":-0.8756623,"AZE":-2.0160968,"BHS":-0.16493337,"BHR":-0.6289606,"BGD":-0.53576547,"BLR":-1.3419595,"BEL":-0.75970954,"BLZ":-0.46936098,"BEN":-0.2365427,"BTN":-0.31913856,"BOL":-0.5303876,"BIH":-1.0058143,"BWA":0.12855165,"BRA":-0.32156435,"BRN":-0.4325973,"BGR":-0.8438218,"BFA":-0.06900406,"BDI":-0.17802334,"KHM":-0.77332383,"CMR":-0.3459476,"CAN":-0.66951156,"CPV":-0.53625727,"CYM":-0.23936637,"CAF":-0.53835267,"TCD":-0.46758842,"CHL":-0.17732246,"CHN":-0.6461491,"COL":-0.47291026,"COM":-0.35938105,"COG":-0.4570535,"COK":-0.40194225,"CRI":-0.25336933,"CIV":-0.30642033,"HRV":-0.889177,"CUB":-0.4182321,"CYP":-0.94802266,"CZE":-0.8644006,"COD":-0.46917105,"DNK":-1.053726,"DJI":-0.13835669,"DOM":-0.34863758,"TLS":-0.08823506,"ECU":-0.13815641,"EGY":-0.4024352,"SLV":-0.371449,"GNQ":-0.41513428,"ERI":-0.4620881,"EST":-1.1302248,"SWZ":0.02391688,"ETH":-0.5775463,"FLK":0.41109625,"FRO":-0.73057884,"FJI":-0.69384605,"FIN":-0.85751814,"FRA":-0.82888126,"PYF":-0.10289621,"GAB":-0.4168733,"GMB":-0.204405,"GEO":-1.8812712,"DEU":-0.9364267,"GHA":-0.39160648,"GRC":-0.6396361,"GRL":-1.6040779,"GTM":-0.49514756,"GIN":-0.28221717,"GNB":-0.12856357,"GUY":-0.4040772,"HTI":-0.39386383,"HMD":-0.13404922,"HND":-0.33346924,"HKG":-0.5161461,"HUN":-0.784347,"ISL":-0.86071754,"IND":-0.24073076,"IDN":-0.40544415,"IRN":-1.1581397,"IRQ":-1.1482257,"IRL":-0.49098918,"IMN":-0.69091225,"ISR":-0.8385034,"ITA":-0.613472,"JAM":-0.41761684,"JPN":-0.816776,"JOR":-0.7724433,"KAZ":-2.1654093,"KEN":-0.6416901,"KIR":0.25737286,"KWT":-0.7845139,"KGZ":-0.8944917,"LAO":-0.60692567,"LVA":-1.0632173,"LBN":-0.96789676,"LSO":-0.2208636,"LBR":-0.25360012,"LBY":-0.45348668,"LTU":-1.0697075,"LUX":-0.77281195,"MDG":-0.53359574,"MWI":-0.09221824,"MYS":-0.4755354,"MLI":-0.23990567,"MRT":-0.7590291,"MUS":-0.6419681,"MEX":-0.4028376,"MDA":-1.4364549,"MNG":-1.0601876,"MNE":-0.68165475,"MAR":-1.4187946,"MOZ":-0.11780182,"MMR":-0.45775175,"NAM":-0.08786273,"NPL":-0.06602695,"NLD":-0.92170745,"NCL":-0.4660937,"NZL":-0.7538686,"NIC":-0.3187944,"NER":-0.48813057,"NGA":-0.24917476,"PRK":-0.66083956,"MKD":-0.49936318,"NOR":-1.1378152,"OMN":-0.2567266,"PAK":-0.06446171,"PSE":-0.962892,"PAN":-0.37304607,"PNG":-0.42401743,"PRY":-0.45229945,"PER":-0.3811935,"PHL":-0.27736712,"POL":-0.9903729,"PRT":-1.1141055,"PRI":-0.08972963,"QAT":-0.8694237,"ROU":-1.209771,"RUS":-0.68005353,"RWA":-0.21490209,"SHN":0.08694681,"VCT":-0.23098421,"WSM":-0.22479725,"STP":-0.07538255,"SAU":-0.97994477,"SEN":-0.08851242,"SRB":-0.82751006,"SYC":-0.32147202,"SLE":-0.3692174,"SVK":-0.95845574,"SVN":-0.65096545,"SLB":-0.50483304,"SOM":-0.28461996,"ZAF":0.13617237,"SGS":0.16726737,"KOR":-0.9217375,"SSD":-0.5304521,"ESP":-1.282562,"LKA":-0.1779855,"SDN":-0.35517216,"SUR":-0.16263723,"SWE":-0.70598584,"CHE":-0.7890122,"SYR":-1.3271188,"TJK":-0.8086975,"TZA":-0.15063588,"THA":-0.46662283,"TGO":-0.35516167,"TTO":-0.24731572,"TUN":-0.65039176,"TUR":-1.387165,"TKM":-1.5888466,"UGA":-0.19430034,"UKR":-1.7406744,"ARE":-0.90526456,"GBR":-0.7704981,"USA":-0.79776603,"VIR":-0.17258024,"URY":-0.42587456,"UZB":-1.8586544,"VUT":-0.7258679,"VEN":-0.45791706,"VNM":-0.4791293,"YEM":-0.5993104,"ZMB":-0.32808462,"ZWE":-0.07246637}