{"AFG":-0.68389416,"ALB":0.56471485,"DZA":-0.57715744,"ASM":-0.15024836,"AND":0.38444677,"AGO":-0.3399631,"AIA":-0.32519946,"ATG":-0.43245888,"ARG":0.18790706,"ARM":-0.72154474,"AUS":-0.13755496,"AUT":0.6443556,"AZE":-1.171311,"BHS":0.152335,"BHR":-0.3583053,"BGD":-0.17294295,"BLR":-0.59599143,"BEL":0.33293965,"BLZ":-0.22328837,"BEN":-0.5021303,"BTN":-0.35807058,"BOL":0.009861469,"BIH":0.20313673,"BWA":-0.41197777,"BRA":-0.30239883,"BRN":-0.21049881,"BGR":0.6078831,"BFA":-0.6900261,"BDI":-0.44980893,"KHM":-0.47707334,"CMR":-0.35991907,"CAN":-0.58403206,"CPV":-0.71275425,"CYM":-0.014772256,"CAF":-0.39597067,"TCD":-0.9948638,"CHL":0.08985492,"CHN":-0.036646504,"COL":-0.46311283,"COM":-0.24919033,"COG":-0.42906108,"COK":-0.55267364,"CRI":-0.08784326,"CIV":-0.33422247,"HRV":0.4441047,"CUB":-0.023450216,"CYP":-0.06232238,"CZE":0.48009253,"COD":-0.49458107,"DNK":-0.06229188,"DJI":-0.48227134,"DOM":-0.23610242,"TLS":-0.32314968,"ECU":-0.29887137,"EGY":-0.4732678,"SLV":0.073653854,"GNQ":-0.38861656,"ERI":-0.32725033,"EST":-0.96828884,"SWZ":-0.6482699,"ETH":-0.21540515,"FLK":-0.28720602,"FRO":-0.54898566,"FJI":-0.6830947,"FIN":-0.8265129,"FRA":0.2507596,"PYF":0.048868496,"GAB":-0.4702053,"GMB":-0.3113214,"GEO":-0.7838831,"DEU":0.35465315,"GHA":-0.43132225,"GRC":0.3773245,"GRL":-1.0909475,"GTM":-0.34157196,"GIN":-0.4755076,"GNB":-0.5137426,"GUY":-0.39210033,"HTI":-0.3369266,"HMD":-0.3350736,"HND":-0.076682724,"HKG":-0.037276667,"HUN":0.68519616,"ISL":-0.9706903,"IND":-0.35607544,"IDN":-0.4002153,"IRN":-0.53554255,"IRQ":-0.22544424,"IRL":-0.19076677,"IMN":-0.3662205,"ISR":-0.29795122,"ITA":0.3195524,"JAM":-0.19451444,"JPN":0.27621403,"JOR":-0.40623477,"KAZ":-1.2663337,"KEN":-0.24956496,"KIR":0.41100344,"KWT":-0.4233137,"KGZ":-0.5814545,"LAO":-0.32653984,"LVA":-0.784936,"LBN":-0.22265899,"LSO":-1.0594106,"LBR":-0.322237,"LBY":-0.55718,"LTU":-0.52395934,"LUX":0.43681645,"MDG":-0.429046,"MWI":-0.06727394,"MYS":-0.354009,"MLI":-0.8424066,"MRT":-0.55653524,"MUS":-0.3016982,"MEX":0.08355633,"MDA":0.37912202,"MNG":-0.16130488,"MNE":0.35628048,"MAR":-0.14496247,"MOZ":-0.31667694,"MMR":-0.15308905,"NAM":-0.35493326,"NPL":0.01741602,"NLD":0.079609595,"NCL":-0.6947336,"NZL":-0.50368077,"NIC":-0.16396427,"NER":-0.94967014,"NGA":-0.57370394,"PRK":0.28299353,"MKD":0.6641849,"NOR":-1.0343982,"OMN":0.030438742,"PAK":-0.6124026,"PSE":-0.3097857,"PAN":-0.4086542,"PNG":-0.43260035,"PRY":0.4099423,"PER":-0.32535425,"PHL":-0.2604618,"POL":0.1021012,"PRT":-0.27102575,"PRI":-0.086503826,"QAT":-0.4850297,"ROU":0.63067925,"RUS":-0.9233834,"RWA":-0.47223505,"SHN":-0.15200074,"VCT":-0.44486666,"WSM":-0.098519005,"STP":-0.18884182,"SAU":-0.59665114,"SEN":-0.6066993,"SRB":0.53377163,"SYC":-0.12861808,"SLE":-0.41600642,"SVK":0.2948908,"SVN":0.6484351,"SLB":-0.37822708,"SOM":-0.48382488,"ZAF":-0.47982875,"SGS":-0.52907974,"KOR":0.53232765,"SSD":-0.64866954,"ESP":0.086642265,"LKA":-0.38188553,"SDN":-0.86057425,"SUR":-0.28717074,"SWE":-0.7292363,"CHE":0.65767616,"SYR":-0.122826934,"TJK":-0.4735415,"TZA":-0.18300438,"THA":-0.26869917,"TGO":-0.396804,"TTO":-0.46509948,"TUN":0.12711143,"TUR":0.07967677,"TKM":-0.80358124,"UGA":-0.3526996,"UKR":-0.36858824,"ARE":-0.6183947,"GBR":-0.19050574,"USA":-0.32898673,"VIR":-0.28148222,"URY":0.107334696,"UZB":-1.1008419,"VUT":-0.68171406,"VEN":-0.3626043,"VNM":-0.22401778,"YEM":-0.34707102,"ZMB":-0.16055346,"ZWE":-0.29851317}