{"AFG":-0.80478305,"ALB":-0.8153963,"DZA":-0.44384322,"ASM":-0.018633684,"AND":-0.23361301,"AGO":0.04784298,"AIA":0.026792845,"ATG":0.06715711,"ARG":-0.15684624,"ARM":-0.36655375,"AUS":-0.42722073,"AUT":-0.7017882,"AZE":0.081867576,"BHS":-0.11816311,"BHR":-0.65133256,"BGD":-0.012628555,"BLR":-0.28416863,"BEL":0.07831305,"BLZ":0.009318511,"BEN":-0.24991305,"BTN":-0.27043793,"BOL":-0.12336954,"BIH":-0.9632287,"BWA":0.67588854,"BRA":-0.21778409,"BRN":-0.18959077,"BGR":-0.7703503,"BFA":-0.5351124,"BDI":-0.18740241,"KHM":-0.26568475,"CMR":-0.2634201,"CAN":-0.4881201,"CPV":0.21188498,"CYM":-0.049661476,"CAF":-0.30879593,"TCD":-0.5456708,"CHL":-0.12557869,"CHN":-0.37722662,"COL":-0.19471025,"COM":-0.19443448,"COG":-0.3014606,"COK":-0.15380637,"CRI":-0.20732386,"CIV":-0.38803974,"HRV":-0.6053744,"CUB":-0.062990665,"CYP":-0.6498981,"CZE":-0.557098,"COD":-0.2865111,"DNK":-0.39165494,"DJI":-0.20411317,"DOM":-0.12424246,"TLS":-0.30673614,"ECU":-0.27929544,"EGY":-0.44926396,"SLV":-0.49918732,"GNQ":-0.26081213,"ERI":-0.31147718,"EST":-0.044698715,"SWZ":-0.6472041,"ETH":-0.07691749,"FLK":-0.65358347,"FRO":-0.7215097,"FJI":-0.17580397,"FIN":-0.24564512,"FRA":-0.07575496,"PYF":0.033584118,"GAB":-0.25679383,"GMB":0.025472322,"GEO":-0.5853211,"DEU":-0.43620738,"GHA":-0.4051415,"GRC":-0.58322644,"GRL":-0.3574092,"GTM":-0.11914047,"GIN":-0.2806797,"GNB":0.16514175,"GUY":0.071079254,"HTI":-0.2994701,"HMD":-0.21615422,"HND":0.010839462,"HKG":-0.58691543,"HUN":-0.5161904,"ISL":-1.3574156,"IND":-0.14085372,"IDN":-0.29375315,"IRN":-0.5138964,"IRQ":-0.6375436,"IRL":0.39729452,"IMN":0.12330433,"ISR":-0.72247547,"ITA":-0.7059576,"JAM":-0.24043274,"JPN":-0.58023524,"JOR":-0.6192346,"KAZ":0.70717764,"KEN":-0.19994847,"KIR":-0.11867746,"KWT":-0.79246926,"KGZ":-0.55431026,"LAO":-0.39408937,"LVA":-0.17568457,"LBN":-0.659161,"LSO":-0.37089047,"LBR":-0.056981724,"LBY":-0.33494797,"LTU":-0.3382374,"LUX":-0.032404203,"MDG":-0.17644088,"MWI":0.26187944,"MYS":-0.30027246,"MLI":-0.49973345,"MRT":-0.503074,"MUS":-0.38953814,"MEX":0.1208446,"MDA":-0.8320257,"MNG":0.076360784,"MNE":-1.0122331,"MAR":-0.014075518,"MOZ":0.06678486,"MMR":0.03093338,"NAM":0.050013304,"NPL":-0.13982356,"NLD":-0.13639306,"NCL":0.28334698,"NZL":-0.2478099,"NIC":-0.09113979,"NER":-0.2891868,"NGA":-0.35662317,"PRK":-0.6003677,"MKD":-1.0138934,"NOR":-0.9500437,"OMN":-0.13513613,"PAK":-0.62913436,"PSE":-0.78993267,"PAN":-0.40670443,"PNG":-0.12317816,"PRY":-0.1472826,"PER":0.014386018,"PHL":-0.37495676,"POL":-0.5504513,"PRT":0.8947811,"PRI":0.10385481,"QAT":-0.9364996,"ROU":-0.74855167,"RUS":0.8131082,"RWA":-0.2586193,"SHN":0.025837898,"VCT":-0.03574546,"WSM":-0.058518093,"STP":0.17893822,"SAU":-0.748334,"SEN":-0.22608726,"SRB":-0.70490175,"SYC":0.026189804,"SLE":-0.11441692,"SVK":-0.52195144,"SVN":-0.5127003,"SLB":-0.049992878,"SOM":-0.12699206,"ZAF":-0.38417616,"SGS":-0.1825877,"KOR":-0.68889165,"SSD":-0.503576,"ESP":0.5460693,"LKA":-0.08904616,"SDN":-0.57709485,"SUR":0.061763603,"SWE":-0.575252,"CHE":-0.616369,"SYR":-0.7314472,"TJK":-0.674776,"TZA":-0.15065272,"THA":-0.20701234,"TGO":-0.24911404,"TTO":-0.061635494,"TUN":-0.4947649,"TUR":-0.6906929,"TKM":0.18239309,"UGA":-0.08724705,"UKR":-0.42965302,"ARE":-1.0032,"GBR":0.08719637,"USA":-0.30652964,"VIR":0.037306946,"URY":-0.42027727,"UZB":0.23107238,"VUT":0.057280064,"VEN":-0.17162578,"VNM":-0.438241,"YEM":-0.42058882,"ZMB":0.4507861,"ZWE":0.50523084}