{"AFG":-1.0373837,"ALB":-0.7006421,"DZA":-0.44198847,"ASM":-0.23639186,"AND":-0.9245157,"AGO":-0.057562828,"AIA":-0.37293148,"ATG":-0.31482634,"ARG":-0.14694755,"ARM":-0.08237487,"AUS":0.047048014,"AUT":-1.7395567,"AZE":-0.23868418,"BHS":-0.61750364,"BHR":0.092009544,"BGD":-0.059161823,"BLR":-1.6820685,"BEL":-1.7605125,"BLZ":-0.6451737,"BEN":-0.09138171,"BTN":-0.21501273,"BOL":-0.5936045,"BIH":-1.5508798,"BWA":-0.60068136,"BRA":-0.4480176,"BRN":-0.36108622,"BGR":-1.1881539,"BFA":-0.1660881,"BDI":-0.40328407,"KHM":-0.5579378,"CMR":-0.34996414,"CAN":-1.1263247,"CPV":0.12334951,"CYM":-0.5086306,"CAF":-0.37531948,"TCD":-0.41340303,"CHL":-0.23795839,"CHN":-0.69740766,"COL":-0.6582945,"COM":-0.46416712,"COG":-0.56355476,"COK":0.1220878,"CRI":-0.55421925,"CIV":-0.49191347,"HRV":-1.5718905,"CUB":-0.49932194,"CYP":-0.4531285,"CZE":-2.1925113,"COD":-0.43678823,"DNK":-1.8637224,"DJI":-0.35416207,"DOM":-0.63621026,"TLS":-0.14793253,"ECU":-0.7944767,"EGY":-0.23853047,"SLV":-0.7575924,"GNQ":-0.5547984,"ERI":-0.41027403,"EST":-1.6726351,"SWZ":-0.66152644,"ETH":-0.4640986,"FLK":0.12475836,"FRO":-0.47042048,"FJI":-0.1084218,"FIN":-0.9049709,"FRA":-0.96582985,"PYF":-0.30168867,"GAB":-0.64127684,"GMB":-0.11818393,"GEO":-0.29134035,"DEU":-2.1752608,"GHA":-0.5505174,"GRC":-0.8013155,"GRL":0.5688325,"GTM":-0.666899,"GIN":-0.056177616,"GNB":0.04818328,"GUY":-0.14586703,"HTI":-0.72758293,"HMD":-0.47590458,"HND":-0.64777595,"HKG":-0.47264847,"HUN":-1.6659209,"ISL":-0.11245354,"IND":-0.24112003,"IDN":-0.28495708,"IRN":-0.8511775,"IRQ":0.15201871,"IRL":-0.58576274,"IMN":-0.7513549,"ISR":-0.21320684,"ITA":-0.89381814,"JAM":-0.82308215,"JPN":-0.9524564,"JOR":0.04870534,"KAZ":-1.6260523,"KEN":-0.21326415,"KIR":-0.47168955,"KWT":-0.04894908,"KGZ":-0.9551465,"LAO":-0.5979168,"LVA":-1.7418896,"LBN":-0.14943743,"LSO":-1.2807698,"LBR":-0.30074438,"LBY":-0.13542938,"LTU":-1.905125,"LUX":-1.7346659,"MDG":-0.3767015,"MWI":-0.12152418,"MYS":-0.39976454,"MLI":-0.08684826,"MRT":-0.18936491,"MUS":-0.5968248,"MEX":-0.107001305,"MDA":-1.7674333,"MNG":-0.9913296,"MNE":-0.979873,"MAR":-0.6682276,"MOZ":-0.36894894,"MMR":-0.21236818,"NAM":-0.6320999,"NPL":-0.12959652,"NLD":-2.036327,"NCL":0.14714622,"NZL":-0.37378815,"NIC":-0.51851016,"NER":-0.22201188,"NGA":-0.24206765,"PRK":-0.78220576,"MKD":-0.8659696,"NOR":-1.1966151,"OMN":-0.52405614,"PAK":-0.6250308,"PSE":-0.28429714,"PAN":-0.6484887,"PNG":-0.027734915,"PRY":-0.6367238,"PER":-0.45117235,"PHL":-0.50871944,"POL":-2.102829,"PRT":-0.26382303,"PRI":-0.5562215,"QAT":-0.2895306,"ROU":-1.3077556,"RUS":-0.910379,"RWA":-0.482203,"SHN":0.039525032,"VCT":-0.20500104,"WSM":-0.21073835,"STP":-0.14135902,"SAU":-0.21927102,"SEN":0.03142786,"SRB":-1.2346507,"SYC":-0.34032932,"SLE":-0.17360528,"SVK":-1.4767929,"SVN":-1.6701841,"SLB":-0.12142404,"SOM":-0.32527065,"ZAF":-1.0767763,"SGS":0.26962018,"KOR":-0.7892259,"SSD":-0.89883167,"ESP":-0.45435742,"LKA":-0.254028,"SDN":-0.62839985,"SUR":-0.19854482,"SWE":-1.1858369,"CHE":-1.247458,"SYR":-0.26035535,"TJK":-1.1800476,"TZA":-0.37106815,"THA":-0.5361698,"TGO":-0.27542353,"TTO":-0.27463308,"TUN":-0.63019747,"TUR":-0.2556738,"TKM":-1.024747,"UGA":-0.4196631,"UKR":-1.5386046,"ARE":-0.4494311,"GBR":-0.8778939,"USA":-1.0040851,"VIR":-0.36225462,"URY":-0.23964882,"UZB":-1.3268391,"VUT":0.08744415,"VEN":-0.53690434,"VNM":-0.6252096,"YEM":-0.49303308,"ZMB":0.097496666,"ZWE":-0.5422847}