{"AFG":-0.9220831,"ALB":-0.50424504,"DZA":-0.36278597,"ASM":-0.23286454,"AND":0.5956132,"AGO":-0.18669319,"AIA":-0.017516136,"ATG":0.012431462,"ARG":0.16950536,"ARM":-0.76351315,"AUS":-0.2390337,"AUT":-0.5565782,"AZE":-0.54335797,"BHS":0.0923028,"BHR":-0.550622,"BGD":-0.6193215,"BLR":-0.97583026,"BEL":-0.17268927,"BLZ":0.027506351,"BEN":-0.2682004,"BTN":-1.2517589,"BOL":-0.06405783,"BIH":-0.85867786,"BWA":-0.4289361,"BRA":-0.13212554,"BRN":-0.12785514,"BGR":-1.2698439,"BFA":-0.4056387,"BDI":-0.13546371,"KHM":-0.22492202,"CMR":-0.27281094,"CAN":-0.4706738,"CPV":0.34265184,"CYM":0.07530037,"CAF":-0.38844284,"TCD":-0.59361345,"CHL":0.06703138,"CHN":-0.35803643,"COL":-0.11308543,"COM":-0.012387116,"COG":-0.24721272,"COK":-0.58662444,"CRI":-0.14226039,"CIV":-0.31861338,"HRV":-0.7632062,"CUB":0.4624219,"CYP":-0.87659246,"CZE":-0.82998663,"COD":-0.2203296,"DNK":-0.2236619,"DJI":0.0017579397,"DOM":0.24837828,"TLS":-0.46779552,"ECU":-0.0338157,"EGY":-0.6932443,"SLV":0.21315844,"GNQ":-0.361344,"ERI":-0.41905165,"EST":-0.40915322,"SWZ":-0.7200925,"ETH":-0.2608808,"FLK":-0.3593923,"FRO":0.015577257,"FJI":-0.5189174,"FIN":-0.41387355,"FRA":0.123204745,"PYF":-0.2027955,"GAB":-0.36324787,"GMB":-0.016845385,"GEO":-1.0004464,"DEU":-0.45909587,"GHA":-0.28983513,"GRC":-0.8623972,"GRL":-0.2408998,"GTM":-0.026188532,"GIN":-0.1837066,"GNB":0.042346638,"GUY":0.19409864,"HTI":0.27085972,"HMD":0.20893784,"HND":-0.07096577,"HKG":-0.23764642,"HUN":-1.1041518,"ISL":-0.19137448,"IND":-0.672651,"IDN":-0.095236935,"IRN":-0.7402258,"IRQ":-1.1545161,"IRL":0.5183444,"IMN":0.31011513,"ISR":-0.787061,"ITA":-0.05887528,"JAM":-0.24142218,"JPN":-0.25489667,"JOR":-1.0501987,"KAZ":0.35457525,"KEN":-0.33899513,"KIR":0.28379092,"KWT":-1.0654379,"KGZ":0.49780428,"LAO":-0.26308647,"LVA":-0.5074734,"LBN":-0.9858732,"LSO":-0.96073407,"LBR":-0.19126892,"LBY":-0.3793665,"LTU":-0.5534523,"LUX":-0.28292257,"MDG":-0.22759263,"MWI":-0.16379578,"MYS":-0.20604913,"MLI":-0.4131155,"MRT":-0.26362357,"MUS":-0.42983308,"MEX":-0.5071818,"MDA":-1.5289458,"MNG":0.4930582,"MNE":-0.7779763,"MAR":-0.07683762,"MOZ":-0.36089167,"MMR":-0.49872446,"NAM":-0.514499,"NPL":-1.128739,"NLD":-0.34768686,"NCL":-0.121372856,"NZL":-0.59352434,"NIC":-0.19727547,"NER":-0.25665316,"NGA":-0.2708907,"PRK":-0.2785835,"MKD":-0.9287519,"NOR":-0.418789,"OMN":-0.07967695,"PAK":-1.1217076,"PSE":-0.74406666,"PAN":0.032532692,"PNG":-0.32444653,"PRY":0.2477444,"PER":0.22467296,"PHL":-0.47900692,"POL":-0.82056266,"PRT":0.6323223,"PRI":-0.0962828,"QAT":-0.87025595,"ROU":-1.2998904,"RUS":-0.44129196,"RWA":-0.16055314,"SHN":-0.2922341,"VCT":-0.101538815,"WSM":-0.29200283,"STP":-0.18747361,"SAU":-0.87736773,"SEN":0.1378336,"SRB":-1.024927,"SYC":0.09353431,"SLE":-0.072364174,"SVK":-0.97605234,"SVN":-0.5889989,"SLB":-0.43408346,"SOM":-0.4181293,"ZAF":-0.6419282,"SGS":-0.39539897,"KOR":-0.17455596,"SSD":-0.5354166,"ESP":0.46525368,"LKA":0.016822973,"SDN":-0.7345856,"SUR":0.025336107,"SWE":0.08787968,"CHE":-0.081312545,"SYR":-1.3130163,"TJK":-0.04284978,"TZA":-0.11763573,"THA":-0.046342373,"TGO":-0.19458818,"TTO":-0.27300325,"TUN":-0.11450831,"TUR":-1.2688878,"TKM":0.03863579,"UGA":0.008656979,"UKR":-1.5130063,"ARE":-1.0000366,"GBR":0.36195266,"USA":-0.70338845,"VIR":-0.0400424,"URY":0.2968031,"UZB":0.22261111,"VUT":-0.33287892,"VEN":-0.33894762,"VNM":-0.19428904,"YEM":0.0307525,"ZMB":-0.07555294,"ZWE":-0.57943535}