{"AFG":0.11704131,"ALB":-0.19825058,"DZA":-0.26315188,"ASM":-0.21691656,"AND":-0.19426568,"AGO":0.40755287,"AIA":0.3698511,"ATG":0.39019585,"ARG":-0.074077524,"ARM":0.615123,"AUS":0.28332654,"AUT":-0.48004937,"AZE":0.42469397,"BHS":0.24391603,"BHR":0.653477,"BGD":-0.04564317,"BLR":-0.81770414,"BEL":-0.33382988,"BLZ":0.22390938,"BEN":0.235871,"BTN":0.22419375,"BOL":-0.07998625,"BIH":-0.56209546,"BWA":0.35156307,"BRA":0.35807672,"BRN":0.37470865,"BGR":-0.40481827,"BFA":-0.040889103,"BDI":0.2726628,"KHM":0.59366673,"CMR":0.4050654,"CAN":1.1859754,"CPV":0.49096236,"CYM":0.2950244,"CAF":0.23700237,"TCD":-0.16828918,"CHL":0.5117602,"CHN":0.4067932,"COL":0.107918896,"COM":0.23098087,"COG":0.402963,"COK":-0.39326763,"CRI":0.19225042,"CIV":0.23668592,"HRV":-0.45169592,"CUB":0.64163715,"CYP":0.3296658,"CZE":-0.19398974,"COD":0.3308021,"DNK":-0.4897455,"DJI":0.31583133,"DOM":0.15838385,"TLS":0.4362429,"ECU":0.018628439,"EGY":0.013417959,"SLV":0.09126934,"GNQ":0.24823634,"ERI":-0.022732258,"EST":-0.8239963,"SWZ":0.07263088,"ETH":0.1910038,"FLK":0.727236,"FRO":-0.3852667,"FJI":0.07479445,"FIN":-1.4132757,"FRA":-0.3338383,"PYF":0.18831539,"GAB":0.31542793,"GMB":0.42926836,"GEO":0.514657,"DEU":-0.3110502,"GHA":0.33839163,"GRC":-0.14528315,"GRL":0.24440879,"GTM":0.334524,"GIN":0.2651596,"GNB":0.5782121,"GUY":0.46903658,"HTI":0.22604306,"HMD":0.20568007,"HND":0.35491833,"HKG":0.38744473,"HUN":-0.64051443,"ISL":-0.88491225,"IND":0.005665938,"IDN":0.3237481,"IRN":0.10346508,"IRQ":0.4619834,"IRL":0.23942082,"IMN":0.28439644,"ISR":0.28332916,"ITA":-0.1865182,"JAM":0.23556757,"JPN":0.34415945,"JOR":0.39129135,"KAZ":-0.5639794,"KEN":-0.4705124,"KIR":-0.6143236,"KWT":0.35961476,"KGZ":0.44578156,"LAO":0.57972336,"LVA":-0.7528612,"LBN":0.36134794,"LSO":0.017902473,"LBR":0.2818451,"LBY":-0.17671521,"LTU":-0.6540057,"LUX":-0.46893445,"MDG":0.07634592,"MWI":0.18119828,"MYS":0.48377466,"MLI":0.15393972,"MRT":0.2563119,"MUS":-0.1496679,"MEX":0.13149627,"MDA":-0.66585517,"MNG":0.7103908,"MNE":-0.5326547,"MAR":0.16746743,"MOZ":0.07061402,"MMR":0.5349267,"NAM":0.5993154,"NPL":0.20723708,"NLD":-0.21883406,"NCL":0.9332482,"NZL":0.62170666,"NIC":0.23639345,"NER":-0.16625531,"NGA":0.34672007,"PRK":0.6863468,"MKD":-0.38430133,"NOR":-1.0448657,"OMN":0.53150576,"PAK":0.11354836,"PSE":0.2907959,"PAN":0.22198232,"PNG":0.3707981,"PRY":-0.70199174,"PER":0.5681489,"PHL":0.35310268,"POL":-0.4468681,"PRT":0.10229969,"PRI":0.03577757,"QAT":0.5158594,"ROU":-0.66574305,"RUS":-1.3768448,"RWA":0.10695442,"SHN":-0.17651398,"VCT":0.36867347,"WSM":-0.19087219,"STP":0.6987543,"SAU":0.2622057,"SEN":0.60105497,"SRB":-0.43205985,"SYC":0.35329866,"SLE":0.36707368,"SVK":-0.43012717,"SVN":-0.37706295,"SLB":-0.055723507,"SOM":0.24849796,"ZAF":-0.043634575,"SGS":0.097950764,"KOR":0.6915061,"SSD":0.084286846,"ESP":-0.060970146,"LKA":0.5559928,"SDN":-0.10639191,"SUR":0.43972525,"SWE":-0.8549587,"CHE":-0.5324574,"SYR":0.39473546,"TJK":0.31496114,"TZA":-0.044506866,"THA":0.68548983,"TGO":0.32500792,"TTO":0.23360841,"TUN":-0.38026556,"TUR":0.30969703,"TKM":-0.08208392,"UGA":0.17435248,"UKR":-0.6119428,"ARE":0.5177199,"GBR":0.07764193,"USA":0.2708753,"VIR":0.36913475,"URY":-0.614806,"UZB":-0.4091568,"VUT":0.379189,"VEN":0.17217366,"VNM":0.58054763,"YEM":0.30544505,"ZMB":0.41634002,"ZWE":0.09770664}