{"AFG":0.03511409,"ALB":0.13750525,"DZA":0.05894764,"ASM":-0.29351568,"AND":-0.6473296,"AGO":-0.40603796,"AIA":-0.17435868,"ATG":-0.112672806,"ARG":-0.3622938,"ARM":0.53566074,"AUS":-0.416468,"AUT":-0.49985728,"AZE":0.29640856,"BHS":-0.29835573,"BHR":0.86935836,"BGD":0.15695143,"BLR":0.44482645,"BEL":0.21407133,"BLZ":-0.72266895,"BEN":-0.3129902,"BTN":0.3529376,"BOL":-0.5394518,"BIH":-0.2434843,"BWA":0.13064408,"BRA":-0.4174614,"BRN":-0.27095127,"BGR":0.24784307,"BFA":-0.5523462,"BDI":-0.4892613,"KHM":-0.87833136,"CMR":-0.49076667,"CAN":0.47182083,"CPV":-0.46886906,"CYM":-0.3157544,"CAF":-0.52799016,"TCD":-0.38116488,"CHL":-0.06658939,"CHN":0.24381173,"COL":-0.770438,"COM":-0.25472197,"COG":-0.49219465,"COK":0.21486633,"CRI":-0.91166705,"CIV":-0.58327323,"HRV":-0.24865322,"CUB":-0.36789846,"CYP":0.550606,"CZE":-0.06375267,"COD":-0.5769391,"DNK":0.16911273,"DJI":0.085083805,"DOM":-0.5681596,"TLS":-0.44339547,"ECU":-1.0694885,"EGY":0.080197096,"SLV":-1.0149235,"GNQ":-0.52730066,"ERI":-0.046408337,"EST":0.2230589,"SWZ":-0.008994818,"ETH":-0.21834056,"FLK":0.32299325,"FRO":-0.39756623,"FJI":-0.12436215,"FIN":-0.30072448,"FRA":-0.056382935,"PYF":-0.064872585,"GAB":-0.4720966,"GMB":-0.5549901,"GEO":0.05066624,"DEU":0.12159258,"GHA":-0.62005585,"GRC":0.24253654,"GRL":-0.764193,"GTM":-0.81618947,"GIN":-0.43169832,"GNB":-0.24965668,"GUY":-0.3233215,"HTI":-0.6453493,"HMD":-0.28367946,"HND":-0.80071896,"HKG":0.118032776,"HUN":-0.40038756,"ISL":-0.6727419,"IND":-0.10824426,"IDN":-0.32878765,"IRN":0.14492743,"IRQ":0.5983138,"IRL":0.20702057,"IMN":0.26443794,"ISR":0.16383632,"ITA":-0.13897051,"JAM":-0.5812432,"JPN":0.07776689,"JOR":0.15656145,"KAZ":0.17375952,"KEN":-0.33619055,"KIR":-1.0646206,"KWT":0.39502612,"KGZ":-0.06555843,"LAO":-0.42743668,"LVA":0.3621755,"LBN":0.48935065,"LSO":0.27860764,"LBR":-0.33287016,"LBY":0.117300905,"LTU":0.3594903,"LUX":0.08310244,"MDG":-0.2895805,"MWI":-0.5046814,"MYS":-0.37667957,"MLI":-0.7988345,"MRT":-0.6088874,"MUS":-0.42997757,"MEX":-0.20713647,"MDA":0.23692484,"MNG":0.27101377,"MNE":0.037248623,"MAR":-0.2894919,"MOZ":-0.5591464,"MMR":0.12319422,"NAM":-0.015124719,"NPL":0.43827406,"NLD":0.3531556,"NCL":-0.07228645,"NZL":0.5075806,"NIC":-0.78256243,"NER":-0.5651695,"NGA":-0.164258,"PRK":0.13607873,"MKD":-0.12878935,"NOR":-0.14011155,"OMN":0.17571671,"PAK":0.18614753,"PSE":0.27582374,"PAN":-0.8661787,"PNG":-0.07725207,"PRY":-0.4288187,"PER":-0.52384377,"PHL":-0.46000814,"POL":0.23143892,"PRT":-0.36592278,"PRI":-0.54119396,"QAT":0.5644738,"ROU":0.062286478,"RUS":-0.8876036,"RWA":-0.5658024,"SHN":0.060363453,"VCT":-0.08194908,"WSM":-0.26004124,"STP":0.0168492,"SAU":0.2566669,"SEN":-0.65822345,"SRB":-0.20880191,"SYC":-0.37165627,"SLE":-0.20411937,"SVK":-0.2135732,"SVN":-0.53199524,"SLB":-0.27785555,"SOM":-0.24492534,"ZAF":0.414258,"SGS":0.068173625,"KOR":0.07111294,"SSD":-0.52352697,"ESP":-0.21936882,"LKA":-0.42878404,"SDN":0.051901657,"SUR":-0.429917,"SWE":-0.14365195,"CHE":-0.48593387,"SYR":0.35115036,"TJK":-0.48153356,"TZA":-0.38443533,"THA":-0.5670344,"TGO":-0.51515645,"TTO":-0.23943138,"TUN":0.60628384,"TUR":0.5219397,"TKM":0.18773156,"UGA":-0.51601535,"UKR":0.4579676,"ARE":0.3187283,"GBR":0.26691926,"USA":-0.21258712,"VIR":-0.1679136,"URY":-0.40046763,"UZB":0.28227657,"VUT":0.039664585,"VEN":-0.6883006,"VNM":-0.34830046,"YEM":-0.032875378,"ZMB":-0.32525906,"ZWE":-0.59821683}