{"AFG":0.056163114,"ALB":-0.05555145,"DZA":-0.3802545,"ASM":-0.29752874,"AND":0.10826016,"AGO":-0.37275887,"AIA":-0.32485613,"ATG":-0.30060515,"ARG":-0.842931,"ARM":-0.09786647,"AUS":-0.87973803,"AUT":0.31254652,"AZE":-0.017532548,"BHS":-0.43470225,"BHR":-0.080129944,"BGD":-0.3854375,"BLR":0.5929778,"BEL":0.31326365,"BLZ":-0.8421952,"BEN":-0.24857982,"BTN":-0.4526902,"BOL":-0.5523546,"BIH":0.69941044,"BWA":-1.1451802,"BRA":-0.5304143,"BRN":-0.13490756,"BGR":0.4115605,"BFA":-0.36269316,"BDI":-0.07735872,"KHM":-0.43030772,"CMR":-0.54942876,"CAN":-0.34686947,"CPV":-0.1653711,"CYM":-0.38633648,"CAF":-0.5178811,"TCD":-0.8324995,"CHL":-0.5600953,"CHN":-0.39957717,"COL":-0.5721858,"COM":-0.17152357,"COG":-0.56716806,"COK":0.09073607,"CRI":-0.6384616,"CIV":-0.4286777,"HRV":0.82640535,"CUB":-0.33096346,"CYP":-0.07124368,"CZE":0.68084025,"COD":-0.4598945,"DNK":0.4830596,"DJI":-0.1791749,"DOM":-0.37314066,"TLS":-0.3570145,"ECU":-0.9500287,"EGY":-0.74034697,"SLV":-0.59415454,"GNQ":-0.53940517,"ERI":-0.22503679,"EST":0.753022,"SWZ":-0.7781019,"ETH":-0.5337551,"FLK":-0.30407053,"FRO":-0.428234,"FJI":0.059226673,"FIN":0.9269629,"FRA":0.06130278,"PYF":-0.16266377,"GAB":-0.5456454,"GMB":-0.1778264,"GEO":-0.5671719,"DEU":0.5071702,"GHA":-0.31069818,"GRC":-0.17079867,"GRL":-0.15595575,"GTM":-0.67672396,"GIN":-0.39892945,"GNB":-0.14164384,"GUY":-0.51534206,"HTI":-0.4149882,"HMD":-0.2803683,"HND":-0.78683203,"HKG":-0.055206854,"HUN":0.7545697,"ISL":-0.36012426,"IND":-0.22410996,"IDN":-0.294511,"IRN":0.029194355,"IRQ":-0.06585479,"IRL":-0.14546597,"IMN":-0.020336827,"ISR":-0.46799755,"ITA":0.2334833,"JAM":-0.54912025,"JPN":-0.12416919,"JOR":-0.38302383,"KAZ":-0.003687203,"KEN":-0.1289727,"KIR":-0.842885,"KWT":-0.19476135,"KGZ":-0.2948748,"LAO":-0.40174246,"LVA":0.7527824,"LBN":-0.24354438,"LSO":-0.6841416,"LBR":-0.39842415,"LBY":-0.7571444,"LTU":0.7454929,"LUX":0.3785794,"MDG":-0.25221524,"MWI":-0.48625183,"MYS":-0.24594815,"MLI":-0.32789865,"MRT":-0.115381084,"MUS":-0.62562674,"MEX":-0.068119206,"MDA":0.52313334,"MNG":-0.43224978,"MNE":0.11605108,"MAR":-0.0050236383,"MOZ":-0.59937525,"MMR":-0.4224685,"NAM":-0.5835747,"NPL":-0.38583222,"NLD":0.3570334,"NCL":-0.35813156,"NZL":0.026988307,"NIC":-0.59197015,"NER":-0.744065,"NGA":-0.39900604,"PRK":-0.5196443,"MKD":0.00013038516,"NOR":0.45755085,"OMN":-0.1455609,"PAK":0.1719029,"PSE":-0.3453907,"PAN":-0.6979389,"PNG":-0.05087964,"PRY":-0.47310606,"PER":-0.40905428,"PHL":-0.3397819,"POL":0.8251705,"PRT":-0.20226116,"PRI":-0.41512093,"QAT":-0.07080952,"ROU":0.4929247,"RUS":-0.66286576,"RWA":-0.23796988,"SHN":0.0023139317,"VCT":-0.35402855,"WSM":-0.29740238,"STP":-0.16148026,"SAU":-0.17302132,"SEN":-0.27828708,"SRB":0.8482311,"SYC":-0.39739704,"SLE":-0.35394272,"SVK":0.5912894,"SVN":0.4861007,"SLB":-0.2431105,"SOM":-0.30600628,"ZAF":-0.6746382,"SGS":-0.11350727,"KOR":-0.3026724,"SSD":-0.39795718,"ESP":-0.053623796,"LKA":-0.45631185,"SDN":-0.5115364,"SUR":-0.59123725,"SWE":0.7950751,"CHE":0.11737716,"SYR":-0.20683129,"TJK":-0.52766496,"TZA":-0.24643786,"THA":-0.4587296,"TGO":-0.21441714,"TTO":-0.45852375,"TUN":-0.0017561117,"TUR":-0.4812794,"TKM":0.2283724,"UGA":-0.24540965,"UKR":0.21341616,"ARE":-0.16683562,"GBR":-0.00008189678,"USA":-0.15495859,"VIR":-0.364635,"URY":-0.25383353,"UZB":0.22183667,"VUT":0.029395899,"VEN":-0.66850567,"VNM":-0.34715953,"YEM":-0.11651913,"ZMB":-0.33428526,"ZWE":-0.93032956}