{"AFG":0.8838558,"ALB":-0.108230315,"DZA":0.42927194,"ASM":-0.12216711,"AND":-0.3093144,"AGO":-0.35725722,"AIA":-0.0070791245,"ATG":-0.04581642,"ARG":-0.1406668,"ARM":0.6257909,"AUS":-0.7090957,"AUT":-0.50530356,"AZE":0.37200913,"BHS":-0.21864145,"BHR":0.3719244,"BGD":-0.17403586,"BLR":-0.19977725,"BEL":-0.12416489,"BLZ":-0.5206151,"BEN":-0.109492145,"BTN":0.077452675,"BOL":-0.26603985,"BIH":-0.23326404,"BWA":-0.4172164,"BRA":-0.20988162,"BRN":-0.08430687,"BGR":0.122355305,"BFA":-0.08343967,"BDI":-0.6537468,"KHM":-0.012455463,"CMR":-0.4179276,"CAN":0.6702458,"CPV":0.18077564,"CYM":-0.26077953,"CAF":-0.430041,"TCD":-0.37812343,"CHL":-0.22755794,"CHN":-0.005411625,"COL":-0.3697141,"COM":-0.08539835,"COG":-0.4626206,"COK":-0.2872877,"CRI":-0.37862778,"CIV":-0.28839812,"HRV":-0.09904021,"CUB":-0.31616434,"CYP":0.5152466,"CZE":-0.63991964,"COD":-0.40313515,"DNK":-0.5030801,"DJI":-0.24287462,"DOM":-0.14491129,"TLS":-0.2088248,"ECU":-0.7965906,"EGY":-0.0483706,"SLV":-0.3422227,"GNQ":-0.48009172,"ERI":-0.09897534,"EST":-0.24172437,"SWZ":-0.21880777,"ETH":-0.4342874,"FLK":0.036374647,"FRO":-0.2904284,"FJI":0.006307284,"FIN":-0.626869,"FRA":-0.23624384,"PYF":-0.122586094,"GAB":-0.51323223,"GMB":-0.13834397,"GEO":0.060742825,"DEU":-0.3571038,"GHA":-0.1429642,"GRC":0.10030619,"GRL":0.05016653,"GTM":-0.6057598,"GIN":-0.10975313,"GNB":0.011277676,"GUY":-0.25306144,"HTI":-0.18930213,"HMD":-0.0008399983,"HND":-0.5547972,"HKG":0.21424349,"HUN":-0.50096935,"ISL":-0.120460086,"IND":-0.1476841,"IDN":-0.19341993,"IRN":0.6844127,"IRQ":0.41569534,"IRL":-0.24639833,"IMN":-0.32772258,"ISR":0.1615525,"ITA":0.026538512,"JAM":-0.23097546,"JPN":-0.48546186,"JOR":0.22218426,"KAZ":0.06440455,"KEN":-0.262849,"KIR":-0.19405334,"KWT":0.3509694,"KGZ":0.1262229,"LAO":-0.08682728,"LVA":-0.23670465,"LBN":0.6096164,"LSO":-0.50903076,"LBR":-0.29267216,"LBY":0.019940695,"LTU":-0.25256768,"LUX":-0.15170364,"MDG":-0.061424095,"MWI":-0.11626673,"MYS":-0.17031574,"MLI":0.049244404,"MRT":0.46483994,"MUS":-0.20905478,"MEX":-0.19803953,"MDA":-0.41611734,"MNG":0.04964419,"MNE":-0.13482578,"MAR":0.65738076,"MOZ":-0.10929123,"MMR":-0.13655694,"NAM":-0.6380615,"NPL":-0.02377057,"NLD":-0.15680318,"NCL":-0.14505847,"NZL":0.098799944,"NIC":-0.33019844,"NER":-0.40448013,"NGA":-0.3368527,"PRK":-0.34460768,"MKD":-0.19565393,"NOR":-0.72240615,"OMN":-0.1121397,"PAK":0.3417882,"PSE":0.284609,"PAN":-0.4187077,"PNG":-0.02980725,"PRY":0.17142995,"PER":-0.37875828,"PHL":-0.1474363,"POL":-0.48628512,"PRT":-0.13191855,"PRI":-0.16250165,"QAT":0.08426873,"ROU":-0.1611266,"RUS":-0.58250505,"RWA":-0.60060024,"SHN":-0.0029884975,"VCT":-0.24165519,"WSM":-0.15315692,"STP":-0.3613628,"SAU":0.0046501956,"SEN":0.104445934,"SRB":-0.18521793,"SYC":-0.085643135,"SLE":-0.20165999,"SVK":-0.5025018,"SVN":-0.11550313,"SLB":-0.14544868,"SOM":-0.102333546,"ZAF":-0.30901924,"SGS":-0.21119636,"KOR":-0.076653875,"SSD":-0.44459787,"ESP":0.024652401,"LKA":-0.098882996,"SDN":-0.14160109,"SUR":-0.41151825,"SWE":-0.5792866,"CHE":-0.31685007,"SYR":0.35123345,"TJK":0.2698435,"TZA":-0.4501287,"THA":-0.10934305,"TGO":-0.11194054,"TTO":-0.25386062,"TUN":0.5832835,"TUR":0.7805945,"TKM":0.3666803,"UGA":-0.5167222,"UKR":-0.21017323,"ARE":-0.13840978,"GBR":-0.31642693,"USA":-0.056084406,"VIR":-0.06964445,"URY":0.5303343,"UZB":0.3544732,"VUT":0.124535084,"VEN":-0.35954508,"VNM":-0.12617142,"YEM":-0.2021637,"ZMB":-0.29661798,"ZWE":-0.43773818}