{"AFG":0.5210714,"ALB":-0.040483575,"DZA":0.14189887,"ASM":0.1970315,"AND":-0.07344913,"AGO":-0.16357327,"AIA":0.022568703,"ATG":0.038030624,"ARG":-0.34201214,"ARM":-0.2193833,"AUS":0.14271243,"AUT":0.47199628,"AZE":-0.22939344,"BHS":0.14975421,"BHR":0.40596676,"BGD":-0.16948588,"BLR":0.39624596,"BEL":0.40323532,"BLZ":-0.117261566,"BEN":-0.21751244,"BTN":-0.22821386,"BOL":0.25069347,"BIH":0.47430375,"BWA":0.39007387,"BRA":0.19222672,"BRN":0.06134637,"BGR":0.1067343,"BFA":0.07652029,"BDI":-0.18298657,"KHM":0.36816072,"CMR":-0.20449845,"CAN":-0.5711768,"CPV":0.007337252,"CYM":0.022611776,"CAF":-0.16777945,"TCD":-0.20116551,"CHL":-0.4228449,"CHN":0.12928915,"COL":-0.12124189,"COM":0.003806591,"COG":-0.11768118,"COK":-0.016917229,"CRI":0.08657726,"CIV":-0.111586094,"HRV":0.40095735,"CUB":0.05176115,"CYP":0.19453113,"CZE":0.26449916,"COD":-0.17827177,"DNK":0.3774519,"DJI":0.16819,"DOM":0.0034958522,"TLS":-0.039394695,"ECU":-0.5329111,"EGY":0.10092934,"SLV":0.1649437,"GNQ":-0.17339452,"ERI":0.20380545,"EST":0.027482113,"SWZ":-0.055752356,"ETH":0.008613269,"FLK":-0.65920025,"FRO":0.50193685,"FJI":0.1921506,"FIN":-0.45690882,"FRA":0.15215929,"PYF":0.2500461,"GAB":-0.034389973,"GMB":0.26009193,"GEO":-0.31838632,"DEU":0.20987342,"GHA":-0.110911846,"GRC":-0.1381814,"GRL":0.31925318,"GTM":-0.12759924,"GIN":0.18972842,"GNB":0.136247,"GUY":0.0031124752,"HTI":0.017754236,"HMD":-0.03711014,"HND":-0.07475901,"HKG":0.3487588,"HUN":0.49037805,"ISL":0.25164887,"IND":0.21565723,"IDN":-0.03886366,"IRN":0.24600928,"IRQ":-0.08244761,"IRL":0.18304317,"IMN":0.2872117,"ISR":0.102820955,"ITA":0.05438604,"JAM":-0.043028194,"JPN":-0.09367338,"JOR":-0.2433263,"KAZ":0.64969045,"KEN":-0.17907381,"KIR":0.63556194,"KWT":0.047456264,"KGZ":0.5520287,"LAO":-0.01891295,"LVA":0.19834237,"LBN":0.07334622,"LSO":-0.37425867,"LBR":-0.14290254,"LBY":-0.09352239,"LTU":0.38479304,"LUX":0.3791394,"MDG":0.0055797896,"MWI":-0.13579337,"MYS":0.097561836,"MLI":0.27067423,"MRT":-0.018698692,"MUS":0.07662503,"MEX":-0.05205639,"MDA":0.08284235,"MNG":0.4842302,"MNE":0.21415295,"MAR":0.111982904,"MOZ":-0.020670256,"MMR":-0.12045225,"NAM":-0.15275104,"NPL":-0.24046536,"NLD":0.27336296,"NCL":0.10799917,"NZL":-0.14140558,"NIC":0.07011572,"NER":-0.15438843,"NGA":-0.20084572,"PRK":-0.16921051,"MKD":-0.13584699,"NOR":-0.112939335,"OMN":-0.16078012,"PAK":0.58466977,"PSE":0.17009163,"PAN":0.0102170305,"PNG":-0.025124708,"PRY":0.6939244,"PER":-0.08123127,"PHL":-0.032221,"POL":0.42212543,"PRT":-0.105233274,"PRI":-0.018168768,"QAT":0.09068187,"ROU":0.26782176,"RUS":-0.19773835,"RWA":-0.18839121,"SHN":-0.16002686,"VCT":-0.056245644,"WSM":0.18337171,"STP":-0.02002875,"SAU":-0.12954004,"SEN":0.20465772,"SRB":0.4463702,"SYC":-0.2023174,"SLE":0.012253761,"SVK":0.21704417,"SVN":0.41681942,"SLB":-0.15416272,"SOM":-0.05743392,"ZAF":-0.13656211,"SGS":-0.61276364,"KOR":-0.15973352,"SSD":0.069942474,"ESP":0.077914156,"LKA":-0.023588816,"SDN":0.07105541,"SUR":-0.05132405,"SWE":0.053393047,"CHE":0.22945333,"SYR":-0.23136218,"TJK":0.22008497,"TZA":-0.3783299,"THA":0.087930046,"TGO":-0.21069305,"TTO":-0.15443897,"TUN":0.19120812,"TUR":-0.33541146,"TKM":0.114449345,"UGA":0.025340557,"UKR":0.25459945,"ARE":-0.072845936,"GBR":0.3102425,"USA":0.024889007,"VIR":-0.0038638115,"URY":-0.016184887,"UZB":0.19665699,"VUT":0.06713438,"VEN":-0.17857154,"VNM":0.162124,"YEM":-0.20422141,"ZMB":0.04015748,"ZWE":0.17244513}