{"AFG":-0.04455458,"ALB":0.061526537,"DZA":0.1081396,"ASM":0.040720463,"AND":0.28472552,"AGO":-0.015617211,"AIA":0.121954285,"ATG":0.10763105,"ARG":0.17602026,"ARM":-0.6063315,"AUS":0.057614487,"AUT":-0.012634019,"AZE":-0.7802991,"BHS":0.16117732,"BHR":-0.027688026,"BGD":-0.18451087,"BLR":-0.67631716,"BEL":0.21208483,"BLZ":0.03196923,"BEN":-0.035574436,"BTN":-0.22355221,"BOL":-0.06719939,"BIH":-0.009944032,"BWA":0.8284924,"BRA":-0.023602009,"BRN":-0.06916618,"BGR":-0.599444,"BFA":-0.049667995,"BDI":0.07342132,"KHM":0.16233857,"CMR":0.022562822,"CAN":-0.017879486,"CPV":0.12231509,"CYM":0.08928251,"CAF":0.08257675,"TCD":-0.028094769,"CHL":0.22616291,"CHN":-0.079742454,"COL":-0.116667114,"COM":0.10197973,"COG":0.029465834,"COK":0.008412361,"CRI":0.06741619,"CIV":0.11167892,"HRV":0.01620686,"CUB":0.25205436,"CYP":0.09769908,"CZE":0.004047061,"COD":-0.081700325,"DNK":-0.15951288,"DJI":0.0013219515,"DOM":-0.020555338,"TLS":0.055781204,"ECU":-0.6542349,"EGY":-0.11852884,"SLV":-0.110321045,"GNQ":-0.03125556,"ERI":0.06318585,"EST":-0.5328846,"SWZ":0.491165,"ETH":-0.1473813,"FLK":0.007804314,"FRO":0.8199115,"FJI":-0.19300413,"FIN":-0.19594307,"FRA":0.46219656,"PYF":0.18479268,"GAB":0.09237226,"GMB":-0.24652784,"GEO":-0.9026633,"DEU":0.08595402,"GHA":-0.019013405,"GRC":-0.23593004,"GRL":0.9172304,"GTM":0.04596758,"GIN":0.12951867,"GNB":0.007733822,"GUY":0.13733895,"HTI":-0.0046569505,"HMD":0.2305697,"HND":0.04642852,"HKG":0.1742274,"HUN":-0.47608402,"ISL":0.91533583,"IND":-0.042418163,"IDN":-0.07384237,"IRN":-0.009805282,"IRQ":-0.10259835,"IRL":0.24901359,"IMN":0.31888893,"ISR":-0.07224059,"ITA":0.2793347,"JAM":0.044238728,"JPN":-0.33437502,"JOR":-0.22544813,"KAZ":-0.6068494,"KEN":0.003417174,"KIR":0.3662952,"KWT":0.08527764,"KGZ":-0.32556173,"LAO":0.04871623,"LVA":-0.46706614,"LBN":-0.07378892,"LSO":0.26524803,"LBR":-0.012696584,"LBY":-0.16415484,"LTU":-0.46137023,"LUX":0.33810398,"MDG":-0.023148218,"MWI":-0.22917955,"MYS":-0.020161629,"MLI":0.312548,"MRT":0.12551737,"MUS":0.41190687,"MEX":0.0016064644,"MDA":-0.88739616,"MNG":-0.76730686,"MNE":-0.14599344,"MAR":0.20331915,"MOZ":-0.1254425,"MMR":-0.06447665,"NAM":0.22314398,"NPL":-0.2664444,"NLD":-0.03732,"NCL":-0.020172277,"NZL":-0.16878664,"NIC":0.12802203,"NER":0.042752106,"NGA":0.015084584,"PRK":0.06840841,"MKD":-0.20616563,"NOR":-0.17865431,"OMN":0.07240486,"PAK":-0.06915315,"PSE":-0.061464787,"PAN":-0.066594124,"PNG":-0.038867313,"PRY":0.10524098,"PER":-0.06261667,"PHL":-0.12069893,"POL":-0.43844345,"PRT":0.20383461,"PRI":-0.063681126,"QAT":0.13893764,"ROU":-0.6526968,"RUS":0.13117748,"RWA":0.04834509,"SHN":0.30491862,"VCT":0.010913372,"WSM":0.04725647,"STP":0.24602349,"SAU":0.15546124,"SEN":-0.17234468,"SRB":-0.31589568,"SYC":0.076593556,"SLE":0.071429096,"SVK":-0.28096667,"SVN":-0.039007198,"SLB":-0.12820037,"SOM":0.08350468,"ZAF":0.19536924,"SGS":-0.07586416,"KOR":-0.2748154,"SSD":0.10230812,"ESP":0.3548161,"LKA":0.009011269,"SDN":0.12500763,"SUR":0.12917964,"SWE":-0.010470982,"CHE":0.16801633,"SYR":-0.24352391,"TJK":-0.44358858,"TZA":0.17469104,"THA":-0.034288883,"TGO":-0.09943596,"TTO":0.019688765,"TUN":0.26445493,"TUR":-0.3528537,"TKM":-0.56906056,"UGA":0.071140446,"UKR":-0.9834884,"ARE":0.18174362,"GBR":0.31351626,"USA":-0.047402393,"VIR":0.1241676,"URY":-0.48567358,"UZB":-0.576017,"VUT":-0.099965096,"VEN":-0.013461907,"VNM":0.20029433,"YEM":-0.03205061,"ZMB":-0.054700535,"ZWE":-0.013058186}