{"AFG":0.70334846,"ALB":-0.43136677,"DZA":-0.2314585,"ASM":0.23160791,"AND":-0.27959538,"AGO":-0.3553494,"AIA":-0.09894212,"ATG":-0.06980833,"ARG":0.12867709,"ARM":-0.34540108,"AUS":-0.089241266,"AUT":-0.5139992,"AZE":-0.01932297,"BHS":-0.32269335,"BHR":0.19314735,"BGD":-0.072372116,"BLR":-0.5424805,"BEL":-0.26801866,"BLZ":-0.018701712,"BEN":-0.11518177,"BTN":-0.29626694,"BOL":-0.1478858,"BIH":-0.3264948,"BWA":-0.32462382,"BRA":-0.14990854,"BRN":-0.17633183,"BGR":-0.27057046,"BFA":0.13898993,"BDI":-0.03600232,"KHM":0.06197198,"CMR":-0.019851526,"CAN":-1.0646507,"CPV":0.19457865,"CYM":-0.10003837,"CAF":0.10774803,"TCD":-0.017873287,"CHL":0.2869146,"CHN":0.09648859,"COL":-0.06702709,"COM":-0.17324893,"COG":-0.004265785,"COK":0.17211883,"CRI":0.050325233,"CIV":0.07077917,"HRV":-0.5652601,"CUB":-0.062284153,"CYP":-0.18662293,"CZE":-0.42112532,"COD":-0.060458023,"DNK":-0.11659535,"DJI":0.27617168,"DOM":-0.2522154,"TLS":-0.109677635,"ECU":-0.1757601,"EGY":-0.1054062,"SLV":-0.019266129,"GNQ":-0.04035155,"ERI":0.15653579,"EST":-0.34140554,"SWZ":-0.099684715,"ETH":-0.20728779,"FLK":0.849788,"FRO":0.4010241,"FJI":-0.032604378,"FIN":-0.0537333,"FRA":-0.24977477,"PYF":0.0046666465,"GAB":-0.08159987,"GMB":-0.2257077,"GEO":-0.3935522,"DEU":-0.3404098,"GHA":-0.117055416,"GRC":-0.27116728,"GRL":0.07230195,"GTM":-0.3299707,"GIN":0.16344786,"GNB":0.018321196,"GUY":0.068316616,"HTI":-0.34786382,"HMD":0.056060027,"HND":-0.078400455,"HKG":0.03168893,"HUN":-0.6609381,"ISL":0.66708416,"IND":0.0018372536,"IDN":-0.07602581,"IRN":0.21771257,"IRQ":-0.1526804,"IRL":0.15381138,"IMN":0.27442482,"ISR":-0.25962195,"ITA":-0.27805388,"JAM":-0.08091577,"JPN":0.5309424,"JOR":-0.21988471,"KAZ":0.8625881,"KEN":-0.0038016636,"KIR":0.3809131,"KWT":-0.115581594,"KGZ":0.3968456,"LAO":-0.38186917,"LVA":-0.45721492,"LBN":-0.31875244,"LSO":0.0013996959,"LBR":-0.015416781,"LBY":-0.18108606,"LTU":-0.57043725,"LUX":-0.395458,"MDG":-0.023809275,"MWI":-0.4802774,"MYS":0.0036551158,"MLI":0.2087148,"MRT":-0.18383615,"MUS":0.14418507,"MEX":-0.5026088,"MDA":-0.34127745,"MNG":0.40249562,"MNE":-0.40905508,"MAR":-0.25348035,"MOZ":-0.27371487,"MMR":-0.29593563,"NAM":-0.064247526,"NPL":-0.019838631,"NLD":-0.081294395,"NCL":0.0074251494,"NZL":-0.66039705,"NIC":-0.035755157,"NER":0.1126585,"NGA":0.08555778,"PRK":0.4338527,"MKD":-0.3515431,"NOR":0.265506,"OMN":-0.0686752,"PAK":0.7069325,"PSE":-0.1651996,"PAN":0.13811636,"PNG":-0.16089647,"PRY":-0.28957954,"PER":-0.12633689,"PHL":-0.06088829,"POL":-0.40954533,"PRT":-0.09739026,"PRI":-0.1341799,"QAT":0.08144394,"ROU":-0.43236366,"RUS":-0.47732756,"RWA":0.12156073,"SHN":-0.33297,"VCT":0.015928427,"WSM":0.1979615,"STP":-0.09523424,"SAU":-0.08106359,"SEN":-0.088067375,"SRB":-0.5067534,"SYC":-0.04803117,"SLE":-0.029646873,"SVK":-0.67355156,"SVN":-0.74171704,"SLB":-0.22574647,"SOM":-0.12232765,"ZAF":0.12464634,"SGS":-0.13426925,"KOR":0.5218611,"SSD":0.15511084,"ESP":-0.23366022,"LKA":-0.015340011,"SDN":0.06951237,"SUR":0.19605573,"SWE":-0.15559345,"CHE":-0.47498587,"SYR":-0.37063143,"TJK":0.08238149,"TZA":-0.1205438,"THA":-0.10160589,"TGO":-0.2230355,"TTO":-0.0012097359,"TUN":-0.13954742,"TUR":-0.40513137,"TKM":0.5175356,"UGA":0.117646694,"UKR":-0.30947816,"ARE":0.10138941,"GBR":0.27722296,"USA":-0.048859794,"VIR":-0.114957966,"URY":0.10544189,"UZB":0.8641321,"VUT":-0.15574534,"VEN":-0.091379486,"VNM":-0.23823468,"YEM":-0.008042653,"ZMB":-0.38687912,"ZWE":-0.38581252}