{"AFG":-0.55804604,"ALB":-1.0745565,"DZA":0.15500005,"ASM":0.18968694,"AND":-0.7700841,"AGO":0.20475626,"AIA":0.28296503,"ATG":0.39722252,"ARG":-0.21533298,"ARM":-0.09672413,"AUS":0.56028813,"AUT":-0.8280029,"AZE":0.27130696,"BHS":-0.21232128,"BHR":-0.32387128,"BGD":0.25622192,"BLR":-0.4934857,"BEL":0.056236327,"BLZ":0.33993277,"BEN":0.21279638,"BTN":-0.074096926,"BOL":-0.07032013,"BIH":-1.1486013,"BWA":0.7925856,"BRA":0.17279847,"BRN":-0.077425,"BGR":-0.761857,"BFA":0.31435266,"BDI":0.31994358,"KHM":0.02350696,"CMR":0.25004578,"CAN":0.5351941,"CPV":0.5380328,"CYM":-0.1499346,"CAF":0.3317949,"TCD":0.3485228,"CHL":-0.16128457,"CHN":-0.24123786,"COL":0.14918916,"COM":-0.012305577,"COG":0.22634809,"COK":0.100738205,"CRI":0.1311086,"CIV":0.14549255,"HRV":-1.172103,"CUB":-0.26679215,"CYP":-0.42551222,"CZE":-0.5983121,"COD":0.17367871,"DNK":-0.07747359,"DJI":0.16837533,"DOM":0.06352472,"TLS":0.28510317,"ECU":0.109672226,"EGY":-0.039976597,"SLV":-0.20401764,"GNQ":0.017271519,"ERI":-0.07923508,"EST":-0.31523344,"SWZ":0.25996247,"ETH":0.06427622,"FLK":-0.09477341,"FRO":-0.059862632,"FJI":0.0039779344,"FIN":0.6235772,"FRA":-0.25557533,"PYF":0.06775093,"GAB":0.02195231,"GMB":0.27707562,"GEO":-0.12526123,"DEU":-0.2506193,"GHA":0.0205307,"GRC":-0.5231063,"GRL":1.0963141,"GTM":0.12196239,"GIN":0.17031638,"GNB":0.3466514,"GUY":0.3515606,"HTI":-0.06565571,"HMD":-0.26743647,"HND":0.18042438,"HKG":-0.2185576,"HUN":-1.0783795,"ISL":-0.1467643,"IND":-0.076594986,"IDN":-0.0013602575,"IRN":-0.070010066,"IRQ":-0.08100001,"IRL":0.32177734,"IMN":0.2862148,"ISR":-0.3647817,"ITA":-0.8259156,"JAM":-0.109686054,"JPN":-0.3515819,"JOR":-0.36305237,"KAZ":0.489045,"KEN":0.33519983,"KIR":0.15604942,"KWT":-0.15650184,"KGZ":-0.16237345,"LAO":0.010400931,"LVA":-0.49222815,"LBN":-0.60890573,"LSO":0.3733507,"LBR":0.031603813,"LBY":0.077709116,"LTU":-0.5061295,"LUX":-0.022355428,"MDG":-0.002690792,"MWI":0.31477085,"MYS":0.15822299,"MLI":0.3579966,"MRT":0.3299831,"MUS":0.17323287,"MEX":0.098521866,"MDA":-0.35309848,"MNG":-0.61108166,"MNE":-1.1534094,"MAR":-0.008265813,"MOZ":0.45996937,"MMR":0.33674225,"NAM":0.4413418,"NPL":0.005265832,"NLD":0.115710594,"NCL":-0.050943535,"NZL":0.4544393,"NIC":0.2229244,"NER":0.38058123,"NGA":0.45596376,"PRK":-0.70418024,"MKD":-0.9433007,"NOR":0.6074376,"OMN":-0.031839848,"PAK":-0.49295405,"PSE":-0.40343365,"PAN":0.18353923,"PNG":0.010679881,"PRY":-0.16486359,"PER":0.14139588,"PHL":0.042847157,"POL":-0.40212783,"PRT":-0.085572444,"PRI":0.13120079,"QAT":-0.19856484,"ROU":-0.8043601,"RUS":0.5143623,"RWA":0.2984678,"SHN":0.058702786,"VCT":0.4178551,"WSM":0.17252986,"STP":-0.13455105,"SAU":-0.05282704,"SEN":0.13107681,"SRB":-1.2159787,"SYC":-0.032171726,"SLE":-0.0726436,"SVK":-0.82640433,"SVN":-1.090252,"SLB":0.027391434,"SOM":-0.04375426,"ZAF":0.20803659,"SGS":-0.31636527,"KOR":-0.49227893,"SSD":0.49944592,"ESP":-0.3094364,"LKA":0.21527545,"SDN":0.27028894,"SUR":0.23070113,"SWE":0.25948018,"CHE":-0.69514686,"SYR":-0.45884344,"TJK":-0.5036985,"TZA":0.43483543,"THA":0.22909515,"TGO":-0.004029115,"TTO":0.37636185,"TUN":-0.25837016,"TUR":-0.22668488,"TKM":0.481046,"UGA":0.38941398,"UKR":-0.16359977,"ARE":0.105631985,"GBR":0.23196404,"USA":0.26188055,"VIR":0.23114188,"URY":0.21472351,"UZB":0.52482176,"VUT":-0.027241388,"VEN":0.25556517,"VNM":-0.124340855,"YEM":0.23674679,"ZMB":0.5568549,"ZWE":0.70444536}