{"AFG":0.9025186,"ALB":-0.81884193,"DZA":0.104907036,"ASM":-0.046686966,"AND":0.8814001,"AGO":-0.5190479,"AIA":0.15124607,"ATG":0.15319888,"ARG":0.35693455,"ARM":0.28216615,"AUS":-0.12183905,"AUT":-0.15699027,"AZE":0.21292426,"BHS":-0.20441405,"BHR":0.1498785,"BGD":0.42808166,"BLR":-0.4416901,"BEL":0.39641237,"BLZ":-0.1732955,"BEN":0.17193826,"BTN":0.3096773,"BOL":0.1259284,"BIH":-0.29111525,"BWA":-1.089417,"BRA":-0.058517296,"BRN":-0.15127881,"BGR":-0.4038036,"BFA":0.07397715,"BDI":-0.12861188,"KHM":0.0824844,"CMR":0.13746531,"CAN":1.4278146,"CPV":0.35252938,"CYM":-0.078691326,"CAF":0.047302086,"TCD":0.24786186,"CHL":0.24717514,"CHN":0.3330973,"COL":-0.04569292,"COM":-0.12489271,"COG":-0.037591618,"COK":0.0416104,"CRI":0.048542816,"CIV":0.16136217,"HRV":-0.23013185,"CUB":-0.097168766,"CYP":-0.49194264,"CZE":-0.09202206,"COD":-0.16947095,"DNK":0.57491755,"DJI":-0.051317055,"DOM":0.08331331,"TLS":-0.3882041,"ECU":0.1685025,"EGY":-0.11355766,"SLV":-0.11493111,"GNQ":-0.07759714,"ERI":-0.13822348,"EST":0.25035754,"SWZ":-0.29764757,"ETH":0.006266912,"FLK":0.36039534,"FRO":0.5116146,"FJI":-0.08342266,"FIN":0.27266595,"FRA":0.25610796,"PYF":0.1461552,"GAB":-0.064419426,"GMB":-0.16189893,"GEO":-0.01839143,"DEU":0.3036104,"GHA":0.05995067,"GRC":-0.51809627,"GRL":0.068560325,"GTM":-0.25233254,"GIN":0.05265506,"GNB":-0.0035452843,"GUY":-0.08682442,"HTI":0.0682737,"HMD":-0.23460466,"HND":0.018136183,"HKG":0.2521433,"HUN":-0.32035157,"ISL":0.4369875,"IND":0.17456198,"IDN":-0.026685556,"IRN":0.2852578,"IRQ":0.09416517,"IRL":0.3808856,"IMN":0.340531,"ISR":-0.47448984,"ITA":-0.086695634,"JAM":0.1519227,"JPN":-0.073719054,"JOR":-0.40637028,"KAZ":0.38210484,"KEN":0.0985322,"KIR":0.23608176,"KWT":0.1644818,"KGZ":0.58855623,"LAO":0.14349143,"LVA":0.20943214,"LBN":-0.53041023,"LSO":-0.674732,"LBR":0.045557182,"LBY":-0.012754838,"LTU":0.004896959,"LUX":0.3849047,"MDG":0.21900336,"MWI":-0.20994537,"MYS":-0.10014597,"MLI":-0.16367324,"MRT":-0.08702914,"MUS":0.24501006,"MEX":0.16161378,"MDA":-0.61654,"MNG":0.26721492,"MNE":-0.70564723,"MAR":0.087955035,"MOZ":0.021695614,"MMR":-0.06787523,"NAM":-0.92064506,"NPL":0.4632803,"NLD":0.6047681,"NCL":-0.23379564,"NZL":-0.4311005,"NIC":0.053442795,"NER":0.030317465,"NGA":0.40202045,"PRK":0.22360055,"MKD":-0.65646774,"NOR":1.02847,"OMN":-0.06089242,"PAK":0.60470027,"PSE":-0.51916605,"PAN":0.06484938,"PNG":-0.02741448,"PRY":0.48417792,"PER":-0.015551885,"PHL":0.16364384,"POL":-0.025455454,"PRT":0.3593903,"PRI":0.1683402,"QAT":0.29804787,"ROU":-0.47155944,"RUS":-0.70520926,"RWA":-0.05500539,"SHN":-0.1666034,"VCT":0.13411792,"WSM":-0.0635136,"STP":0.01164341,"SAU":0.031421024,"SEN":-0.092889786,"SRB":-0.5086195,"SYC":-0.03083261,"SLE":0.08645026,"SVK":-0.28285062,"SVN":-0.21882157,"SLB":-0.13462083,"SOM":-0.0354778,"ZAF":-0.4715302,"SGS":0.3379023,"KOR":0.13621067,"SSD":-0.0731074,"ESP":0.5147311,"LKA":-0.030255636,"SDN":0.022210917,"SUR":-0.1483434,"SWE":0.6556155,"CHE":0.17887877,"SYR":-0.3762661,"TJK":0.7354587,"TZA":-0.010696411,"THA":0.090138435,"TGO":0.03631894,"TTO":0.09241787,"TUN":0.14318769,"TUR":-0.15849271,"TKM":0.4798027,"UGA":-0.102110066,"UKR":-0.6110847,"ARE":0.22333796,"GBR":0.51555115,"USA":0.37390947,"VIR":0.17006095,"URY":0.39361095,"UZB":0.20443924,"VUT":-0.15209675,"VEN":0.09245428,"VNM":0.08895302,"YEM":0.26450172,"ZMB":-0.3097113,"ZWE":-0.26145992}