{"AFG":0.026847005,"ALB":0.27668035,"DZA":0.0017439524,"ASM":0.07655573,"AND":0.37622485,"AGO":-0.14426534,"AIA":0.11384424,"ATG":0.14346631,"ARG":-0.5987323,"ARM":-0.44417286,"AUS":0.10473641,"AUT":0.57369035,"AZE":-0.047985137,"BHS":0.07442459,"BHR":0.16895454,"BGD":-0.100289665,"BLR":0.5337643,"BEL":0.47951952,"BLZ":-0.0032723744,"BEN":-0.02032105,"BTN":0.26190436,"BOL":-0.0052466393,"BIH":0.6345648,"BWA":-0.14246996,"BRA":0.13671398,"BRN":-0.15499003,"BGR":0.8192931,"BFA":0.04759566,"BDI":-0.103860855,"KHM":-0.20969899,"CMR":-0.024380365,"CAN":-0.24715512,"CPV":-0.13464849,"CYM":0.056921165,"CAF":-0.09143146,"TCD":0.12535794,"CHL":-0.50213146,"CHN":0.5361271,"COL":0.06693777,"COM":0.15655994,"COG":0.033228397,"COK":0.23256142,"CRI":0.036104042,"CIV":0.22576268,"HRV":0.60259366,"CUB":0.007850965,"CYP":0.048714798,"CZE":0.65433645,"COD":-0.071455,"DNK":0.642385,"DJI":-0.01869885,"DOM":0.11547232,"TLS":-0.042022545,"ECU":0.0126791,"EGY":-0.0020917256,"SLV":-0.27583107,"GNQ":-0.027149042,"ERI":-0.45577368,"EST":0.47661677,"SWZ":-0.05589978,"ETH":0.10326195,"FLK":-0.43346176,"FRO":0.027060905,"FJI":0.56138676,"FIN":0.43501008,"FRA":-0.032744486,"PYF":0.106500946,"GAB":0.04787922,"GMB":-0.14600134,"GEO":-0.09694334,"DEU":0.62923056,"GHA":0.06550471,"GRC":0.41294435,"GRL":-0.1107442,"GTM":-0.058595974,"GIN":0.02465407,"GNB":0.029223919,"GUY":-0.20915096,"HTI":0.12500508,"HMD":-0.36738408,"HND":-0.047143143,"HKG":0.20749696,"HUN":0.8535612,"ISL":0.2234115,"IND":0.052126724,"IDN":-0.0217522,"IRN":-0.20797618,"IRQ":0.10155872,"IRL":0.58351046,"IMN":0.613676,"ISR":-0.10425695,"ITA":0.28594574,"JAM":0.010866165,"JPN":0.31618783,"JOR":-0.097572245,"KAZ":0.7301766,"KEN":0.09351841,"KIR":-0.49044767,"KWT":-0.037555933,"KGZ":0.5899001,"LAO":-0.031451702,"LVA":0.45914853,"LBN":-0.13315256,"LSO":-0.040645916,"LBR":0.08439382,"LBY":0.20772736,"LTU":0.40348673,"LUX":0.4273208,"MDG":0.030670485,"MWI":-0.20049445,"MYS":-0.11808157,"MLI":-0.017693996,"MRT":-0.19478257,"MUS":-0.042177677,"MEX":-0.17936222,"MDA":1.2618426,"MNG":1.447104,"MNE":0.4520063,"MAR":-0.19562165,"MOZ":0.008127849,"MMR":-0.28321615,"NAM":0.16656978,"NPL":0.15154304,"NLD":0.680974,"NCL":0.3432552,"NZL":0.03029271,"NIC":0.050552685,"NER":-0.031566303,"NGA":-0.046630066,"PRK":0.5738764,"MKD":0.6229513,"NOR":0.4365127,"OMN":0.2220416,"PAK":0.1640516,"PSE":-0.07358233,"PAN":0.05915578,"PNG":0.054929417,"PRY":-0.1139342,"PER":-0.124509655,"PHL":0.15275319,"POL":0.6121189,"PRT":-0.42547345,"PRI":0.20174503,"QAT":0.39940023,"ROU":0.91473705,"RUS":1.0426636,"RWA":-0.22580941,"SHN":-0.2259779,"VCT":0.118363224,"WSM":0.076236404,"STP":0.16629887,"SAU":0.09605638,"SEN":0.04571581,"SRB":0.67529535,"SYC":0.21692085,"SLE":0.059764225,"SVK":0.6863257,"SVN":0.5507539,"SLB":0.12190851,"SOM":0.28745174,"ZAF":-0.058891773,"SGS":-0.44813123,"KOR":0.43172768,"SSD":-0.11108732,"ESP":-0.44304284,"LKA":-0.110628925,"SDN":-0.15724118,"SUR":-0.24984853,"SWE":0.3369461,"CHE":0.33552536,"SYR":-0.1534632,"TJK":0.61475796,"TZA":0.041190624,"THA":-0.010595004,"TGO":-0.01579523,"TTO":0.03328721,"TUN":0.09282931,"TUR":0.08746815,"TKM":0.18006878,"UGA":-0.13785124,"UKR":1.0130265,"ARE":0.26749325,"GBR":0.38396522,"USA":0.27230588,"VIR":0.14828412,"URY":-0.35754037,"UZB":0.4597734,"VUT":0.36636305,"VEN":0.17815669,"VNM":-0.08301035,"YEM":0.27794728,"ZMB":-0.16559267,"ZWE":-0.1772302}