{"AFG":0.17958002,"ALB":0.13041376,"DZA":-0.10058435,"ASM":-0.37188482,"AND":-0.23334853,"AGO":-0.24937408,"AIA":-0.2901627,"ATG":-0.29748726,"ARG":0.30088767,"ARM":0.03216058,"AUS":-0.15824087,"AUT":0.41521475,"AZE":-0.09319234,"BHS":-0.028326193,"BHR":-0.3351501,"BGD":0.059261322,"BLR":0.75366384,"BEL":-0.17181434,"BLZ":-0.26740822,"BEN":-0.2007839,"BTN":0.053872753,"BOL":-0.18309243,"BIH":0.68217754,"BWA":-0.36143994,"BRA":-0.21152814,"BRN":-0.30742374,"BGR":0.4532349,"BFA":-0.3262682,"BDI":-0.30588818,"KHM":-0.47141123,"CMR":-0.12965615,"CAN":-0.4477346,"CPV":0.076708,"CYM":-0.0917147,"CAF":-0.24422853,"TCD":-0.32586893,"CHL":0.058743954,"CHN":-0.000698636,"COL":-0.11684259,"COM":-0.33973727,"COG":-0.09836515,"COK":0.11012999,"CRI":-0.19945462,"CIV":0.07448403,"HRV":0.500324,"CUB":-0.062841736,"CYP":0.30406627,"CZE":0.47129688,"COD":-0.15448332,"DNK":0.61967236,"DJI":-0.30429587,"DOM":-0.2340358,"TLS":-0.057291348,"ECU":0.042719204,"EGY":0.29851803,"SLV":-0.66650707,"GNQ":-0.03938802,"ERI":-0.13121016,"EST":0.94832927,"SWZ":-0.24151278,"ETH":-0.13061889,"FLK":0.084061086,"FRO":0.057323754,"FJI":0.23232095,"FIN":0.45209637,"FRA":-0.33969188,"PYF":-0.3643891,"GAB":-0.07976484,"GMB":-0.07713175,"GEO":-0.03835805,"DEU":0.2535564,"GHA":-0.013974826,"GRC":0.42175815,"GRL":-0.052538317,"GTM":-0.38053498,"GIN":-0.19587088,"GNB":-0.019275188,"GUY":-0.39023843,"HTI":-0.23433892,"HMD":0.0425738,"HND":-0.2376426,"HKG":-0.36408815,"HUN":0.59060067,"ISL":-0.036704313,"IND":-0.1791873,"IDN":-0.19720316,"IRN":0.035684425,"IRQ":0.1320303,"IRL":-0.14726043,"IMN":-0.101040564,"ISR":0.20210958,"ITA":0.15101667,"JAM":-0.33984947,"JPN":0.053856384,"JOR":0.054414034,"KAZ":0.5850896,"KEN":0.0368069,"KIR":-0.84285957,"KWT":-0.055687744,"KGZ":0.12098041,"LAO":-0.6801839,"LVA":0.8930511,"LBN":0.11639484,"LSO":0.13876663,"LBR":-0.04412858,"LBY":0.28377843,"LTU":0.8321559,"LUX":-0.25699893,"MDG":-0.19471343,"MWI":-0.46952295,"MYS":-0.3124396,"MLI":-0.32644257,"MRT":-0.10562595,"MUS":-0.13466375,"MEX":-0.13464873,"MDA":0.63373774,"MNG":0.47025016,"MNE":0.390131,"MAR":-0.31373087,"MOZ":-0.18058889,"MMR":-0.21470149,"NAM":-0.2712326,"NPL":0.048295636,"NLD":0.07346497,"NCL":0.19308408,"NZL":0.122334994,"NIC":-0.18926589,"NER":-0.4878602,"NGA":-0.24394019,"PRK":0.4549491,"MKD":0.60358137,"NOR":0.23580782,"OMN":-0.46084484,"PAK":-0.03493452,"PSE":0.20522547,"PAN":-0.24962933,"PNG":-0.120579086,"PRY":-0.28429905,"PER":-0.12563212,"PHL":-0.10234245,"POL":0.6820312,"PRT":-0.5077011,"PRI":-0.2697018,"QAT":0.16399789,"ROU":0.522218,"RUS":0.70492506,"RWA":-0.35484442,"SHN":0.09836801,"VCT":-0.15510988,"WSM":-0.37124506,"STP":-0.046708744,"SAU":-0.20501852,"SEN":-0.0998044,"SRB":0.6432856,"SYC":-0.31371227,"SLE":-0.18835878,"SVK":0.6318152,"SVN":0.28004214,"SLB":-0.15357797,"SOM":-0.23996384,"ZAF":-0.033577602,"SGS":0.012789075,"KOR":0.18438987,"SSD":-0.13915761,"ESP":-0.50202155,"LKA":-0.18234031,"SDN":0.14864731,"SUR":-0.42128864,"SWE":0.4745011,"CHE":0.038671967,"SYR":0.030431012,"TJK":0.15100266,"TZA":-0.26817766,"THA":-0.49958754,"TGO":-0.0639658,"TTO":-0.07037131,"TUN":0.15627639,"TUR":-0.019508341,"TKM":-0.23033394,"UGA":-0.27283987,"UKR":0.5002242,"ARE":-0.1593364,"GBR":-0.15624493,"USA":-0.6015446,"VIR":-0.29852882,"URY":0.26447716,"UZB":-0.22122204,"VUT":0.11130047,"VEN":-0.10667483,"VNM":-0.6213581,"YEM":-0.33282852,"ZMB":-0.4280313,"ZWE":-0.29260793}