{"AFG":-0.18371193,"ALB":0.19552816,"DZA":0.046192486,"ASM":-0.098167576,"AND":0.31331792,"AGO":0.021330675,"AIA":-0.10466162,"ATG":-0.08024788,"ARG":0.3929423,"ARM":-0.17948312,"AUS":0.32721806,"AUT":0.083855905,"AZE":0.12255261,"BHS":-0.1813957,"BHR":-0.07689508,"BGD":0.5880731,"BLR":-0.16474898,"BEL":-0.074684046,"BLZ":0.3057259,"BEN":0.23537874,"BTN":0.55529183,"BOL":0.14454333,"BIH":0.39344358,"BWA":-0.61887187,"BRA":0.012613614,"BRN":0.16558488,"BGR":0.34971985,"BFA":0.37297264,"BDI":0.07437372,"KHM":-0.38102213,"CMR":0.27938128,"CAN":-0.27171347,"CPV":-0.18669288,"CYM":-0.07841412,"CAF":0.22473018,"TCD":0.6982295,"CHL":-0.07173395,"CHN":0.20965542,"COL":0.16523536,"COM":0.05687205,"COG":0.09332657,"COK":-0.16074912,"CRI":0.15777223,"CIV":0.13578463,"HRV":0.39643368,"CUB":-0.11258364,"CYP":0.23420556,"CZE":0.027276099,"COD":0.07845179,"DNK":0.040673416,"DJI":0.08526325,"DOM":-0.038512547,"TLS":0.10731713,"ECU":0.2939714,"EGY":0.15754922,"SLV":0.21709935,"GNQ":0.08529711,"ERI":0.5321118,"EST":-0.3643078,"SWZ":-0.22857356,"ETH":0.56353045,"FLK":-0.29301327,"FRO":0.5590332,"FJI":-0.42967162,"FIN":-0.34024906,"FRA":0.0852286,"PYF":0.0731624,"GAB":0.009478728,"GMB":-0.28716865,"GEO":0.17864291,"DEU":-0.04555927,"GHA":0.21614711,"GRC":0.27922,"GRL":-0.63877964,"GTM":0.33892027,"GIN":0.024947802,"GNB":-0.25728083,"GUY":0.14858484,"HTI":-0.065926075,"HMD":-0.13178839,"HND":0.017088095,"HKG":0.021570286,"HUN":0.5060314,"ISL":0.28686786,"IND":0.5378151,"IDN":0.17204936,"IRN":0.15317464,"IRQ":-0.019999743,"IRL":-0.19004752,"IMN":-0.03549389,"ISR":0.30557808,"ITA":0.15750022,"JAM":0.06391176,"JPN":0.11020097,"JOR":0.03384121,"KAZ":-0.10350699,"KEN":0.47872925,"KIR":0.33271313,"KWT":-0.10773015,"KGZ":-0.25955883,"LAO":0.03378439,"LVA":-0.32443163,"LBN":0.009315173,"LSO":-0.14873464,"LBR":-0.0284578,"LBY":0.25131154,"LTU":-0.30407834,"LUX":-0.030689657,"MDG":0.17689896,"MWI":-0.22323799,"MYS":0.058842022,"MLI":0.2780652,"MRT":0.14446704,"MUS":0.2784845,"MEX":0.31760845,"MDA":0.5773739,"MNG":-0.114673294,"MNE":0.32109705,"MAR":0.2893459,"MOZ":-0.095160164,"MMR":0.326437,"NAM":-0.24561898,"NPL":0.5488584,"NLD":-0.007530153,"NCL":-0.21829319,"NZL":-0.46657375,"NIC":0.022737026,"NER":0.7240904,"NGA":0.4441328,"PRK":-0.006636689,"MKD":0.15748934,"NOR":0.008909185,"OMN":0.33582368,"PAK":0.3029213,"PSE":0.3524537,"PAN":0.2433273,"PNG":-0.053706963,"PRY":0.21461296,"PER":0.12309933,"PHL":0.02232186,"POL":-0.18377739,"PRT":0.29301772,"PRI":0.14120977,"QAT":0.32871318,"ROU":0.5523966,"RUS":-0.63617706,"RWA":0.043720882,"SHN":0.3024238,"VCT":0.056270123,"WSM":-0.10219685,"STP":0.050169308,"SAU":0.26623997,"SEN":-0.26875767,"SRB":0.39487186,"SYC":0.12642622,"SLE":0.12088839,"SVK":0.2910475,"SVN":0.27297422,"SLB":0.12306277,"SOM":0.30358076,"ZAF":-0.15223224,"SGS":0.3249962,"KOR":0.17902148,"SSD":0.58239335,"ESP":0.2765347,"LKA":0.17350896,"SDN":0.59310865,"SUR":0.18242407,"SWE":-0.26733863,"CHE":0.13641506,"SYR":-0.11091713,"TJK":-0.44433418,"TZA":0.2293288,"THA":-0.12698507,"TGO":0.211339,"TTO":0.14688285,"TUN":-0.073017836,"TUR":0.03987487,"TKM":0.2579321,"UGA":0.36382756,"UKR":0.41230497,"ARE":0.2667335,"GBR":-0.03594629,"USA":-0.4850556,"VIR":-0.10244831,"URY":-0.13835645,"UZB":0.16277786,"VUT":-0.16461198,"VEN":0.4085846,"VNM":0.016788164,"YEM":0.4224542,"ZMB":-0.40447235,"ZWE":-0.53124434}