{"AFG":0.88581735,"ALB":0.11850534,"DZA":1.2437766,"ASM":0.18290186,"AND":-1.0560032,"AGO":0.12003342,"AIA":0.4646565,"ATG":0.5891679,"ARG":-0.20352285,"ARM":2.0224278,"AUS":-0.41536865,"AUT":-0.80743456,"AZE":1.5510573,"BHS":-0.5116019,"BHR":0.79955196,"BGD":0.63584805,"BLR":-0.29393616,"BEL":-1.3251462,"BLZ":0.088414825,"BEN":0.49456468,"BTN":0.687172,"BOL":0.4599309,"BIH":-0.16743024,"BWA":-0.03703316,"BRA":0.33499083,"BRN":0.16247797,"BGR":0.2931592,"BFA":0.52376145,"BDI":0.46115255,"KHM":0.56451684,"CMR":0.56700104,"CAN":2.0105917,"CPV":0.9068462,"CYM":-0.25600353,"CAF":0.2756785,"TCD":1.0052814,"CHL":-0.34261537,"CHN":-0.008594722,"COL":0.419274,"COM":0.36797634,"COG":0.41050133,"COK":0.4753008,"CRI":0.2509308,"CIV":0.461243,"HRV":-0.55595917,"CUB":-0.51775503,"CYP":1.0153407,"CZE":-1.2085081,"COD":0.36060873,"DNK":-1.8586226,"DJI":-0.16325538,"DOM":0.25993586,"TLS":0.39476967,"ECU":0.4391419,"EGY":1.6284113,"SLV":-0.22715473,"GNQ":0.35135317,"ERI":0.3092413,"EST":-1.3988446,"SWZ":0.41414562,"ETH":0.16350365,"FLK":-0.10375645,"FRO":-0.3899502,"FJI":0.36991024,"FIN":-1.5952336,"FRA":-0.8327317,"PYF":-0.073506355,"GAB":0.3702415,"GMB":0.5050399,"GEO":2.0310535,"DEU":-1.3885044,"GHA":0.46272835,"GRC":0.72693557,"GRL":2.4297276,"GTM":0.24036233,"GIN":0.25658146,"GNB":0.31488833,"GUY":0.12295707,"HTI":0.105042614,"HMD":0.16978888,"HND":-0.10567474,"HKG":-0.104517065,"HUN":-0.65860844,"ISL":0.39354458,"IND":0.4925283,"IDN":0.29867664,"IRN":1.161553,"IRQ":1.584466,"IRL":-1.1798362,"IMN":-0.92727596,"ISR":1.6545693,"ITA":-0.5271315,"JAM":-0.083706535,"JPN":0.36663225,"JOR":1.9147025,"KAZ":0.2036831,"KEN":0.2340072,"KIR":-0.44497395,"KWT":1.2447596,"KGZ":0.33710185,"LAO":0.525235,"LVA":-1.1733255,"LBN":1.7078663,"LSO":0.62201405,"LBR":0.16669099,"LBY":1.6494874,"LTU":-1.0761298,"LUX":-1.1691517,"MDG":0.419964,"MWI":0.18210666,"MYS":0.2637205,"MLI":1.0955124,"MRT":1.2489349,"MUS":0.36820364,"MEX":-0.4134086,"MDA":0.009785433,"MNG":-0.934099,"MNE":0.1725174,"MAR":0.7229974,"MOZ":0.3416308,"MMR":0.59205943,"NAM":0.051578205,"NPL":0.6603814,"NLD":-1.4645848,"NCL":0.61180526,"NZL":0.32757708,"NIC":0.10403633,"NER":1.1652555,"NGA":0.68941087,"PRK":-0.41545594,"MKD":0.35338354,"NOR":-1.7120088,"OMN":0.41347298,"PAK":0.55145854,"PSE":1.7069451,"PAN":0.33162084,"PNG":0.38247967,"PRY":-0.34096718,"PER":0.38295522,"PHL":0.37425342,"POL":-1.2136027,"PRT":0.0007578532,"PRI":0.3816708,"QAT":0.8162222,"ROU":-0.015715847,"RUS":-0.56716305,"RWA":0.46538067,"SHN":0.31168333,"VCT":0.53655833,"WSM":0.17893124,"STP":0.02004083,"SAU":1.0370197,"SEN":0.51391727,"SRB":0.0041023046,"SYC":0.10581907,"SLE":0.08998855,"SVK":-0.57541496,"SVN":-0.70584327,"SLB":0.313594,"SOM":0.31533447,"ZAF":0.31441936,"SGS":0.7190339,"KOR":-0.21154374,"SSD":0.3481814,"ESP":-0.54282105,"LKA":0.12427807,"SDN":1.0677371,"SUR":0.082811676,"SWE":-2.1320918,"CHE":-0.9503148,"SYR":1.6271468,"TJK":0.3128095,"TZA":0.31284618,"THA":0.5560042,"TGO":0.5175228,"TTO":0.66089964,"TUN":0.511664,"TUR":1.6912146,"TKM":0.85260886,"UGA":0.05383873,"UKR":0.4608072,"ARE":0.889929,"GBR":-1.195253,"USA":-0.08041688,"VIR":0.47061333,"URY":-0.13473678,"UZB":0.7699993,"VUT":0.38147005,"VEN":0.5033488,"VNM":0.4707686,"YEM":0.26834503,"ZMB":0.062364895,"ZWE":0.25023547}