{"AFG":0.47087845,"ALB":-0.022100529,"DZA":0.042295933,"ASM":-0.36162582,"AND":1.0396057,"AGO":-0.36334214,"AIA":-0.03315894,"ATG":0.042849857,"ARG":0.07307998,"ARM":-0.726695,"AUS":-0.8193019,"AUT":0.4433452,"AZE":-0.72321063,"BHS":-0.0036792755,"BHR":-0.36899915,"BGD":-0.12165276,"BLR":0.2315735,"BEL":0.6066318,"BLZ":0.22030513,"BEN":0.32690653,"BTN":-0.011413966,"BOL":0.25134993,"BIH":0.28249288,"BWA":-0.72912556,"BRA":-0.10581461,"BRN":-0.05750243,"BGR":-0.5139856,"BFA":0.43563366,"BDI":-0.19918299,"KHM":-0.21684933,"CMR":0.018776735,"CAN":0.30612025,"CPV":0.2874179,"CYM":-0.08487368,"CAF":-0.23468478,"TCD":0.101531185,"CHL":-0.12305963,"CHN":-0.2718251,"COL":0.017483234,"COM":0.0347902,"COG":0.07298025,"COK":0.36404133,"CRI":-0.086950935,"CIV":0.0522631,"HRV":0.17036743,"CUB":-0.0818882,"CYP":-0.3520186,"CZE":0.204647,"COD":0.04455884,"DNK":0.13425773,"DJI":-0.3599267,"DOM":-0.12366581,"TLS":-0.24751346,"ECU":0.18643427,"EGY":-0.39975205,"SLV":-0.22535467,"GNQ":0.11254851,"ERI":-0.24006891,"EST":0.55015355,"SWZ":-0.0071123443,"ETH":-0.026545843,"FLK":0.2489859,"FRO":0.3750957,"FJI":0.088634335,"FIN":0.83243036,"FRA":0.6639525,"PYF":-0.60791093,"GAB":0.13959567,"GMB":0.11649784,"GEO":-0.7792377,"DEU":0.40318036,"GHA":0.12165133,"GRC":-0.42713523,"GRL":-0.7860984,"GTM":0.32004547,"GIN":-0.039301556,"GNB":-0.03661728,"GUY":-0.002673785,"HTI":-0.12135538,"HMD":0.022071073,"HND":-0.027532896,"HKG":-0.51085156,"HUN":-0.0668737,"ISL":0.05344979,"IND":-0.15502739,"IDN":-0.022669792,"IRN":0.04761819,"IRQ":-0.697623,"IRL":0.071630955,"IMN":0.17777312,"ISR":-0.29569253,"ITA":0.2830008,"JAM":-0.20573854,"JPN":-0.14264064,"JOR":-0.47726664,"KAZ":-0.76839775,"KEN":0.23109977,"KIR":-0.65665656,"KWT":-0.49076375,"KGZ":0.06573379,"LAO":-0.6599159,"LVA":0.3998413,"LBN":-0.5191326,"LSO":-0.691992,"LBR":-0.122068405,"LBY":-0.44408265,"LTU":0.25900123,"LUX":0.5862004,"MDG":0.18770234,"MWI":0.06647714,"MYS":-0.10801029,"MLI":0.3678794,"MRT":0.26062918,"MUS":0.24548404,"MEX":0.39000264,"MDA":-0.21963799,"MNG":-0.61854476,"MNE":0.25587863,"MAR":0.11861674,"MOZ":0.028536478,"MMR":-0.26682314,"NAM":-1.1439623,"NPL":-0.1859356,"NLD":0.31892255,"NCL":0.03849538,"NZL":0.1573116,"NIC":-0.12169838,"NER":0.4123117,"NGA":0.18737333,"PRK":-0.37461734,"MKD":-0.14498933,"NOR":0.72320366,"OMN":0.06270584,"PAK":0.13671446,"PSE":-0.25493288,"PAN":-0.07494831,"PNG":-0.0964543,"PRY":-0.1572655,"PER":-0.1422944,"PHL":-0.12244383,"POL":0.16127743,"PRT":0.4174118,"PRI":-0.2080698,"QAT":0.073330246,"ROU":-0.33093116,"RUS":0.58655137,"RWA":-0.28808498,"SHN":-0.14121024,"VCT":0.107916035,"WSM":-0.3223276,"STP":-0.19693153,"SAU":-0.118300356,"SEN":0.12714338,"SRB":-0.24223955,"SYC":0.033541203,"SLE":-0.16481829,"SVK":0.08411715,"SVN":0.3304241,"SLB":0.16540194,"SOM":-0.01263396,"ZAF":-0.5898033,"SGS":0.41947624,"KOR":-0.47984672,"SSD":-0.15269391,"ESP":0.53580004,"LKA":-0.096101604,"SDN":-0.2007885,"SUR":-0.050337475,"SWE":0.80377173,"CHE":0.8118851,"SYR":-0.67183715,"TJK":0.25347838,"TZA":0.025630632,"THA":-0.6307972,"TGO":0.21630032,"TTO":0.20179224,"TUN":-0.24534917,"TUR":-0.90155643,"TKM":-0.35030237,"UGA":-0.16372506,"UKR":-0.24807994,"ARE":0.3900299,"GBR":0.45150796,"USA":-0.042166363,"VIR":-0.048198223,"URY":-0.18429463,"UZB":-0.39116096,"VUT":0.11484877,"VEN":-0.0020798047,"VNM":-0.74423075,"YEM":0.15478818,"ZMB":-0.289996,"ZWE":-0.06843662}