{"AFG":-0.90138716,"ALB":0.4067483,"DZA":-0.030322155,"ASM":-0.058688004,"AND":0.065688126,"AGO":-0.06720146,"AIA":0.057539303,"ATG":0.07739576,"ARG":0.49670744,"ARM":0.35381177,"AUS":-0.42759028,"AUT":0.22433643,"AZE":0.5916664,"BHS":-0.20580705,"BHR":-0.21873061,"BGD":-0.03911543,"BLR":-0.46294975,"BEL":-0.31652027,"BLZ":0.06565062,"BEN":-0.0656449,"BTN":-0.1384654,"BOL":0.22728188,"BIH":0.52687365,"BWA":0.034590006,"BRA":0.17242353,"BRN":0.056427162,"BGR":0.5383081,"BFA":-0.03077046,"BDI":-0.13266547,"KHM":0.46193728,"CMR":-0.025469938,"CAN":0.76278037,"CPV":-0.06679837,"CYM":-0.08287986,"CAF":-0.19355345,"TCD":0.2061305,"CHL":0.11585271,"CHN":-0.5516753,"COL":0.020257473,"COM":-0.018588385,"COG":0.042659443,"COK":-0.0042448044,"CRI":-0.0011065801,"CIV":-0.017723719,"HRV":0.4596655,"CUB":-0.23342848,"CYP":0.13834159,"CZE":0.054587945,"COD":0.017323494,"DNK":-0.482129,"DJI":-0.32353163,"DOM":-0.043684006,"TLS":-0.20699215,"ECU":0.16664171,"EGY":0.21282251,"SLV":0.066903114,"GNQ":0.08811569,"ERI":0.06726805,"EST":-0.99923515,"SWZ":0.18331282,"ETH":0.17089891,"FLK":-0.07010808,"FRO":-0.42457628,"FJI":-0.080367886,"FIN":-0.8921781,"FRA":-0.08388338,"PYF":0.04165395,"GAB":0.13327725,"GMB":0.119150795,"GEO":0.5589285,"DEU":-0.15788436,"GHA":-0.0056532226,"GRC":0.48652968,"GRL":0.9213763,"GTM":0.12374973,"GIN":-0.25581264,"GNB":-0.12006601,"GUY":0.031891186,"HTI":-0.06281837,"HMD":0.39271724,"HND":-0.12723081,"HKG":-0.115972914,"HUN":0.5392044,"ISL":0.3218217,"IND":-0.04545498,"IDN":0.04834636,"IRN":-0.18108289,"IRQ":0.27370134,"IRL":-0.1968245,"IMN":-0.33390495,"ISR":0.39806047,"ITA":0.3076685,"JAM":-0.066744804,"JPN":-0.31321663,"JOR":0.47484657,"KAZ":-0.31759986,"KEN":0.09094572,"KIR":-0.17012501,"KWT":0.145895,"KGZ":-0.701492,"LAO":0.46623468,"LVA":-0.77020186,"LBN":0.1290162,"LSO":-0.14524098,"LBR":-0.16489999,"LBY":0.06641134,"LTU":-0.59695464,"LUX":-0.26175454,"MDG":0.0690732,"MWI":-0.010937055,"MYS":-0.035161495,"MLI":-0.27370453,"MRT":-0.23689032,"MUS":0.083911896,"MEX":0.37427998,"MDA":0.53415483,"MNG":-1.2469966,"MNE":0.57304764,"MAR":0.15164821,"MOZ":-0.008960724,"MMR":0.17901786,"NAM":-0.43762898,"NPL":-0.34263507,"NLD":-0.294606,"NCL":-0.14300235,"NZL":-0.2577237,"NIC":-0.10970211,"NER":0.31181702,"NGA":-0.054862976,"PRK":-0.715367,"MKD":0.5488265,"NOR":-0.19555123,"OMN":0.1657006,"PAK":-0.4428874,"PSE":0.39196205,"PAN":0.13978069,"PNG":0.0018486977,"PRY":0.4624246,"PER":0.0015095075,"PHL":0.10454289,"POL":-0.24672621,"PRT":-0.38169065,"PRI":0.23501618,"QAT":0.22116248,"ROU":0.45464158,"RUS":0.09070984,"RWA":-0.13621299,"SHN":-0.4349521,"VCT":0.102097355,"WSM":-0.081482254,"STP":-0.04023393,"SAU":0.28964162,"SEN":-0.1385277,"SRB":0.4958513,"SYC":0.11781088,"SLE":-0.224384,"SVK":0.2535398,"SVN":0.34923038,"SLB":0.124343716,"SOM":0.017668247,"ZAF":-0.201936,"SGS":0.074571334,"KOR":-0.5501518,"SSD":-0.12063185,"ESP":-0.019531569,"LKA":0.13320589,"SDN":0.0954059,"SUR":0.20843172,"SWE":-0.7210842,"CHE":0.003003915,"SYR":0.38351205,"TJK":-0.8876423,"TZA":0.10845073,"THA":0.27619776,"TGO":-0.068562664,"TTO":0.10309871,"TUN":0.43718013,"TUR":0.11218944,"TKM":-0.15394859,"UGA":-0.069783054,"UKR":0.27274725,"ARE":0.57456416,"GBR":-0.4709443,"USA":0.79756284,"VIR":0.049661476,"URY":0.54392934,"UZB":-0.27661523,"VUT":-0.045330048,"VEN":0.023597559,"VNM":0.15461428,"YEM":0.27349725,"ZMB":-0.10864401,"ZWE":0.23303287}