{"AFG":0.31294256,"ALB":0.5392049,"DZA":0.0843389,"ASM":0.10489384,"AND":-0.6471948,"AGO":0.16114013,"AIA":-0.062407494,"ATG":-0.048084896,"ARG":0.37373292,"ARM":0.08347074,"AUS":0.7300677,"AUT":0.030154586,"AZE":0.27220276,"BHS":0.058612186,"BHR":-0.23581283,"BGD":-0.06524547,"BLR":0.27129793,"BEL":-0.82620525,"BLZ":0.27281442,"BEN":0.15916793,"BTN":0.1857924,"BOL":-0.027666569,"BIH":0.51929444,"BWA":0.27802315,"BRA":0.0619119,"BRN":0.1442693,"BGR":0.66630435,"BFA":0.23414023,"BDI":0.09268745,"KHM":0.15534432,"CMR":0.13323243,"CAN":-0.27704954,"CPV":0.008212566,"CYM":0.17786996,"CAF":0.24632454,"TCD":0.7288866,"CHL":0.18505172,"CHN":0.20288777,"COL":0.18337536,"COM":0.06448889,"COG":0.19735432,"COK":0.27929148,"CRI":0.15095933,"CIV":0.13155635,"HRV":0.09081072,"CUB":0.095210075,"CYP":0.18574476,"CZE":-0.32383025,"COD":0.28577504,"DNK":-0.43244204,"DJI":-0.20370372,"DOM":0.09242678,"TLS":0.16757362,"ECU":0.1608963,"EGY":0.25830278,"SLV":0.23074548,"GNQ":0.1932772,"ERI":0.33594608,"EST":0.30754426,"SWZ":-0.21843617,"ETH":-0.038605053,"FLK":0.019483805,"FRO":-0.08099866,"FJI":0.24921767,"FIN":0.77974635,"FRA":-0.4859967,"PYF":-0.23362653,"GAB":0.26673618,"GMB":0.20151393,"GEO":0.16419007,"DEU":-0.55502695,"GHA":0.14677827,"GRC":0.67017245,"GRL":-0.37727156,"GTM":0.3489008,"GIN":0.021033922,"GNB":-0.14224482,"GUY":-0.11761967,"HTI":0.19950056,"HMD":0.0886884,"HND":0.22910483,"HKG":-0.23066473,"HUN":0.25024697,"ISL":-0.056156296,"IND":-0.23287964,"IDN":0.16649373,"IRN":0.36903736,"IRQ":-0.32722378,"IRL":-0.17846711,"IMN":-0.5762476,"ISR":0.2030762,"ITA":-0.028809706,"JAM":0.17498572,"JPN":0.055149954,"JOR":0.060330153,"KAZ":1.1479474,"KEN":-0.046609562,"KIR":-0.066438995,"KWT":-0.28651723,"KGZ":0.48496988,"LAO":0.038286686,"LVA":0.09748147,"LBN":0.1622669,"LSO":0.32217816,"LBR":0.076711975,"LBY":0.47080883,"LTU":0.08967793,"LUX":-0.8226912,"MDG":0.067410626,"MWI":0.11194643,"MYS":0.120382786,"MLI":0.11086718,"MRT":0.21421003,"MUS":0.24816132,"MEX":-0.0639325,"MDA":0.55331546,"MNG":0.14213799,"MNE":0.6121859,"MAR":0.014418364,"MOZ":-0.15036456,"MMR":0.12866783,"NAM":0.4089291,"NPL":0.01355652,"NLD":-0.7671511,"NCL":-0.21543884,"NZL":0.63057935,"NIC":0.13040113,"NER":0.50455457,"NGA":0.20300801,"PRK":-0.30492258,"MKD":0.73018104,"NOR":0.10951156,"OMN":-0.27569675,"PAK":0.03913021,"PSE":0.18756016,"PAN":0.2564977,"PNG":0.14463012,"PRY":-0.1130352,"PER":-0.0080736475,"PHL":0.19230509,"POL":-0.23360795,"PRT":-0.19155192,"PRI":0.114676476,"QAT":-0.5109131,"ROU":0.44042394,"RUS":0.24733011,"RWA":0.1885298,"SHN":-0.10486635,"VCT":0.020399252,"WSM":0.10085503,"STP":-0.17092292,"SAU":-0.1310579,"SEN":0.05608018,"SRB":0.5483566,"SYC":-0.036072094,"SLE":0.052682083,"SVK":0.18042783,"SVN":0.09989224,"SLB":0.22508128,"SOM":-0.11509117,"ZAF":-0.05649193,"SGS":0.3402878,"KOR":0.016314423,"SSD":0.31078276,"ESP":-0.38410005,"LKA":-0.030727228,"SDN":0.4412724,"SUR":-0.2544775,"SWE":0.10455233,"CHE":-0.47530675,"SYR":0.331791,"TJK":0.6631383,"TZA":0.17847681,"THA":-0.009373347,"TGO":0.10049534,"TTO":0.198246,"TUN":0.19494931,"TUR":0.062803805,"TKM":0.7639293,"UGA":-0.086138405,"UKR":0.5924185,"ARE":-0.26003727,"GBR":-0.4418943,"USA":-0.3958144,"VIR":-0.09876839,"URY":-0.25825667,"UZB":0.95130664,"VUT":0.1283679,"VEN":0.36253247,"VNM":0.021712145,"YEM":0.04445362,"ZMB":0.18735425,"ZWE":0.034166496}