{"AFG":-0.23411898,"ALB":0.4972982,"DZA":0.56301504,"ASM":0.075856365,"AND":0.4720424,"AGO":0.18563397,"AIA":-0.07305304,"ATG":-0.102838516,"ARG":0.29295516,"ARM":0.81334573,"AUS":0.42760572,"AUT":1.1758114,"AZE":0.7219127,"BHS":0.29444933,"BHR":0.22587235,"BGD":0.086316265,"BLR":0.49053034,"BEL":0.9427509,"BLZ":0.099961914,"BEN":0.14174747,"BTN":0.223998,"BOL":0.24151452,"BIH":1.0695442,"BWA":-0.5814641,"BRA":0.17337434,"BRN":-0.075511776,"BGR":0.43528995,"BFA":0.30804858,"BDI":0.21588182,"KHM":0.13317251,"CMR":0.097147785,"CAN":-0.41019437,"CPV":-0.40838417,"CYM":0.22923613,"CAF":0.24008305,"TCD":0.48197827,"CHL":0.0023326476,"CHN":0.12646471,"COL":0.3255402,"COM":0.19138448,"COG":0.17567618,"COK":-0.028229078,"CRI":0.26728296,"CIV":0.143905,"HRV":0.88713425,"CUB":0.07445685,"CYP":0.17703931,"CZE":1.1923629,"COD":0.32267252,"DNK":1.2492691,"DJI":-0.31363583,"DOM":0.26637188,"TLS":0.004561106,"ECU":0.29802546,"EGY":0.5690456,"SLV":0.4087286,"GNQ":0.28692117,"ERI":-0.0035750072,"EST":0.53469753,"SWZ":-0.028844595,"ETH":0.16627581,"FLK":-0.23913373,"FRO":0.84147006,"FJI":-0.091128506,"FIN":0.96305823,"FRA":0.69987583,"PYF":-0.052657444,"GAB":0.25274673,"GMB":0.05068286,"GEO":1.007032,"DEU":1.0733165,"GHA":0.13597202,"GRC":0.5544432,"GRL":0.26615632,"GTM":0.17372434,"GIN":-0.033857662,"GNB":-0.2732927,"GUY":-0.031380493,"HTI":0.39468098,"HMD":-0.4987801,"HND":0.17464495,"HKG":-0.076030575,"HUN":1.1209434,"ISL":1.1464639,"IND":-0.0034777324,"IDN":0.22368033,"IRN":0.066870056,"IRQ":0.31831193,"IRL":0.32573298,"IMN":0.55096495,"ISR":0.2900332,"ITA":0.62216735,"JAM":0.28941584,"JPN":-0.19418083,"JOR":0.28555855,"KAZ":-0.78126985,"KEN":0.23206186,"KIR":0.3018217,"KWT":0.34563175,"KGZ":-0.43436465,"LAO":0.14289744,"LVA":0.48035443,"LBN":0.45417866,"LSO":0.2766411,"LBR":-0.07818826,"LBY":0.51009816,"LTU":0.54219526,"LUX":0.97939676,"MDG":0.17921655,"MWI":0.17234819,"MYS":0.08141327,"MLI":0.028841654,"MRT":0.14824057,"MUS":0.52179605,"MEX":0.12290406,"MDA":0.2698426,"MNG":0.39326236,"MNE":0.9117599,"MAR":0.29475823,"MOZ":-0.114625774,"MMR":0.3306465,"NAM":-0.21430056,"NPL":-0.16412163,"NLD":1.1159707,"NCL":-0.052360218,"NZL":0.09980273,"NIC":0.23095353,"NER":0.42610884,"NGA":0.05318133,"PRK":0.51370525,"MKD":0.7442419,"NOR":1.2141097,"OMN":-0.12172111,"PAK":-0.27861643,"PSE":0.26329604,"PAN":0.42573562,"PNG":0.071137905,"PRY":0.5333412,"PER":0.10503086,"PHL":0.026165327,"POL":0.9064026,"PRT":0.01560982,"PRI":0.33617115,"QAT":-0.08266386,"ROU":0.6136804,"RUS":0.065964065,"RWA":0.19192028,"SHN":0.13155842,"VCT":-0.11052624,"WSM":0.041377544,"STP":-0.2176199,"SAU":0.30935708,"SEN":0.038044453,"SRB":0.7618709,"SYC":0.03466161,"SLE":-0.0965085,"SVK":1.329244,"SVN":1.1277763,"SLB":0.23105271,"SOM":0.18040021,"ZAF":0.042662222,"SGS":-0.01338695,"KOR":0.30009538,"SSD":0.16513841,"ESP":0.50291926,"LKA":0.018504461,"SDN":0.31378332,"SUR":0.1565795,"SWE":1.0954102,"CHE":0.7358301,"SYR":0.7588918,"TJK":-0.20875339,"TZA":0.1516347,"THA":0.033388615,"TGO":0.11755625,"TTO":0.07752832,"TUN":0.67411494,"TUR":0.97109175,"TKM":-0.4370723,"UGA":0.26293692,"UKR":0.39236966,"ARE":-0.035023373,"GBR":0.7054905,"USA":-0.1438764,"VIR":-0.05049467,"URY":0.30112863,"UZB":-0.7979596,"VUT":0.038516045,"VEN":0.441669,"VNM":0.09914541,"YEM":0.19473982,"ZMB":0.2492234,"ZWE":-0.10214456}