{"AFG":0.44695863,"ALB":0.58233005,"DZA":0.18408029,"ASM":-0.030792395,"AND":0.8946905,"AGO":0.58690405,"AIA":0.19188023,"ATG":0.10512861,"ARG":0.43389192,"ARM":0.776906,"AUS":0.33910608,"AUT":1.0680054,"AZE":0.5785393,"BHS":0.5699789,"BHR":0.35131994,"BGD":0.08865976,"BLR":1.3248514,"BEL":0.3164453,"BLZ":0.6165945,"BEN":0.2527021,"BTN":0.03738169,"BOL":0.66096735,"BIH":0.6442458,"BWA":1.0603851,"BRA":0.6851983,"BRN":0.22189696,"BGR":0.6087267,"BFA":0.19464429,"BDI":0.45261145,"KHM":0.67371655,"CMR":0.245279,"CAN":0.18931626,"CPV":-0.2993668,"CYM":0.40432563,"CAF":0.45573267,"TCD":0.30460262,"CHL":0.3905022,"CHN":0.4747642,"COL":0.5573179,"COM":0.33141312,"COG":0.36623654,"COK":-0.56277496,"CRI":0.50455683,"CIV":0.185709,"HRV":0.6026329,"CUB":0.4861625,"CYP":0.086823225,"CZE":1.114174,"COD":0.4450717,"DNK":0.38990662,"DJI":0.4628981,"DOM":0.567468,"TLS":-0.02173535,"ECU":0.8747447,"EGY":0.30198964,"SLV":1.0476102,"GNQ":0.32911715,"ERI":0.7462718,"EST":1.0813922,"SWZ":1.0036151,"ETH":0.58727074,"FLK":-0.39153686,"FRO":-0.00008263191,"FJI":-0.29225984,"FIN":1.226262,"FRA":0.55036587,"PYF":0.074168526,"GAB":0.3693223,"GMB":-0.04834493,"GEO":1.003497,"DEU":0.6752085,"GHA":0.35164228,"GRC":0.21287076,"GRL":-1.2501503,"GTM":0.6615799,"GIN":0.008844216,"GNB":-0.2085193,"GUY":0.20752366,"HTI":0.7164879,"HMD":-0.15881424,"HND":0.58139974,"HKG":0.52466726,"HUN":0.83002424,"ISL":-0.37374434,"IND":0.2752069,"IDN":0.33206907,"IRN":0.73500705,"IRQ":0.4543821,"IRL":-0.30724204,"IMN":-0.13983095,"ISR":0.23918724,"ITA":0.63729924,"JAM":0.5628894,"JPN":0.54020905,"JOR":0.3256999,"KAZ":0.8048935,"KEN":0.47485098,"KIR":0.8351469,"KWT":0.65623,"KGZ":0.4849732,"LAO":0.5923853,"LVA":0.93566036,"LBN":0.14549355,"LSO":1.2791255,"LBR":0.13696337,"LBY":-0.11453295,"LTU":0.95019984,"LUX":0.46607384,"MDG":0.21515115,"MWI":0.4906257,"MYS":0.31094027,"MLI":-0.008336544,"MRT":0.34122705,"MUS":0.5643485,"MEX":0.19557564,"MDA":1.2888585,"MNG":0.7209391,"MNE":0.74898624,"MAR":0.2973937,"MOZ":0.38165918,"MMR":0.15377808,"NAM":0.73375875,"NPL":0.0018011729,"NLD":0.30096155,"NCL":-0.012979507,"NZL":-0.042285245,"NIC":0.5056465,"NER":-0.09632269,"NGA":0.21944141,"PRK":0.6558053,"MKD":0.5562609,"NOR":0.9213483,"OMN":0.49152613,"PAK":0.014834563,"PSE":0.22952302,"PAN":0.8123584,"PNG":0.072948776,"PRY":0.8193881,"PER":0.49408722,"PHL":0.23982112,"POL":1.0654203,"PRT":0.35524917,"PRI":0.31960678,"QAT":0.7145624,"ROU":0.97166944,"RUS":0.8883582,"RWA":0.49962568,"SHN":0.2705151,"VCT":0.053658325,"WSM":-0.0098206205,"STP":-0.2718598,"SAU":0.77996475,"SEN":-0.0012907982,"SRB":0.70147055,"SYC":0.33458838,"SLE":0.04141887,"SVK":0.9592545,"SVN":0.7246483,"SLB":0.1601464,"SOM":0.238777,"ZAF":0.9307308,"SGS":0.0068872594,"KOR":0.63785356,"SSD":0.71125984,"ESP":0.6301582,"LKA":0.08075396,"SDN":0.449687,"SUR":0.2996389,"SWE":0.82637215,"CHE":0.89312893,"SYR":0.6453338,"TJK":0.6123005,"TZA":0.41602054,"THA":0.43353748,"TGO":0.26968622,"TTO":0.2300946,"TUN":0.053875446,"TUR":0.41967097,"TKM":0.43433395,"UGA":0.49745688,"UKR":1.0611778,"ARE":0.8800605,"GBR":0.019081414,"USA":0.74830776,"VIR":0.19848807,"URY":0.3690003,"UZB":0.65296394,"VUT":-0.065154076,"VEN":0.8094468,"VNM":0.6565135,"YEM":0.33868265,"ZMB":0.3364865,"ZWE":0.6263118}