{"AFG":1.2430344,"ALB":0.5396488,"DZA":1.0033504,"ASM":0.38210535,"AND":0.49720415,"AGO":0.6587278,"AIA":0.26851496,"ATG":0.22815005,"ARG":-0.06674305,"ARM":-0.07034352,"AUS":0.23438875,"AUT":0.578493,"AZE":-0.039183695,"BHS":0.36739573,"BHR":0.27593645,"BGD":0.54818916,"BLR":0.45134306,"BEL":0.043857533,"BLZ":0.43168703,"BEN":0.49902377,"BTN":0.844166,"BOL":0.37531677,"BIH":0.42395625,"BWA":0.9768776,"BRA":0.56573486,"BRN":0.63134146,"BGR":0.5978746,"BFA":0.4609672,"BDI":0.7220297,"KHM":0.70016605,"CMR":0.47514376,"CAN":1.0524259,"CPV":0.13111782,"CYM":0.3927442,"CAF":0.6669348,"TCD":0.63659924,"CHL":0.6947465,"CHN":0.5781517,"COL":0.6878498,"COM":0.16784763,"COG":0.69547254,"COK":0.106795944,"CRI":0.5062764,"CIV":0.55063677,"HRV":0.2505591,"CUB":0.24146874,"CYP":0.70514697,"CZE":0.38732612,"COD":0.7969146,"DNK":0.3547183,"DJI":0.6157457,"DOM":0.39266253,"TLS":0.88389426,"ECU":0.89132756,"EGY":0.67934006,"SLV":0.7364184,"GNQ":0.70670843,"ERI":0.5535965,"EST":0.14649451,"SWZ":0.8847986,"ETH":0.71390295,"FLK":0.040607512,"FRO":0.12922858,"FJI":0.3790566,"FIN":0.5036641,"FRA":0.16160758,"PYF":0.49376217,"GAB":0.75851136,"GMB":0.36167178,"GEO":0.32396334,"DEU":0.28267148,"GHA":0.6498127,"GRC":0.5786367,"GRL":1.7771392,"GTM":0.623559,"GIN":0.2711331,"GNB":0.105781555,"GUY":0.47137865,"HTI":0.38131824,"HMD":0.3717593,"HND":0.5992134,"HKG":0.03464802,"HUN":0.23880632,"ISL":1.026877,"IND":0.6567257,"IDN":0.6446726,"IRN":0.84123987,"IRQ":0.5032959,"IRL":0.0038641293,"IMN":0.23416705,"ISR":0.7327376,"ITA":0.45251444,"JAM":0.47184834,"JPN":0.6062809,"JOR":0.77275676,"KAZ":0.7233753,"KEN":0.4564824,"KIR":0.23372173,"KWT":0.5584678,"KGZ":0.9073615,"LAO":0.55008173,"LVA":0.22977407,"LBN":0.7945277,"LSO":0.95798737,"LBR":0.53719693,"LBY":0.82758516,"LTU":0.26026282,"LUX":-0.07527724,"MDG":0.13514249,"MWI":0.57319146,"MYS":0.75983495,"MLI":0.5978082,"MRT":0.6897774,"MUS":0.23707183,"MEX":0.37046942,"MDA":0.670847,"MNG":-0.027310014,"MNE":0.5312674,"MAR":0.5457318,"MOZ":0.62394077,"MMR":0.38895336,"NAM":1.1312498,"NPL":0.88113433,"NLD":0.2073866,"NCL":0.626798,"NZL":0.7006164,"NIC":0.5561765,"NER":0.89996785,"NGA":0.34921598,"PRK":0.48641527,"MKD":0.56881493,"NOR":1.170095,"OMN":0.17610566,"PAK":0.8891742,"PSE":0.7105232,"PAN":0.5960986,"PNG":0.52080184,"PRY":-0.46311188,"PER":0.61626196,"PHL":0.60189134,"POL":0.49022284,"PRT":0.24900961,"PRI":0.2991511,"QAT":0.1246678,"ROU":0.44339705,"RUS":0.709276,"RWA":0.9344247,"SHN":0.39239725,"VCT":0.3003777,"WSM":0.44089508,"STP":0.3348042,"SAU":0.56337667,"SEN":0.37851825,"SRB":0.30350852,"SYC":0.21574783,"SLE":0.39813837,"SVK":0.3849509,"SVN":0.38551328,"SLB":0.50428104,"SOM":0.39107752,"ZAF":0.91820335,"SGS":-0.47101164,"KOR":0.83620757,"SSD":1.1431082,"ESP":0.41513392,"LKA":0.6369996,"SDN":0.592632,"SUR":0.3817552,"SWE":0.3242124,"CHE":0.40491983,"SYR":1.0860487,"TJK":1.3519081,"TZA":0.40854326,"THA":0.5785033,"TGO":0.559912,"TTO":0.46353054,"TUN":0.7212953,"TUR":0.60341436,"TKM":0.7301895,"UGA":0.9565716,"UKR":0.4796355,"ARE":0.18569739,"GBR":0.12346923,"USA":1.224122,"VIR":0.30507073,"URY":-0.26113033,"UZB":1.1155797,"VUT":0.48131672,"VEN":0.70014447,"VNM":0.62575215,"YEM":0.32879767,"ZMB":0.47438845,"ZWE":0.7902608}