{"AFG":1.0041171,"ALB":0.4781743,"DZA":0.439075,"ASM":0.28666672,"AND":0.7671626,"AGO":0.4435905,"AIA":0.12196954,"ATG":0.108460106,"ARG":0.44100508,"ARM":0.15112664,"AUS":0.30765486,"AUT":0.39179143,"AZE":0.268733,"BHS":0.2564257,"BHR":0.30321917,"BGD":0.20525138,"BLR":0.35193548,"BEL":0.41207585,"BLZ":0.31029525,"BEN":0.37934065,"BTN":0.72425073,"BOL":0.4166808,"BIH":0.28610238,"BWA":-0.3416606,"BRA":0.38290548,"BRN":0.29985824,"BGR":0.20345676,"BFA":0.27398095,"BDI":0.48248258,"KHM":0.1648782,"CMR":0.4239974,"CAN":0.4862113,"CPV":0.30912748,"CYM":0.15602954,"CAF":0.62169904,"TCD":0.43627706,"CHL":0.20489033,"CHN":0.58729434,"COL":0.43303093,"COM":0.27635098,"COG":0.3377255,"COK":0.32499662,"CRI":0.23206918,"CIV":0.40363136,"HRV":0.3496748,"CUB":0.17763598,"CYP":0.37435737,"CZE":0.2635454,"COD":0.51498127,"DNK":0.24031079,"DJI":0.6733678,"DOM":0.26299524,"TLS":0.36030498,"ECU":0.533281,"EGY":-0.038151186,"SLV":0.36790022,"GNQ":0.6904702,"ERI":0.7009619,"EST":0.0040283403,"SWZ":0.10467807,"ETH":0.51043683,"FLK":0.5310789,"FRO":0.5695489,"FJI":0.48459783,"FIN":-0.06948901,"FRA":0.32726297,"PYF":0.26747003,"GAB":0.55503654,"GMB":0.5330086,"GEO":0.48601648,"DEU":0.3138843,"GHA":0.55673903,"GRC":0.25173542,"GRL":0.4832051,"GTM":0.3975253,"GIN":0.4047475,"GNB":0.21308978,"GUY":0.3609209,"HTI":0.22375043,"HMD":0.64334536,"HND":0.25649372,"HKG":0.327279,"HUN":0.23608772,"ISL":0.860888,"IND":0.5180332,"IDN":0.30865145,"IRN":0.68765205,"IRQ":0.649776,"IRL":0.3171508,"IMN":0.38905394,"ISR":0.3999327,"ITA":0.40715304,"JAM":0.467594,"JPN":-0.07984992,"JOR":0.7180434,"KAZ":0.5384409,"KEN":0.56395644,"KIR":-0.024802843,"KWT":0.7474392,"KGZ":0.06622958,"LAO":0.35887876,"LVA":-0.021633824,"LBN":0.537998,"LSO":0.47517195,"LBR":0.46958828,"LBY":-0.5856118,"LTU":0.15761061,"LUX":0.31131953,"MDG":0.43232074,"MWI":0.25733104,"MYS":0.27453503,"MLI":0.4169189,"MRT":0.64909744,"MUS":0.45481524,"MEX":0.5263314,"MDA":0.5116375,"MNG":1.0015512,"MNE":0.3446547,"MAR":1.1338575,"MOZ":0.062303703,"MMR":0.22833395,"NAM":0.33919916,"NPL":0.5590551,"NLD":0.40572992,"NCL":0.2266016,"NZL":0.52557176,"NIC":0.21074994,"NER":0.053158283,"NGA":0.33097425,"PRK":0.20530398,"MKD":0.46777904,"NOR":0.31049636,"OMN":0.32338,"PAK":0.6567568,"PSE":0.40185127,"PAN":0.35728326,"PNG":0.25734964,"PRY":0.6030612,"PER":0.23284848,"PHL":0.21768045,"POL":0.22434597,"PRT":0.76168203,"PRI":0.23572493,"QAT":0.58787316,"ROU":0.4043603,"RUS":0.90820354,"RWA":0.5699889,"SHN":0.13810444,"VCT":0.19419686,"WSM":0.2674791,"STP":0.071559586,"SAU":0.8694369,"SEN":0.37178898,"SRB":0.3329016,"SYC":0.08401457,"SLE":0.5354519,"SVK":0.15242898,"SVN":0.4047866,"SLB":0.37866688,"SOM":0.3377401,"ZAF":0.3714293,"SGS":0.6861026,"KOR":0.25297046,"SSD":1.0104557,"ESP":0.8689998,"LKA":0.16207488,"SDN":0.5470479,"SUR":0.25497898,"SWE":-0.0062579312,"CHE":0.386058,"SYR":0.7945874,"TJK":0.8208104,"TZA":0.54685515,"THA":0.12942012,"TGO":0.49194685,"TTO":0.18151712,"TUN":-0.13964336,"TUR":0.32372287,"TKM":0.27805015,"UGA":0.6260478,"UKR":0.6973122,"ARE":0.90779096,"GBR":0.41289774,"USA":0.86791486,"VIR":0.14485343,"URY":0.9196801,"UZB":0.28954035,"VUT":0.27246538,"VEN":0.08692709,"VNM":0.30879006,"YEM":0.23759477,"ZMB":-0.039951008,"ZWE":-0.32741752}