{"AFG":1.2058221,"ALB":1.0687194,"DZA":0.45793495,"ASM":0.14491256,"AND":0.30721188,"AGO":0.53324795,"AIA":-0.119068466,"ATG":-0.17115211,"ARG":0.255157,"ARM":1.6952863,"AUS":0.4358829,"AUT":1.2686545,"AZE":1.1273683,"BHS":0.21501954,"BHR":0.6971095,"BGD":-0.025576433,"BLR":0.61243623,"BEL":0.8808928,"BLZ":0.07531532,"BEN":0.13416004,"BTN":0.19156735,"BOL":-0.023518562,"BIH":0.8602093,"BWA":0.50669163,"BRA":0.09411144,"BRN":0.37315273,"BGR":0.6065604,"BFA":0.3176826,"BDI":0.119390644,"KHM":0.32897916,"CMR":0.3166933,"CAN":-0.5078126,"CPV":-0.723351,"CYM":0.13341601,"CAF":0.41996685,"TCD":0.72489023,"CHL":0.12169246,"CHN":0.23954183,"COL":0.24539979,"COM":0.13478756,"COG":0.3574656,"COK":0.107558884,"CRI":0.05829096,"CIV":0.13678646,"HRV":0.8879196,"CUB":0.13610823,"CYP":1.3012985,"CZE":1.3184013,"COD":0.36586776,"DNK":0.7892999,"DJI":0.18112469,"DOM":0.17643309,"TLS":0.3823894,"ECU":0.3284332,"EGY":1.049508,"SLV":0.52377576,"GNQ":0.56621885,"ERI":0.33887228,"EST":0.69779223,"SWZ":0.06725311,"ETH":0.043035507,"FLK":0.5545678,"FRO":0.17184027,"FJI":0.3270189,"FIN":0.6497147,"FRA":0.77834684,"PYF":0.035954636,"GAB":0.46885523,"GMB":-0.13758866,"GEO":1.735124,"DEU":1.2117255,"GHA":0.30898413,"GRC":0.8466224,"GRL":-0.03509013,"GTM":0.26668867,"GIN":0.24294043,"GNB":-0.25786367,"GUY":0.015598138,"HTI":0.28605047,"HMD":0.4252566,"HND":0.07333215,"HKG":0.11592182,"HUN":1.1622201,"ISL":0.3407371,"IND":0.32134342,"IDN":0.31211773,"IRN":1.1279403,"IRQ":0.9972164,"IRL":0.12733732,"IMN":-0.07333823,"ISR":1.2580713,"ITA":0.7174711,"JAM":0.47998556,"JPN":0.5384829,"JOR":1.1333108,"KAZ":-0.6960347,"KEN":-0.15452354,"KIR":0.28363833,"KWT":1.0954088,"KGZ":-0.08229879,"LAO":0.2086215,"LVA":0.72644633,"LBN":1.3139714,"LSO":0.40981498,"LBR":0.30289412,"LBY":1.2700528,"LTU":0.7452853,"LUX":1.0511116,"MDG":0.17833026,"MWI":0.18277137,"MYS":0.32621798,"MLI":0.3741406,"MRT":-0.39702716,"MUS":0.32880688,"MEX":0.2021048,"MDA":0.45909336,"MNG":0.19584374,"MNE":1.07361,"MAR":-0.5108149,"MOZ":0.2291177,"MMR":-0.06743733,"NAM":0.6396881,"NPL":0.20446385,"NLD":0.78766423,"NCL":-0.17577076,"NZL":0.6988363,"NIC":0.10897032,"NER":0.64680004,"NGA":0.14992888,"PRK":0.12837528,"MKD":0.9644807,"NOR":0.7750929,"OMN":0.40264496,"PAK":0.76549655,"PSE":1.2211314,"PAN":0.13413954,"PNG":0.26199436,"PRY":-0.19140641,"PER":-0.10306183,"PHL":0.3398253,"POL":1.1052234,"PRT":-0.17979829,"PRI":-0.06518062,"QAT":0.9614547,"ROU":0.8178256,"RUS":0.34832743,"RWA":0.22967656,"SHN":-0.015693983,"VCT":-0.11910677,"WSM":0.15034182,"STP":0.14285882,"SAU":0.8983789,"SEN":-0.05470149,"SRB":0.82626104,"SYC":-0.07076168,"SLE":0.32582793,"SVK":1.2996215,"SVN":0.9689773,"SLB":0.31773505,"SOM":-0.121676445,"ZAF":0.4547194,"SGS":0.5697236,"KOR":0.16504778,"SSD":0.70327026,"ESP":0.000041365623,"LKA":-0.21227455,"SDN":0.47074428,"SUR":-0.12693818,"SWE":0.4328641,"CHE":1.2789747,"SYR":1.3320563,"TJK":0.5583949,"TZA":0.023820877,"THA":0.0791742,"TGO":0.23863888,"TTO":-0.113399506,"TUN":0.30679002,"TUR":1.6890191,"TKM":0.5603213,"UGA":0.15631263,"UKR":0.6724203,"ARE":0.9187126,"GBR":0.28539273,"USA":0.49120387,"VIR":-0.113437176,"URY":0.46680465,"UZB":0.034429967,"VUT":0.038789272,"VEN":0.115317665,"VNM":0.34677982,"YEM":-0.03122743,"ZMB":0.27213922,"ZWE":0.35333276}