{"AFG":0.42566583,"ALB":0.88764316,"DZA":0.3007885,"ASM":0.49370304,"AND":0.6402146,"AGO":1.0363283,"AIA":0.17894077,"ATG":0.123439156,"ARG":0.31223404,"ARM":0.81977004,"AUS":0.9589096,"AUT":1.172046,"AZE":0.76523477,"BHS":0.64609146,"BHR":0.53385574,"BGD":0.3998165,"BLR":1.5548512,"BEL":0.6163032,"BLZ":0.8599976,"BEN":0.35727072,"BTN":0.19900598,"BOL":0.56738997,"BIH":1.0445801,"BWA":1.2843016,"BRA":0.53118914,"BRN":0.6120329,"BGR":1.1946012,"BFA":0.38889837,"BDI":0.49630833,"KHM":0.6816371,"CMR":0.49649096,"CAN":0.0808839,"CPV":-0.2189482,"CYM":0.5069461,"CAF":0.7336094,"TCD":0.49530473,"CHL":0.4728645,"CHN":0.3851913,"COL":0.5298551,"COM":0.533354,"COG":0.6233406,"COK":0.23434417,"CRI":0.43118444,"CIV":0.37437996,"HRV":1.032894,"CUB":0.59679526,"CYP":0.6138871,"CZE":1.2861173,"COD":0.6222863,"DNK":0.79526305,"DJI":0.35875034,"DOM":0.51004535,"TLS":0.1775287,"ECU":0.5538039,"EGY":0.31792974,"SLV":0.85385704,"GNQ":0.71514064,"ERI":0.31494394,"EST":1.0671474,"SWZ":0.6174082,"ETH":0.46658373,"FLK":-0.24393527,"FRO":0.06592822,"FJI":0.4084711,"FIN":0.1909024,"FRA":0.6368962,"PYF":0.17362626,"GAB":0.6353281,"GMB":0.0075624785,"GEO":1.0679308,"DEU":1.0216231,"GHA":0.64045095,"GRC":0.7618814,"GRL":1.270314,"GTM":0.99810284,"GIN":0.48380217,"GNB":0.23564084,"GUY":0.31120142,"HTI":0.519098,"HMD":0.3394768,"HND":0.79053193,"HKG":0.8320146,"HUN":1.2930708,"ISL":0.25315195,"IND":0.2844162,"IDN":0.44233274,"IRN":0.40551344,"IRQ":0.4027792,"IRL":0.20681603,"IMN":0.2925421,"ISR":0.5179414,"ITA":0.6267247,"JAM":0.8271599,"JPN":0.6611944,"JOR":0.49925447,"KAZ":0.74161154,"KEN":0.6397681,"KIR":0.5842517,"KWT":0.6202953,"KGZ":0.5477996,"LAO":1.080379,"LVA":1.2765776,"LBN":0.5399226,"LSO":1.680797,"LBR":0.650753,"LBY":0.28059444,"LTU":1.4616747,"LUX":0.66837215,"MDG":0.6272767,"MWI":0.33252606,"MYS":0.6228344,"MLI":0.09500599,"MRT":-0.2263306,"MUS":0.630387,"MEX":0.4839848,"MDA":1.3895426,"MNG":0.5451019,"MNE":1.020497,"MAR":0.45614567,"MOZ":0.5054739,"MMR":0.48871565,"NAM":1.6978159,"NPL":-0.051113624,"NLD":0.7114961,"NCL":-0.011444569,"NZL":0.7210347,"NIC":0.5408146,"NER":0.43761715,"NGA":0.19188373,"PRK":1.0023189,"MKD":1.122594,"NOR":0.17278369,"OMN":0.35728756,"PAK":-0.048251152,"PSE":0.44991207,"PAN":0.48907837,"PNG":0.10033957,"PRY":0.59907055,"PER":0.23282354,"PHL":0.45220456,"POL":1.5422002,"PRT":0.11559415,"PRI":0.23014195,"QAT":0.6764884,"ROU":1.3480983,"RUS":0.9494689,"RWA":0.6032133,"SHN":0.56323975,"VCT":0.1714155,"WSM":0.46294227,"STP":0.46349177,"SAU":0.74544,"SEN":0.20600843,"SRB":1.1237248,"SYC":0.38634634,"SLE":0.648125,"SVK":1.3236436,"SVN":1.0961324,"SLB":0.3689383,"SOM":0.39974642,"ZAF":1.2231681,"SGS":-0.04536961,"KOR":0.68173116,"SSD":0.5613842,"ESP":0.40237522,"LKA":0.31891155,"SDN":0.33662605,"SUR":0.29047918,"SWE":0.24719466,"CHE":0.75990725,"SYR":0.65920657,"TJK":0.7667025,"TZA":0.5047409,"THA":0.7282869,"TGO":0.59815997,"TTO":0.25448498,"TUN":0.1370128,"TUR":0.96541405,"TKM":0.7800271,"UGA":0.39299121,"UKR":1.474327,"ARE":0.65819436,"GBR":0.26116315,"USA":0.25777173,"VIR":0.20589368,"URY":0.19522087,"UZB":1.0349259,"VUT":0.102668606,"VEN":0.34295526,"VNM":0.9209728,"YEM":0.5212485,"ZMB":0.58697367,"ZWE":0.878125}