{"AFG":-0.17106438,"ALB":0.7086083,"DZA":1.0175363,"ASM":0.22835524,"AND":0.39407253,"AGO":0.4016482,"AIA":0.3460474,"ATG":0.27817598,"ARG":0.5626785,"ARM":0.6108728,"AUS":0.41342625,"AUT":0.85367113,"AZE":0.4848108,"BHS":0.61755115,"BHR":0.54487514,"BGD":0.028929234,"BLR":1.7906617,"BEL":1.2416438,"BLZ":0.86107284,"BEN":0.28773594,"BTN":0.27548882,"BOL":0.81077605,"BIH":0.79092836,"BWA":-0.08125162,"BRA":0.19494851,"BRN":0.48807272,"BGR":0.89131516,"BFA":0.34137377,"BDI":0.7471242,"KHM":0.3121945,"CMR":0.61397964,"CAN":0.14486949,"CPV":0.4147606,"CYM":0.52480143,"CAF":0.79228765,"TCD":0.4065404,"CHL":0.45478153,"CHN":0.42080352,"COL":0.6619999,"COM":0.3447865,"COG":0.65486735,"COK":0.35799375,"CRI":0.40291786,"CIV":0.4674681,"HRV":0.6706128,"CUB":0.67977905,"CYP":0.49806944,"CZE":0.88734484,"COD":0.7267391,"DNK":1.1884661,"DJI":0.2926475,"DOM":0.6332666,"TLS":0.603316,"ECU":0.6820283,"EGY":0.11017672,"SLV":0.46359238,"GNQ":0.81577855,"ERI":0.09936205,"EST":1.9325346,"SWZ":0.07936867,"ETH":0.38806042,"FLK":0.47112837,"FRO":0.14813848,"FJI":0.70728284,"FIN":1.7949756,"FRA":1.060434,"PYF":0.119152226,"GAB":0.7083718,"GMB":0.5789345,"GEO":0.9660418,"DEU":1.1459798,"GHA":0.5852895,"GRC":0.6245168,"GRL":-0.045027852,"GTM":0.88940877,"GIN":0.66651887,"GNB":0.5506733,"GUY":0.39288393,"HTI":0.6905325,"HMD":0.2600014,"HND":0.7444043,"HKG":0.49899206,"HUN":0.65498966,"ISL":-0.23191194,"IND":-0.0031148593,"IDN":0.53817177,"IRN":0.0059205294,"IRQ":0.77668715,"IRL":0.14534152,"IMN":0.288262,"ISR":0.737997,"ITA":0.6107053,"JAM":0.8575837,"JPN":0.750043,"JOR":0.95484406,"KAZ":0.94069403,"KEN":0.21963024,"KIR":-0.020288786,"KWT":0.7257065,"KGZ":0.01511391,"LAO":0.70957786,"LVA":1.8659915,"LBN":0.9986841,"LSO":0.35860673,"LBR":0.70219785,"LBY":0.21716197,"LTU":1.7909771,"LUX":1.2817918,"MDG":0.39141527,"MWI":0.39393535,"MYS":0.4944024,"MLI":0.5571928,"MRT":0.9427039,"MUS":-0.08116595,"MEX":0.7226882,"MDA":1.7053567,"MNG":0.46613216,"MNE":0.87284225,"MAR":1.0639627,"MOZ":0.5119662,"MMR":0.4925704,"NAM":0.49906278,"NPL":-0.2029097,"NLD":1.1118397,"NCL":0.35311285,"NZL":0.61358833,"NIC":0.48728117,"NER":0.44460297,"NGA":0.19783704,"PRK":0.7427737,"MKD":0.674836,"NOR":1.1110052,"OMN":0.060756523,"PAK":-0.08666074,"PSE":0.7560938,"PAN":0.3843697,"PNG":0.49860477,"PRY":0.9513704,"PER":0.5654993,"PHL":0.53956795,"POL":1.2688414,"PRT":0.63827485,"PRI":0.39392996,"QAT":0.6101899,"ROU":1.0876927,"RUS":2.2475843,"RWA":0.82249355,"SHN":0.24483204,"VCT":0.30011067,"WSM":0.30148396,"STP":0.40175724,"SAU":0.5574553,"SEN":0.6394126,"SRB":0.5027368,"SYC":0.50201875,"SLE":0.67901707,"SVK":0.83684224,"SVN":0.64410883,"SLB":0.5362089,"SOM":0.5506585,"ZAF":0.27061805,"SGS":0.018802175,"KOR":0.4390225,"SSD":0.30574307,"ESP":0.530425,"LKA":0.41259637,"SDN":0.030070463,"SUR":0.29529682,"SWE":1.656325,"CHE":1.101859,"SYR":1.0909396,"TJK":0.094800435,"TZA":0.13379431,"THA":0.63357115,"TGO":0.5037856,"TTO":0.30378532,"TUN":0.5924236,"TUR":1.1545724,"TKM":-0.16089445,"UGA":0.051704247,"UKR":1.5783153,"ARE":0.54658574,"GBR":0.4768089,"USA":0.6810333,"VIR":0.35607323,"URY":0.097917795,"UZB":0.047408182,"VUT":0.33893028,"VEN":0.5117696,"VNM":0.51862353,"YEM":0.108742714,"ZMB":0.13731273,"ZWE":0.22929335}