{"AFG":1.4529027,"ALB":0.49169007,"DZA":1.5114557,"ASM":-0.009806474,"AND":-0.29819074,"AGO":0.34112534,"AIA":0.1604573,"ATG":0.09828249,"ARG":0.5455362,"ARM":1.1833401,"AUS":-0.20268767,"AUT":0.010001451,"AZE":0.9894235,"BHS":0.41030297,"BHR":0.9787512,"BGD":0.47712708,"BLR":-0.008253078,"BEL":-0.2183876,"BLZ":0.6870003,"BEN":0.75479954,"BTN":0.71716833,"BOL":0.20119381,"BIH":0.4364001,"BWA":-0.65532905,"BRA":-0.02361679,"BRN":0.23204024,"BGR":0.22360836,"BFA":0.7367549,"BDI":0.44920048,"KHM":-0.11402639,"CMR":0.57773143,"CAN":0.9466178,"CPV":0.054828327,"CYM":0.34637275,"CAF":0.9628191,"TCD":0.6546281,"CHL":0.4092312,"CHN":0.63759935,"COL":0.239875,"COM":0.14267413,"COG":0.5659445,"COK":0.4818112,"CRI":-0.054183643,"CIV":0.495409,"HRV":0.29536873,"CUB":0.4012208,"CYP":0.73693043,"CZE":-0.217492,"COD":0.74430007,"DNK":0.044187468,"DJI":0.21508329,"DOM":0.24042447,"TLS":0.4744277,"ECU":0.38352728,"EGY":0.57591385,"SLV":0.66152877,"GNQ":0.64157677,"ERI":0.520871,"EST":0.14209034,"SWZ":-0.20368822,"ETH":0.3727193,"FLK":0.87194633,"FRO":0.110578,"FJI":0.6579135,"FIN":-0.18699332,"FRA":-0.085178696,"PYF":-0.08617958,"GAB":0.5242303,"GMB":0.46096674,"GEO":0.959764,"DEU":-0.1540065,"GHA":0.73517436,"GRC":0.5777362,"GRL":1.4116307,"GTM":0.6935442,"GIN":0.7302022,"GNB":0.51387787,"GUY":0.0020740826,"HTI":0.3042709,"HMD":0.19778366,"HND":0.5956664,"HKG":0.7123938,"HUN":0.099450074,"ISL":0.08033079,"IND":0.094714165,"IDN":0.35387278,"IRN":1.4097141,"IRQ":1.4823354,"IRL":0.35533038,"IMN":0.17640238,"ISR":1.024274,"ITA":0.33716735,"JAM":0.5952263,"JPN":0.75145483,"JOR":1.2517536,"KAZ":0.7035485,"KEN":0.5517389,"KIR":-0.44497395,"KWT":1.4768425,"KGZ":0.3239061,"LAO":0.34125885,"LVA":0.08194196,"LBN":1.1374384,"LSO":-0.009093682,"LBR":0.5828994,"LBY":0.9328115,"LTU":-0.098900735,"LUX":-0.29285207,"MDG":0.34493813,"MWI":0.19005235,"MYS":0.19860204,"MLI":1.11214,"MRT":0.965219,"MUS":0.19074042,"MEX":0.38083363,"MDA":-0.33117586,"MNG":0.81340283,"MNE":0.37833178,"MAR":0.713444,"MOZ":0.20384757,"MMR":0.6089303,"NAM":-0.24745584,"NPL":0.39243913,"NLD":-0.09739858,"NCL":0.23694961,"NZL":0.81715035,"NIC":0.22474416,"NER":0.72120285,"NGA":0.43889174,"PRK":0.8671805,"MKD":0.3213127,"NOR":0.11437827,"OMN":0.34728608,"PAK":0.6807809,"PSE":1.074557,"PAN":0.05304305,"PNG":0.47956118,"PRY":0.21099503,"PER":0.211308,"PHL":0.33609852,"POL":-0.121099025,"PRT":0.1154207,"PRI":0.2158885,"QAT":1.0529689,"ROU":0.08099995,"RUS":0.061609555,"RWA":0.62675333,"SHN":0.2862927,"VCT":0.12933175,"WSM":-0.0022619565,"STP":0.5014861,"SAU":1.1754614,"SEN":0.7043681,"SRB":0.1554924,"SYC":0.06195577,"SLE":0.65268296,"SVK":-0.03626342,"SVN":0.037556887,"SLB":0.39793524,"SOM":0.23734014,"ZAF":-0.058073122,"SGS":0.9139545,"KOR":0.7750292,"SSD":0.8854105,"ESP":0.10820619,"LKA":0.024710814,"SDN":0.60606843,"SUR":-0.17683204,"SWE":-0.09481155,"CHE":-0.13008703,"SYR":1.3762485,"TJK":0.73903626,"TZA":0.18299007,"THA":0.09331163,"TGO":0.82518244,"TTO":-0.020266056,"TUN":1.1213638,"TUR":0.980629,"TKM":1.1271139,"UGA":0.4859117,"UKR":0.011210889,"ARE":1.0518517,"GBR":0.14705645,"USA":0.62702185,"VIR":0.15892713,"URY":0.16213767,"UZB":1.0624002,"VUT":0.35367966,"VEN":-0.23821735,"VNM":0.22267771,"YEM":0.06850275,"ZMB":0.096189655,"ZWE":0.01683847}