{"AFG":1.223075,"ALB":0.8681752,"DZA":0.96859986,"ASM":-0.19585688,"AND":1.7735714,"AGO":0.072407246,"AIA":0.050578754,"ATG":-0.011758804,"ARG":0.07186997,"ARM":0.91634613,"AUS":-0.2931966,"AUT":1.2346245,"AZE":0.875092,"BHS":0.5198234,"BHR":0.47238827,"BGD":0.4329114,"BLR":0.524131,"BEL":1.2067416,"BLZ":0.38579813,"BEN":0.054768402,"BTN":0.58081293,"BOL":0.14319563,"BIH":1.3135979,"BWA":-0.3354346,"BRA":-0.20472479,"BRN":0.09632286,"BGR":0.77625686,"BFA":-0.05476761,"BDI":0.4191785,"KHM":-0.103848934,"CMR":0.22283427,"CAN":0.12674737,"CPV":0.2074383,"CYM":0.3282911,"CAF":0.6095001,"TCD":0.042970818,"CHL":-0.23876859,"CHN":0.5990717,"COL":0.08406194,"COM":-0.082183205,"COG":0.37879467,"COK":0.36867747,"CRI":-0.14934747,"CIV":0.109432854,"HRV":1.1156484,"CUB":0.35715136,"CYP":0.14541356,"CZE":0.9938993,"COD":0.5090788,"DNK":0.78108567,"DJI":0.28346047,"DOM":0.22579224,"TLS":0.33013996,"ECU":0.2532091,"EGY":-0.094622456,"SLV":0.2795825,"GNQ":0.4402264,"ERI":0.31690106,"EST":0.609361,"SWZ":0.1518449,"ETH":0.5849311,"FLK":0.18431754,"FRO":0.43584886,"FJI":0.75111055,"FIN":0.7206812,"FRA":1.3163683,"PYF":-0.48743263,"GAB":0.37332535,"GMB":0.051435947,"GEO":0.6275465,"DEU":1.2205321,"GHA":0.121528625,"GRC":0.4857248,"GRL":1.1144315,"GTM":0.4437882,"GIN":0.24894571,"GNB":0.10670996,"GUY":-0.14081065,"HTI":0.22117965,"HMD":0.1352684,"HND":0.28978395,"HKG":0.046042204,"HUN":1.0699364,"ISL":-0.09324447,"IND":0.27105442,"IDN":0.2989416,"IRN":1.1962744,"IRQ":0.91151065,"IRL":0.615101,"IMN":0.81050175,"ISR":0.32554975,"ITA":1.275581,"JAM":0.4527761,"JPN":0.68784237,"JOR":0.7026782,"KAZ":0.84454924,"KEN":0.4241155,"KIR":-0.5828473,"KWT":0.93363935,"KGZ":0.99214244,"LAO":0.26349702,"LVA":0.5138952,"LBN":0.42526892,"LSO":0.2575136,"LBR":0.4654223,"LBY":0.23752427,"LTU":0.5000076,"LUX":1.3158196,"MDG":-0.0120647745,"MWI":-0.121302284,"MYS":0.11286545,"MLI":0.213885,"MRT":0.55808336,"MUS":-0.2210563,"MEX":0.105547905,"MDA":0.8812782,"MNG":0.16232099,"MNE":1.0090896,"MAR":1.3499552,"MOZ":0.13489501,"MMR":0.34414816,"NAM":0.06223178,"NPL":0.53464836,"NLD":1.0704597,"NCL":0.97323847,"NZL":1.0856025,"NIC":0.020486197,"NER":-0.11872514,"NGA":-0.09078503,"PRK":0.1495688,"MKD":0.601212,"NOR":0.7878116,"OMN":0.21341515,"PAK":0.7671749,"PSE":0.38655224,"PAN":-0.112466335,"PNG":0.67727757,"PRY":0.1347351,"PER":0.09007311,"PHL":0.30611482,"POL":0.7912373,"PRT":1.0517495,"PRI":0.020303091,"QAT":0.8688542,"ROU":0.91746444,"RUS":0.9871259,"RWA":0.45517477,"SHN":0.30157694,"VCT":-0.055416584,"WSM":-0.16947937,"STP":0.1272033,"SAU":0.838319,"SEN":0.039383728,"SRB":0.82130164,"SYC":-0.051014107,"SLE":0.49348292,"SVK":1.0267199,"SVN":1.174568,"SLB":0.5224695,"SOM":0.34687105,"ZAF":0.21008547,"SGS":0.7904331,"KOR":0.38366652,"SSD":0.6111191,"ESP":1.2721088,"LKA":-0.13251908,"SDN":-0.017706394,"SUR":-0.3278896,"SWE":0.7145746,"CHE":1.5316387,"SYR":0.82326937,"TJK":1.4565905,"TZA":0.11853218,"THA":-0.0012750626,"TGO":0.09449927,"TTO":-0.106738724,"TUN":1.1663364,"TUR":0.56931025,"TKM":1.0470778,"UGA":0.43188158,"UKR":0.7282137,"ARE":0.8365796,"GBR":0.90376526,"USA":0.2750573,"VIR":0.017798582,"URY":-0.30868974,"UZB":0.9849097,"VUT":0.7637251,"VEN":-0.18168958,"VNM":0.077795506,"YEM":0.116327286,"ZMB":-0.11240848,"ZWE":0.035658598}