{"AFG":1.3063666,"ALB":1.1889988,"DZA":1.1653057,"ASM":0.23964675,"AND":1.8160086,"AGO":0.5687213,"AIA":0.59529465,"ATG":0.5117982,"ARG":0.96324605,"ARM":1.6236995,"AUS":0.25953183,"AUT":1.416974,"AZE":1.5037956,"BHS":0.8748412,"BHR":0.8383932,"BGD":0.7418833,"BLR":1.4724401,"BEL":1.1760378,"BLZ":1.0238681,"BEN":0.7192836,"BTN":0.74490166,"BOL":1.2120886,"BIH":1.5993332,"BWA":0.7121978,"BRA":0.5437419,"BRN":0.6296735,"BGR":1.5108228,"BFA":0.7157815,"BDI":0.7128275,"KHM":0.32120052,"CMR":0.6593167,"CAN":1.8944861,"CPV":1.0070552,"CYM":0.8292244,"CAF":0.91112024,"TCD":1.1625899,"CHL":0.52817744,"CHN":0.7865262,"COL":0.81734437,"COM":0.64289695,"COG":0.57981426,"COK":-0.053240776,"CRI":0.67861205,"CIV":0.6794923,"HRV":1.4871944,"CUB":0.8087966,"CYP":0.61902505,"CZE":1.4386808,"COD":0.8154194,"DNK":0.6311104,"DJI":1.0144767,"DOM":0.90855914,"TLS":0.23215723,"ECU":1.1157513,"EGY":0.7966679,"SLV":1.157287,"GNQ":0.76013803,"ERI":1.0926765,"EST":0.73071414,"SWZ":0.41208187,"ETH":0.6470383,"FLK":0.07761272,"FRO":0.2012101,"FJI":0.45931864,"FIN":0.2502245,"FRA":1.2332534,"PYF":0.19133997,"GAB":0.589577,"GMB":0.55855227,"GEO":1.2745718,"DEU":1.3108578,"GHA":0.591616,"GRC":0.94276875,"GRL":0.68144006,"GTM":1.1756302,"GIN":0.65127116,"GNB":0.40804926,"GUY":0.751544,"HTI":0.847688,"HMD":0.621065,"HND":1.1072354,"HKG":0.5845316,"HUN":1.4427933,"ISL":-0.2669504,"IND":0.27688804,"IDN":0.6075775,"IRN":1.363255,"IRQ":0.95577574,"IRL":0.9999037,"IMN":0.90681267,"ISR":1.1138636,"ITA":1.230895,"JAM":1.0583409,"JPN":1.43153,"JOR":1.1940084,"KAZ":1.719367,"KEN":0.37261215,"KIR":0.6075392,"KWT":0.7411601,"KGZ":1.194569,"LAO":0.8398712,"LVA":1.0216986,"LBN":1.1703404,"LSO":0.35470065,"LBR":0.8618884,"LBY":0.66451126,"LTU":1.3008146,"LUX":1.2836728,"MDG":0.5971287,"MWI":0.63065386,"MYS":0.5606961,"MLI":0.85145265,"MRT":0.9984452,"MUS":0.5368171,"MEX":0.82084066,"MDA":1.8946081,"MNG":0.5875061,"MNE":1.1834886,"MAR":1.4530835,"MOZ":0.5674122,"MMR":0.7395399,"NAM":0.69126195,"NPL":0.5005951,"NLD":1.1754978,"NCL":-0.13599713,"NZL":0.8414204,"NIC":0.8009801,"NER":0.9077794,"NGA":0.58413535,"PRK":1.2147437,"MKD":1.0746588,"NOR":0.19070494,"OMN":0.681468,"PAK":0.41301993,"PSE":1.1358057,"PAN":0.7075011,"PNG":0.46167168,"PRY":1.417611,"PER":0.8735545,"PHL":0.5294178,"POL":1.3719095,"PRT":0.9615777,"PRI":0.6159075,"QAT":0.99056244,"ROU":1.5916082,"RUS":0.9382239,"RWA":0.9197423,"SHN":0.2584022,"VCT":0.50606364,"WSM":0.2830213,"STP":0.47880396,"SAU":0.9759929,"SEN":0.6608901,"SRB":1.271258,"SYC":0.35250488,"SLE":0.66549397,"SVK":1.3547567,"SVN":1.1852624,"SLB":0.47748485,"SOM":0.47326055,"ZAF":0.32601658,"SGS":0.907028,"KOR":1.087463,"SSD":1.4867879,"ESP":1.0564289,"LKA":0.29929733,"SDN":1.192932,"SUR":0.7021006,"SWE":-0.051393587,"CHE":1.5188742,"SYR":1.1960334,"TJK":1.3578664,"TZA":0.5394532,"THA":0.6695018,"TGO":0.6184117,"TTO":0.50499773,"TUN":0.9158302,"TUR":1.2395821,"TKM":1.7847303,"UGA":0.85020113,"UKR":1.626283,"ARE":0.9368245,"GBR":0.82799125,"USA":0.76156026,"VIR":0.586603,"URY":0.60708183,"UZB":1.8518711,"VUT":0.20768945,"VEN":0.69976425,"VNM":0.62014896,"YEM":0.8452242,"ZMB":0.701163,"ZWE":0.7928508}