{"AFG":0.96365935,"ALB":1.8030567,"DZA":1.6447657,"ASM":0.5523731,"AND":1.3409745,"AGO":0.788143,"AIA":0.9846811,"ATG":1.0138149,"ARG":0.61310333,"ARM":1.344953,"AUS":0.6231515,"AUT":1.9012189,"AZE":0.9155638,"BHS":0.6574356,"BHR":0.9437628,"BGD":0.6415617,"BLR":2.207797,"BEL":1.0621222,"BLZ":1.065097,"BEN":0.77169037,"BTN":0.8978184,"BOL":1.2902837,"BIH":2.3962412,"BWA":1.3184326,"BRA":0.7912448,"BRN":0.9654891,"BGR":1.8621482,"BFA":0.6425732,"BDI":1.169405,"KHM":0.8946822,"CMR":1.0066243,"CAN":1.9548453,"CPV":0.8282096,"CYM":0.8141513,"CAF":1.3918,"TCD":0.8227971,"CHL":0.31966233,"CHN":1.1581717,"COL":1.1851338,"COM":0.7102515,"COG":1.1018134,"COK":0.2655077,"CRI":0.7746606,"CIV":0.7734785,"HRV":2.0418897,"CUB":0.69865435,"CYP":0.885186,"CZE":1.9930058,"COD":1.4729729,"DNK":1.010457,"DJI":1.325699,"DOM":1.0849218,"TLS":0.61994046,"ECU":1.2167948,"EGY":0.9900284,"SLV":0.8865886,"GNQ":1.0785437,"ERI":0.6090357,"EST":1.6922965,"SWZ":0.7904751,"ETH":0.92710716,"FLK":-0.20851898,"FRO":0.30171952,"FJI":0.78501254,"FIN":1.0889037,"FRA":0.7504578,"PYF":0.29101753,"GAB":0.9406225,"GMB":0.47004223,"GEO":1.0443428,"DEU":1.5575336,"GHA":0.92453164,"GRC":1.7126083,"GRL":0.43005595,"GTM":1.28236,"GIN":0.9341812,"GNB":0.5644843,"GUY":1.2315949,"HTI":0.9330252,"HMD":0.36933824,"HND":1.3163629,"HKG":0.7574133,"HUN":1.8324671,"ISL":-0.95650023,"IND":0.57244587,"IDN":0.8796344,"IRN":1.10882,"IRQ":0.9736614,"IRL":0.46039823,"IMN":0.5971431,"ISR":1.2342931,"ITA":1.3331413,"JAM":1.0451536,"JPN":1.4454551,"JOR":1.1905769,"KAZ":0.7833958,"KEN":0.8021169,"KIR":0.49985537,"KWT":0.83079606,"KGZ":0.95222735,"LAO":1.1396972,"LVA":1.9292632,"LBN":1.4741483,"LSO":1.1626004,"LBR":1.1583204,"LBY":1.5572668,"LTU":2.0714638,"LUX":1.0365046,"MDG":0.7745455,"MWI":0.6648159,"MYS":0.9048068,"MLI":0.98139113,"MRT":1.0272064,"MUS":0.3671368,"MEX":1.0877486,"MDA":2.1701155,"MNG":1.1377765,"MNE":1.9249722,"MAR":1.4857854,"MOZ":1.0030007,"MMR":0.7602746,"NAM":1.2846528,"NPL":0.86878735,"NLD":1.2579478,"NCL":0.5602142,"NZL":0.46268156,"NIC":1.0662202,"NER":0.6004078,"NGA":0.70471764,"PRK":1.8356419,"MKD":1.6314411,"NOR":1.1679968,"OMN":0.92674035,"PAK":0.704758,"PSE":1.035098,"PAN":0.77382755,"PNG":0.860099,"PRY":1.4286791,"PER":1.2191558,"PHL":0.8273401,"POL":2.1880739,"PRT":0.82940245,"PRI":1.0996374,"QAT":0.8903942,"ROU":2.119537,"RUS":1.2474487,"RWA":1.3497568,"SHN":0.661135,"VCT":1.003523,"WSM":0.5509103,"STP":0.74123734,"SAU":1.1555504,"SEN":0.43549633,"SRB":2.0625718,"SYC":0.69338876,"SLE":1.1364164,"SVK":2.1164286,"SVN":1.3740352,"SLB":0.83790034,"SOM":1.0795614,"ZAF":1.0059483,"SGS":-0.16247971,"KOR":1.7615885,"SSD":1.5061702,"ESP":0.9031634,"LKA":0.6918435,"SDN":0.5841605,"SUR":1.1981249,"SWE":0.8898261,"CHE":1.4665651,"SYR":1.5015124,"TJK":1.1331336,"TZA":0.4383327,"THA":1.0155298,"TGO":0.9087723,"TTO":1.0156889,"TUN":1.4212494,"TUR":1.7049693,"TKM":0.8112672,"UGA":1.0464215,"UKR":2.3942368,"ARE":0.9827673,"GBR":0.6734039,"USA":1.1217383,"VIR":0.96801424,"URY":0.0529383,"UZB":0.95854145,"VUT":0.63393193,"VEN":1.2222146,"VNM":0.94464874,"YEM":1.4151019,"ZMB":0.77405137,"ZWE":1.3649564}