{"AFG":1.2742707,"ALB":1.3646451,"DZA":1.0404512,"ASM":0.17173243,"AND":1.0283676,"AGO":0.119362034,"AIA":0.50980216,"ATG":0.4656938,"ARG":0.698917,"ARM":1.4163909,"AUS":0.4715983,"AUT":0.94230646,"AZE":1.0152668,"BHS":0.47316122,"BHR":0.41484737,"BGD":0.50290155,"BLR":1.1999979,"BEL":0.98092335,"BLZ":0.5021607,"BEN":0.6801281,"BTN":1.4801408,"BOL":0.25640932,"BIH":1.3755574,"BWA":-0.37188864,"BRA":0.16179276,"BRN":0.4633864,"BGR":1.0613145,"BFA":0.5677085,"BDI":0.6456013,"KHM":-0.15639925,"CMR":0.67758626,"CAN":1.1515204,"CPV":0.10586008,"CYM":0.76570463,"CAF":0.842371,"TCD":0.8716032,"CHL":0.39849314,"CHN":1.0292362,"COL":0.48456764,"COM":0.6181676,"COG":0.5659253,"COK":0.17034881,"CRI":0.32703558,"CIV":0.4118681,"HRV":1.0017278,"CUB":0.60617715,"CYP":0.3873149,"CZE":0.52712893,"COD":0.7864439,"DNK":0.9328754,"DJI":0.7412669,"DOM":0.7885167,"TLS":0.44137716,"ECU":0.6048336,"EGY":0.51791567,"SLV":1.0398102,"GNQ":0.5815889,"ERI":0.5318181,"EST":1.3774878,"SWZ":0.3078966,"ETH":0.70627755,"FLK":0.46421227,"FRO":1.2510891,"FJI":0.49508414,"FIN":1.5492486,"FRA":0.7794432,"PYF":0.18411224,"GAB":0.37588343,"GMB":0.105871044,"GEO":0.92345864,"DEU":0.6813533,"GHA":0.54090244,"GRC":1.0681475,"GRL":1.7082071,"GTM":0.7500933,"GIN":0.47226605,"GNB":0.012747765,"GUY":0.34855828,"HTI":0.80771923,"HMD":0.8308199,"HND":0.8283715,"HKG":0.20647168,"HUN":0.65794075,"ISL":1.0521511,"IND":0.068268776,"IDN":0.37092128,"IRN":1.3721437,"IRQ":0.86163783,"IRL":0.8806425,"IMN":0.89651555,"ISR":1.0285791,"ITA":0.95484257,"JAM":0.9903552,"JPN":0.8642581,"JOR":1.1025327,"KAZ":1.9782243,"KEN":0.5632737,"KIR":-0.19295979,"KWT":0.52580446,"KGZ":2.0659463,"LAO":0.10119518,"LVA":1.1891755,"LBN":1.4054075,"LSO":0.43001866,"LBR":0.61449355,"LBY":0.823163,"LTU":1.0067056,"LUX":0.80254984,"MDG":0.4867371,"MWI":0.13817263,"MYS":0.34046856,"MLI":0.8770264,"MRT":0.67476493,"MUS":0.5268976,"MEX":0.82326007,"MDA":1.1214968,"MNG":0.8029897,"MNE":1.1783195,"MAR":0.8537411,"MOZ":0.43332162,"MMR":0.38608202,"NAM":0.104698814,"NPL":0.96041036,"NLD":0.809542,"NCL":0.7522848,"NZL":0.82597893,"NIC":0.57296926,"NER":0.89201707,"NGA":0.7198982,"PRK":1.1686422,"MKD":0.9753454,"NOR":1.6348222,"OMN":0.40424046,"PAK":1.0382177,"PSE":0.95142704,"PAN":0.23945601,"PNG":0.5968984,"PRY":0.120695114,"PER":0.3602201,"PHL":0.4102305,"POL":0.74704623,"PRT":0.83058983,"PRI":0.50720406,"QAT":0.39516243,"ROU":1.0614144,"RUS":1.1770428,"RWA":0.71552324,"SHN":0.00233682,"VCT":0.48469877,"WSM":0.14536111,"STP":0.24316502,"SAU":0.5663269,"SEN":-0.21393299,"SRB":1.0565277,"SYC":0.20427005,"SLE":0.58291274,"SVK":0.80055755,"SVN":0.72826767,"SLB":0.62497073,"SOM":0.56782645,"ZAF":0.43577853,"SGS":0.61749727,"KOR":0.98781466,"SSD":0.44350085,"ESP":0.9061126,"LKA":0.35555792,"SDN":0.5780985,"SUR":0.30620304,"SWE":1.4235984,"CHE":1.1992432,"SYR":1.2836338,"TJK":2.7146657,"TZA":0.4463563,"THA":-0.06398376,"TGO":0.5653588,"TTO":0.33660778,"TUN":0.8570795,"TUR":1.2469972,"TKM":1.5930401,"UGA":0.75466204,"UKR":1.3076501,"ARE":0.8158038,"GBR":0.9420247,"USA":0.83337736,"VIR":0.51103896,"URY":-0.02633079,"UZB":2.0244353,"VUT":0.65219146,"VEN":0.52389544,"VNM":0.08068148,"YEM":0.54352695,"ZMB":-0.00963815,"ZWE":0.24167712}