{"AFG":1.8543152,"ALB":28.78832,"DZA":0.72004473,"ASM":90.35,"AND":37.638298,"AGO":62.190815,"ATG":22.977272,"ARG":20.458883,"ARM":11.757288,"ABW":2.7222223,"AUS":17.49536,"AUT":45.754604,"AZE":11.430611,"BHS":50.935066,"BHR":1.7341772,"BGD":15.251671,"BRB":14.651163,"BLR":38.32701,"BEL":22.214207,"BLZ":69.260414,"BEN":61.902447,"BMU":14.444445,"BTN":65.724174,"BOL":57.02413,"BIH":43.164062,"BWA":27.752016,"BRA":73.99293,"VGB":66.666664,"BRN":78.36812,"BGR":30.646646,"BFA":30.333006,"BDI":10.7663555,"KHM":62.34302,"CMR":47.597893,"CAN":41.05013,"CPV":8.312655,"CYM":54.708332,"CAF":74.53676,"TCD":5.344727,"CHL":22.609585,"CHN":16.738077,"COL":58.6776,"COM":25.341215,"COG":65.16837,"CRI":54.029377,"CIV":26.091507,"HRV":33.05933,"CUB":22.273603,"CUW":0.15765765,"CYP":17.436148,"CZE":36.794304,"COD":70.81458,"DNK":13.286,"DJI":0.24158758,"DMA":78.44,"DOM":44.237293,"TLS":74.01278,"ECU":58.915325,"EGY":0.0039278716,"SLV":35.497585,"GNQ":96.22638,"ERI":13.642587,"EST":51.624153,"SWZ":28.230814,"ETH":25.286394,"FRO":0.05839416,"FJI":51.4335,"FIN":71.97071,"FRA":26.364378,"GUF":97.265785,"PYF":41.610485,"GAB":92.26619,"GMB":40.981224,"GEO":43.609154,"DEU":32.34486,"GHA":25.517881,"GRC":28.773468,"GRL":0.0005359971,"GRD":52.058823,"GUM":44.444443,"GTM":45.281914,"GIN":29.310638,"GNB":80.27702,"GUY":94.49911,"HTI":13.396227,"HND":68.31898,"HUN":19.876179,"ISL":0.17782407,"IND":21.504848,"IDN":61.46953,"IRN":6.626194,"IRQ":1.8508366,"IRL":6.7011175,"IMN":6.368421,"ITA":25.665325,"JAM":48.132965,"JPN":68.44993,"JOR":0.79622495,"KAZ":1.1713301,"KEN":6.5723724,"KIR":1.3209877,"KWT":0.1936027,"KGZ":5.925026,"LAO":62.38856,"LVA":50.98827,"LBN":13.481915,"LSO":1.1370224,"LBR":83.14742,"LBY":0.12332769,"LIE":32.5,"LTU":31.068302,"LUX":33.327377,"MDG":23.50832,"MWI":37.142128,"MYS":62.75605,"MDV":12.4,"MLI":11.472279,"MLT":1.09375,"MHL":52.22222,"MRT":0.8995343,"MUS":20.56585,"MEX":36.937126,"FSM":90.828575,"MDA":9.893584,"MCO":0,"MNG":9.214727,"MNE":46.54275,"MAR":12.773896,"MOZ":52.88653,"MMR":60.089294,"NAM":10.651375,"NRU":0,"NPL":40.09843,"NLD":10.256311,"NCL":45.46663,"NZL":35.59405,"NIC":58.99036,"NER":1.5354859,"NGA":23.684202,"PRK":61.917034,"MKD":36.161777,"MNP":44.173912,"NOR":33.537952,"OMN":0.0051696287,"PAK":4.489687,"PLW":82.934784,"PAN":66.811,"PNG":76.43501,"PRY":64.8457,"PER":60.18585,"PHL":26.088507,"POL":29.017609,"PRT":37.53504,"PRI":34.253666,"QAT":0.12184508,"ROU":27.690369,"RUS":49.560223,"RWA":17.707743,"KNA":42.307693,"LCA":44.360657,"MAF":24.8,"VCT":73.128204,"WSM":63.517986,"SMR":16.666666,"STP":61.53125,"SAU":1.2876508,"SEN":47.75027,"SRB":27.506243,"SYC":74.195656,"SLE":43.318092,"SGP":20.654596,"SXM":8.823529,"SVK":39.56905,"SVN":58.997635,"SLB":90.736336,"SOM":13.204164,"ZAF":16.335606,"KOR":67.1209,"SSD":11.242068,"ESP":27.825253,"LKA":38.311348,"SDN":15.029604,"SUR":92.62022,"SWE":68.90346,"CHE":29.195415,"SYR":2.4354181,"TJK":2.939693,"TZA":65.6638,"THA":39.607353,"TGO":23.865784,"TON":12.125,"TTO":46.959064,"TUN":4.1450825,"TUR":25.705183,"TKM":4.958185,"TCA":11.073684,"TUV":34.333332,"UGA":22.68118,"UKR":16.006214,"ARE":4.432132,"GBR":11.48266,"USA":33.063965,"VIR":58.314285,"URY":5.024797,"UZB":5.7854495,"VUT":81.28712,"VEN":57.234375,"VNM":29.914143,"ESH":2.225919,"YEM":1.0398318,"ZMB":63.7781,"ZWE":43.208946}