{"AFG":1.8543152,"ALB":28.717154,"DZA":0.7197617,"ASM":90.18,"AND":37.553192,"AGO":62.068874,"ATG":22.827272,"ARG":20.365799,"ARM":11.749948,"ABW":2.7222223,"AUS":17.473682,"AUT":45.830307,"AZE":11.482009,"BHS":50.935066,"BHR":1.7341772,"BGD":15.201752,"BRB":14.651163,"BLR":38.56988,"BEL":22.181086,"BLZ":68.927666,"BEN":60.74437,"BMU":14.444445,"BTN":65.98448,"BOL":56.775974,"BIH":42.971973,"BWA":27.752016,"BRA":73.30231,"VGB":66.66,"BRN":78.064514,"BGR":30.690863,"BFA":29.630835,"BDI":10.444938,"KHM":62.21624,"CMR":47.40697,"CAN":41.044758,"CPV":8.421836,"CYM":54.625,"CAF":74.48058,"TCD":5.31476,"CHL":22.692116,"CHN":16.94962,"COL":58.449352,"COM":25.105858,"COG":65.13323,"CRI":54.20625,"CIV":25.420288,"HRV":33.121872,"CUB":22.646435,"CUW":0.15765765,"CYP":17.549784,"CZE":36.827736,"COD":70.51684,"DNK":13.3864,"DJI":0.24158758,"DMA":78.402664,"DOM":44.30711,"TLS":73.918625,"ECU":58.552258,"EGY":0.0039278716,"SLV":35.354248,"GNQ":95.92845,"ERI":13.593182,"EST":51.70136,"SWZ":28.143604,"ETH":25.221878,"FRO":0.05839416,"FJI":51.799015,"FIN":72.15835,"FRA":26.51998,"GUF":97.21124,"PYF":41.729183,"GAB":92.238014,"GMB":40.41937,"GEO":43.621098,"DEU":32.360317,"GHA":25.67487,"GRC":28.773468,"GRL":0.0005359971,"GRD":52.058823,"GUM":44.444443,"GTM":44.697975,"GIN":29.037983,"GNB":80.09826,"GUY":94.47985,"HTI":13.450653,"HND":67.85893,"HUN":19.993721,"ISL":0.19199643,"IND":21.627712,"IDN":60.181545,"IRN":6.626194,"IRQ":1.8540891,"IRL":6.94603,"IMN":6.368421,"ITA":25.928919,"JAM":48.130474,"JPN":68.42963,"JOR":0.79622495,"KAZ":1.1711335,"KEN":6.585657,"KIR":1.3209877,"KWT":0.20224467,"KGZ":5.948217,"LAO":62.237244,"LVA":51.09754,"LBN":13.491398,"LSO":1.1370224,"LBR":83.14742,"LBY":0.123138435,"LIE":32.6125,"LTU":31.188103,"LUX":33.362335,"MDG":23.3944,"MWI":36.696583,"MYS":62.47385,"MDV":12.4,"MLI":11.389877,"MLT":1.09375,"MHL":52.22222,"MRT":0.902084,"MUS":20.608913,"MEX":36.82343,"FSM":90.86857,"MDA":9.951353,"MCO":0,"MNG":9.209071,"MNE":46.54275,"MAR":12.773376,"MOZ":52.546963,"MMR":59.422745,"NAM":10.5651245,"NRU":0,"NPL":40.215214,"NLD":10.298396,"NCL":45.50339,"NZL":35.775654,"NIC":58.16503,"NER":1.4867846,"NGA":23.544886,"PRK":61.917034,"MKD":36.34239,"MNP":44.173912,"NOR":33.532906,"OMN":0.0051696287,"PAK":4.470994,"PLW":83.24565,"PAN":66.58822,"PNG":76.38662,"PRY":63.89372,"PER":59.951992,"PHL":25.931028,"POL":29.075436,"PRT":37.43696,"PRI":35.666515,"QAT":0.12184508,"ROU":27.688196,"RUS":49.565132,"RWA":17.595785,"KNA":42.307693,"LCA":44.688526,"MAF":24.8,"VCT":73.13333,"WSM":63.344963,"SMR":16.666666,"STP":61.47604,"SAU":1.2876508,"SEN":47.669533,"SRB":27.708645,"SYC":73.723915,"SLE":43.044792,"SGP":20.958218,"SXM":8.823529,"SVK":39.566826,"SVN":59.22111,"SLB":90.71001,"SOM":13.081821,"ZAF":16.407791,"KOR":67.04406,"SSD":11.24365,"ESP":28.463472,"LKA":38.08697,"SDN":14.936381,"SUR":92.64248,"SWE":68.92801,"CHE":29.303438,"SYR":2.4406993,"TJK":2.941134,"TZA":65.20885,"THA":39.59365,"TGO":23.811363,"TON":12.125,"TTO":46.876217,"TUN":4.1604404,"TUR":25.752592,"TKM":4.958185,"TCA":11.073684,"TUV":34.333332,"UGA":22.109072,"UKR":16.046946,"ARE":4.4324136,"GBR":11.5554085,"USA":33.07584,"VIR":57.994286,"URY":5.2858243,"UZB":5.878968,"VUT":81.09155,"VEN":57.092434,"VNM":30.682465,"ESH":2.2016876,"YEM":1.0398318,"ZMB":63.72994,"ZWE":42.935665}