{"AFG":1.8543152,"ALB":28.645985,"DZA":0.7194787,"ASM":90.01,"AND":37.468086,"AGO":61.946938,"ATG":22.677273,"ARG":20.272717,"ARM":11.742606,"ABW":2.7222223,"AUS":17.452007,"AUT":45.90601,"AZE":11.533406,"BHS":50.935066,"BHR":1.7341772,"BGD":15.151833,"BRB":14.651163,"BLR":38.812748,"BEL":22.147964,"BLZ":68.59492,"BEN":59.58629,"BMU":14.444445,"BTN":66.24478,"BOL":56.527817,"BIH":42.779884,"BWA":27.752016,"BRA":72.611694,"VGB":66.653336,"BRN":77.76091,"BGR":30.735077,"BFA":28.928663,"BDI":10.123521,"KHM":62.089462,"CMR":47.21605,"CAN":41.039383,"CPV":8.531017,"CYM":54.541668,"CAF":74.424416,"TCD":5.2847934,"CHL":22.774647,"CHN":17.161161,"COL":58.221096,"COM":24.8705,"COG":65.0981,"CRI":54.383118,"CIV":24.749067,"HRV":33.184418,"CUB":23.019268,"CUW":0.15765765,"CYP":17.66342,"CZE":36.861168,"COD":70.2191,"DNK":13.4868,"DJI":0.24158758,"DMA":78.36533,"DOM":44.376926,"TLS":73.82448,"ECU":58.189194,"EGY":0.0039278716,"SLV":35.210907,"GNQ":95.630516,"ERI":13.543777,"EST":51.778564,"SWZ":28.056395,"ETH":25.157364,"FRO":0.05839416,"FJI":52.16453,"FIN":72.34598,"FRA":26.67558,"GUF":97.1567,"PYF":41.84788,"GAB":92.20983,"GMB":39.85751,"GEO":43.63304,"DEU":32.375774,"GHA":25.831858,"GRC":28.773468,"GRL":0.0005359971,"GRD":52.058823,"GUM":44.444443,"GTM":44.114037,"GIN":28.765326,"GNB":79.91949,"GUY":94.46057,"HTI":13.50508,"HND":67.398895,"HUN":20.111265,"ISL":0.2061688,"IND":21.750578,"IDN":58.893555,"IRN":6.626194,"IRQ":1.8573416,"IRL":7.1909423,"IMN":6.368421,"ITA":26.192513,"JAM":48.12798,"JPN":68.409325,"JOR":0.79622495,"KAZ":1.1709368,"KEN":6.5989423,"KIR":1.3209877,"KWT":0.21088664,"KGZ":5.971408,"LAO":62.085926,"LVA":51.206814,"LBN":13.50088,"LSO":1.1370224,"LBR":83.14742,"LBY":0.12294918,"LIE":32.725,"LTU":31.307903,"LUX":33.397297,"MDG":23.280481,"MWI":36.251038,"MYS":62.19166,"MDV":12.4,"MLI":11.307475,"MLT":1.09375,"MHL":52.22222,"MRT":0.90463376,"MUS":20.651978,"MEX":36.709724,"FSM":90.90857,"MDA":10.009121,"MCO":0,"MNG":9.203414,"MNE":46.54275,"MAR":12.772857,"MOZ":52.207397,"MMR":58.7562,"NAM":10.478874,"NRU":0,"NPL":40.331997,"NLD":10.340481,"NCL":45.540154,"NZL":35.957253,"NIC":57.339703,"NER":1.4380832,"NGA":23.405573,"PRK":61.917034,"MKD":36.523,"MNP":44.173912,"NOR":33.527855,"OMN":0.0051696287,"PAK":4.4523015,"PLW":83.55652,"PAN":66.36543,"PNG":76.338234,"PRY":62.94174,"PER":59.718136,"PHL":25.773552,"POL":29.13326,"PRT":37.338875,"PRI":37.07937,"QAT":0.12184508,"ROU":27.686022,"RUS":49.57004,"RWA":17.483826,"KNA":42.307693,"LCA":45.01639,"MAF":24.8,"VCT":73.13846,"WSM":63.171944,"SMR":16.666666,"STP":61.420834,"SAU":1.2876508,"SEN":47.58879,"SRB":27.911047,"SYC":73.252174,"SLE":42.77149,"SGP":21.261839,"SXM":8.823529,"SVK":39.5646,"SVN":59.444588,"SLB":90.68367,"SOM":12.959479,"ZAF":16.479977,"KOR":66.96722,"SSD":11.245233,"ESP":29.101692,"LKA":37.862595,"SDN":14.843159,"SUR":92.66474,"SWE":68.95256,"CHE":29.411463,"SYR":2.4459808,"TJK":2.9425752,"TZA":64.75389,"THA":39.57995,"TGO":23.75694,"TON":12.125,"TTO":46.793373,"TUN":4.175798,"TUR":25.8,"TKM":4.958185,"TCA":11.073684,"TUV":34.333332,"UGA":21.536964,"UKR":16.087677,"ARE":4.432695,"GBR":11.628157,"USA":33.08771,"VIR":57.674286,"URY":5.5468516,"UZB":5.972486,"VUT":80.89598,"VEN":56.95049,"VNM":31.450785,"ESH":2.177456,"YEM":1.0398318,"ZMB":63.68178,"ZWE":42.662384}