{"AFG":1.8543152,"ALB":28.574818,"DZA":0.7191957,"ASM":89.84,"AND":37.38298,"AGO":61.824997,"ATG":22.527273,"ARG":20.179632,"ARM":11.735265,"ABW":2.7222223,"AUS":17.43033,"AUT":45.981712,"AZE":11.584804,"BHS":50.935066,"BHR":1.7341772,"BGD":15.1019125,"BRB":14.651163,"BLR":39.05562,"BEL":22.114841,"BLZ":68.26217,"BEN":58.42821,"BMU":14.444445,"BTN":66.50509,"BOL":56.27966,"BIH":42.58779,"BWA":27.752016,"BRA":71.921074,"VGB":66.64667,"BRN":77.457306,"BGR":30.779293,"BFA":28.226494,"BDI":9.802103,"KHM":61.962685,"CMR":47.025127,"CAN":41.03401,"CPV":8.640199,"CYM":54.458332,"CAF":74.36825,"TCD":5.254827,"CHL":22.857176,"CHN":17.372702,"COL":57.992847,"COM":24.635143,"COG":65.06296,"CRI":54.55999,"CIV":24.077848,"HRV":33.246964,"CUB":23.3921,"CUW":0.15765765,"CYP":17.777056,"CZE":36.8946,"COD":69.921364,"DNK":13.5872,"DJI":0.24158758,"DMA":78.328,"DOM":44.446743,"TLS":73.73033,"ECU":57.826126,"EGY":0.0039278716,"SLV":35.067566,"GNQ":95.33259,"ERI":13.494372,"EST":51.85577,"SWZ":27.969187,"ETH":25.092848,"FRO":0.05839416,"FJI":52.53005,"FIN":72.533615,"FRA":26.831179,"GUF":97.102165,"PYF":41.96658,"GAB":92.181656,"GMB":39.29565,"GEO":43.644985,"DEU":32.39123,"GHA":25.988846,"GRC":28.773468,"GRL":0.0005359971,"GRD":52.058823,"GUM":44.444443,"GTM":43.530094,"GIN":28.49267,"GNB":79.740715,"GUY":94.44131,"HTI":13.559506,"HND":66.93885,"HUN":20.228807,"ISL":0.22034116,"IND":21.873442,"IDN":57.605564,"IRN":6.626194,"IRQ":1.8605942,"IRL":7.4358544,"IMN":6.368421,"ITA":26.456106,"JAM":48.12549,"JPN":68.38902,"JOR":0.79622495,"KAZ":1.1707401,"KEN":6.6122274,"KIR":1.3209877,"KWT":0.21952862,"KGZ":5.9945984,"LAO":61.93461,"LVA":51.316086,"LBN":13.510362,"LSO":1.1370224,"LBR":83.14742,"LBY":0.12275992,"LIE":32.8375,"LTU":31.427704,"LUX":33.432255,"MDG":23.166563,"MWI":35.805492,"MYS":61.909462,"MDV":12.4,"MLI":11.225073,"MLT":1.09375,"MHL":52.22222,"MRT":0.90718347,"MUS":20.695042,"MEX":36.596027,"FSM":90.94857,"MDA":10.06689,"MCO":0,"MNG":9.197758,"MNE":46.54275,"MAR":12.772337,"MOZ":51.86783,"MMR":58.089645,"NAM":10.392624,"NRU":0,"NPL":40.448784,"NLD":10.382566,"NCL":45.576916,"NZL":36.13885,"NIC":56.514378,"NER":1.3893819,"NGA":23.266258,"PRK":61.917034,"MKD":36.70361,"MNP":44.173912,"NOR":33.522808,"OMN":0.0051696287,"PAK":4.4336085,"PLW":83.86739,"PAN":66.142654,"PNG":76.28984,"PRY":61.989758,"PER":59.48428,"PHL":25.616076,"POL":29.191088,"PRT":37.24079,"PRI":38.49222,"QAT":0.12184508,"ROU":27.68385,"RUS":49.57495,"RWA":17.371868,"KNA":42.307693,"LCA":45.34426,"MAF":24.8,"VCT":73.14359,"WSM":62.99892,"SMR":16.666666,"STP":61.365623,"SAU":1.2876508,"SEN":47.50805,"SRB":28.11345,"SYC":72.78043,"SLE":42.498184,"SGP":21.56546,"SXM":8.823529,"SVK":39.562374,"SVN":59.668064,"SLB":90.65734,"SOM":12.837138,"ZAF":16.552164,"KOR":66.890366,"SSD":11.246816,"ESP":29.739912,"LKA":37.638214,"SDN":14.749936,"SUR":92.687004,"SWE":68.97712,"CHE":29.519487,"SYR":2.4512622,"TJK":2.9440162,"TZA":64.29894,"THA":39.566246,"TGO":23.702518,"TON":12.125,"TTO":46.710526,"TUN":4.191156,"TUR":25.84741,"TKM":4.958185,"TCA":11.073684,"TUV":34.333332,"UGA":20.964857,"UKR":16.128408,"ARE":4.4329767,"GBR":11.700905,"USA":33.099586,"VIR":57.354286,"URY":5.807879,"UZB":6.0660043,"VUT":80.70041,"VEN":56.808548,"VNM":32.219105,"ESH":2.1532242,"YEM":1.0398318,"ZMB":63.633625,"ZWE":42.389103}