{"AFG":1.8543152,"ALB":28.503649,"DZA":0.7189128,"ASM":89.67,"AND":37.29787,"AGO":61.703064,"ATG":22.377274,"ARG":20.08655,"ARM":11.727924,"ABW":2.7222223,"AUS":17.408653,"AUT":46.057415,"AZE":11.636201,"BHS":50.935066,"BHR":1.7341772,"BGD":15.051993,"BRB":14.651163,"BLR":39.29849,"BEL":22.08172,"BLZ":67.92942,"BEN":57.27013,"BMU":14.444445,"BTN":66.76539,"BOL":56.031506,"BIH":42.395702,"BWA":27.752016,"BRA":71.23045,"VGB":66.64,"BRN":77.1537,"BGR":30.823507,"BFA":27.524323,"BDI":9.480685,"KHM":61.835907,"CMR":46.8342,"CAN":41.028637,"CPV":8.74938,"CYM":54.375,"CAF":74.31208,"TCD":5.22486,"CHL":22.939707,"CHN":17.584244,"COL":57.76459,"COM":24.399786,"COG":65.02782,"CRI":54.73686,"CIV":23.40663,"HRV":33.309505,"CUB":23.764933,"CUW":0.15765765,"CYP":17.890692,"CZE":36.928032,"COD":69.62363,"DNK":13.6876,"DJI":0.24158758,"DMA":78.290665,"DOM":44.51656,"TLS":73.63618,"ECU":57.463062,"EGY":0.0039278716,"SLV":34.92423,"GNQ":95.03465,"ERI":13.444967,"EST":51.932976,"SWZ":27.881977,"ETH":25.028334,"FRO":0.05839416,"FJI":52.895565,"FIN":72.721245,"FRA":26.98678,"GUF":97.04762,"PYF":42.085278,"GAB":92.15347,"GMB":38.733795,"GEO":43.65693,"DEU":32.406685,"GHA":26.145834,"GRC":28.773468,"GRL":0.0005359971,"GRD":52.058823,"GUM":44.444443,"GTM":42.946156,"GIN":28.220015,"GNB":79.56195,"GUY":94.422035,"HTI":13.613934,"HND":66.47881,"HUN":20.346352,"ISL":0.23451354,"IND":21.996307,"IDN":56.317577,"IRN":6.626194,"IRQ":1.8638467,"IRL":7.6807666,"IMN":6.368421,"ITA":26.719702,"JAM":48.122993,"JPN":68.36872,"JOR":0.79622495,"KAZ":1.1705434,"KEN":6.625512,"KIR":1.3209877,"KWT":0.22817059,"KGZ":6.0177894,"LAO":61.783295,"LVA":51.425358,"LBN":13.519844,"LSO":1.1370224,"LBR":83.14742,"LBY":0.12257067,"LIE":32.95,"LTU":31.547504,"LUX":33.467213,"MDG":23.052643,"MWI":35.359947,"MYS":61.62727,"MDV":12.4,"MLI":11.142672,"MLT":1.09375,"MHL":52.22222,"MRT":0.9097332,"MUS":20.738108,"MEX":36.48233,"FSM":90.98857,"MDA":10.124658,"MCO":0,"MNG":9.1921015,"MNE":46.54275,"MAR":12.771817,"MOZ":51.528263,"MMR":57.423096,"NAM":10.306374,"NRU":0,"NPL":40.565567,"NLD":10.424651,"NCL":45.613678,"NZL":36.32045,"NIC":55.68905,"NER":1.3406805,"NGA":23.126945,"PRK":61.917034,"MKD":36.88422,"MNP":44.173912,"NOR":33.517757,"OMN":0.0051696287,"PAK":4.4149156,"PLW":84.17826,"PAN":65.91987,"PNG":76.241455,"PRY":61.037773,"PER":59.250423,"PHL":25.458597,"POL":29.248913,"PRT":37.142708,"PRI":39.905075,"QAT":0.12184508,"ROU":27.681677,"RUS":49.57986,"RWA":17.25991,"KNA":42.307693,"LCA":45.67213,"MAF":24.8,"VCT":73.14872,"WSM":62.8259,"SMR":16.666666,"STP":61.310417,"SAU":1.2876508,"SEN":47.42731,"SRB":28.315851,"SYC":72.30869,"SLE":42.224884,"SGP":21.869081,"SXM":8.823529,"SVK":39.56015,"SVN":59.891537,"SLB":90.63101,"SOM":12.714796,"ZAF":16.62435,"KOR":66.81352,"SSD":11.248398,"ESP":30.378132,"LKA":37.413837,"SDN":14.6567135,"SUR":92.70926,"SWE":69.00167,"CHE":29.627512,"SYR":2.4565434,"TWN":68,"TJK":2.9454572,"TZA":63.843983,"THA":39.552547,"TGO":23.648098,"TON":12.125,"TTO":46.62768,"TUN":4.206514,"TUR":25.894817,"TKM":4.958185,"TCA":11.073684,"TUV":34.333332,"UGA":20.39275,"UKR":16.16914,"ARE":4.433258,"GBR":11.773654,"USA":33.111458,"VIR":57.034286,"URY":6.0689063,"UZB":6.1595225,"VUT":80.50484,"VEN":56.666607,"VNM":32.987427,"ESH":2.1289926,"YEM":1.0398318,"ZMB":63.58547,"ZWE":42.11582}