{"AFG":1.8543152,"ALB":28.432482,"DZA":0.7186298,"ASM":89.5,"AND":37.212765,"AGO":61.58112,"ATG":22.227272,"ARG":19.993467,"ARM":11.720583,"ABW":2.7222223,"AUS":17.386976,"AUT":46.133118,"AZE":11.687598,"BHS":50.935066,"BHR":1.7341772,"BGD":15.002074,"BRB":14.651163,"BLR":39.541355,"BEL":22.0486,"BLZ":67.596664,"BEN":56.112053,"BMU":14.444445,"BTN":67.025696,"BOL":55.78335,"BIH":42.203613,"BWA":27.752016,"BRA":70.53983,"VGB":66.63333,"BRN":76.8501,"BGR":30.867723,"BFA":26.822151,"BDI":9.159268,"KHM":61.709126,"CMR":46.643284,"CAN":41.023262,"CPV":8.858561,"CYM":54.291668,"CAF":74.25591,"TCD":5.1948934,"CHL":23.022238,"CHN":17.795786,"COL":57.536343,"COM":24.164427,"COG":64.992676,"CRI":54.91373,"CIV":22.735409,"HRV":33.37205,"CUB":24.137766,"CUW":0.15765765,"CYP":18.00433,"CZE":36.961464,"COD":69.32588,"DNK":13.788,"DJI":0.24158758,"DMA":78.253334,"DOM":44.586376,"TLS":73.54203,"ECU":57.099995,"EGY":0.0039278716,"SLV":34.780888,"GNQ":94.73672,"ERI":13.395563,"EST":52.01018,"SWZ":27.794767,"ETH":24.963818,"FRO":0.05839416,"FJI":53.261086,"FIN":72.90888,"FRA":27.14238,"GUF":96.99308,"PYF":42.203976,"GAB":92.12529,"GMB":38.171936,"GEO":43.668873,"DEU":32.422142,"GHA":26.302822,"GRC":28.773468,"GRL":0.0005359971,"GRD":52.058823,"GUM":44.444443,"GTM":42.362217,"GIN":27.94736,"GNB":79.38318,"GUY":94.40277,"HTI":13.66836,"HND":66.01877,"HUN":20.463894,"ISL":0.24868591,"IND":22.119171,"IDN":55.02959,"IRN":6.626194,"IRQ":1.867099,"IRL":7.9256787,"IMN":6.368421,"ITA":26.983295,"JAM":48.120502,"JPN":68.34842,"JOR":0.79622495,"KAZ":1.1703467,"KEN":6.6387973,"KIR":1.3209877,"KWT":0.23681258,"KGZ":6.0409803,"LAO":61.631977,"LVA":51.53463,"LBN":13.5293255,"LSO":1.1370224,"LBR":83.14742,"LBY":0.12238142,"LIE":33.0625,"LTU":31.667305,"LUX":33.50217,"MDG":22.938725,"MWI":34.914402,"MYS":61.345074,"MDV":12.4,"MLI":11.060269,"MLT":1.09375,"MHL":52.22222,"MRT":0.91228294,"MUS":20.781172,"MEX":36.368626,"FSM":91.02857,"MDA":10.182426,"MCO":0,"MNG":9.186445,"MNE":46.54275,"MAR":12.771297,"MOZ":51.188694,"MMR":56.756546,"NAM":10.220123,"NRU":0,"NPL":40.68235,"NLD":10.466736,"NCL":45.650436,"NZL":36.502052,"NIC":54.86372,"NER":1.2919792,"NGA":22.98763,"PRK":61.917034,"MKD":37.06483,"MNP":44.173912,"NOR":33.51271,"OMN":0.0051696287,"PAK":4.3962226,"PLW":84.48913,"PAN":65.69709,"PNG":76.193054,"PRY":60.085793,"PER":59.016567,"PHL":25.30112,"POL":29.30674,"PRT":37.044624,"PRI":41.317924,"QAT":0.12184508,"ROU":27.679502,"RUS":49.58477,"RWA":17.147953,"KNA":42.307693,"LCA":46,"MAF":24.8,"VCT":73.15385,"WSM":62.652878,"SMR":16.666666,"STP":61.255207,"SAU":1.2876508,"SEN":47.34657,"SRB":28.518253,"SYC":71.83696,"SLE":41.95158,"SGP":22.172703,"SXM":8.823529,"SVK":39.557926,"SVN":60.115013,"SLB":90.60468,"SOM":12.592454,"ZAF":16.696535,"KOR":66.73668,"SSD":11.24998,"ESP":31.01635,"LKA":37.18946,"SDN":14.56349,"SUR":92.73152,"SWE":69.02622,"CHE":29.735537,"SYR":2.461825,"TJK":2.9468982,"TZA":63.389027,"THA":39.538845,"TGO":23.593676,"TON":12.125,"TTO":46.544834,"TUN":4.221872,"TUR":25.942226,"TKM":4.958185,"TCA":11.073684,"TUV":34.333332,"UGA":19.82064,"UKR":16.209873,"ARE":4.43354,"GBR":11.846402,"USA":33.12333,"VIR":56.714287,"URY":6.3299336,"UZB":6.253041,"VUT":80.30927,"VEN":56.524666,"VNM":33.75575,"ESH":2.1047611,"YEM":1.0398318,"ZMB":63.537308,"ZWE":41.842537}