{"AFG":1.8543152,"ALB":28.361315,"DZA":0.7183468,"ASM":89.33,"AND":37.12766,"AGO":61.45918,"ATG":22.077272,"ARG":19.900383,"ARM":11.713242,"ABW":2.7222223,"AUS":17.365301,"AUT":46.20882,"AZE":11.738996,"BHS":50.935066,"BHR":1.7341772,"BGD":14.952155,"BRB":14.651163,"BLR":39.784225,"BEL":22.015478,"BLZ":67.263916,"BEN":54.95397,"BMU":14.444445,"BTN":67.285995,"BOL":55.535194,"BIH":42.011524,"BWA":27.752016,"BRA":69.84922,"VGB":66.62666,"BRN":76.546486,"BGR":30.911938,"BFA":26.11998,"BDI":8.837851,"KHM":61.582348,"CMR":46.45236,"CAN":41.017887,"CPV":8.967742,"CYM":54.208332,"CAF":74.199745,"TCD":5.164927,"CHL":23.104767,"CHN":18.007326,"COL":57.30809,"COM":23.92907,"COG":64.95754,"CRI":55.0906,"CIV":22.064188,"HRV":33.434597,"CUB":24.510597,"CUW":0.15765765,"CYP":18.117966,"CZE":36.994896,"COD":69.028145,"DNK":13.8884,"DJI":0.24158758,"DMA":78.216,"DOM":44.656193,"TLS":73.44788,"ECU":56.73693,"EGY":0.0039278716,"SLV":34.637547,"GNQ":94.43879,"ERI":13.346158,"EST":52.087387,"SWZ":27.707558,"ETH":24.899302,"FRO":0.05839416,"FJI":53.626602,"FIN":73.09651,"FRA":27.29798,"GUF":96.93854,"PYF":42.322674,"GAB":92.097115,"GMB":37.61008,"GEO":43.680817,"DEU":32.4376,"GHA":26.45981,"GRC":28.773468,"GRL":0.0005359971,"GRD":52.058823,"GUM":44.444443,"GTM":41.778275,"GIN":27.674704,"GNB":79.20441,"GUY":94.3835,"HTI":13.722787,"HND":65.55873,"HUN":20.581438,"ISL":0.26285827,"IND":22.242037,"IDN":53.7416,"IRN":6.626194,"IRQ":1.8703516,"IRL":8.17059,"IMN":6.368421,"ITA":27.24689,"JAM":48.118008,"JPN":68.32812,"JOR":0.79622495,"KAZ":1.17015,"KEN":6.652082,"KIR":1.3209877,"KWT":0.24545455,"KGZ":6.064171,"LAO":61.48066,"LVA":51.6439,"LBN":13.538808,"LSO":1.1370224,"LBR":83.14742,"LBY":0.12219217,"LIE":33.175,"LTU":31.787106,"LUX":33.537132,"MDG":22.824806,"MWI":34.468857,"MYS":61.06288,"MDV":12.4,"MLI":10.977867,"MLT":1.09375,"MHL":52.22222,"MRT":0.91483265,"MUS":20.824236,"MEX":36.25493,"FSM":91.06857,"MDA":10.240194,"MCO":0,"MNG":9.180788,"MNE":46.54275,"MAR":12.770778,"MOZ":50.849125,"MMR":56.089993,"NAM":10.133873,"NRU":0,"NPL":40.799133,"NLD":10.508821,"NCL":45.6872,"NZL":36.68365,"NIC":54.03839,"NER":1.2432778,"NGA":22.848318,"PRK":61.917034,"MKD":37.24544,"MNP":44.173912,"NOR":33.507664,"OMN":0.0051696287,"PAK":4.3775296,"PLW":84.8,"PAN":65.474304,"PNG":76.14467,"PRY":59.133804,"PER":58.78271,"PHL":25.143642,"POL":29.364567,"PRT":36.94654,"PRI":42.730778,"QAT":0.12184508,"ROU":27.67733,"RUS":49.589684,"RWA":17.035995,"KNA":42.307693,"LCA":46.32787,"MAF":24.8,"VCT":73.15897,"WSM":62.479855,"SMR":16.666666,"STP":61.2,"SAU":1.2876508,"SEN":47.265827,"SRB":28.720657,"SYC":71.36522,"SLE":41.678276,"SGP":22.476322,"SXM":8.823529,"SVK":39.5557,"SVN":60.33849,"SLB":90.57835,"SOM":12.470112,"ZAF":16.76872,"KOR":66.659836,"SSD":11.251563,"ESP":31.65457,"LKA":36.965084,"SDN":14.470267,"SUR":92.753784,"SWE":69.05077,"CHE":29.843561,"SYR":2.4671063,"TJK":2.9483392,"TZA":62.93407,"THA":39.525143,"TGO":23.539253,"TON":12.125,"TTO":46.461987,"TUN":4.23723,"TUR":25.989634,"TKM":4.958185,"TCA":11.073684,"TUV":34.333332,"UGA":19.248533,"UKR":16.250605,"ARE":4.4338217,"GBR":11.91915,"USA":33.1352,"VIR":56.394287,"URY":6.590961,"UZB":6.346559,"VUT":80.1137,"VEN":56.38272,"VNM":34.524067,"ESH":2.0805295,"YEM":1.0398318,"ZMB":63.48915,"ZWE":41.569256}