{"AFG":1.8543152,"ALB":28.290146,"DZA":0.71806383,"ASM":89.16,"AND":37.042553,"AGO":61.337246,"ATG":21.927273,"ARG":19.8073,"ARM":11.705901,"ABW":2.7222223,"AUS":17.343624,"AUT":46.284527,"AZE":11.790393,"BHS":50.935066,"BHR":1.7341772,"BGD":14.902236,"BRB":14.651163,"BLR":40.027096,"BEL":21.982357,"BLZ":66.93117,"BEN":53.795895,"BMU":14.444445,"BTN":67.5463,"BOL":55.287037,"BIH":41.819435,"BWA":27.752016,"BRA":69.1586,"VGB":66.62,"BRN":76.24288,"BGR":30.956154,"BFA":25.417809,"BDI":8.516433,"KHM":61.45557,"CMR":46.261436,"CAN":41.01252,"CPV":9.076923,"CYM":54.125,"CAF":74.14358,"TCD":5.13496,"CHL":23.187298,"CHN":18.218868,"COL":57.079838,"COM":23.693712,"COG":64.9224,"CRI":55.26747,"CIV":21.39297,"HRV":33.49714,"CUB":24.88343,"CUW":0.15765765,"CYP":18.231602,"CZE":37.028328,"COD":68.730415,"DNK":13.9888,"DJI":0.24158758,"DMA":78.178665,"DOM":44.72601,"TLS":73.35373,"ECU":56.373863,"EGY":0.0039278716,"SLV":34.49421,"GNQ":94.140854,"ERI":13.296753,"EST":52.164593,"SWZ":27.620348,"ETH":24.834787,"FRO":0.05839416,"FJI":53.99212,"FIN":73.28415,"FRA":27.45358,"GUF":96.884,"PYF":42.441372,"GAB":92.06893,"GMB":37.04822,"GEO":43.69276,"DEU":32.453056,"GHA":26.616798,"GRC":28.773468,"GRL":0.0005359971,"GRD":52.058823,"GUM":44.444443,"GTM":41.194336,"GIN":27.402046,"GNB":79.02564,"GUY":94.364235,"HTI":13.777213,"HND":65.09869,"HUN":20.69898,"ISL":0.27703065,"IND":22.3649,"IDN":52.45361,"IRN":6.626194,"IRQ":1.873604,"IRL":8.415503,"IMN":6.368421,"ITA":27.510483,"JAM":48.115513,"JPN":68.307816,"JOR":0.79622495,"KAZ":1.1699533,"KEN":6.665367,"KIR":1.3209877,"KWT":0.2540965,"KGZ":6.087362,"LAO":61.32934,"LVA":51.753174,"LBN":13.548289,"LSO":1.1370224,"LBR":83.14742,"LBY":0.12200291,"LIE":33.2875,"LTU":31.906906,"LUX":33.57209,"MDG":22.710886,"MWI":34.023315,"MYS":60.780685,"MDV":12.4,"MLI":10.895466,"MLT":1.09375,"MHL":52.22222,"MRT":0.91738236,"MUS":20.8673,"MEX":36.141228,"FSM":91.108574,"MDA":10.297963,"MCO":0,"MNG":9.175132,"MNE":46.54275,"MAR":12.770258,"MOZ":50.50956,"MMR":55.423447,"NAM":10.047623,"NRU":0,"NPL":40.91592,"NLD":10.550906,"NCL":45.72396,"NZL":36.86525,"NIC":53.213062,"NER":1.1945765,"NGA":22.709002,"PRK":61.917034,"MKD":37.426052,"MNP":44.173912,"NOR":33.502613,"OMN":0.0051696287,"PAK":4.3588367,"PLW":85.11087,"PAN":65.251526,"PNG":76.096275,"PRY":58.181824,"PER":58.548855,"PHL":24.986166,"POL":29.422392,"PRT":36.848457,"PRI":44.14363,"QAT":0.12184508,"ROU":27.675156,"RUS":49.59459,"RWA":16.924038,"KNA":42.307693,"LCA":46.65574,"MAF":24.8,"VCT":73.1641,"WSM":62.306835,"SMR":16.666666,"STP":61.14479,"SAU":1.2876508,"SEN":47.18509,"SRB":28.92306,"SYC":70.89348,"SLE":41.404972,"SGP":22.779943,"SXM":8.823529,"SVK":39.553474,"SVN":60.561966,"SLB":90.55202,"SOM":12.34777,"ZAF":16.840908,"KOR":66.58299,"SSD":11.253145,"ESP":32.29279,"LKA":36.740704,"SDN":14.377045,"SUR":92.77605,"SWE":69.07533,"CHE":29.951584,"SYR":2.4723876,"TJK":2.9497802,"TZA":62.479115,"THA":39.51144,"TGO":23.48483,"TON":12.125,"TTO":46.379143,"TUN":4.2525873,"TUR":26.03704,"TKM":4.958185,"TCA":11.073684,"TUV":34.333332,"UGA":18.676426,"UKR":16.291336,"ARE":4.434103,"GBR":11.991899,"USA":33.147076,"VIR":56.074287,"URY":6.8519883,"UZB":6.4400773,"VUT":79.91813,"VEN":56.24078,"VNM":35.29239,"ESH":2.0562978,"YEM":1.0398318,"ZMB":63.440994,"ZWE":41.295975}