{"AFG":1.8543152,"ALB":28.218979,"DZA":0.7177808,"ASM":88.99,"AND":36.957447,"AGO":61.215305,"ATG":21.777273,"ARG":19.714216,"ARM":11.69856,"ABW":2.7222223,"AUS":17.321947,"AUT":46.36023,"AZE":11.841791,"BHS":50.935066,"BHR":1.7341772,"BGD":14.852316,"BRB":14.651163,"BLR":40.269962,"BEL":21.949236,"BLZ":66.59842,"BEN":52.637814,"BMU":14.444445,"BTN":67.80661,"BOL":55.038883,"BIH":41.627342,"BWA":27.752016,"BRA":68.46798,"VGB":66.613335,"BRN":75.93928,"BGR":31.000368,"BFA":24.715635,"BDI":8.195016,"KHM":61.32879,"CMR":46.07051,"CAN":41.007145,"CPV":9.186104,"CYM":54.041668,"CAF":74.0874,"TCD":5.104994,"CHL":23.269829,"CHN":18.43041,"COL":56.851585,"COM":23.458355,"COG":64.88726,"CRI":55.44434,"CIV":20.721748,"HRV":33.559685,"CUB":25.256262,"CUW":0.15765765,"CYP":18.345238,"CZE":37.06176,"COD":68.43267,"DNK":14.0892,"DJI":0.24158758,"DMA":78.141335,"DOM":44.795822,"TLS":73.25958,"ECU":56.0108,"EGY":0.0039278716,"SLV":34.35087,"GNQ":93.842926,"ERI":13.247348,"EST":52.2418,"SWZ":27.53314,"ETH":24.770271,"FRO":0.05839416,"FJI":54.357635,"FIN":73.47178,"FRA":27.60918,"GUF":96.82946,"PYF":42.56007,"GAB":92.04076,"GMB":36.486362,"GEO":43.704704,"DEU":32.468513,"GHA":26.773787,"GRC":28.773468,"GRL":0.0005359971,"GRD":52.058823,"GUM":44.444443,"GTM":40.610397,"GIN":27.12939,"GNB":78.84687,"GUY":94.34496,"HTI":13.83164,"HND":64.63864,"HUN":20.816525,"ISL":0.29120302,"IND":22.487766,"IDN":51.165623,"IRN":6.626194,"IRQ":1.8768566,"IRL":8.660415,"IMN":6.368421,"ITA":27.774076,"JAM":48.113018,"JPN":68.28751,"JOR":0.79622495,"KAZ":1.1697567,"KEN":6.678652,"KIR":1.3209877,"KWT":0.2627385,"KGZ":6.110553,"LAO":61.178024,"LVA":51.862446,"LBN":13.557772,"LSO":1.1370224,"LBR":83.14742,"LBY":0.121813655,"LIE":33.4,"LTU":32.026707,"LUX":33.607048,"MDG":22.596968,"MWI":33.57777,"MYS":60.498493,"MDV":12.4,"MLI":10.813064,"MLT":1.09375,"MHL":52.22222,"MRT":0.91993207,"MUS":20.910366,"MEX":36.027527,"FSM":91.148575,"MDA":10.355731,"MCO":0,"MNG":9.169476,"MNE":46.54275,"MAR":12.769738,"MOZ":50.169994,"MMR":54.756897,"NAM":9.961372,"NRU":0,"NPL":41.032703,"NLD":10.592991,"NCL":45.760723,"NZL":37.04685,"NIC":52.387733,"NER":1.1458751,"NGA":22.569689,"PRK":61.917034,"MKD":37.606663,"MNP":44.173912,"NOR":33.497566,"OMN":0.0051696287,"PAK":4.3401437,"PLW":85.42174,"PAN":65.02874,"PNG":76.04789,"PRY":57.229836,"PER":58.315,"PHL":24.828688,"POL":29.480219,"PRT":36.750374,"PRI":45.556484,"QAT":0.12184508,"ROU":27.672983,"RUS":49.5995,"RWA":16.81208,"KNA":42.307693,"LCA":46.98361,"MAF":24.8,"VCT":73.16923,"WSM":62.133812,"SMR":16.666666,"STP":61.089584,"SAU":1.2876508,"SEN":47.104347,"SRB":29.125462,"SYC":70.42174,"SLE":41.13167,"SGP":23.083565,"SXM":8.823529,"SVK":39.551247,"SVN":60.785442,"SLB":90.52569,"SOM":12.225428,"ZAF":16.913094,"KOR":66.50615,"SSD":11.254727,"ESP":32.931007,"LKA":36.516327,"SDN":14.283822,"SUR":92.7983,"SWE":69.099884,"CHE":30.059608,"SYR":2.477669,"TJK":2.9512212,"TZA":62.02416,"THA":39.497738,"TGO":23.43041,"TON":12.125,"TTO":46.296295,"TUN":4.2679453,"TUR":26.084452,"TKM":4.958185,"TCA":11.073684,"TUV":34.333332,"UGA":18.104319,"UKR":16.332067,"ARE":4.434385,"GBR":12.064647,"USA":33.158943,"VIR":55.754284,"URY":7.1130157,"UZB":6.5335956,"VUT":79.72256,"VEN":56.09884,"VNM":36.06071,"ESH":2.032066,"YEM":1.0398318,"ZMB":63.392834,"ZWE":41.022694}