{"AFG":1.8543152,"ALB":28.14781,"DZA":0.7174978,"ASM":88.82,"AND":36.87234,"AGO":61.093365,"ATG":21.627274,"ARG":19.621134,"ARM":11.691218,"ABW":2.7222223,"AUS":17.300272,"AUT":46.435932,"AZE":11.893188,"BHS":50.935066,"BHR":1.7341772,"BGD":14.802397,"BRB":14.651163,"BLR":40.512833,"BEL":21.916115,"BLZ":66.26567,"BEN":51.479736,"BMU":14.444445,"BTN":68.06691,"BOL":54.79073,"BIH":41.435253,"BWA":27.752016,"BRA":67.77736,"VGB":66.60667,"BRN":75.63567,"BGR":31.044584,"BFA":24.013464,"BDI":7.873598,"KHM":61.20201,"CMR":45.879593,"CAN":41.00177,"CPV":9.295285,"CYM":53.958332,"CAF":74.031235,"TCD":5.075027,"CHL":23.352358,"CHN":18.64195,"COL":56.62333,"COM":23.222998,"COG":64.85212,"CRI":55.621212,"CIV":20.050528,"HRV":33.62223,"CUB":25.629095,"CUW":0.15765765,"CYP":18.458874,"CZE":37.095192,"COD":68.13493,"DNK":14.1896,"DJI":0.24158758,"DMA":78.104,"DOM":44.86564,"TLS":73.165436,"ECU":55.64773,"EGY":0.0039278716,"SLV":34.207527,"GNQ":93.54499,"ERI":13.197944,"EST":52.319004,"SWZ":27.44593,"ETH":24.705757,"FRO":0.05839416,"FJI":54.723152,"FIN":73.65942,"FRA":27.76478,"GUF":96.77492,"PYF":42.67877,"GAB":92.01257,"GMB":35.924507,"GEO":43.71665,"DEU":32.48397,"GHA":26.930775,"GRC":28.773468,"GRL":0.0005359971,"GRD":52.058823,"GUM":44.444443,"GTM":40.026455,"GIN":26.856735,"GNB":78.6681,"GUY":94.3257,"HTI":13.886066,"HND":64.178604,"HUN":20.934067,"ISL":0.3053754,"IND":22.610628,"IDN":49.877636,"IRN":6.626194,"IRQ":1.8801091,"IRL":8.905328,"IMN":6.368421,"ITA":28.03767,"JAM":48.110527,"JPN":68.26721,"JOR":0.79622495,"KAZ":1.16956,"KEN":6.691937,"KIR":1.3209877,"KWT":0.27138048,"KGZ":6.1337433,"LAO":61.026707,"LVA":51.971718,"LBN":13.567253,"LSO":1.1370224,"LBR":83.14742,"LBY":0.1216244,"LIE":33.5125,"LTU":32.146507,"LUX":33.642006,"MDG":22.48305,"MWI":33.132225,"MYS":60.216297,"MDV":12.4,"MLI":10.730661,"MLT":1.09375,"MHL":52.22222,"MRT":0.92248183,"MUS":20.95343,"MEX":35.913826,"FSM":91.18857,"MDA":10.4135,"MCO":0,"MNG":9.163819,"MNE":46.54275,"MAR":12.769218,"MOZ":49.83042,"MMR":54.090347,"NAM":9.875122,"NRU":0,"NPL":41.149487,"NLD":10.635076,"NCL":45.797485,"NZL":37.22845,"NIC":51.562405,"NER":1.0971738,"NGA":22.430374,"PRK":61.917034,"MKD":37.787273,"MNP":44.173912,"NOR":33.492516,"OMN":0.0051696287,"PAK":4.3214507,"PLW":85.732605,"PAN":64.80596,"PNG":75.9995,"PRY":56.277855,"PER":58.081142,"PHL":24.671211,"POL":29.538044,"PRT":36.65229,"PRI":46.969334,"QAT":0.12184508,"ROU":27.67081,"RUS":49.604412,"RWA":16.70012,"KNA":42.307693,"LCA":47.311474,"MAF":24.8,"VCT":73.17436,"WSM":61.960793,"SMR":16.666666,"STP":61.034374,"SAU":1.2876508,"SEN":47.023605,"SRB":29.327864,"SYC":69.95,"SLE":40.858368,"SGP":23.387186,"SXM":8.823529,"SVK":39.549023,"SVN":61.00892,"SLB":90.49936,"SOM":12.103086,"ZAF":16.98528,"KOR":66.429306,"SSD":11.25631,"ESP":33.56923,"LKA":36.29195,"SDN":14.190599,"SUR":92.820564,"SWE":69.124435,"CHE":30.167633,"SYR":2.4829502,"TJK":2.9526622,"TZA":61.569202,"THA":39.48404,"TGO":23.375988,"TON":12.125,"TTO":46.21345,"TUN":4.2833033,"TUR":26.131859,"TKM":4.958185,"TCA":11.073684,"TUV":34.333332,"UGA":17.532211,"UKR":16.372799,"ARE":4.434666,"GBR":12.137395,"USA":33.17082,"VIR":55.434284,"URY":7.374043,"UZB":6.627114,"VUT":79.52699,"VEN":55.956898,"VNM":36.82903,"ESH":2.0078347,"YEM":1.0398318,"ZMB":63.344677,"ZWE":40.74941}