{"AFG":1.8543152,"ALB":28.076643,"DZA":0.7172148,"ASM":88.65,"AND":36.787235,"AGO":60.971428,"ATG":21.477272,"ARG":19.52805,"ARM":11.683878,"ABW":2.7222223,"AUS":17.278595,"AUT":46.511635,"AZE":11.944586,"BHS":50.935066,"BHR":1.7341772,"BGD":14.752478,"BRB":14.651163,"BLR":40.755703,"BEL":21.882994,"BLZ":65.93292,"BEN":50.321655,"BMU":14.444445,"BTN":68.32722,"BOL":54.542572,"BIH":41.243164,"BWA":27.752016,"BRA":67.08674,"VGB":66.6,"BRN":75.33207,"BGR":31.088799,"BFA":23.311295,"BDI":7.552181,"KHM":61.075233,"CMR":45.688667,"CAN":40.996395,"CPV":9.404467,"CYM":53.875,"CAF":73.97507,"TCD":5.04506,"CHL":23.434889,"CHN":18.853493,"COL":56.39508,"COM":22.98764,"COG":64.816986,"CRI":55.79808,"CIV":19.379309,"HRV":33.684776,"CUB":26.001926,"CUW":0.15765765,"CYP":18.572512,"CZE":37.128624,"COD":67.8372,"DNK":14.29,"DJI":0.24158758,"DMA":78.066666,"DOM":44.935455,"TLS":73.07128,"ECU":55.284668,"EGY":0.0039278716,"SLV":34.06419,"GNQ":93.247055,"ERI":13.148539,"EST":52.39621,"SWZ":27.35872,"ETH":24.641241,"FRO":0.05839416,"FJI":55.08867,"FIN":73.84705,"FRA":27.920382,"GUF":96.720375,"PYF":42.797466,"GAB":91.9844,"GMB":35.362648,"GEO":43.728596,"DEU":32.499428,"GHA":27.087763,"GRC":28.773468,"GRL":0.0005359971,"GRD":52.058823,"GUM":44.444443,"GTM":39.442516,"GIN":26.58408,"GNB":78.489334,"GUY":94.30643,"HTI":13.940494,"HND":63.718563,"HUN":21.05161,"ISL":0.31954777,"IND":22.733496,"IDN":48.589645,"IRN":6.626194,"IRQ":1.8833616,"IRL":9.15024,"IMN":6.368421,"ITA":28.301264,"JAM":48.108032,"JPN":68.24691,"JOR":0.79622495,"KAZ":1.1693633,"KEN":6.705222,"KIR":1.3209877,"KWT":0.28002244,"KGZ":6.1569343,"LAO":60.87539,"LVA":52.08099,"LBN":13.5767355,"LSO":1.1370224,"LBR":83.14742,"LBY":0.12143515,"LIE":33.625,"LTU":32.266308,"LUX":33.676968,"MDG":22.369131,"MWI":32.68668,"MYS":59.934105,"MDV":12.4,"MLI":10.64826,"MLT":1.09375,"MHL":52.22222,"MRT":0.92503154,"MUS":20.996494,"MEX":35.800125,"FSM":91.22857,"MDA":10.471268,"MCO":0,"MNG":9.158162,"MNE":46.54275,"MAR":12.768698,"MOZ":49.490856,"MMR":53.423794,"NAM":9.788872,"NRU":0,"NPL":41.26627,"NLD":10.67716,"NCL":45.834244,"NZL":37.41005,"NIC":50.73708,"NER":1.0484724,"NGA":22.291061,"PRK":61.917034,"MKD":37.967884,"MNP":44.173912,"NOR":33.48747,"OMN":0.0051696287,"PAK":4.3027577,"PLW":86.04348,"PAN":64.583176,"PNG":75.95111,"PRY":55.32587,"PER":57.847282,"PHL":24.513733,"POL":29.595871,"PRT":36.554207,"PRI":48.382187,"QAT":0.12184508,"ROU":27.668636,"RUS":49.609318,"RWA":16.588163,"KNA":42.307693,"LCA":47.639343,"MAF":24.8,"VCT":73.17949,"WSM":61.78777,"SMR":16.666666,"STP":60.979168,"SAU":1.2876508,"SEN":46.942867,"SRB":29.530266,"SYC":69.478264,"SLE":40.585064,"SGP":23.690807,"SXM":8.823529,"SVK":39.5468,"SVN":61.232395,"SLB":90.47302,"SOM":11.980744,"ZAF":17.057465,"KOR":66.35246,"SSD":11.257893,"ESP":34.207447,"LKA":36.067574,"SDN":14.097377,"SUR":92.84283,"SWE":69.14899,"CHE":30.275658,"SYR":2.4882317,"TWN":66,"TJK":2.9541032,"TZA":61.114246,"THA":39.470337,"TGO":23.321566,"TON":12.125,"TTO":46.130604,"TUN":4.298661,"TUR":26.179268,"TKM":4.958185,"TCA":11.073684,"TUV":34.333332,"UGA":16.960104,"UKR":16.41353,"ARE":4.434948,"GBR":12.210143,"USA":33.18269,"VIR":55.114285,"URY":7.6350703,"UZB":6.720632,"VUT":79.33142,"VEN":55.814953,"VNM":37.59735,"ESH":1.983603,"YEM":1.0398318,"ZMB":63.29652,"ZWE":40.476128}