{"AFG":1.8543152,"ALB":28.12325,"DZA":0.71693146,"ASM":87.88,"AND":36.95532,"AGO":60.562325,"ATG":21.325,"ARG":19.39231,"ARM":11.682649,"ABW":2.7222223,"AUS":17.256023,"AUT":46.54011,"AZE":11.999359,"BHS":50.935066,"BHR":1.7341772,"BGD":14.727825,"BRB":14.651163,"BLR":40.931572,"BEL":21.957008,"BLZ":65.600174,"BEN":49.071167,"BMU":14.444445,"BTN":68.58755,"BOL":54.39615,"BIH":41.225605,"BWA":27.752016,"BRA":66.660416,"VGB":66.59333,"BRN":75.00949,"BGR":31.422255,"BFA":22.820395,"BDI":7.552181,"KHM":60.966595,"CMR":45.54122,"CAN":41.05472,"CPV":9.513648,"CYM":53.7875,"CAF":73.9189,"TCD":4.9797254,"CHL":23.517416,"CHN":19.104977,"COL":56.292458,"COM":22.693176,"COG":64.781845,"CRI":55.860165,"CIV":19.013016,"HRV":33.74732,"CUB":26.493593,"CUW":0.15765765,"CYP":18.585823,"CZE":37.147713,"COD":67.53946,"DNK":14.32685,"DJI":0.24158758,"DMA":78.041336,"DOM":44.977947,"TLS":72.977135,"ECU":55.00196,"EGY":0.0039449497,"SLV":33.92085,"GNQ":92.95116,"ERI":13.099142,"EST":52.62352,"SWZ":27.271511,"ETH":24.576735,"FRO":0.05839416,"FJI":55.42058,"FIN":73.78005,"FRA":28.126934,"GUF":96.668976,"PYF":42.82368,"GAB":91.97727,"GMB":34.79081,"GEO":43.817528,"DEU":32.51517,"GHA":27.244751,"GRC":28.7827,"GRL":0.0005359971,"GRD":52.058823,"GUM":44.444443,"GTM":39.003166,"GIN":26.311424,"GNB":78.333,"GUY":94.283875,"HTI":13.92598,"HND":63.374672,"HUN":21.188824,"ISL":0.33593178,"IND":22.79757,"IDN":48.819317,"IRN":6.626194,"IRQ":1.8802934,"IRL":9.280911,"IMN":6.368421,"ITA":28.52404,"JAM":48.45374,"JPN":68.27161,"JOR":0.79622495,"KAZ":1.1665944,"KEN":6.7161613,"KIR":1.3209877,"KWT":0.28226712,"KGZ":6.1808863,"LAO":60.70665,"LVA":52.29169,"LBN":13.586315,"LSO":1.1370224,"LBR":82.74358,"LBY":0.12124589,"LIE":33.73125,"LTU":32.50591,"LUX":33.75465,"MDG":22.185545,"MWI":32.241196,"MYS":59.707745,"MDV":12.4,"MLI":10.565858,"MLT":1.09375,"MHL":52.22222,"MRT":0.9275803,"MUS":20.817726,"MEX":35.726154,"FSM":91.26714,"MDA":10.562785,"MCO":0,"MNG":9.153027,"MNE":48.037174,"MAR":12.768033,"MOZ":49.15129,"MMR":52.89871,"NAM":9.788088,"NRU":0,"NPL":41.383057,"NLD":10.718681,"NCL":45.840645,"NZL":37.40917,"NIC":49.91175,"NER":1.0386674,"NGA":22.151747,"PRK":62.001892,"MKD":37.9793,"MNP":44.173912,"NOR":33.473965,"OMN":0.0051696287,"PAK":4.2830296,"PLW":86.25652,"PAN":64.42929,"PNG":75.90271,"PRY":54.37389,"PER":57.613426,"PHL":24.35626,"POL":29.68408,"PRT":36.448654,"PRI":49.084557,"QAT":0.12184508,"ROU":27.733397,"RUS":49.66462,"RWA":16.61658,"KNA":42.307693,"LCA":47.967213,"MAF":24.8,"VCT":73.18205,"WSM":61.61475,"SMR":16.666666,"STP":60.922916,"SAU":1.2876508,"SEN":46.862125,"SRB":30.002129,"SYC":69.00652,"SLE":40.311764,"SGP":23.792479,"SXM":8.823529,"SVK":39.581116,"SVN":61.301918,"SLB":90.44666,"SOM":11.858402,"ZAF":17.12965,"KOR":66.26127,"SSD":11.2613735,"ESP":34.502068,"LKA":35.94604,"SDN":14.004154,"SUR":92.81793,"SWE":69.12689,"CHE":30.373203,"SYR":2.5158858,"TJK":2.9541032,"TZA":60.65929,"THA":39.456635,"TGO":23.267162,"TON":12.125,"TTO":46.047955,"TUN":4.3215694,"TUR":26.300718,"TKM":4.958185,"TCA":11.073684,"TUV":34.333332,"UGA":16.710018,"UKR":16.42009,"ARE":4.4413967,"GBR":12.253545,"USA":33.23936,"VIR":54.868572,"URY":7.840555,"UZB":6.8087153,"VUT":79.135765,"VEN":55.718636,"VNM":38.109097,"ESH":1.9827536,"YEM":1.0398318,"ZMB":63.248363,"ZWE":40.202847}