{"AFG":1.8543152,"ALB":28.169853,"DZA":0.71664804,"ASM":87.11,"AND":37.123405,"AGO":60.153217,"ATG":21.172728,"ARG":19.25657,"ARM":11.681419,"ABW":2.7222223,"AUS":17.233454,"AUT":46.56859,"AZE":12.0541315,"BHS":50.935066,"BHR":1.7341772,"BGD":14.703173,"BRB":14.651163,"BLR":41.107445,"BEL":22.031023,"BLZ":65.267426,"BEN":47.820683,"BMU":14.444445,"BTN":68.84788,"BOL":54.24972,"BIH":41.208046,"BWA":27.752016,"BRA":66.23409,"VGB":66.58667,"BRN":74.686905,"BGR":31.75571,"BFA":22.329496,"BDI":7.552181,"KHM":60.857952,"CMR":45.39377,"CAN":41.11305,"CPV":9.6228285,"CYM":53.7,"CAF":73.86273,"TCD":4.91439,"CHL":23.599947,"CHN":19.35646,"COL":56.189835,"COM":22.39871,"COG":64.746704,"CRI":55.92225,"CIV":18.646723,"HRV":33.809864,"CUB":26.98526,"CUW":0.15765765,"CYP":18.599134,"CZE":37.166798,"COD":67.241714,"DNK":14.3637,"DJI":0.24158758,"DMA":78.016,"DOM":45.02044,"TLS":72.88299,"ECU":54.719254,"EGY":0.0039620274,"SLV":33.777508,"GNQ":92.65526,"ERI":13.049746,"EST":52.85083,"SWZ":27.184301,"ETH":24.51223,"FRO":0.05839416,"FJI":55.75249,"FIN":73.71305,"FRA":28.333488,"GUF":96.61757,"PYF":42.8499,"GAB":91.970146,"GMB":34.21897,"GEO":43.90646,"DEU":32.530914,"GHA":27.40174,"GRC":28.791931,"GRL":0.0005359971,"GRD":52.058823,"GUM":44.444443,"GTM":38.563812,"GIN":26.038767,"GNB":78.176674,"GUY":94.26131,"HTI":13.911466,"HND":63.03078,"HUN":21.326036,"ISL":0.35231578,"IND":22.86164,"IDN":49.04898,"IRN":6.626194,"IRQ":1.8772252,"IRL":9.411584,"IMN":6.368421,"ITA":28.746815,"JAM":48.799446,"JPN":68.296295,"JOR":0.79622495,"KAZ":1.1638256,"KEN":6.7271004,"KIR":1.3209877,"KWT":0.28451177,"KGZ":6.2048383,"LAO":60.53791,"LVA":52.502396,"LBN":13.595895,"LSO":1.1370224,"LBR":82.339745,"LBY":0.12105664,"LIE":33.8375,"LTU":32.74551,"LUX":33.832336,"MDG":22.001959,"MWI":31.795715,"MYS":59.481388,"MDV":12.4,"MLI":10.483456,"MLT":1.09375,"MHL":52.22222,"MRT":0.93012905,"MUS":20.638958,"MEX":35.65218,"FSM":91.30572,"MDA":10.654303,"MCO":0,"MNG":9.14789,"MNE":49.531597,"MAR":12.767367,"MOZ":48.811726,"MMR":52.373615,"NAM":9.787305,"NRU":0,"NPL":41.49984,"NLD":10.760202,"NCL":45.847046,"NZL":37.408287,"NIC":49.086422,"NER":1.0288624,"NGA":22.012434,"PRK":62.086754,"MKD":37.990723,"MNP":44.173912,"NOR":33.46046,"OMN":0.0051696287,"PAK":4.263302,"PLW":86.46957,"PAN":64.27541,"PNG":75.85431,"PRY":53.421906,"PER":57.37957,"PHL":24.198786,"POL":29.77229,"PRT":36.343105,"PRI":49.786922,"QAT":0.12184508,"ROU":27.798157,"RUS":49.71992,"RWA":16.644995,"KNA":42.307693,"LCA":48.295082,"MAF":24.8,"VCT":73.184616,"WSM":61.441727,"SMR":16.666666,"STP":60.866665,"SAU":1.2876508,"SEN":46.781384,"SRB":30.473991,"SYC":68.53478,"SLE":40.03846,"SGP":23.89415,"SXM":8.823529,"SVK":39.615433,"SVN":61.371445,"SLB":90.420296,"SOM":11.73606,"ZAF":17.201838,"KOR":66.17008,"SSD":11.264855,"ESP":34.796688,"LKA":35.82451,"SDN":13.910932,"SUR":92.79304,"SWE":69.10479,"CHE":30.470749,"SYR":2.54354,"TJK":2.9541032,"TZA":60.204334,"THA":39.442932,"TGO":23.212759,"TON":12.125,"TTO":45.9653,"TUN":4.344477,"TUR":26.422173,"TKM":4.958185,"TCA":11.073684,"TUV":34.333332,"UGA":16.459934,"UKR":16.42665,"ARE":4.4478455,"GBR":12.296946,"USA":33.296032,"VIR":54.622856,"URY":8.046041,"UZB":6.8967986,"VUT":78.94012,"VEN":55.622326,"VNM":38.620842,"ESH":1.9819044,"YEM":1.0398318,"ZMB":63.200203,"ZWE":39.929565}