{"AFG":1.8543152,"ALB":28.21646,"DZA":0.7163646,"ASM":86.34,"AND":37.29149,"AGO":59.744118,"ATG":21.020454,"ARG":19.12083,"ARM":11.68019,"ABW":2.7222223,"AUS":17.210882,"AUT":46.59707,"AZE":12.108905,"BHS":50.935066,"BHR":1.7341772,"BGD":14.67852,"BRB":14.651163,"BLR":41.283314,"BEL":22.105038,"BLZ":64.93468,"BEN":46.570194,"BMU":14.444445,"BTN":69.10821,"BOL":54.1033,"BIH":41.190487,"BWA":27.752016,"BRA":65.80776,"VGB":66.58,"BRN":74.36433,"BGR":32.08917,"BFA":21.838596,"BDI":7.552181,"KHM":60.749313,"CMR":45.24632,"CAN":41.17137,"CPV":9.73201,"CYM":53.6125,"CAF":73.806564,"TCD":4.849055,"CHL":23.682478,"CHN":19.607943,"COL":56.08721,"COM":22.104244,"COG":64.71156,"CRI":55.984333,"CIV":18.280432,"HRV":33.87241,"CUB":27.476927,"CUW":0.15765765,"CYP":18.612446,"CZE":37.185886,"COD":66.94398,"DNK":14.40055,"DJI":0.24158758,"DMA":77.99067,"DOM":45.06293,"TLS":72.78883,"ECU":54.436546,"EGY":0.003979105,"SLV":33.63417,"GNQ":92.35936,"ERI":13.000349,"EST":53.07814,"SWZ":27.097094,"ETH":24.447723,"FRO":0.05839416,"FJI":56.0844,"FIN":73.64606,"FRA":28.540043,"GUF":96.56616,"PYF":42.876118,"GAB":91.96302,"GMB":33.647133,"GEO":43.995396,"DEU":32.546658,"GHA":27.558727,"GRC":28.801165,"GRL":0.0005359971,"GRD":52.058823,"GUM":44.444443,"GTM":38.124462,"GIN":25.766111,"GNB":78.02034,"GUY":94.23875,"HTI":13.896952,"HND":62.68689,"HUN":21.463247,"ISL":0.3686998,"IND":22.92571,"IDN":49.278652,"IRN":6.626194,"IRQ":1.874157,"IRL":9.542255,"IMN":6.368421,"ITA":28.96959,"JAM":49.145153,"JPN":68.320984,"JOR":0.79622495,"KAZ":1.1610568,"KEN":6.73804,"KIR":1.3209877,"KWT":0.28675646,"KGZ":6.2287903,"LAO":60.36917,"LVA":52.713097,"LBN":13.605474,"LSO":1.1370224,"LBR":81.9359,"LBY":0.12086739,"LIE":33.94375,"LTU":32.98511,"LUX":33.910023,"MDG":21.818375,"MWI":31.350233,"MYS":59.255028,"MDV":12.4,"MLI":10.401054,"MLT":1.09375,"MHL":52.22222,"MRT":0.9326778,"MUS":20.46019,"MEX":35.57821,"FSM":91.344284,"MDA":10.745819,"MCO":0,"MNG":9.142754,"MNE":51.026024,"MAR":12.766702,"MOZ":48.472153,"MMR":51.848522,"NAM":9.786521,"NRU":0,"NPL":41.616623,"NLD":10.801723,"NCL":45.853447,"NZL":37.407406,"NIC":48.261093,"NER":1.0190574,"NGA":21.873117,"PRK":62.17161,"MKD":38.00214,"MNP":44.173912,"NOR":33.446957,"OMN":0.0051696287,"PAK":4.2435737,"PLW":86.68261,"PAN":64.12153,"PNG":75.80591,"PRY":52.469925,"PER":57.145714,"PHL":24.041311,"POL":29.860498,"PRT":36.237556,"PRI":50.48929,"QAT":0.12184508,"ROU":27.862917,"RUS":49.775223,"RWA":16.673409,"KNA":42.307693,"LCA":48.62295,"MAF":24.8,"VCT":73.18718,"WSM":61.268703,"SMR":16.666666,"STP":60.810417,"SAU":1.2876508,"SEN":46.700645,"SRB":30.945856,"SYC":68.06304,"SLE":39.765156,"SGP":23.995821,"SXM":8.823529,"SVK":39.64975,"SVN":61.44097,"SLB":90.39393,"SOM":11.613718,"ZAF":17.274023,"KOR":66.078896,"SSD":11.268336,"ESP":35.09131,"LKA":35.702976,"SDN":13.817709,"SUR":92.768135,"SWE":69.082695,"CHE":30.568295,"SYR":2.5711944,"TJK":2.9541032,"TZA":59.74938,"THA":39.42923,"TGO":23.158356,"TON":12.125,"TTO":45.882652,"TUN":4.3673854,"TUR":26.543623,"TKM":4.958185,"TCA":11.073684,"TUV":34.333332,"UGA":16.20985,"UKR":16.433207,"ARE":4.4542947,"GBR":12.340346,"USA":33.352703,"VIR":54.377144,"URY":8.251526,"UZB":6.9848814,"VUT":78.74446,"VEN":55.526012,"VNM":39.132587,"ESH":1.9810551,"YEM":1.0398318,"ZMB":63.152046,"ZWE":39.656284}