{"AFG":1.8543152,"ALB":28.263065,"DZA":0.7160812,"ASM":85.57,"AND":37.459576,"AGO":59.33501,"ATG":20.868181,"ARG":18.985092,"ARM":11.67896,"ABW":2.7222223,"AUS":17.18831,"AUT":46.625546,"AZE":12.163678,"BHS":50.935066,"BHR":1.7341772,"BGD":14.653868,"BRB":14.651163,"BLR":41.459187,"BEL":22.179052,"BLZ":64.60193,"BEN":45.319706,"BMU":14.444445,"BTN":69.36854,"BOL":53.95687,"BIH":41.172928,"BWA":27.752016,"BRA":65.38144,"VGB":66.57333,"BRN":74.04175,"BGR":32.422623,"BFA":21.347698,"BDI":7.552181,"KHM":60.640675,"CMR":45.09887,"CAN":41.2297,"CPV":9.841191,"CYM":53.525,"CAF":73.7504,"TCD":4.78372,"CHL":23.765005,"CHN":19.859428,"COL":55.98459,"COM":21.80978,"COG":64.67643,"CRI":56.046417,"CIV":17.914139,"HRV":33.93495,"CUB":27.968594,"CUW":0.15765765,"CYP":18.625757,"CZE":37.20497,"COD":66.64625,"DNK":14.4374,"DJI":0.24158758,"DMA":77.96533,"DOM":45.105423,"TLS":72.69469,"ECU":54.153843,"EGY":0.0039961827,"SLV":33.49083,"GNQ":92.06346,"ERI":12.950953,"EST":53.305454,"SWZ":27.009884,"ETH":24.383217,"FRO":0.05839416,"FJI":56.41631,"FIN":73.579056,"FRA":28.746595,"GUF":96.51476,"PYF":42.902332,"GAB":91.955894,"GMB":33.0753,"GEO":44.084328,"DEU":32.5624,"GHA":27.715715,"GRC":28.810396,"GRL":0.0005359971,"GRD":52.058823,"GUM":44.444443,"GTM":37.68511,"GIN":25.493456,"GNB":77.86401,"GUY":94.21619,"HTI":13.882439,"HND":62.343,"HUN":21.60046,"ISL":0.3850838,"IND":22.989786,"IDN":49.50832,"IRN":6.626194,"IRQ":1.8710887,"IRL":9.672928,"IMN":6.368421,"ITA":29.192364,"JAM":49.49086,"JPN":68.34568,"JOR":0.79622495,"KAZ":1.158288,"KEN":6.748979,"KIR":1.3209877,"KWT":0.28900114,"KGZ":6.2527423,"LAO":60.20043,"LVA":52.923798,"LBN":13.615054,"LSO":1.1370224,"LBR":81.53206,"LBY":0.120678134,"LIE":34.05,"LTU":33.224712,"LUX":33.98771,"MDG":21.634789,"MWI":30.904753,"MYS":59.02867,"MDV":12.4,"MLI":10.318652,"MLT":1.09375,"MHL":52.22222,"MRT":0.93522656,"MUS":20.281422,"MEX":35.504234,"FSM":91.38286,"MDA":10.837337,"MCO":0,"MNG":9.137617,"MNE":52.520447,"MAR":12.766036,"MOZ":48.132587,"MMR":51.323433,"NAM":9.785738,"NRU":0,"NPL":41.733406,"NLD":10.843244,"NCL":45.859848,"NZL":37.406525,"NIC":47.435764,"NER":1.0092524,"NGA":21.733805,"PRK":62.256474,"MKD":38.01356,"MNP":44.173912,"NOR":33.433453,"OMN":0.0051696287,"PAK":4.2238455,"PLW":86.89565,"PAN":63.967648,"PNG":75.757515,"PRY":51.517944,"PER":56.911858,"PHL":23.883839,"POL":29.948708,"PRT":36.132004,"PRI":51.191658,"QAT":0.12184508,"ROU":27.927677,"RUS":49.83052,"RWA":16.701824,"KNA":42.307693,"LCA":48.95082,"MAF":24.8,"VCT":73.18974,"WSM":61.095684,"SMR":16.666666,"STP":60.754166,"SAU":1.2876508,"SEN":46.619904,"SRB":31.417719,"SYC":67.5913,"SLE":39.49185,"SGP":24.097492,"SXM":8.823529,"SVK":39.684067,"SVN":61.510498,"SLB":90.36756,"SOM":11.491376,"ZAF":17.346209,"KOR":65.9877,"SSD":11.271818,"ESP":35.38593,"LKA":35.581444,"SDN":13.724486,"SUR":92.74324,"SWE":69.0606,"CHE":30.66584,"SYR":2.5988486,"TJK":2.9541032,"TZA":59.294422,"THA":39.41553,"TGO":23.103952,"TON":12.125,"TTO":45.8,"TUN":4.3902936,"TUR":26.665075,"TKM":4.958185,"TCA":11.073684,"TUV":34.333332,"UGA":15.9597645,"UKR":16.439766,"ARE":4.4607434,"GBR":12.383747,"USA":33.409378,"VIR":54.131428,"URY":8.45701,"UZB":7.0729647,"VUT":78.54881,"VEN":55.429703,"VNM":39.644333,"ESH":1.9802059,"YEM":1.0398318,"ZMB":63.10389,"ZWE":39.383}