{"AFG":1.8543152,"ALB":28.309671,"DZA":0.71579784,"ASM":84.8,"AND":37.62766,"AGO":58.925907,"ATG":20.71591,"ARG":18.849352,"ARM":11.677731,"ABW":2.7222223,"AUS":17.165741,"AUT":46.654022,"AZE":12.2184515,"BHS":50.935066,"BHR":1.7341772,"BGD":14.629215,"BRB":14.651163,"BLR":41.635056,"BEL":22.253067,"BLZ":64.26918,"BEN":44.069218,"BMU":14.444445,"BTN":69.62887,"BOL":53.810448,"BIH":41.155373,"BWA":27.752016,"BRA":64.95512,"VGB":66.566666,"BRN":73.71916,"BGR":32.75608,"BFA":20.856798,"BDI":7.552181,"KHM":60.532036,"CMR":44.95142,"CAN":41.288025,"CPV":9.950372,"CYM":53.4375,"CAF":73.69422,"TCD":4.7183847,"CHL":23.847536,"CHN":20.11091,"COL":55.881966,"COM":21.515314,"COG":64.64129,"CRI":56.1085,"CIV":17.547846,"HRV":33.997498,"CUB":28.46026,"CUW":0.15765765,"CYP":18.639069,"CZE":37.22406,"COD":66.3485,"DNK":14.47425,"DJI":0.24158758,"DMA":77.94,"DOM":45.147915,"TLS":72.60054,"ECU":53.871136,"EGY":0.0040132604,"SLV":33.347492,"GNQ":91.767555,"ERI":12.901556,"EST":53.532764,"SWZ":26.922674,"ETH":24.31871,"FRO":0.05839416,"FJI":56.748222,"FIN":73.512054,"FRA":28.95315,"GUF":96.463356,"PYF":42.92855,"GAB":91.94877,"GMB":32.50346,"GEO":44.173264,"DEU":32.578144,"GHA":27.872704,"GRC":28.819628,"GRL":0.0005359971,"GRD":52.058823,"GUM":44.444443,"GTM":37.245758,"GIN":25.2208,"GNB":77.70768,"GUY":94.19363,"HTI":13.867925,"HND":61.999107,"HUN":21.737673,"ISL":0.40146783,"IND":23.05386,"IDN":49.737988,"IRN":6.626194,"IRQ":1.8680205,"IRL":9.8036,"IMN":6.368421,"ITA":29.41514,"JAM":49.836567,"JPN":68.37037,"JOR":0.79622495,"KAZ":1.1555191,"KEN":6.7599187,"KIR":1.3209877,"KWT":0.2912458,"KGZ":6.2766943,"LAO":60.031693,"LVA":53.134502,"LBN":13.624634,"LSO":1.1370224,"LBR":81.12822,"LBY":0.120488875,"LIE":34.15625,"LTU":33.464314,"LUX":34.065395,"MDG":21.451202,"MWI":30.45927,"MYS":58.802315,"MDV":12.4,"MLI":10.23625,"MLT":1.09375,"MHL":52.22222,"MRT":0.9377753,"MUS":20.102654,"MEX":35.43026,"FSM":91.421425,"MDA":10.928854,"MCO":0,"MNG":9.132481,"MNE":54.01487,"MAR":12.76537,"MOZ":47.793022,"MMR":50.798344,"NAM":9.784954,"NRU":0,"NPL":41.850193,"NLD":10.884764,"NCL":45.86625,"NZL":37.405643,"NIC":46.610435,"NER":0.9994474,"NGA":21.59449,"PRK":62.341335,"MKD":38.02498,"MNP":44.173912,"NOR":33.41995,"OMN":0.0051696287,"PAK":4.2041173,"PLW":87.108696,"PAN":63.813763,"PNG":75.709114,"PRY":50.565964,"PER":56.677994,"PHL":23.726364,"POL":30.036917,"PRT":36.026455,"PRI":51.894024,"QAT":0.12184508,"ROU":27.992437,"RUS":49.885822,"RWA":16.73024,"KNA":42.307693,"LCA":49.27869,"MAF":24.8,"VCT":73.19231,"WSM":60.92266,"SMR":16.666666,"STP":60.697918,"SAU":1.2876508,"SEN":46.53916,"SRB":31.889582,"SYC":67.11957,"SLE":39.21855,"SGP":24.199163,"SXM":8.823529,"SVK":39.718388,"SVN":61.580025,"SLB":90.341194,"SOM":11.369035,"ZAF":17.418394,"KOR":65.896515,"SSD":11.275299,"ESP":35.680553,"LKA":35.45991,"SDN":13.631264,"SUR":92.718346,"SWE":69.0385,"CHE":30.763388,"SYR":2.6265028,"TWN":67,"TJK":2.9541032,"TZA":58.839466,"THA":39.40183,"TGO":23.04955,"TON":12.125,"TTO":45.71735,"TUN":4.413202,"TUR":26.786526,"TKM":4.958185,"TCA":11.073684,"TUV":34.333332,"UGA":15.70968,"UKR":16.446323,"ARE":4.467192,"GBR":12.427149,"USA":33.46605,"VIR":53.885715,"URY":8.662496,"UZB":7.161048,"VUT":78.35316,"VEN":55.33339,"VNM":40.15608,"ESH":1.9793566,"YEM":1.0398318,"ZMB":63.055733,"ZWE":39.10972}