{"AFG":1.8543152,"ALB":28.356277,"DZA":0.7155144,"ASM":84.03,"AND":37.795746,"AGO":58.5168,"ATG":20.563637,"ARG":18.713612,"ARM":11.676501,"ABW":2.7222223,"AUS":17.14317,"AUT":46.682503,"AZE":12.273225,"BHS":50.935066,"BHR":1.7341772,"BGD":14.604564,"BRB":14.651163,"BLR":41.81093,"BEL":22.327082,"BLZ":63.93643,"BEN":42.81873,"BMU":14.444445,"BTN":69.8892,"BOL":53.664024,"BIH":41.137814,"BWA":27.752016,"BRA":64.528786,"VGB":66.56,"BRN":73.39658,"BGR":33.089535,"BFA":20.3659,"BDI":7.552181,"KHM":60.423397,"CMR":44.80397,"CAN":41.34635,"CPV":10.059553,"CYM":53.35,"CAF":73.638054,"TCD":4.6530495,"CHL":23.930063,"CHN":20.362396,"COL":55.779343,"COM":21.220848,"COG":64.60615,"CRI":56.17058,"CIV":17.181553,"HRV":34.060043,"CUB":28.951927,"CUW":0.15765765,"CYP":18.652382,"CZE":37.24315,"COD":66.050766,"DNK":14.5111,"DJI":0.24158758,"DMA":77.914665,"DOM":45.190403,"TLS":72.506386,"ECU":53.58843,"EGY":0.004030338,"SLV":33.20415,"GNQ":91.47166,"ERI":12.8521595,"EST":53.760075,"SWZ":26.835464,"ETH":24.254204,"FRO":0.05839416,"FJI":57.08013,"FIN":73.44506,"FRA":29.159704,"GUF":96.41195,"PYF":42.95477,"GAB":91.94164,"GMB":31.93162,"GEO":44.262196,"DEU":32.593887,"GHA":28.029692,"GRC":28.82886,"GRL":0.0005359971,"GRD":52.058823,"GUM":44.444443,"GTM":36.8064,"GIN":24.948145,"GNB":77.55135,"GUY":94.17107,"HTI":13.853411,"HND":61.655216,"HUN":21.874886,"ISL":0.41785184,"IND":23.117931,"IDN":49.967655,"IRN":6.626194,"IRQ":1.8649523,"IRL":9.934272,"IMN":6.368421,"ITA":29.637915,"JAM":50.18227,"JPN":68.395065,"JOR":0.79622495,"KAZ":1.1527503,"KEN":6.770858,"KIR":1.3209877,"KWT":0.29349047,"KGZ":6.3006463,"LAO":59.862953,"LVA":53.345203,"LBN":13.634213,"LSO":1.1370224,"LBR":80.72438,"LBY":0.12029962,"LIE":34.2625,"LTU":33.70392,"LUX":34.14308,"MDG":21.267618,"MWI":30.013788,"MYS":58.575954,"MDV":12.4,"MLI":10.153848,"MLT":1.09375,"MHL":52.22222,"MRT":0.94032407,"MUS":19.923885,"MEX":35.356285,"FSM":91.46,"MDA":11.0203705,"MCO":0,"MNG":9.127344,"MNE":55.509293,"MAR":12.764706,"MOZ":47.45345,"MMR":50.273254,"NAM":9.784171,"NRU":0,"NPL":41.966976,"NLD":10.926285,"NCL":45.872646,"NZL":37.404762,"NIC":45.78511,"NER":0.9896424,"NGA":21.455177,"PRK":62.426193,"MKD":38.0364,"MNP":44.173912,"NOR":33.406445,"OMN":0.0051696287,"PAK":4.184389,"PLW":87.32174,"PAN":63.65988,"PNG":75.66071,"PRY":49.613983,"PER":56.444138,"PHL":23.56889,"POL":30.125126,"PRT":35.920902,"PRI":52.596394,"QAT":0.12184508,"ROU":28.057198,"RUS":49.941124,"RWA":16.758654,"KNA":42.307693,"LCA":49.606556,"MAF":24.8,"VCT":73.19487,"WSM":60.74964,"SMR":16.666666,"STP":60.641666,"SAU":1.2876508,"SEN":46.458424,"SRB":32.361446,"SYC":66.64783,"SLE":38.945248,"SGP":24.300837,"SXM":8.823529,"SVK":39.752705,"SVN":61.649548,"SLB":90.31483,"SOM":11.246693,"ZAF":17.49058,"KOR":65.80533,"SSD":11.278781,"ESP":35.975174,"LKA":35.338375,"SDN":13.538041,"SUR":92.69345,"SWE":69.0164,"CHE":30.860933,"SYR":2.654157,"TJK":2.9541032,"TZA":58.38451,"THA":39.388126,"TGO":22.995146,"TON":12.125,"TTO":45.634697,"TUN":4.4361095,"TUR":26.90798,"TKM":4.958185,"TCA":11.073684,"TUV":34.333332,"UGA":15.459595,"UKR":16.452883,"ARE":4.4736414,"GBR":12.47055,"USA":33.52272,"VIR":53.64,"URY":8.867981,"UZB":7.2491307,"VUT":78.15751,"VEN":55.237072,"VNM":40.667828,"ESH":1.9785074,"YEM":1.0398318,"ZMB":63.007572,"ZWE":38.836437}