{"AFG":1.8543152,"ALB":28.402884,"DZA":0.715231,"ASM":83.26,"AND":37.96383,"AGO":58.1077,"ATG":20.411364,"ARG":18.577873,"ARM":11.675272,"ABW":2.7222223,"AUS":17.120598,"AUT":46.71098,"AZE":12.327997,"BHS":50.935066,"BHR":1.7341772,"BGD":14.579911,"BRB":14.651163,"BLR":41.986797,"BEL":22.401094,"BLZ":63.603683,"BEN":41.56824,"BMU":14.444445,"BTN":70.14953,"BOL":53.5176,"BIH":41.120255,"BWA":27.752016,"BRA":64.102455,"VGB":66.55334,"BRN":73.074005,"BGR":33.422993,"BFA":19.875,"BDI":7.552181,"KHM":60.31476,"CMR":44.65652,"CAN":41.40468,"CPV":10.168735,"CYM":53.2625,"CAF":73.58189,"TCD":4.587714,"CHL":24.012594,"CHN":20.613878,"COL":55.67672,"COM":20.926384,"COG":64.57101,"CRI":56.232666,"CIV":16.815262,"HRV":34.12259,"CUB":29.443594,"CUW":0.15765765,"CYP":18.665693,"CZE":37.262234,"COD":65.75303,"DNK":14.54795,"DJI":0.24158758,"DMA":77.889336,"DOM":45.232895,"TLS":72.41224,"ECU":53.30572,"EGY":0.0040474157,"SLV":33.06081,"GNQ":91.17576,"ERI":12.802763,"EST":53.987385,"SWZ":26.748257,"ETH":24.189697,"FRO":0.05839416,"FJI":57.41204,"FIN":73.37806,"FRA":29.366259,"GUF":96.36055,"PYF":42.980984,"GAB":91.934525,"GMB":31.359783,"GEO":44.35113,"DEU":32.60963,"GHA":28.18668,"GRC":28.83809,"GRL":0.0005359971,"GRD":52.058823,"GUM":44.444443,"GTM":36.36705,"GIN":24.675488,"GNB":77.39502,"GUY":94.148506,"HTI":13.838897,"HND":61.311325,"HUN":22.012096,"ISL":0.43423584,"IND":23.182001,"IDN":50.197327,"IRN":6.626194,"IRQ":1.861884,"IRL":10.064944,"IMN":6.368421,"ITA":29.86069,"JAM":50.527977,"JPN":68.419754,"JOR":0.79622495,"KAZ":1.1499815,"KEN":6.781797,"KIR":1.3209877,"KWT":0.29573512,"KGZ":6.3245983,"LAO":59.694214,"LVA":53.555904,"LBN":13.643793,"LSO":1.1370224,"LBR":80.32053,"LBY":0.12011037,"LIE":34.36875,"LTU":33.94352,"LUX":34.220768,"MDG":21.084032,"MWI":29.568308,"MYS":58.349598,"MDV":12.4,"MLI":10.071446,"MLT":1.09375,"MHL":52.22222,"MRT":0.9428728,"MUS":19.745117,"MEX":35.28231,"FSM":91.49857,"MDA":11.111888,"MCO":0,"MNG":9.122208,"MNE":57.00372,"MAR":12.76404,"MOZ":47.113884,"MMR":49.74816,"NAM":9.783387,"NRU":0,"NPL":42.08376,"NLD":10.967805,"NCL":45.879047,"NZL":37.40388,"NIC":44.95978,"NER":0.97983736,"NGA":21.315863,"PRK":62.511055,"MKD":38.04782,"MNP":44.173912,"NOR":33.39294,"OMN":0.0051696287,"PAK":4.164661,"PLW":87.53478,"PAN":63.506,"PNG":75.61231,"PRY":48.662003,"PER":56.21028,"PHL":23.411417,"POL":30.213335,"PRT":35.815353,"PRI":53.29876,"QAT":0.12184508,"ROU":28.121958,"RUS":49.996426,"RWA":16.78707,"KNA":42.307693,"LCA":49.934425,"MAF":24.8,"VCT":73.19743,"WSM":60.57662,"SMR":16.666666,"STP":60.585415,"SAU":1.2876508,"SEN":46.37768,"SRB":32.83331,"SYC":66.17609,"SLE":38.671944,"SGP":24.402508,"SXM":8.823529,"SVK":39.78702,"SVN":61.719074,"SLB":90.28846,"SOM":11.124351,"ZAF":17.562767,"KOR":65.71414,"SSD":11.282262,"ESP":36.269794,"LKA":35.216843,"SDN":13.444818,"SUR":92.66856,"SWE":68.9943,"CHE":30.958479,"SYR":2.681811,"TJK":2.9541032,"TZA":57.929554,"THA":39.374424,"TGO":22.940742,"TON":12.125,"TTO":45.552048,"TUN":4.4590178,"TUR":27.02943,"TKM":4.958185,"TCA":11.073684,"TUV":34.333332,"UGA":15.20951,"UKR":16.45944,"ARE":4.48009,"GBR":12.51395,"USA":33.57939,"VIR":53.394287,"URY":9.073466,"UZB":7.337214,"VUT":77.96185,"VEN":55.140762,"VNM":41.179573,"ESH":1.977658,"YEM":1.0398318,"ZMB":62.959415,"ZWE":38.563156}