{"AFG":1.8543152,"ALB":28.44949,"DZA":0.7149476,"ASM":82.49,"AND":38.131916,"AGO":57.698597,"ATG":20.25909,"ARG":18.442135,"ARM":11.674043,"ABW":2.7222223,"AUS":17.098028,"AUT":46.739456,"AZE":12.382771,"BHS":50.935066,"BHR":1.7341772,"BGD":14.555259,"BRB":14.651163,"BLR":42.162666,"BEL":22.47511,"BLZ":63.270935,"BEN":40.317753,"BMU":14.444445,"BTN":70.40986,"BOL":53.371174,"BIH":41.102695,"BWA":27.752016,"BRA":63.676132,"VGB":66.54667,"BRN":72.75143,"BGR":33.756447,"BFA":19.3841,"BDI":7.552181,"KHM":60.20612,"CMR":44.509068,"CAN":41.463,"CPV":10.277916,"CYM":53.175,"CAF":73.52572,"TCD":4.5223794,"CHL":24.095121,"CHN":20.865364,"COL":55.574097,"COM":20.631918,"COG":64.53587,"CRI":56.29475,"CIV":16.448969,"HRV":34.18513,"CUB":29.93526,"CUW":0.15765765,"CYP":18.679005,"CZE":37.281322,"COD":65.45529,"DNK":14.5848,"DJI":0.24158758,"DMA":77.864,"DOM":45.275387,"TLS":72.31809,"ECU":53.023014,"EGY":0.0040644933,"SLV":32.917473,"GNQ":90.87986,"ERI":12.753366,"EST":54.2147,"SWZ":26.661047,"ETH":24.12519,"FRO":0.05839416,"FJI":57.743954,"FIN":73.311066,"FRA":29.572811,"GUF":96.30914,"PYF":43.007202,"GAB":91.9274,"GMB":30.787945,"GEO":44.440063,"DEU":32.625374,"GHA":28.343668,"GRC":28.847324,"GRL":0.0005359971,"GRD":52.058823,"GUM":44.444443,"GTM":35.927696,"GIN":24.402832,"GNB":77.23869,"GUY":94.125946,"HTI":13.824383,"HND":60.967434,"HUN":22.14931,"ISL":0.45061985,"IND":23.246077,"IDN":50.42699,"IRN":6.626194,"IRQ":1.8588158,"IRL":10.195616,"IMN":6.368421,"ITA":30.083464,"JAM":50.873684,"JPN":68.44444,"JOR":0.79622495,"KAZ":1.1472126,"KEN":6.7927365,"KIR":1.3209877,"KWT":0.2979798,"KGZ":6.348551,"LAO":59.52548,"LVA":53.76661,"LBN":13.653373,"LSO":1.1370224,"LBR":79.916695,"LBY":0.11992112,"LIE":34.475,"LTU":34.18312,"LUX":34.298454,"MDG":20.900446,"MWI":29.122826,"MYS":58.123238,"MDV":12.4,"MLI":9.989044,"MLT":1.09375,"MHL":52.22222,"MRT":0.9454216,"MUS":19.566349,"MEX":35.208336,"FSM":91.53714,"MDA":11.203405,"MCO":0,"MNG":9.117071,"MNE":58.498142,"MAR":12.763374,"MOZ":46.77432,"MMR":49.223072,"NAM":9.782604,"NRU":0,"NPL":42.200542,"NLD":11.009326,"NCL":45.88545,"NZL":37.403,"NIC":44.134453,"NER":0.9700324,"NGA":21.17655,"PRK":62.595913,"MKD":38.05924,"MNP":44.173912,"NOR":33.379436,"OMN":0.0051696287,"PAK":4.144933,"PLW":87.747826,"PAN":63.352116,"PNG":75.56392,"PRY":47.710022,"PER":55.976425,"PHL":23.253942,"POL":30.301546,"PRT":35.709805,"PRI":54.00113,"QAT":0.12184508,"ROU":28.186718,"RUS":50.051727,"RWA":16.815485,"KNA":42.307693,"LCA":50.262295,"MAF":24.8,"VCT":73.2,"WSM":60.4036,"SMR":16.666666,"STP":60.529167,"SAU":1.2876508,"SEN":46.29694,"SRB":33.305172,"SYC":65.704346,"SLE":38.398643,"SGP":24.504179,"SXM":8.823529,"SVK":39.82134,"SVN":61.7886,"SLB":90.26209,"SOM":11.002008,"ZAF":17.634953,"KOR":65.62295,"SSD":11.285744,"ESP":36.564415,"LKA":35.09531,"SDN":13.351595,"SUR":92.643654,"SWE":68.972206,"CHE":31.056025,"SYR":2.7094655,"TJK":2.9541032,"TZA":57.474598,"THA":39.36072,"TGO":22.88634,"TON":12.125,"TTO":45.469395,"TUN":4.481926,"TUR":27.150883,"TKM":4.958185,"TCA":11.073684,"TUV":34.333332,"UGA":14.959426,"UKR":16.466,"ARE":4.486539,"GBR":12.557351,"USA":33.636063,"VIR":53.14857,"URY":9.278951,"UZB":7.4252973,"VUT":77.766205,"VEN":55.04445,"VNM":41.69132,"ESH":1.9768088,"YEM":1.0398318,"ZMB":62.91126,"ZWE":38.289875}