{"AFG":1.8543152,"ALB":28.496096,"DZA":0.71466416,"ASM":81.72,"AND":38.3,"AGO":57.28949,"ATG":20.106817,"ARG":18.306395,"ARM":11.672813,"ABW":2.7222223,"AUS":17.075457,"AUT":46.767937,"AZE":12.437544,"BHS":50.935066,"BHR":1.7341772,"BGD":14.530606,"BRB":14.651163,"BLR":42.33854,"BEL":22.549124,"BLZ":62.938187,"BEN":39.06727,"BMU":14.444445,"BTN":70.67019,"BOL":53.22475,"BIH":41.085136,"BWA":27.752016,"BRA":63.249805,"VGB":66.54,"BRN":72.42884,"BGR":34.089905,"BFA":18.893202,"BDI":7.552181,"KHM":60.09748,"CMR":44.36162,"CAN":41.521328,"CPV":10.387096,"CYM":53.0875,"CAF":73.46956,"TCD":4.457044,"CHL":24.177652,"CHN":21.116846,"COL":55.471474,"COM":20.337454,"COG":64.50073,"CRI":56.356834,"CIV":16.082676,"HRV":34.247677,"CUB":30.426928,"CUW":0.15765765,"CYP":18.692316,"CZE":37.30041,"COD":65.15755,"DNK":14.62165,"DJI":0.24158758,"DMA":77.83867,"DOM":45.31788,"TLS":72.22394,"ECU":52.740307,"EGY":0.004081571,"SLV":32.77413,"GNQ":90.583954,"ERI":12.70397,"EST":54.44201,"SWZ":26.573837,"ETH":24.060684,"FRO":0.05839416,"FJI":58.075863,"FIN":73.244064,"FRA":29.779366,"GUF":96.25774,"PYF":43.03342,"GAB":91.92027,"GMB":30.216106,"GEO":44.528996,"DEU":32.641113,"GHA":28.500656,"GRC":28.856556,"GRL":0.0005359971,"GRD":52.058823,"GUM":44.444443,"GTM":35.488346,"GIN":24.130177,"GNB":77.08236,"GUY":94.103386,"HTI":13.80987,"HND":60.623543,"HUN":22.286522,"ISL":0.46700388,"IND":23.31015,"IDN":50.656662,"IRN":6.626194,"IRQ":1.8557476,"IRL":10.326288,"IMN":6.368421,"ITA":30.306238,"JAM":51.21939,"JPN":68.46914,"JOR":0.79622495,"KAZ":1.1444439,"KEN":6.8036757,"KIR":1.3209877,"KWT":0.30022445,"KGZ":6.372503,"LAO":59.35674,"LVA":53.97731,"LBN":13.662952,"LSO":1.1370224,"LBR":79.512856,"LBY":0.11973186,"LIE":34.58125,"LTU":34.42272,"LUX":34.37614,"MDG":20.716862,"MWI":28.677343,"MYS":57.89688,"MDV":12.4,"MLI":9.906642,"MLT":1.09375,"MHL":52.22222,"MRT":0.94797033,"MUS":19.38758,"MEX":35.134365,"FSM":91.57571,"MDA":11.294923,"MCO":0,"MNG":9.111935,"MNE":59.992565,"MAR":12.762709,"MOZ":46.434746,"MMR":48.69798,"NAM":9.78182,"NRU":0,"NPL":42.31733,"NLD":11.050846,"NCL":45.89185,"NZL":37.40212,"NIC":43.309124,"NER":0.9602274,"NGA":21.037235,"PRK":62.680775,"MKD":38.07066,"MNP":44.173912,"NOR":33.365936,"OMN":0.0051696287,"PAK":4.125205,"PLW":87.96087,"PAN":63.198235,"PNG":75.51552,"PRY":46.758038,"PER":55.74257,"PHL":23.096468,"POL":30.389755,"PRT":35.60425,"PRI":54.703495,"QAT":0.12184508,"ROU":28.251478,"RUS":50.10703,"RWA":16.843899,"KNA":42.307693,"LCA":50.590164,"MAF":24.8,"VCT":73.20256,"WSM":60.230576,"SMR":16.666666,"STP":60.472916,"SAU":1.2876508,"SEN":46.2162,"SRB":33.777035,"SYC":65.232605,"SLE":38.12534,"SGP":24.60585,"SXM":8.823529,"SVK":39.855656,"SVN":61.858128,"SLB":90.235725,"SOM":10.879666,"ZAF":17.707138,"KOR":65.53176,"SSD":11.289225,"ESP":36.859035,"LKA":34.973778,"SDN":13.258372,"SUR":92.61876,"SWE":68.95011,"CHE":31.15357,"SYR":2.7371197,"TJK":2.9541032,"TZA":57.01964,"THA":39.347023,"TGO":22.831936,"TON":12.125,"TTO":45.386745,"TUN":4.5048337,"TUR":27.272337,"TKM":4.958185,"TCA":11.073684,"TUV":34.333332,"UGA":14.709341,"UKR":16.472557,"ARE":4.492988,"GBR":12.600752,"USA":33.692734,"VIR":52.90286,"URY":9.484436,"UZB":7.51338,"VUT":77.57055,"VEN":54.948135,"VNM":42.203064,"ESH":1.9759595,"YEM":1.0398318,"ZMB":62.863102,"ZWE":38.016594}