{"AFG":1.8543152,"ALB":28.5427,"DZA":0.7143808,"ASM":80.950005,"AND":38.468086,"AGO":56.88039,"ATG":19.954546,"ARG":18.170654,"ARM":11.671584,"ABW":2.7222223,"AUS":17.052887,"AUT":46.796413,"AZE":12.492317,"BHS":50.935066,"BHR":1.7341772,"BGD":14.505954,"BRB":14.651163,"BLR":42.51441,"BEL":22.623138,"BLZ":62.605434,"BEN":37.81678,"BMU":14.444445,"BTN":70.93052,"BOL":53.078327,"BIH":41.067577,"BWA":27.752016,"BRA":62.82348,"VGB":66.53333,"BRN":72.10626,"BGR":34.42336,"BFA":18.402302,"BDI":7.552181,"KHM":59.98884,"CMR":44.21417,"CAN":41.579655,"CPV":10.496278,"CYM":53,"CAF":73.41338,"TCD":4.391709,"CHL":24.26018,"CHN":21.36833,"COL":55.36885,"COM":20.042988,"COG":64.46559,"CRI":56.41892,"CIV":15.716384,"HRV":34.310223,"CUB":30.918594,"CUW":0.15765765,"CYP":18.705627,"CZE":37.319496,"COD":64.85981,"DNK":14.6585,"DJI":0.24158758,"DMA":77.81333,"DOM":45.36037,"TLS":72.12979,"ECU":52.457603,"EGY":0.0040986487,"SLV":32.63079,"GNQ":90.288055,"ERI":12.654573,"EST":54.66932,"SWZ":26.486628,"ETH":23.996178,"FRO":0.05839416,"FJI":58.407772,"FIN":73.17706,"FRA":29.98592,"GUF":96.20634,"PYF":43.059635,"GAB":91.91315,"GMB":29.644268,"GEO":44.61793,"DEU":32.656857,"GHA":28.657646,"GRC":28.865788,"GRL":0.0005359971,"GRD":52.058823,"GUM":44.444443,"GTM":35.048992,"GIN":23.857521,"GNB":76.92603,"GUY":94.080826,"HTI":13.795356,"HND":60.279648,"HUN":22.423735,"ISL":0.4833879,"IND":23.374222,"IDN":50.88633,"IRN":6.626194,"IRQ":1.8526794,"IRL":10.456961,"IMN":6.368421,"ITA":30.529015,"JAM":51.565098,"JPN":68.49383,"JOR":0.79622495,"KAZ":1.141675,"KEN":6.8146152,"KIR":1.3209877,"KWT":0.30246913,"KGZ":6.396455,"LAO":59.188,"LVA":54.18801,"LBN":13.672532,"LSO":1.1370224,"LBR":79.10901,"LBY":0.119542606,"LIE":34.6875,"LTU":34.662323,"LUX":34.453827,"MDG":20.533276,"MWI":28.231863,"MYS":57.67052,"MDV":12.4,"MLI":9.824241,"MLT":1.09375,"MHL":52.22222,"MRT":0.9505191,"MUS":19.208813,"MEX":35.06039,"FSM":91.61428,"MDA":11.386439,"MCO":0,"MNG":9.106798,"MNE":61.486988,"MAR":12.762043,"MOZ":46.09518,"MMR":48.17289,"NAM":9.781037,"NRU":0,"NPL":42.434113,"NLD":11.092367,"NCL":45.89825,"NZL":37.401237,"NIC":42.483795,"NER":0.95042235,"NGA":20.89792,"PRK":62.765633,"MKD":38.082077,"MNP":44.173912,"NOR":33.352432,"OMN":0.0051696287,"PAK":4.105477,"PLW":88.17391,"PAN":63.04435,"PNG":75.46712,"PRY":45.806057,"PER":55.508713,"PHL":22.938995,"POL":30.477964,"PRT":35.498703,"PRI":55.40586,"QAT":0.12184508,"ROU":28.316238,"RUS":50.16233,"RWA":16.872314,"KNA":42.307693,"LCA":50.918034,"MAF":24.8,"VCT":73.20513,"WSM":60.057552,"SMR":16.666666,"STP":60.416668,"SAU":1.2876508,"SEN":46.13546,"SRB":34.2489,"SYC":64.76087,"SLE":37.852036,"SGP":24.707521,"SXM":8.823529,"SVK":39.889977,"SVN":61.92765,"SLB":90.20936,"SOM":10.757324,"ZAF":17.779324,"KOR":65.440575,"SSD":11.2927065,"ESP":37.153656,"LKA":34.852245,"SDN":13.16515,"SUR":92.593864,"SWE":68.92801,"CHE":31.251116,"SYR":2.7647738,"TWN":69,"TJK":2.9541032,"TZA":56.564686,"THA":39.33332,"TGO":22.777533,"TON":12.125,"TTO":45.304092,"TUN":4.527742,"TUR":27.393787,"TKM":4.958185,"TCA":11.073684,"TUV":34.333332,"UGA":14.459256,"UKR":16.479116,"ARE":4.499437,"GBR":12.644154,"USA":33.74941,"VIR":52.657143,"URY":9.689921,"UZB":7.6014633,"VUT":77.3749,"VEN":54.851826,"VNM":42.71481,"ESH":1.9751103,"YEM":1.0398318,"ZMB":62.81494,"ZWE":37.743313}