{"AFG":1.8543152,"ALB":28.652992,"DZA":0.7140978,"ASM":80.61001,"AND":38.557446,"AGO":56.471287,"ATG":19.804546,"ARG":18.07686,"ARM":11.685001,"ABW":2.7222223,"AUS":17.087633,"AUT":46.830563,"AZE":12.602178,"BHS":50.935066,"BHR":1.7341772,"BGD":14.4983635,"BRB":14.651163,"BLR":42.517857,"BEL":22.6194,"BLZ":62.27523,"BEN":36.473877,"BMU":14.444445,"BTN":70.98238,"BOL":52.928307,"BIH":41.293514,"BWA":27.752016,"BRA":62.59428,"VGB":66.52,"BRN":72.10626,"BGR":34.60022,"BFA":17.964218,"BDI":8.219626,"KHM":58.01466,"CMR":44.095703,"CAN":41.63798,"CPV":10.623325,"CYM":53,"CAF":73.357216,"TCD":4.290124,"CHL":24.308294,"CHN":21.574629,"COL":55.284492,"COM":19.748522,"COG":64.40603,"CRI":56.707638,"CIV":15.370918,"HRV":34.31737,"CUB":31.51522,"CUW":0.15765765,"CYP":18.702814,"CZE":37.35293,"COD":64.416725,"DNK":14.8481,"DJI":0.24201898,"DMA":77.664,"DOM":45.47884,"TLS":72.035645,"ECU":52.28916,"EGY":0.0040986487,"SLV":32.63446,"GNQ":89.98602,"ERI":12.605168,"EST":55.06904,"SWZ":26.399418,"ETH":23.943865,"FRO":0.05839416,"FJI":58.66141,"FIN":73.28696,"FRA":30.138231,"GUF":96.16683,"PYF":43.059635,"GAB":91.86608,"GMB":29.072529,"GEO":44.61793,"DEU":32.670826,"GHA":28.814634,"GRC":29.451048,"GRL":0.0005359971,"GRD":52.058823,"GUM":46.025925,"GTM":34.89106,"GIN":23.584862,"GNB":76.77532,"GUY":94.02144,"HTI":13.679971,"HND":59.890533,"HUN":22.455359,"ISL":0.49229395,"IND":23.463821,"IDN":50.75135,"IRN":6.626194,"IRQ":1.8316303,"IRL":10.55651,"IMN":6.368421,"ITA":30.447153,"JAM":51.915974,"JPN":68.48176,"JOR":0.79622495,"KAZ":1.1584383,"KEN":6.6408124,"KIR":1.3209877,"KWT":0.31032547,"KGZ":6.417414,"LAO":58.93567,"LVA":54.273182,"LBN":13.682112,"LSO":1.1370224,"LBR":77.898026,"LBY":0.11935279,"LIE":34.6875,"LTU":34.716633,"LUX":34.453827,"MDG":20.258041,"MWI":27.78638,"MYS":57.984978,"MDV":12.4,"MLI":9.741838,"MLT":1.09375,"MHL":52.22222,"MRT":0.9530688,"MUS":19.202805,"MEX":34.997387,"FSM":91.65428,"MDA":11.458802,"MCO":0,"MNG":9.106083,"MNE":61.486988,"MAR":12.759444,"MOZ":45.755615,"MMR":47.729004,"NAM":9.780254,"NRU":0,"NPL":42.458557,"NLD":11.040986,"NCL":46.484573,"NZL":37.40009,"NIC":42.299984,"NER":0.9406173,"NGA":20.758606,"PRK":62.85993,"MKD":38.351467,"MNP":45.930435,"NOR":33.343475,"OMN":0.0051696287,"PAK":4.072066,"PLW":88.36087,"PAN":62.958397,"PNG":75.45695,"PRY":44.912106,"PER":55.27485,"PHL":23.055994,"POL":30.537424,"PRT":35.62959,"PRI":55.33213,"QAT":0.12184508,"ROU":28.65174,"RUS":50.183144,"RWA":17.462423,"KNA":42.307693,"LCA":51.245903,"MAF":24.8,"VCT":73.20513,"WSM":59.88489,"SMR":16.666666,"STP":59.797916,"SAU":1.2876508,"SEN":46.054726,"SRB":34.7208,"SYC":64.28696,"SLE":37.578747,"SGP":24.35376,"SXM":8.823529,"SVK":39.90595,"SVN":61.937584,"SLB":90.18299,"SOM":10.512003,"ZAF":17.85151,"KOR":65.33811,"SSD":11.29929,"ESP":37.157322,"LKA":34.665665,"SDN":13.071927,"SUR":92.5647,"SWE":68.88234,"CHE":31.321884,"SYR":2.7812874,"TJK":2.9711075,"TZA":56.10973,"THA":39.31962,"TGO":22.72311,"TON":12.125,"TTO":45.221443,"TUN":4.529673,"TUR":27.53599,"TKM":4.958185,"TCA":11.073684,"TUV":34.333332,"UGA":14.209176,"UKR":16.531584,"ARE":4.50414,"GBR":12.7235155,"USA":33.779472,"VIR":53.074287,"URY":9.848143,"UZB":7.6921473,"VUT":77.17933,"VEN":54.737812,"VNM":43.144764,"ESH":1.9767795,"YEM":1.0398318,"ZMB":62.561806,"ZWE":37.589077}