{"AFG":1.8543152,"ALB":28.763285,"DZA":0.7138148,"ASM":80.27,"AND":38.64681,"AGO":56.06218,"ATG":19.654545,"ARG":17.983067,"ARM":11.69842,"ABW":2.7222223,"AUS":17.12238,"AUT":46.86471,"AZE":12.712039,"BHS":50.935066,"BHR":1.7341772,"BGD":14.490773,"BRB":14.651163,"BLR":42.521305,"BEL":22.615662,"BLZ":61.945023,"BEN":35.13097,"BMU":14.444445,"BTN":71.03424,"BOL":52.77829,"BIH":41.519455,"BWA":27.752016,"BRA":62.365074,"VGB":66.50667,"BRN":72.10626,"BGR":34.77708,"BFA":17.526133,"BDI":8.887072,"KHM":56.04048,"CMR":43.977238,"CAN":41.696304,"CPV":10.750372,"CYM":53,"CAF":73.30104,"TCD":4.1885386,"CHL":24.356407,"CHN":21.780928,"COL":55.200134,"COM":19.454058,"COG":64.34647,"CRI":56.996357,"CIV":15.025453,"HRV":34.324516,"CUB":32.11185,"CUW":0.15765765,"CYP":18.7,"CZE":37.38636,"COD":63.97364,"DNK":15.0377,"DJI":0.24245039,"DMA":77.51466,"DOM":45.59731,"TLS":71.94149,"ECU":52.12072,"EGY":0.0040986487,"SLV":32.638126,"GNQ":89.68399,"ERI":12.555763,"EST":55.468758,"SWZ":26.31221,"ETH":23.89155,"FRO":0.05839416,"FJI":58.91505,"FIN":73.39684,"FRA":30.290545,"GUF":96.12733,"PYF":43.059635,"GAB":91.81902,"GMB":28.50079,"GEO":44.61793,"DEU":32.684795,"GHA":28.971622,"GRC":30.036306,"GRL":0.0005359971,"GRD":52.058823,"GUM":47.607407,"GTM":34.733128,"GIN":23.3122,"GNB":76.62461,"GUY":93.96205,"HTI":13.564587,"HND":59.501423,"HUN":22.486982,"ISL":0.5012,"IND":23.553423,"IDN":50.616364,"IRN":6.626194,"IRQ":1.8105812,"IRL":10.65606,"IMN":6.368421,"ITA":30.365292,"JAM":52.26685,"JPN":68.46968,"JOR":0.79622495,"KAZ":1.1752017,"KEN":6.46701,"KIR":1.3209877,"KWT":0.3181818,"KGZ":6.438373,"LAO":58.683334,"LVA":54.35835,"LBN":13.691691,"LSO":1.1370224,"LBR":76.68704,"LBY":0.11916296,"LIE":34.6875,"LTU":34.770943,"LUX":34.453827,"MDG":19.982805,"MWI":27.340899,"MYS":58.29943,"MDV":12.4,"MLI":9.659436,"MLT":1.09375,"MHL":52.22222,"MRT":0.9556185,"MUS":19.196795,"MEX":34.934383,"FSM":91.69428,"MDA":11.531164,"MCO":0,"MNG":9.105368,"MNE":61.486988,"MAR":12.756845,"MOZ":45.41605,"MMR":47.285114,"NAM":9.779472,"NRU":0,"NPL":42.482998,"NLD":10.989605,"NCL":47.070896,"NZL":37.398945,"NIC":42.11617,"NER":0.93081236,"NGA":20.619291,"PRK":62.954224,"MKD":38.620857,"MNP":47.68696,"NOR":33.334522,"OMN":0.0051696287,"PAK":4.0386543,"PLW":88.54783,"PAN":62.872444,"PNG":75.44678,"PRY":44.018154,"PER":55.040993,"PHL":23.172995,"POL":30.596884,"PRT":35.760475,"PRI":55.2584,"QAT":0.12184508,"ROU":28.98724,"RUS":50.203953,"RWA":18.052534,"KNA":42.307693,"LCA":51.57377,"MAF":24.8,"VCT":73.20513,"WSM":59.71223,"SMR":16.666666,"STP":59.179165,"SAU":1.2876508,"SEN":45.973988,"SRB":35.1927,"SYC":63.81304,"SLE":37.305458,"SGP":24,"SXM":8.823529,"SVK":39.92192,"SVN":61.947517,"SLB":90.156624,"SOM":10.266682,"ZAF":17.923697,"KOR":65.23566,"SSD":11.305873,"ESP":37.160988,"LKA":34.47908,"SDN":12.978704,"SUR":92.53552,"SWE":68.83667,"CHE":31.39265,"SYR":2.7978013,"TJK":2.9881115,"TZA":55.654774,"THA":39.305916,"TGO":22.66869,"TON":12.125,"TTO":45.13879,"TUN":4.531604,"TUR":27.678194,"TKM":4.958185,"TCA":11.073684,"TUV":34.333332,"UGA":13.959096,"UKR":16.584053,"ARE":4.5088425,"GBR":12.802876,"USA":33.809536,"VIR":53.49143,"URY":10.006365,"UZB":7.7828307,"VUT":76.98376,"VEN":54.623802,"VNM":43.57472,"ESH":1.9784485,"YEM":1.0398318,"ZMB":62.308666,"ZWE":37.43484}