{"AFG":1.8543152,"ALB":28.873577,"DZA":0.71353185,"ASM":79.93,"AND":38.73617,"AGO":55.65308,"ATG":19.504545,"ARG":17.889273,"ARM":11.711837,"ABW":2.7222223,"AUS":17.157127,"AUT":46.89886,"AZE":12.821899,"BHS":50.935066,"BHR":1.7341772,"BGD":14.483184,"BRB":14.651163,"BLR":42.524754,"BEL":22.611923,"BLZ":61.61482,"BEN":33.788067,"BMU":14.444445,"BTN":71.086105,"BOL":52.628273,"BIH":41.74539,"BWA":27.752016,"BRA":62.135876,"VGB":66.49333,"BRN":72.10626,"BGR":34.95394,"BFA":17.088049,"BDI":9.554518,"KHM":54.066303,"CMR":43.858772,"CAN":41.75463,"CPV":10.877419,"CYM":53,"CAF":73.24487,"TCD":4.0869536,"CHL":24.40452,"CHN":21.987226,"COL":55.115776,"COM":19.159592,"COG":64.28691,"CRI":57.285076,"CIV":14.679987,"HRV":34.331665,"CUB":32.708477,"CUW":0.15765765,"CYP":18.697186,"CZE":37.419792,"COD":63.530556,"DNK":15.2273,"DJI":0.24288179,"DMA":77.36533,"DOM":45.71578,"TLS":71.84734,"ECU":51.95228,"EGY":0.0040986487,"SLV":32.641796,"GNQ":89.38196,"ERI":12.506358,"EST":55.868477,"SWZ":26.225,"ETH":23.839237,"FRO":0.05839416,"FJI":59.168694,"FIN":73.50673,"FRA":30.442858,"GUF":96.08782,"PYF":43.059635,"GAB":91.771965,"GMB":27.92905,"GEO":44.61793,"DEU":32.698765,"GHA":29.12861,"GRC":30.621567,"GRL":0.0005359971,"GRD":52.058823,"GUM":49.18889,"GTM":34.575195,"GIN":23.039541,"GNB":76.4739,"GUY":93.902664,"HTI":13.449202,"HND":59.11231,"HUN":22.518606,"ISL":0.51010615,"IND":23.643023,"IDN":50.481384,"IRN":6.626194,"IRQ":1.7895321,"IRL":10.75561,"IMN":6.368421,"ITA":30.28343,"JAM":52.61773,"JPN":68.45761,"JOR":0.79622495,"KAZ":1.191965,"KEN":6.293207,"KIR":1.3209877,"KWT":0.32603815,"KGZ":6.4593325,"LAO":58.431004,"LVA":54.443516,"LBN":13.701271,"LSO":1.1370224,"LBR":75.47606,"LBY":0.11897314,"LIE":34.6875,"LTU":34.825253,"LUX":34.453827,"MDG":19.70757,"MWI":26.895418,"MYS":58.613884,"MDV":12.4,"MLI":9.577035,"MLT":1.09375,"MHL":52.22222,"MRT":0.9581682,"MUS":19.190786,"MEX":34.87138,"FSM":91.73428,"MDA":11.603527,"MCO":0,"MNG":9.104652,"MNE":61.486988,"MAR":12.754246,"MOZ":45.07649,"MMR":46.84123,"NAM":9.77869,"NRU":0,"NPL":42.507442,"NLD":10.938224,"NCL":47.657223,"NZL":37.397797,"NIC":41.932358,"NER":0.92100734,"NGA":20.479977,"PRK":63.04852,"MKD":38.890247,"MNP":49.443478,"NOR":33.325565,"OMN":0.0051696287,"PAK":4.0052433,"PLW":88.73478,"PAN":62.78649,"PNG":75.436615,"PRY":43.1242,"PER":54.807137,"PHL":23.289995,"POL":30.656343,"PRT":35.891365,"PRI":55.184666,"QAT":0.12184508,"ROU":29.32274,"RUS":50.224766,"RWA":18.642643,"KNA":42.307693,"LCA":51.901638,"MAF":24.8,"VCT":73.20513,"WSM":59.53957,"SMR":16.666666,"STP":58.560417,"SAU":1.2876508,"SEN":45.893253,"SRB":35.664597,"SYC":63.33913,"SLE":37.03217,"SGP":23.64624,"SXM":8.823529,"SVK":39.937897,"SVN":61.95745,"SLB":90.130264,"SOM":10.02136,"ZAF":17.995882,"KOR":65.133194,"SSD":11.312455,"ESP":37.164654,"LKA":34.2925,"SDN":12.885482,"SUR":92.506355,"SWE":68.791,"CHE":31.463419,"SYR":2.814315,"TJK":3.0051157,"TZA":55.199818,"THA":39.292217,"TGO":22.614267,"TON":12.125,"TTO":45.05614,"TUN":4.533535,"TUR":27.820396,"TKM":4.958185,"TCA":11.073684,"TUV":34.333332,"UGA":13.709017,"UKR":16.63652,"ARE":4.5135455,"GBR":12.882238,"USA":33.839596,"VIR":53.908573,"URY":10.164587,"UZB":7.8735147,"VUT":76.788185,"VEN":54.50979,"VNM":44.00467,"ESH":1.9801177,"YEM":1.0398318,"ZMB":62.05553,"ZWE":37.280605}