{"AFG":1.8543152,"ALB":28.98387,"DZA":0.71324885,"ASM":79.59,"AND":38.82553,"AGO":55.243977,"ATG":19.354546,"ARG":17.795477,"ARM":11.725255,"ABW":2.7222223,"AUS":17.191874,"AUT":46.93301,"AZE":12.931761,"BHS":50.935066,"BHR":1.7341772,"BGD":14.475594,"BRB":14.651163,"BLR":42.528202,"BEL":22.608185,"BLZ":61.28461,"BEN":32.445156,"BMU":14.444445,"BTN":71.13796,"BOL":52.478252,"BIH":41.97133,"BWA":27.752016,"BRA":61.906673,"VGB":66.48,"BRN":72.10626,"BGR":35.130802,"BFA":16.649963,"BDI":10.221963,"KHM":52.092125,"CMR":43.740307,"CAN":41.812954,"CPV":11.004466,"CYM":53,"CAF":73.188705,"TCD":3.9853685,"CHL":24.452635,"CHN":22.193525,"COL":55.031418,"COM":18.865126,"COG":64.22735,"CRI":57.573795,"CIV":14.334522,"HRV":34.338814,"CUB":33.305107,"CUW":0.15765765,"CYP":18.694372,"CZE":37.453224,"COD":63.08747,"DNK":15.4169,"DJI":0.24331321,"DMA":77.216,"DOM":45.834248,"TLS":71.7532,"ECU":51.783836,"EGY":0.0040986487,"SLV":32.645462,"GNQ":89.079926,"ERI":12.456954,"EST":56.268196,"SWZ":26.13779,"ETH":23.786922,"FRO":0.05839416,"FJI":59.422333,"FIN":73.616615,"FRA":30.595171,"GUF":96.04832,"PYF":43.059635,"GAB":91.72491,"GMB":27.357313,"GEO":44.61793,"DEU":32.71273,"GHA":29.285599,"GRC":31.206827,"GRL":0.0005359971,"GRD":52.058823,"GUM":50.77037,"GTM":34.417263,"GIN":22.766882,"GNB":76.32319,"GUY":93.843285,"HTI":13.3338175,"HND":58.723194,"HUN":22.55023,"ISL":0.5190122,"IND":23.732624,"IDN":50.3464,"IRN":6.626194,"IRQ":1.768483,"IRL":10.855161,"IMN":6.368421,"ITA":30.201569,"JAM":52.968605,"JPN":68.44554,"JOR":0.79622495,"KAZ":1.2087284,"KEN":6.119405,"KIR":1.3209877,"KWT":0.3338945,"KGZ":6.480292,"LAO":58.178673,"LVA":54.528683,"LBN":13.710851,"LSO":1.1370224,"LBR":74.265076,"LBY":0.11878332,"LIE":34.6875,"LTU":34.87956,"LUX":34.453827,"MDG":19.432335,"MWI":26.449936,"MYS":58.92834,"MDV":12.4,"MLI":9.494633,"MLT":1.09375,"MHL":52.22222,"MRT":0.960718,"MUS":19.184776,"MEX":34.808372,"FSM":91.77428,"MDA":11.675889,"MCO":0,"MNG":9.103937,"MNE":61.486988,"MAR":12.751647,"MOZ":44.73692,"MMR":46.39734,"NAM":9.777908,"NRU":0,"NPL":42.531887,"NLD":10.886843,"NCL":48.243546,"NZL":37.396652,"NIC":41.748547,"NER":0.9112023,"NGA":20.340662,"PRK":63.14281,"MKD":39.159634,"MNP":51.2,"NOR":33.316612,"OMN":0.0051696287,"PAK":3.9718323,"PLW":88.92174,"PAN":62.70054,"PNG":75.42644,"PRY":42.230247,"PER":54.57328,"PHL":23.406996,"POL":30.715803,"PRT":36.02225,"PRI":55.110935,"QAT":0.12184508,"ROU":29.658241,"RUS":50.245583,"RWA":19.232752,"KNA":42.307693,"LCA":52.22951,"MAF":24.8,"VCT":73.20513,"WSM":59.366905,"SMR":16.666666,"STP":57.941666,"SAU":1.2876508,"SEN":45.81252,"SRB":36.136497,"SYC":62.86522,"SLE":36.75888,"SGP":23.292479,"SXM":8.823529,"SVK":39.95387,"SVN":61.96738,"SLB":90.1039,"SOM":9.776038,"ZAF":18.068068,"KOR":65.03074,"SSD":11.319038,"ESP":37.16832,"LKA":34.105915,"SDN":12.792259,"SUR":92.47719,"SWE":68.74534,"CHE":31.534185,"SYR":2.8308287,"TJK":3.0221198,"TZA":54.74486,"THA":39.278515,"TGO":22.559845,"TON":12.125,"TTO":44.973488,"TUN":4.535466,"TUR":27.9626,"TKM":4.958185,"TCA":11.073684,"TUV":34.333332,"UGA":13.458937,"UKR":16.688988,"ARE":4.5182486,"GBR":12.9616,"USA":33.86966,"VIR":54.325714,"URY":10.322809,"UZB":7.9641986,"VUT":76.59261,"VEN":54.39578,"VNM":44.434624,"ESH":1.9817867,"YEM":1.0398318,"ZMB":61.80239,"ZWE":37.12637}