{"AFG":1.8543152,"ALB":29.09416,"DZA":0.71296585,"ASM":79.25,"AND":38.914894,"AGO":54.83487,"ATG":19.204546,"ARG":17.701683,"ARM":11.738672,"ABW":2.7222223,"AUS":17.226622,"AUT":46.96716,"AZE":13.041621,"BHS":50.935066,"BHR":1.7341772,"BGD":14.468003,"BRB":14.651163,"BLR":42.53165,"BEL":22.604446,"BLZ":60.954407,"BEN":31.102253,"BMU":14.444445,"BTN":71.18983,"BOL":52.32824,"BIH":42.197266,"BWA":27.752016,"BRA":61.67747,"VGB":66.46667,"BRN":72.10626,"BGR":35.307663,"BFA":16.211878,"BDI":10.889408,"KHM":50.117947,"CMR":43.62184,"CAN":41.87128,"CPV":11.131514,"CYM":53,"CAF":73.13254,"TCD":3.8837833,"CHL":24.500748,"CHN":22.399824,"COL":54.947056,"COM":18.570662,"COG":64.167786,"CRI":57.862514,"CIV":13.989057,"HRV":34.345963,"CUB":33.901733,"CUW":0.15765765,"CYP":18.691559,"CZE":37.486656,"COD":62.644386,"DNK":15.6065,"DJI":0.24374461,"DMA":77.066666,"DOM":45.952717,"TLS":71.65904,"ECU":51.6154,"EGY":0.0040986487,"SLV":32.64913,"GNQ":88.77789,"ERI":12.407549,"EST":56.667915,"SWZ":26.050581,"ETH":23.73461,"FRO":0.05839416,"FJI":59.675972,"FIN":73.7265,"FRA":30.747484,"GUF":96.00881,"PYF":43.059635,"GAB":91.67784,"GMB":26.785574,"GEO":44.61793,"DEU":32.7267,"GHA":29.442587,"GRC":31.792088,"GRL":0.0005359971,"GRD":52.058823,"GUM":52.351852,"GTM":34.25933,"GIN":22.49422,"GNB":76.17248,"GUY":93.7839,"HTI":13.218432,"HND":58.33408,"HUN":22.581856,"ISL":0.5279183,"IND":23.822224,"IDN":50.21142,"IRN":6.626194,"IRQ":1.7474339,"IRL":10.95471,"IMN":6.368421,"ITA":30.119707,"JAM":53.319485,"JPN":68.43347,"JOR":0.79622495,"KAZ":1.2254918,"KEN":5.945602,"KIR":1.3209877,"KWT":0.34175083,"KGZ":6.501251,"LAO":57.926342,"LVA":54.613853,"LBN":13.72043,"LSO":1.1370224,"LBR":73.05409,"LBY":0.1185935,"LIE":34.6875,"LTU":34.93387,"LUX":34.453827,"MDG":19.157099,"MWI":26.004456,"MYS":59.242794,"MDV":12.4,"MLI":9.4122305,"MLT":1.09375,"MHL":52.22222,"MRT":0.9632677,"MUS":19.178768,"MEX":34.745365,"FSM":91.81428,"MDA":11.748252,"MCO":0,"MNG":9.103222,"MNE":61.486988,"MAR":12.749047,"MOZ":44.397354,"MMR":45.953453,"NAM":9.777126,"NRU":0,"NPL":42.55633,"NLD":10.835462,"NCL":48.82987,"NZL":37.395504,"NIC":41.56473,"NER":0.90139735,"NGA":20.201345,"PRK":63.237106,"MKD":39.429024,"MNP":52.95652,"NOR":33.307655,"OMN":0.0051696287,"PAK":3.938421,"PLW":89.108696,"PAN":62.614586,"PNG":75.41627,"PRY":41.336296,"PER":54.339424,"PHL":23.523996,"POL":30.775263,"PRT":36.153137,"PRI":55.037205,"QAT":0.12184508,"ROU":29.993742,"RUS":50.266396,"RWA":19.822863,"KNA":42.307693,"LCA":52.55738,"MAF":24.8,"VCT":73.20513,"WSM":59.194244,"SMR":16.666666,"STP":57.322918,"SAU":1.2876508,"SEN":45.73178,"SRB":36.608395,"SYC":62.391304,"SLE":36.48559,"SGP":22.938719,"SXM":8.823529,"SVK":39.96984,"SVN":61.977314,"SLB":90.07753,"SOM":9.530717,"ZAF":18.140253,"KOR":64.928276,"SSD":11.325622,"ESP":37.171986,"LKA":33.919334,"SDN":12.699037,"SUR":92.44801,"SWE":68.69967,"CHE":31.604954,"SYR":2.8473423,"TWN":67,"TJK":3.0391238,"TZA":54.289906,"THA":39.264812,"TGO":22.505424,"TON":12.125,"TTO":44.89084,"TUN":4.537397,"TUR":28.104803,"TKM":4.958185,"TCA":11.073684,"TUV":34.333332,"UGA":13.208857,"UKR":16.741457,"ARE":4.522951,"GBR":13.040962,"USA":33.899723,"VIR":54.74286,"URY":10.48103,"UZB":8.054882,"VUT":76.39705,"VEN":54.281765,"VNM":44.86458,"ESH":1.9834559,"YEM":1.0398318,"ZMB":61.549255,"ZWE":36.972134}