{"AFG":1.8543152,"ALB":30.143942,"DZA":0.71268284,"ASM":79.25,"AND":38.859573,"AGO":54.425762,"ATG":19.054546,"ARG":17.63237,"ARM":11.737408,"ABW":2.7222223,"AUS":17.246996,"AUT":47.00131,"AZE":13.243195,"BHS":50.935066,"BHR":1.886076,"BGD":14.460413,"BRB":14.651163,"BLR":42.738113,"BEL":22.481276,"BLZ":60.6242,"BEN":30.770735,"BMU":14.444445,"BTN":71.20021,"BOL":52.12181,"BIH":42.183125,"BWA":27.752827,"BRA":61.362995,"VGB":66.46667,"BRN":72.10626,"BGR":35.42373,"BFA":15.773794,"BDI":10.889408,"KHM":49.018944,"CMR":43.24424,"CAN":41.891167,"CPV":11.285359,"CYM":53,"CAF":73.05785,"TCD":3.7821999,"CHL":24.492472,"CHN":22.587374,"COL":54.79555,"COM":18.389038,"COG":64.09195,"CRI":57.931416,"CIV":13.819069,"HRV":34.408863,"CUB":34.079826,"CUW":0.15765765,"CYP":18.68788,"CZE":37.565052,"COD":62.519608,"DNK":15.64875,"DJI":0.24572907,"DMA":77.00533,"DOM":45.99222,"TLS":71.564896,"ECU":51.32702,"EGY":0.0040986487,"SLV":32.68938,"GNQ":88.47986,"ERI":12.358144,"EST":56.772995,"SWZ":25.963371,"ETH":23.731153,"FRO":0.05839416,"FJI":59.9295,"FIN":73.814674,"FRA":30.934496,"GUF":95.96775,"PYF":43.059635,"GAB":91.65172,"GMB":26.213835,"GEO":44.61793,"DEU":32.74044,"GHA":29.599575,"GRC":32.823586,"GRL":0.0005359971,"GRD":52.058823,"GUM":52.351852,"GTM":34.129375,"GIN":22.22157,"GNB":76.02177,"GUY":93.73714,"HTI":13.224238,"HND":57.59305,"HUN":22.573483,"ISL":0.5347218,"IND":23.921848,"IDN":50.26785,"IRN":6.626194,"IRQ":1.7322127,"IRL":11.066918,"IMN":6.3824563,"ITA":30.425747,"JAM":53.678303,"JPN":68.419754,"JOR":0.79622495,"KAZ":1.2360522,"KEN":6.018547,"KIR":1.3209877,"KWT":0.34410775,"KGZ":6.509823,"LAO":57.79056,"LVA":54.727978,"LBN":13.729815,"LSO":1.1370224,"LBR":72.00104,"LBY":0.11840367,"LIE":34.6875,"LTU":34.9824,"LUX":34.453827,"MDG":18.95011,"MWI":25.558973,"MYS":59.072666,"MDV":12.4,"MLI":9.329829,"MLT":1.1625,"MHL":52.566666,"MRT":0.9658174,"MUS":19.177767,"MEX":34.67964,"FSM":91.85714,"MDA":11.667984,"MCO":0,"MNG":9.103222,"MNE":61.486988,"MAR":12.750782,"MOZ":44.057785,"MMR":45.509563,"NAM":9.776341,"NRU":0,"NPL":42.671993,"NLD":10.848826,"NCL":48.82987,"NZL":37.48565,"NIC":41.38097,"NER":0.8915923,"NGA":20.062033,"PRK":63.3314,"MKD":39.80904,"MNP":52.95652,"NOR":33.300976,"OMN":0.0051696287,"PAK":3.9520366,"PLW":89.295654,"PAN":62.573956,"PNG":75.36977,"PRY":40.703117,"PER":54.19911,"PHL":23.666359,"POL":30.804142,"PRT":36.202393,"PRI":54.44938,"QAT":0.12184508,"ROU":30.018158,"RUS":50.330215,"RWA":20.413052,"KNA":42.307693,"LCA":52.73115,"MAF":24.8,"VCT":73.21026,"WSM":59.021584,"SMR":16.666666,"STP":57.347916,"SAU":1.2876508,"SEN":45.651047,"SRB":37.080273,"SYC":61.917393,"SLE":36.212303,"SGP":22.752089,"SXM":8.823529,"SVK":40.009235,"SVN":61.935898,"SLB":90.05131,"SOM":9.285396,"ZAF":18.212439,"KOR":64.84836,"SSD":11.324198,"ESP":37.334763,"LKA":34.071808,"SDN":12.605814,"SUR":92.356865,"SWE":68.67708,"CHE":31.651321,"SYR":2.8477528,"TJK":3.040853,"TZA":53.76044,"THA":39.37347,"TGO":22.450966,"TON":12.125,"TTO":44.808186,"TUN":4.529763,"TUR":28.25814,"TKM":4.958185,"TCA":11.073684,"TUV":34.333332,"UGA":13.068741,"UKR":16.810493,"ARE":4.5276823,"GBR":13.090564,"USA":33.88136,"VIR":55.17143,"URY":10.592607,"UZB":8.118243,"VUT":76.20148,"VEN":54.158295,"VNM":45.25724,"ESH":1.9788309,"YEM":1.0398318,"ZMB":61.442978,"ZWE":36.831688}