{"AFG":1.8543152,"ALB":31.193722,"DZA":0.7123999,"ASM":79.25,"AND":38.804256,"AGO":54.01666,"ATG":18.904545,"ARG":17.563059,"ARM":11.736143,"ABW":2.7222223,"AUS":17.26737,"AUT":47.035458,"AZE":13.444767,"BHS":50.935066,"BHR":2.0379746,"BGD":14.452824,"BRB":14.651163,"BLR":42.94458,"BEL":22.358103,"BLZ":60.293995,"BEN":30.439217,"BMU":14.444445,"BTN":71.210594,"BOL":51.915386,"BIH":42.168983,"BWA":27.75364,"BRA":61.048527,"VGB":66.46667,"BRN":72.10626,"BGR":35.539795,"BFA":15.335709,"BDI":10.889408,"KHM":47.91994,"CMR":42.86664,"CAN":41.91105,"CPV":11.439206,"CYM":53,"CAF":72.98318,"TCD":3.6806164,"CHL":24.484194,"CHN":22.774921,"COL":54.644047,"COM":18.207415,"COG":64.016106,"CRI":58.000313,"CIV":13.649082,"HRV":34.471767,"CUB":34.25792,"CUW":0.15765765,"CYP":18.684198,"CZE":37.643448,"COD":62.39482,"DNK":15.691,"DJI":0.24771355,"DMA":76.944,"DOM":46.031727,"TLS":71.47075,"ECU":51.03864,"EGY":0.0040986487,"SLV":32.729633,"GNQ":88.181816,"ERI":12.30874,"EST":56.87807,"SWZ":25.876163,"ETH":23.727697,"FRO":0.05839416,"FJI":60.183033,"FIN":73.90285,"FRA":31.12151,"GUF":95.92669,"PYF":43.059635,"GAB":91.62559,"GMB":25.642096,"GEO":44.61793,"DEU":32.75418,"GHA":29.756563,"GRC":33.85508,"GRL":0.0005359971,"GRD":52.058823,"GUM":52.351852,"GTM":33.99942,"GIN":21.948917,"GNB":75.871056,"GUY":93.690384,"HTI":13.230043,"HND":56.852016,"HUN":22.565111,"ISL":0.54152536,"IND":24.021471,"IDN":50.32428,"IRN":6.626194,"IRQ":1.7169913,"IRL":11.179126,"IMN":6.396491,"ITA":30.731787,"JAM":54.03712,"JPN":68.40604,"JOR":0.79622495,"KAZ":1.2466125,"KEN":6.0914927,"KIR":1.3209877,"KWT":0.34646463,"KGZ":6.518394,"LAO":57.654785,"LVA":54.842102,"LBN":13.739199,"LSO":1.1370224,"LBR":70.94798,"LBY":0.118213855,"LIE":34.6875,"LTU":35.030926,"LUX":34.453827,"MDG":18.743122,"MWI":25.113491,"MYS":58.902534,"MDV":12.4,"MLI":9.247427,"MLT":1.23125,"MHL":52.91111,"MRT":0.9683671,"MUS":19.176765,"MEX":34.613914,"FSM":91.899994,"MDA":11.587717,"MCO":0,"MNG":9.103222,"MNE":61.486988,"MAR":12.752516,"MOZ":43.718216,"MMR":45.065678,"NAM":9.775557,"NRU":0,"NPL":42.78765,"NLD":10.862192,"NCL":48.82987,"NZL":37.575794,"NIC":41.19721,"NER":0.8817873,"NGA":19.92272,"PRK":63.425697,"MKD":40.189056,"MNP":52.95652,"NOR":33.294292,"OMN":0.0051696287,"PAK":3.9656522,"PLW":89.482605,"PAN":62.533325,"PNG":75.32326,"PRY":40.06994,"PER":54.058792,"PHL":23.80872,"POL":30.833023,"PRT":36.251648,"PRI":53.861557,"QAT":0.12184508,"ROU":30.042576,"RUS":50.394035,"RWA":21.003242,"KNA":42.307693,"LCA":52.90492,"MAF":24.8,"VCT":73.215385,"WSM":58.848923,"SMR":16.666666,"STP":57.372917,"SAU":1.2876508,"SEN":45.570312,"SRB":37.552147,"SYC":61.443478,"SLE":35.939014,"SGP":22.56546,"SXM":8.823529,"SVK":40.048626,"SVN":61.894478,"SLB":90.02508,"SOM":9.040074,"ZAF":18.284622,"KOR":64.76844,"SSD":11.322773,"ESP":37.49754,"LKA":34.22428,"SDN":12.512591,"SUR":92.26572,"SWE":68.65449,"CHE":31.697691,"SYR":2.8481631,"TJK":3.0425823,"TZA":53.230976,"THA":39.48213,"TGO":22.396507,"TON":12.125,"TTO":44.725536,"TUN":4.522129,"TUR":28.411476,"TKM":4.958185,"TCA":11.073684,"TUV":34.333332,"UGA":12.928625,"UKR":16.87953,"ARE":4.5324135,"GBR":13.140164,"USA":33.86299,"VIR":55.6,"URY":10.704183,"UZB":8.181603,"VUT":76.005905,"VEN":54.034824,"VNM":45.649906,"ESH":1.9742059,"YEM":1.0398318,"ZMB":61.336697,"ZWE":36.69124}