{"AFG":1.8543152,"ALB":32.243504,"DZA":0.7121169,"ASM":79.25,"AND":38.748936,"AGO":53.607555,"ATG":18.754545,"ARG":17.493746,"ARM":11.734879,"ABW":2.7222223,"AUS":17.287745,"AUT":47.069607,"AZE":13.64634,"BHS":50.935066,"BHR":2.1898735,"BGD":14.445233,"BRB":14.651163,"BLR":43.151043,"BEL":22.234932,"BLZ":59.963787,"BEN":30.107698,"BMU":14.444445,"BTN":71.22098,"BOL":51.70896,"BIH":42.154842,"BWA":27.754452,"BRA":60.73405,"VGB":66.46667,"BRN":72.10626,"BGR":35.655857,"BFA":14.897624,"BDI":10.889408,"KHM":46.82094,"CMR":42.489037,"CAN":41.930935,"CPV":11.593052,"CYM":53,"CAF":72.9085,"TCD":3.5790327,"CHL":24.475918,"CHN":22.962471,"COL":54.49254,"COM":18.025793,"COG":63.94026,"CRI":58.069214,"CIV":13.4790945,"HRV":34.534668,"CUB":34.436012,"CUW":0.15765765,"CYP":18.68052,"CZE":37.721848,"COD":62.270042,"DNK":15.73325,"DJI":0.24969801,"DMA":76.88267,"DOM":46.071228,"TLS":71.376595,"ECU":50.75026,"EGY":0.0040986487,"SLV":32.769886,"GNQ":87.88378,"ERI":12.259335,"EST":56.98315,"SWZ":25.788954,"ETH":23.724241,"FRO":0.05839416,"FJI":60.43656,"FIN":73.99102,"FRA":31.308521,"GUF":95.88563,"PYF":43.059635,"GAB":91.599464,"GMB":25.070356,"GEO":44.61793,"DEU":32.767918,"GHA":29.913551,"GRC":34.886578,"GRL":0.0005359971,"GRD":52.058823,"GUM":52.351852,"GTM":33.869465,"GIN":21.676266,"GNB":75.720345,"GUY":93.64362,"HTI":13.235849,"HND":56.110985,"HUN":22.55674,"ISL":0.5483289,"IND":24.121096,"IDN":50.380714,"IRN":6.626194,"IRQ":1.70177,"IRL":11.291334,"IMN":6.4105263,"ITA":31.037827,"JAM":54.39594,"JPN":68.39232,"JOR":0.79622495,"KAZ":1.2571731,"KEN":6.164438,"KIR":1.3209877,"KWT":0.34882155,"KGZ":6.5269656,"LAO":57.519005,"LVA":54.956226,"LBN":13.748583,"LSO":1.1370224,"LBR":69.894936,"LBY":0.11802403,"LIE":34.6875,"LTU":35.079453,"LUX":34.453827,"MDG":18.536133,"MWI":24.66801,"MYS":58.732407,"MDV":12.4,"MLI":9.165025,"MLT":1.3,"MHL":53.255554,"MRT":0.97091687,"MUS":19.175764,"MEX":34.548195,"FSM":91.94285,"MDA":11.507449,"MCO":0,"MNG":9.103222,"MNE":61.486988,"MAR":12.754251,"MOZ":43.378647,"MMR":44.62179,"NAM":9.774772,"NRU":0,"NPL":42.903313,"NLD":10.875557,"NCL":48.82987,"NZL":37.66594,"NIC":41.013447,"NER":0.87198234,"NGA":19.783407,"PRK":63.51999,"MKD":40.569073,"MNP":52.95652,"NOR":33.28761,"OMN":0.0051696287,"PAK":3.9792678,"PLW":89.66956,"PAN":62.492695,"PNG":75.27676,"PRY":39.43676,"PER":53.91848,"PHL":23.951082,"POL":30.861904,"PRT":36.300903,"PRI":53.27373,"QAT":0.12184508,"ROU":30.066994,"RUS":50.457855,"RWA":21.593433,"KNA":42.307693,"LCA":53.07869,"MAF":24.8,"VCT":73.22051,"WSM":58.676258,"SMR":16.666666,"STP":57.397915,"SAU":1.2876508,"SEN":45.489574,"SRB":38.02402,"SYC":60.969566,"SLE":35.665726,"SGP":22.37883,"SXM":8.823529,"SVK":40.08802,"SVN":61.85306,"SLB":89.998856,"SOM":8.794752,"ZAF":18.356806,"KOR":64.68852,"SSD":11.321349,"ESP":37.660316,"LKA":34.376755,"SDN":12.419369,"SUR":92.17457,"SWE":68.6319,"CHE":31.744059,"SYR":2.8485734,"TJK":3.0443115,"TZA":52.70151,"THA":39.590786,"TGO":22.342049,"TON":12.125,"TTO":44.642883,"TUN":4.5144954,"TUR":28.564812,"TKM":4.958185,"TCA":11.073684,"TUV":34.333332,"UGA":12.78851,"UKR":16.948568,"ARE":4.5371447,"GBR":13.189766,"USA":33.844627,"VIR":56.028572,"URY":10.815758,"UZB":8.244965,"VUT":75.81033,"VEN":53.911358,"VNM":46.04257,"ESH":1.9695809,"YEM":1.0398318,"ZMB":61.230423,"ZWE":36.550793}