{"AFG":1.8543152,"ALB":33.293285,"DZA":0.7118339,"ASM":79.25,"AND":38.69362,"AGO":53.198452,"ATG":18.604546,"ARG":17.424435,"ARM":11.733614,"ABW":2.7222223,"AUS":17.308119,"AUT":47.103756,"AZE":13.847913,"BHS":50.935066,"BHR":2.341772,"BGD":14.437643,"BRB":14.651163,"BLR":43.357506,"BEL":22.11176,"BLZ":59.633583,"BEN":29.77618,"BMU":14.444445,"BTN":71.23136,"BOL":51.502533,"BIH":42.1407,"BWA":27.755262,"BRA":60.41958,"VGB":66.46667,"BRN":72.10626,"BGR":35.771923,"BFA":14.459539,"BDI":10.889408,"KHM":45.721935,"CMR":42.111435,"CAN":41.95082,"CPV":11.746899,"CYM":53,"CAF":72.83382,"TCD":3.4774492,"CHL":24.467642,"CHN":23.15002,"COL":54.341034,"COM":17.84417,"COG":63.86442,"CRI":58.13811,"CIV":13.309107,"HRV":34.59757,"CUB":34.614105,"CUW":0.15765765,"CYP":18.67684,"CZE":37.800243,"COD":62.145256,"DNK":15.7755,"DJI":0.2516825,"DMA":76.821335,"DOM":46.110733,"TLS":71.28245,"ECU":50.46188,"EGY":0.0040986487,"SLV":32.810135,"GNQ":87.58574,"ERI":12.209929,"EST":57.08823,"SWZ":25.701744,"ETH":23.720785,"FRO":0.05839416,"FJI":60.690094,"FIN":74.07919,"FRA":31.495533,"GUF":95.84457,"PYF":43.059635,"GAB":91.57334,"GMB":24.498617,"GEO":44.61793,"DEU":32.78166,"GHA":30.07054,"GRC":35.918076,"GRL":0.0005359971,"GRD":52.058823,"GUM":52.351852,"GTM":33.73951,"GIN":21.403614,"GNB":75.56963,"GUY":93.59687,"HTI":13.241654,"HND":55.369953,"HUN":22.548367,"ISL":0.5551324,"IND":24.220718,"IDN":50.437145,"IRN":6.626194,"IRQ":1.6865487,"IRL":11.403542,"IMN":6.4245615,"ITA":31.343866,"JAM":54.754757,"JPN":68.3786,"JOR":0.79622495,"KAZ":1.2677335,"KEN":6.237383,"KIR":1.3209877,"KWT":0.35117844,"KGZ":6.5355372,"LAO":57.383224,"LVA":55.07035,"LBN":13.757967,"LSO":1.1370224,"LBR":68.84188,"LBY":0.1178342,"LIE":34.6875,"LTU":35.12798,"LUX":34.453827,"MDG":18.329144,"MWI":24.222528,"MYS":58.562275,"MDV":12.4,"MLI":9.0826235,"MLT":1.36875,"MHL":53.6,"MRT":0.9734666,"MUS":19.174763,"MEX":34.482464,"FSM":91.98571,"MDA":11.427181,"MCO":0,"MNG":9.103222,"MNE":61.486988,"MAR":12.755984,"MOZ":43.039074,"MMR":44.177902,"NAM":9.773988,"NRU":0,"NPL":43.018974,"NLD":10.888922,"NCL":48.82987,"NZL":37.75608,"NIC":40.82968,"NER":0.8621773,"NGA":19.644094,"PRK":63.614285,"MKD":40.949085,"MNP":52.95652,"NOR":33.28093,"OMN":0.0051696287,"PAK":3.9928834,"PLW":89.85652,"PAN":62.45206,"PNG":75.230255,"PRY":38.803585,"PER":53.778168,"PHL":24.093443,"POL":30.890783,"PRT":36.35016,"PRI":52.68591,"QAT":0.12184508,"ROU":30.091412,"RUS":50.521683,"RWA":22.183624,"KNA":42.307693,"LCA":53.25246,"MAF":24.8,"VCT":73.22564,"WSM":58.503597,"SMR":16.666666,"STP":57.422916,"SAU":1.2876508,"SEN":45.40884,"SRB":38.495895,"SYC":60.49565,"SLE":35.392437,"SGP":22.1922,"SXM":8.823529,"SVK":40.12741,"SVN":61.81164,"SLB":89.97263,"SOM":8.549431,"ZAF":18.428991,"KOR":64.608604,"SSD":11.319924,"ESP":37.823093,"LKA":34.52923,"SDN":12.326145,"SUR":92.08342,"SWE":68.609314,"CHE":31.790428,"SYR":2.848984,"TJK":3.0460408,"TZA":52.172047,"THA":39.699444,"TGO":22.28759,"TON":12.125,"TTO":44.560234,"TUN":4.5068617,"TUR":28.718147,"TKM":4.958185,"TCA":11.073684,"TUV":34.333332,"UGA":12.648395,"UKR":17.017605,"ARE":4.5418754,"GBR":13.239367,"USA":33.82626,"VIR":56.45714,"URY":10.927334,"UZB":8.308325,"VUT":75.61477,"VEN":53.787884,"VNM":46.43523,"ESH":1.9649559,"YEM":1.0398318,"ZMB":61.12414,"ZWE":36.410347}