{"AFG":1.8543152,"ALB":34.343067,"DZA":0.7115509,"ASM":79.25,"AND":38.638298,"AGO":52.789345,"ATG":18.454546,"ARG":17.355122,"ARM":11.732349,"ABW":2.7222223,"AUS":17.328495,"AUT":47.137905,"AZE":14.049486,"BHS":50.935066,"BHR":2.493671,"BGD":14.430053,"BRB":14.651163,"BLR":43.56397,"BEL":21.988588,"BLZ":59.303375,"BEN":29.444662,"BMU":14.444445,"BTN":71.24174,"BOL":51.29611,"BIH":42.126564,"BWA":27.756075,"BRA":60.105106,"VGB":66.46667,"BRN":72.10626,"BGR":35.88799,"BFA":14.021455,"BDI":10.889408,"KHM":44.622932,"CMR":41.733833,"CAN":41.970707,"CPV":11.900744,"CYM":53,"CAF":72.75914,"TCD":3.3758657,"CHL":24.459364,"CHN":23.337568,"COL":54.189526,"COM":17.662546,"COG":63.788578,"CRI":58.207012,"CIV":13.13912,"HRV":34.660473,"CUB":34.7922,"CUW":0.15765765,"CYP":18.67316,"CZE":37.87864,"COD":62.020477,"DNK":15.81775,"DJI":0.25366697,"DMA":76.76,"DOM":46.150238,"TLS":71.1883,"ECU":50.173496,"EGY":0.0040986487,"SLV":32.850388,"GNQ":87.2877,"ERI":12.160525,"EST":57.193306,"SWZ":25.614534,"ETH":23.71733,"FRO":0.05839416,"FJI":60.943623,"FIN":74.167366,"FRA":31.682547,"GUF":95.803505,"PYF":43.059635,"GAB":91.54721,"GMB":23.926878,"GEO":44.61793,"DEU":32.7954,"GHA":30.227528,"GRC":36.949574,"GRL":0.0005359971,"GRD":52.058823,"GUM":52.351852,"GTM":33.609554,"GIN":21.130962,"GNB":75.41892,"GUY":93.55012,"HTI":13.24746,"HND":54.62892,"HUN":22.539995,"ISL":0.56193596,"IND":24.320343,"IDN":50.493576,"IRN":6.626194,"IRQ":1.6713274,"IRL":11.51575,"IMN":6.4385967,"ITA":31.649906,"JAM":55.113575,"JPN":68.36488,"JOR":0.79622495,"KAZ":1.2782938,"KEN":6.310328,"KIR":1.3209877,"KWT":0.35353535,"KGZ":6.5441084,"LAO":57.247444,"LVA":55.18448,"LBN":13.767351,"LSO":1.1370224,"LBR":67.788826,"LBY":0.117644385,"LIE":34.6875,"LTU":35.176506,"LUX":34.453827,"MDG":18.122156,"MWI":23.777046,"MYS":58.392147,"MDV":12.4,"MLI":9.000221,"MLT":1.4375,"MHL":53.944443,"MRT":0.9760163,"MUS":19.173761,"MEX":34.41674,"FSM":92.02857,"MDA":11.346914,"MCO":0,"MNG":9.103222,"MNE":61.486988,"MAR":12.757719,"MOZ":42.69951,"MMR":43.734016,"NAM":9.773203,"NRU":0,"NPL":43.134636,"NLD":10.902287,"NCL":48.82987,"NZL":37.846226,"NIC":40.64592,"NER":0.8523723,"NGA":19.504782,"PRK":63.70858,"MKD":41.3291,"MNP":52.95652,"NOR":33.274246,"OMN":0.0051696287,"PAK":4.0064993,"PLW":90.04348,"PAN":62.41143,"PNG":75.18375,"PRY":38.170406,"PER":53.637856,"PHL":24.235806,"POL":30.919664,"PRT":36.39941,"PRI":52.098083,"QAT":0.12184508,"ROU":30.11583,"RUS":50.585503,"RWA":22.773815,"KNA":42.307693,"LCA":53.42623,"MAF":24.8,"VCT":73.23077,"WSM":58.330936,"SMR":16.666666,"STP":57.447918,"SAU":1.2876508,"SEN":45.328106,"SRB":38.967773,"SYC":60.02174,"SLE":35.11915,"SGP":22.005571,"SXM":8.823529,"SVK":40.166805,"SVN":61.770226,"SLB":89.94641,"SOM":8.30411,"ZAF":18.501175,"KOR":64.52869,"SSD":11.3185005,"ESP":37.98587,"LKA":34.6817,"SDN":12.232923,"SUR":91.99227,"SWE":68.58672,"CHE":31.836796,"SYR":2.8493943,"TJK":3.04777,"TZA":51.642582,"THA":39.808098,"TGO":22.233131,"TON":12.125,"TTO":44.47758,"TUN":4.4992275,"TUR":28.871483,"TKM":4.958185,"TCA":11.073684,"TUV":34.333332,"UGA":12.508279,"UKR":17.086641,"ARE":4.5466065,"GBR":13.288968,"USA":33.807896,"VIR":56.885715,"URY":11.03891,"UZB":8.371686,"VUT":75.4192,"VEN":53.664417,"VNM":46.827892,"ESH":1.9603308,"YEM":1.0398318,"ZMB":61.017868,"ZWE":36.269897}