{"AFG":1.8543152,"ALB":34.343067,"DZA":0.71126795,"ASM":79.25,"AND":38.66383,"AGO":52.38024,"ATG":18.304546,"ARG":17.289526,"ARM":11.732912,"ABW":2.7222223,"AUS":17.335526,"AUT":47.172054,"AZE":14.176455,"BHS":50.935066,"BHR":3.101266,"BGD":14.422462,"BRB":14.651163,"BLR":43.69437,"BEL":21.988588,"BLZ":58.97317,"BEN":29.113142,"BMU":14.444445,"BTN":71.019295,"BOL":51.074783,"BIH":42.146873,"BWA":27.756075,"BRA":59.715538,"VGB":66.46667,"BRN":72.10626,"BGR":36.00405,"BFA":13.58337,"BDI":10.889408,"KHM":42.873928,"CMR":41.486416,"CAN":41.969585,"CPV":12.05459,"CYM":53,"CAF":72.684456,"TCD":3.274282,"CHL":24.452795,"CHN":23.509167,"COL":54.069397,"COM":17.716282,"COG":63.829575,"CRI":58.27591,"CIV":12.884963,"HRV":34.68406,"CUB":34.813293,"CUW":0.15765765,"CYP":18.654978,"CZE":37.99578,"COD":61.89569,"DNK":15.867,"DJI":0.25409836,"DMA":76.70133,"DOM":46.28763,"TLS":71.13127,"ECU":50.052086,"EGY":0.004104676,"SLV":32.89073,"GNQ":86.98966,"ERI":12.11112,"EST":57.206787,"SWZ":25.527325,"ETH":23.713858,"FRO":0.05839416,"FJI":61.197155,"FIN":74.167366,"FRA":31.845818,"GUF":95.75346,"PYF":43.059635,"GAB":91.52109,"GMB":23.281225,"GEO":44.61793,"DEU":32.809135,"GHA":30.384516,"GRC":36.949574,"GRL":0.0005359971,"GRD":52.058823,"GUM":52.351852,"GTM":33.48647,"GIN":20.858303,"GNB":75.26821,"GUY":93.51135,"HTI":13.298259,"HND":54.180088,"HUN":22.606552,"ISL":0.5714966,"IND":24.349268,"IDN":50.53663,"IRN":6.626194,"IRQ":1.6561153,"IRL":11.630512,"IMN":6.4385967,"ITA":31.69214,"JAM":55.472393,"JPN":68.35885,"JOR":0.79622495,"KAZ":1.2834426,"KEN":6.423604,"KIR":1.3209877,"KWT":0.35353535,"KGZ":6.544442,"LAO":57.09435,"LVA":55.28999,"LBN":13.776735,"LSO":1.1370224,"LBR":67.36752,"LBY":0.11745456,"LIE":35.225,"LTU":35.22171,"LUX":34.453827,"MDG":17.908546,"MWI":23.331566,"MYS":58.209526,"MDV":12.4,"MLI":8.917819,"MLT":1.44375,"MHL":53.944443,"MRT":0.97856796,"MUS":19.173761,"MEX":34.351017,"FSM":92.07143,"MDA":11.329279,"MCO":0,"MNG":9.103222,"MNE":61.486988,"MAR":12.758423,"MOZ":42.359943,"MMR":43.290127,"NAM":9.772421,"NRU":0,"NPL":43.250298,"NLD":10.915652,"NCL":48.82987,"NZL":38.10276,"NIC":40.46206,"NER":0.8484882,"NGA":19.365469,"PRK":63.80289,"MKD":41.200474,"MNP":52.95652,"NOR":33.267567,"OMN":0.0051696287,"PAK":4.033463,"PLW":90.23913,"PAN":62.3708,"PNG":75.17546,"PRY":37.757008,"PER":53.403996,"PHL":24.378174,"POL":30.939789,"PRT":36.461067,"PRI":51.51071,"QAT":0.12184508,"ROU":30.140238,"RUS":50.63677,"RWA":23.364004,"KNA":42.307693,"LCA":53.508198,"MAF":24.8,"VCT":73.23077,"WSM":58.15827,"SMR":16.666666,"STP":57.475,"SAU":1.2883486,"SEN":45.24739,"SRB":39.439648,"SYC":59.547825,"SLE":34.845856,"SGP":22.005571,"SXM":8.823529,"SVK":40.205364,"SVN":61.767445,"SLB":89.92019,"SOM":8.183043,"ZAF":18.573359,"KOR":64.49002,"SSD":11.320874,"ESP":38.046196,"LKA":34.60178,"SDN":12.1397,"SUR":91.87856,"SWE":68.58672,"CHE":31.883165,"SYR":2.8495672,"TJK":3.0499315,"TZA":51.113117,"THA":39.537952,"TGO":22.289024,"TON":12.125,"TTO":44.39493,"TUN":4.4844103,"TUR":29.02361,"TKM":4.958185,"TCA":11.073684,"TUV":34.333332,"UGA":12.368153,"UKR":17.152225,"ARE":4.5513377,"GBR":13.341049,"USA":33.800022,"VIR":57.314285,"URY":11.144007,"UZB":8.464816,"VUT":75.223625,"VEN":53.608536,"VNM":46.89991,"ESH":1.9573971,"YEM":1.0398318,"ZMB":60.887173,"ZWE":36.132893}