{"AFG":1.8543152,"ALB":34.343067,"DZA":0.71098495,"ASM":79.25,"AND":38.68936,"AGO":51.971138,"ATG":18.154545,"ARG":17.223928,"ARM":11.733474,"ABW":2.7222223,"AUS":17.34256,"AUT":47.206203,"AZE":14.303424,"BHS":50.935066,"BHR":3.7088609,"BGD":14.414873,"BRB":14.651163,"BLR":43.824768,"BEL":21.988588,"BLZ":58.642963,"BEN":28.781624,"BMU":14.444445,"BTN":70.79685,"BOL":50.85346,"BIH":42.167187,"BWA":27.756075,"BRA":59.325974,"VGB":66.46667,"BRN":72.10626,"BGR":36.120117,"BFA":13.145285,"BDI":10.889408,"KHM":41.124928,"CMR":41.239002,"CAN":41.968468,"CPV":12.208437,"CYM":53,"CAF":72.60978,"TCD":3.1726985,"CHL":24.446226,"CHN":23.680765,"COL":53.94927,"COM":17.770016,"COG":63.87057,"CRI":58.34481,"CIV":12.630805,"HRV":34.70765,"CUB":34.834393,"CUW":0.15765765,"CYP":18.636797,"CZE":38.112923,"COD":61.770905,"DNK":15.91625,"DJI":0.25452977,"DMA":76.64267,"DOM":46.42502,"TLS":71.07424,"ECU":49.93067,"EGY":0.0041107037,"SLV":32.93108,"GNQ":86.69162,"ERI":12.061715,"EST":57.22027,"SWZ":25.440117,"ETH":23.710382,"FRO":0.05839416,"FJI":61.450684,"FIN":74.167366,"FRA":32.009087,"GUF":95.70342,"PYF":43.059635,"GAB":91.49496,"GMB":22.635572,"GEO":44.61793,"DEU":32.822876,"GHA":30.541504,"GRC":36.949574,"GRL":0.0005359971,"GRD":52.058823,"GUM":52.351852,"GTM":33.36338,"GIN":20.585642,"GNB":75.11749,"GUY":93.472595,"HTI":13.349056,"HND":53.731255,"HUN":22.67311,"ISL":0.58105725,"IND":24.378193,"IDN":50.57968,"IRN":6.626194,"IRQ":1.6409031,"IRL":11.7452755,"IMN":6.4385967,"ITA":31.734377,"JAM":55.83121,"JPN":68.35281,"JOR":0.79622495,"KAZ":1.2885913,"KEN":6.53688,"KIR":1.3209877,"KWT":0.35353535,"KGZ":6.544776,"LAO":56.941257,"LVA":55.3955,"LBN":13.786119,"LSO":1.1370224,"LBR":66.94622,"LBY":0.11726474,"LIE":35.7625,"LTU":35.266914,"LUX":34.453827,"MDG":17.694937,"MWI":22.886084,"MYS":58.026905,"MDV":12.4,"MLI":8.835418,"MLT":1.45,"MHL":53.944443,"MRT":0.98111963,"MUS":19.173761,"MEX":34.28529,"FSM":92.11429,"MDA":11.311645,"MCO":0,"MNG":9.103222,"MNE":61.486988,"MAR":12.759126,"MOZ":42.02038,"MMR":42.84624,"NAM":9.771638,"NRU":0,"NPL":43.36596,"NLD":10.929017,"NCL":48.82987,"NZL":38.359295,"NIC":40.278194,"NER":0.8446041,"NGA":19.226156,"PRK":63.8972,"MKD":41.071846,"MNP":52.95652,"NOR":33.260883,"OMN":0.0051696287,"PAK":4.060427,"PLW":90.434784,"PAN":62.33017,"PNG":75.16718,"PRY":37.343613,"PER":53.17014,"PHL":24.520542,"POL":30.959913,"PRT":36.522724,"PRI":50.923336,"QAT":0.12184508,"ROU":30.164646,"RUS":50.68803,"RWA":23.954195,"KNA":42.307693,"LCA":53.590164,"MAF":24.8,"VCT":73.23077,"WSM":57.98561,"SMR":16.666666,"STP":57.502083,"SAU":1.2890463,"SEN":45.166676,"SRB":39.911522,"SYC":59.073914,"SLE":34.572567,"SGP":22.005571,"SXM":8.823529,"SVK":40.243927,"SVN":61.764664,"SLB":89.89396,"SOM":8.061976,"ZAF":18.645544,"KOR":64.451355,"SSD":11.323248,"ESP":38.106518,"LKA":34.521854,"SDN":12.046477,"SUR":91.76485,"SWE":68.58672,"CHE":31.929533,"SYR":2.84974,"TJK":3.052093,"TZA":50.583652,"THA":39.267803,"TGO":22.344917,"TON":12.125,"TTO":44.312283,"TUN":4.469593,"TUR":29.175734,"TKM":4.958185,"TCA":11.073684,"TUV":34.333332,"UGA":12.228027,"UKR":17.217812,"ARE":4.556069,"GBR":13.39313,"USA":33.792152,"VIR":57.74286,"URY":11.249103,"UZB":8.557946,"VUT":75.02805,"VEN":53.55265,"VNM":46.971928,"ESH":1.9544632,"YEM":1.0398318,"ZMB":60.756474,"ZWE":35.99589}