{"AFG":1.8543152,"ALB":34.343067,"DZA":0.71070194,"ASM":79.25,"AND":38.714893,"AGO":51.562035,"ATG":18.004545,"ARG":17.158333,"ARM":11.7340355,"ABW":2.7222223,"AUS":17.349592,"AUT":47.240353,"AZE":14.430393,"BHS":50.935066,"BHR":4.316456,"BGD":14.407283,"BRB":14.651163,"BLR":43.95517,"BEL":21.988588,"BLZ":58.31276,"BEN":28.450106,"BMU":14.444445,"BTN":70.57441,"BOL":50.63213,"BIH":42.1875,"BWA":27.756075,"BRA":58.936405,"VGB":66.46667,"BRN":72.10626,"BGR":36.236183,"BFA":12.7072,"BDI":10.889408,"KHM":39.375923,"CMR":40.991585,"CAN":41.967354,"CPV":12.362283,"CYM":53,"CAF":72.5351,"TCD":3.071115,"CHL":24.43966,"CHN":23.852365,"COL":53.829136,"COM":17.823751,"COG":63.911568,"CRI":58.413708,"CIV":12.376648,"HRV":34.731236,"CUB":34.85549,"CUW":0.15765765,"CYP":18.618614,"CZE":38.230064,"COD":61.64612,"DNK":15.9655,"DJI":0.25496116,"DMA":76.584,"DOM":46.562412,"TLS":71.01722,"ECU":49.80926,"EGY":0.004116731,"SLV":32.971428,"GNQ":86.393585,"ERI":12.01231,"EST":57.233746,"SWZ":25.352907,"ETH":23.70691,"FRO":0.05839416,"FJI":61.704216,"FIN":74.167366,"FRA":32.17236,"GUF":95.65339,"PYF":43.059635,"GAB":91.468834,"GMB":21.989922,"GEO":44.61793,"DEU":32.836617,"GHA":30.698492,"GRC":36.949574,"GRL":0.0005359971,"GRD":52.058823,"GUM":52.351852,"GTM":33.240295,"GIN":20.312983,"GNB":74.96678,"GUY":93.43383,"HTI":13.399855,"HND":53.28242,"HUN":22.739668,"ISL":0.5906179,"IND":24.407118,"IDN":50.622734,"IRN":6.626194,"IRQ":1.625691,"IRL":11.860038,"IMN":6.4385967,"ITA":31.776613,"JAM":56.19003,"JPN":68.34678,"JOR":0.79622495,"KAZ":1.29374,"KEN":6.6501565,"KIR":1.3209877,"KWT":0.35353535,"KGZ":6.5451093,"LAO":56.788162,"LVA":55.50101,"LBN":13.795504,"LSO":1.1370224,"LBR":66.52492,"LBY":0.117074914,"LIE":36.3,"LTU":35.312122,"LUX":34.453827,"MDG":17.481327,"MWI":22.440603,"MYS":57.844284,"MDV":12.4,"MLI":8.7530155,"MLT":1.45625,"MHL":53.944443,"MRT":0.9836713,"MUS":19.173761,"MEX":34.219566,"FSM":92.15714,"MDA":11.29401,"MCO":0,"MNG":9.103222,"MNE":61.486988,"MAR":12.7598295,"MOZ":41.68081,"MMR":42.402355,"NAM":9.770856,"NRU":0,"NPL":43.481617,"NLD":10.942382,"NCL":48.82987,"NZL":38.61583,"NIC":40.094334,"NER":0.84072,"NGA":19.086843,"PRK":63.991512,"MKD":40.94322,"MNP":52.95652,"NOR":33.2542,"OMN":0.0051696287,"PAK":4.087391,"PLW":90.63043,"PAN":62.28954,"PNG":75.1589,"PRY":36.930218,"PER":52.936275,"PHL":24.66291,"POL":30.980038,"PRT":36.584377,"PRI":50.335964,"QAT":0.12184508,"ROU":30.189056,"RUS":50.739296,"RWA":24.544386,"KNA":42.307693,"LCA":53.67213,"MAF":24.8,"VCT":73.23077,"WSM":57.81295,"SMR":16.666666,"STP":57.529167,"SAU":1.2897441,"SEN":45.08596,"SRB":40.3834,"SYC":58.6,"SLE":34.29928,"SGP":22.005571,"SXM":8.823529,"SVK":40.282486,"SVN":61.761883,"SLB":89.86774,"SOM":7.9409094,"ZAF":18.717728,"KOR":64.41268,"SSD":11.325622,"ESP":38.16684,"LKA":34.441933,"SDN":11.953255,"SUR":91.65113,"SWE":68.58672,"CHE":31.9759,"SYR":2.849913,"TJK":3.0542545,"TZA":50.054188,"THA":38.997654,"TGO":22.400808,"TON":12.125,"TTO":44.22963,"TUN":4.454776,"TUR":29.327858,"TKM":4.958185,"TCA":11.073684,"TUV":34.333332,"UGA":12.087901,"UKR":17.283396,"ARE":4.5607996,"GBR":13.445211,"USA":33.784283,"VIR":58.17143,"URY":11.354199,"UZB":8.651076,"VUT":74.83249,"VEN":53.49677,"VNM":47.04394,"ESH":1.9515294,"YEM":1.0398318,"ZMB":60.625782,"ZWE":35.858887}