{"AFG":1.8543152,"ALB":34.343067,"DZA":0.710419,"ASM":79.25,"AND":38.740425,"AGO":51.152927,"ATG":17.854546,"ARG":17.092735,"ARM":11.734598,"ABW":2.7222223,"AUS":17.356625,"AUT":47.2745,"AZE":14.557363,"BHS":50.935066,"BHR":4.924051,"BGD":14.399693,"BRB":14.651163,"BLR":44.08557,"BEL":21.988588,"BLZ":57.98255,"BEN":28.118587,"BMU":14.444445,"BTN":70.35197,"BOL":50.41081,"BIH":42.207813,"BWA":27.756075,"BRA":58.54684,"VGB":66.46667,"BRN":72.10626,"BGR":36.35225,"BFA":12.269115,"BDI":10.889408,"KHM":37.62692,"CMR":40.744167,"CAN":41.966236,"CPV":12.5161295,"CYM":53,"CAF":72.46043,"TCD":2.9695315,"CHL":24.43309,"CHN":24.023962,"COL":53.709007,"COM":17.877485,"COG":63.95256,"CRI":58.48261,"CIV":12.122491,"HRV":34.754826,"CUB":34.87659,"CUW":0.15765765,"CYP":18.600433,"CZE":38.347206,"COD":61.52133,"DNK":16.01475,"DJI":0.25539258,"DMA":76.52533,"DOM":46.699802,"TLS":70.96019,"ECU":49.687847,"EGY":0.0041227587,"SLV":33.011776,"GNQ":86.09554,"ERI":11.962906,"EST":57.247227,"SWZ":25.265697,"ETH":23.703436,"FRO":0.05839416,"FJI":61.957745,"FIN":74.167366,"FRA":32.33563,"GUF":95.60335,"PYF":43.059635,"GAB":91.4427,"GMB":21.344269,"GEO":44.61793,"DEU":32.850353,"GHA":30.85548,"GRC":36.949574,"GRL":0.0005359971,"GRD":52.058823,"GUM":52.351852,"GTM":33.117207,"GIN":20.040323,"GNB":74.81607,"GUY":93.39507,"HTI":13.450653,"HND":52.833588,"HUN":22.806225,"ISL":0.60017854,"IND":24.436043,"IDN":50.665787,"IRN":6.626194,"IRQ":1.6104789,"IRL":11.9748,"IMN":6.4385967,"ITA":31.81885,"JAM":56.548847,"JPN":68.340744,"JOR":0.79622495,"KAZ":1.2988888,"KEN":6.7634325,"KIR":1.3209877,"KWT":0.35353535,"KGZ":6.545443,"LAO":56.63507,"LVA":55.606525,"LBN":13.804888,"LSO":1.1370224,"LBR":66.103615,"LBY":0.116885096,"LIE":36.8375,"LTU":35.357327,"LUX":34.453827,"MDG":17.267717,"MWI":21.995121,"MYS":57.661663,"MDV":12.4,"MLI":8.670613,"MLT":1.4625,"MHL":53.944443,"MRT":0.986223,"MUS":19.173761,"MEX":34.153843,"FSM":92.2,"MDA":11.276376,"MCO":0,"MNG":9.103222,"MNE":61.486988,"MAR":12.760533,"MOZ":41.341244,"MMR":41.958466,"NAM":9.770074,"NRU":0,"NPL":43.59728,"NLD":10.955747,"NCL":48.82987,"NZL":38.872364,"NIC":39.91047,"NER":0.83683586,"NGA":18.94753,"PRK":64.08582,"MKD":40.81459,"MNP":52.95652,"NOR":33.24752,"OMN":0.0051696287,"PAK":4.114355,"PLW":90.82609,"PAN":62.24891,"PNG":75.15063,"PRY":36.51682,"PER":52.70242,"PHL":24.805279,"POL":31.000164,"PRT":36.646034,"PRI":49.748592,"QAT":0.12184508,"ROU":30.213465,"RUS":50.79056,"RWA":25.134577,"KNA":42.307693,"LCA":53.754097,"MAF":24.8,"VCT":73.23077,"WSM":57.64029,"SMR":16.666666,"STP":57.55625,"SAU":1.2904419,"SEN":45.005245,"SRB":40.855274,"SYC":58.126087,"SLE":34.02599,"SGP":22.005571,"SXM":8.823529,"SVK":40.32105,"SVN":61.7591,"SLB":89.841515,"SOM":7.8198423,"ZAF":18.789911,"KOR":64.374016,"SSD":11.327995,"ESP":38.22716,"LKA":34.36201,"SDN":11.860032,"SUR":91.537415,"SWE":68.58672,"CHE":32.02227,"SYR":2.8500855,"TJK":3.0564163,"TZA":49.524723,"THA":38.72751,"TGO":22.456701,"TON":12.125,"TTO":44.14698,"TUN":4.4399586,"TUR":29.479984,"TKM":4.958185,"TCA":11.073684,"TUV":34.333332,"UGA":11.947776,"UKR":17.348982,"ARE":4.565531,"GBR":13.4972925,"USA":33.77641,"VIR":58.6,"URY":11.459296,"UZB":8.744206,"VUT":74.63692,"VEN":53.440884,"VNM":47.11596,"ESH":1.9485956,"YEM":1.0398318,"ZMB":60.49509,"ZWE":35.72188}