{"AFG":1.8543152,"ALB":34.343067,"DZA":0.710136,"ASM":79.25,"AND":38.765957,"AGO":50.743828,"ATG":17.704546,"ARG":17.027138,"ARM":11.73516,"ABW":2.7222223,"AUS":17.363657,"AUT":47.30865,"AZE":14.684332,"BHS":50.935066,"BHR":5.531646,"BGD":14.392102,"BRB":14.651163,"BLR":44.215973,"BEL":21.988588,"BLZ":57.652344,"BEN":27.78707,"BMU":14.444445,"BTN":70.129524,"BOL":50.189484,"BIH":42.228127,"BWA":27.756075,"BRA":58.157272,"VGB":66.46667,"BRN":72.10626,"BGR":36.46831,"BFA":11.831031,"BDI":10.889408,"KHM":35.87792,"CMR":40.496754,"CAN":41.96512,"CPV":12.669975,"CYM":53,"CAF":72.38574,"TCD":2.8679478,"CHL":24.426521,"CHN":24.195559,"COL":53.58888,"COM":17.93122,"COG":63.993557,"CRI":58.55151,"CIV":11.868333,"HRV":34.77841,"CUB":34.897686,"CUW":0.15765765,"CYP":18.58225,"CZE":38.464348,"COD":61.396545,"DNK":16.064,"DJI":0.255824,"DMA":76.46667,"DOM":46.837193,"TLS":70.90316,"ECU":49.566437,"EGY":0.004128786,"SLV":33.052124,"GNQ":85.79751,"ERI":11.913501,"EST":57.260708,"SWZ":25.178488,"ETH":23.699963,"FRO":0.05839416,"FJI":62.211277,"FIN":74.167366,"FRA":32.4989,"GUF":95.55331,"PYF":43.059635,"GAB":91.41658,"GMB":20.698616,"GEO":44.61793,"DEU":32.864094,"GHA":31.012468,"GRC":36.949574,"GRL":0.0005359971,"GRD":52.058823,"GUM":52.351852,"GTM":32.99412,"GIN":19.767662,"GNB":74.66536,"GUY":93.356316,"HTI":13.5014515,"HND":52.384754,"HUN":22.872782,"ISL":0.6097392,"IND":24.464968,"IDN":50.70884,"IRN":6.626194,"IRQ":1.5952668,"IRL":12.089563,"IMN":6.4385967,"ITA":31.861084,"JAM":56.907665,"JPN":68.3347,"JOR":0.79622495,"KAZ":1.3040375,"KEN":6.8767085,"KIR":1.3209877,"KWT":0.35353535,"KGZ":6.545777,"LAO":56.481976,"LVA":55.712036,"LBN":13.814272,"LSO":1.1370224,"LBR":65.68231,"LBY":0.11669527,"LIE":37.375,"LTU":35.40253,"LUX":34.453827,"MDG":17.054108,"MWI":21.549639,"MYS":57.479046,"MDV":12.4,"MLI":8.588212,"MLT":1.46875,"MHL":53.944443,"MRT":0.9887746,"MUS":19.173761,"MEX":34.088116,"FSM":92.24286,"MDA":11.258741,"MCO":0,"MNG":9.103222,"MNE":61.486988,"MAR":12.761237,"MOZ":41.00168,"MMR":41.51458,"NAM":9.769292,"NRU":0,"NPL":43.71294,"NLD":10.969112,"NCL":48.82987,"NZL":39.1289,"NIC":39.72661,"NER":0.8329518,"NGA":18.808218,"PRK":64.18014,"MKD":40.685963,"MNP":52.95652,"NOR":33.240837,"OMN":0.0051696287,"PAK":4.141319,"PLW":91.021736,"PAN":62.20828,"PNG":75.14234,"PRY":36.103424,"PER":52.468563,"PHL":24.947647,"POL":31.020288,"PRT":36.70769,"PRI":49.161217,"QAT":0.12184508,"ROU":30.237873,"RUS":50.841824,"RWA":25.724768,"KNA":42.307693,"LCA":53.836067,"MAF":24.8,"VCT":73.23077,"WSM":57.467625,"SMR":16.666666,"STP":57.583332,"SAU":1.2911396,"SEN":44.92453,"SRB":41.32715,"SYC":57.652172,"SLE":33.7527,"SGP":22.005571,"SXM":8.823529,"SVK":40.359608,"SVN":61.75632,"SLB":89.81529,"SOM":7.698776,"ZAF":18.862097,"KOR":64.33535,"SSD":11.330369,"ESP":38.287483,"LKA":34.28209,"SDN":11.766809,"SUR":91.423706,"SWE":68.58672,"CHE":32.068638,"SYR":2.8502584,"TJK":3.0585778,"TZA":48.99526,"THA":38.45736,"TGO":22.512594,"TON":12.125,"TTO":44.064327,"TUN":4.425142,"TUR":29.632109,"TKM":4.958185,"TCA":11.073684,"TUV":34.333332,"UGA":11.807651,"UKR":17.414566,"ARE":4.570262,"GBR":13.549374,"USA":33.76854,"VIR":59.028572,"URY":11.564393,"UZB":8.837337,"VUT":74.441345,"VEN":53.385002,"VNM":47.187977,"ESH":1.9456618,"YEM":1.0398318,"ZMB":60.364395,"ZWE":35.584877}