{"BEL":0.01,"BRA":0.00035,"CHN":0.01,"FRA":0.012,"DEU":0.0049,"IND":0.021,"ITA":0.002,"JPN":0.058,"NLD":0.025,"NZL":0.015,"NOR":0.28,"POL":0.0048,"PRT":0.0058,"KOR":0.005,"ESP":0.0077,"SWE":0.0013,"THA":0.00013,"GBR":0.013,"USA":0.012}