{"AUS":0.0061,"BEL":0.052,"BRA":0.00028,"CAN":0.041,"CHL":0.0024,"CHN":0.034,"COL":0.00042,"DNK":0.25,"FIN":0.025,"FRA":0.12,"DEU":0.052,"IND":0.057,"IDN":0.00034,"ISR":0.0013,"ITA":0.0065,"JPN":0.31,"MEX":0.0004,"NLD":0.16,"NZL":0.022,"NOR":1.4,"POL":0.014,"PRT":0.11,"RUS":0.0015,"KOR":0.023,"ESP":0.049,"SWE":0.054,"CHE":0.14,"THA":0.001,"GBR":0.062,"USA":0.15}