{"AUS":0.033,"AUT":0.2,"BEL":0.11,"BRA":0.0024,"CAN":0.22,"CHL":0.0019,"CHN":0.096,"COL":0.0096,"DNK":0.28,"FIN":0.21,"FRA":0.53,"DEU":0.23,"GRC":0.0051,"ISL":1.4,"IND":0.016,"IDN":0.00024,"ISR":0.21,"ITA":0.08,"JPN":0.63,"MYS":0.00035,"MEX":0.0013,"NLD":5.5,"NZL":0.041,"NOR":5.8,"POL":0.013,"PRT":0.17,"ZAF":0.0075,"KOR":0.048,"ESP":0.12,"SWE":0.53,"CHE":0.42,"THA":0.001,"TUR":0.00015,"ARE":0.037,"GBR":0.16,"USA":0.71}