{"AFG":5.78,"ALB":20.492067,"DZA":26.415844,"ASM":37.930473,"AND":38.8,"AGO":5.96,"AIA":100,"ATG":33.00277,"ARG":64.700935,"ARM":41.091366,"ABW":59.337658,"AUS":75.83221,"AUT":49.14627,"AZE":43.803562,"BHS":51.12703,"BHR":63.45863,"BGD":4.2925577,"BRB":39.679844,"BLR":21.598171,"BEL":62.911144,"BLZ":54.890705,"BEN":6.6937017,"BMU":11.55852,"BTN":2.0846171,"BOL":34.968952,"BES":70.64295,"BIH":13.761843,"BWA":2.7,"BRA":36.545414,"VGB":10.979516,"BRN":26.09,"BGR":27.131922,"BFA":4.286866,"BDI":1.1667118,"KHM":7.85,"CMR":10.870101,"CAN":62.208652,"CPV":6.8044343,"CYM":100,"CAF":15.98,"TCD":4.5,"CHL":58.198654,"CHN":11.176535,"COL":38.717865,"COM":6.833573,"COG":31.475483,"COK":37.45339,"CRI":33.500134,"CIV":9.857727,"HRV":22.333048,"CUB":56.387653,"CUW":67.50404,"CYP":22.444103,"CZE":54.17344,"COD":18.769815,"DNK":68.65896,"DJI":40.973614,"DMA":35.029602,"DOM":23.753897,"TLS":9.899151,"ECU":28.266527,"EGY":31.434797,"SLV":36.396355,"GNQ":15.830118,"ERI":7.1,"EST":48.141655,"SWZ":1.2848132,"ETH":5.94,"FLK":52.255173,"FRO":17.471497,"FJI":9.394563,"FIN":43.612385,"FRA":54.6972,"GUF":57.187027,"PYF":34.33888,"GAB":11.4,"GMB":10.488827,"GEO":35.890892,"DEU":70.40447,"GHA":15.280027,"GIB":100,"GRC":52.16246,"GRL":49,"GRD":28.58883,"GLP":35.8,"GUM":24.231457,"GTM":25.110537,"GGY":37.328712,"GIN":8.077007,"GNB":10.016231,"GUY":28.070332,"HTI":12.2455845,"HND":31.013237,"HKG":85.2,"HUN":52.615303,"ISL":71.92078,"IND":17.188334,"IDN":12.29,"IRN":27.5188,"IRQ":34.95596,"IRL":40.97364,"IMN":52.960266,"ISR":71.883385,"ITA":54.607594,"JAM":21.958622,"JPN":36.9916,"JEY":44.347675,"JOR":33.36951,"KAZ":37.881042,"KEN":5.9228816,"KIR":10.53,"KWT":61.5,"KGZ":27.767591,"LAO":7.5264573,"LVA":45.85286,"LBN":32,"LSO":1.75,"LBR":12.839231,"LBY":22.218817,"LIE":19.880215,"LTU":31.76903,"LUX":66.95494,"MAC":96.897026,"MDG":7.81,"MWI":3.5318244,"MYS":20.617155,"MDV":10.742987,"MLI":4.457441,"MLT":88.90179,"MHL":25.714705,"MTQ":32.549942,"MRT":2.6123323,"MUS":33.561768,"MYT":8.52,"MEX":42.639244,"FSM":20,"MDA":17.329481,"MCO":100,"MNG":20,"MNE":13.794964,"MSR":15.8,"MAR":25.85467,"MOZ":2.3620615,"MMR":14.893806,"NAM":15.548086,"NRU":100,"NPL":2.729152,"NLD":56.61405,"NCL":25.96136,"NZL":55.24951,"NIC":34.953278,"NER":5.137447,"NGA":10.118833,"NIU":20.935781,"PRK":3.9657748,"MKD":23.43611,"MNP":78.19164,"NOR":47.855957,"OMN":8.6,"PAK":17.436386,"PLW":25.734268,"PSE":37.3,"PAN":38.192265,"PNG":1.7,"PRY":34.5808,"PER":39.937244,"PHL":25.240627,"POL":38.429222,"PRT":28.481194,"PRI":40.499763,"QAT":30,"REU":21.818205,"ROU":24.96951,"RUS":44.735683,"RWA":1.78,"BLM":100,"SHN":50.963387,"KNA":26.241833,"LCA":18.820593,"MAF":100,"SPM":80,"VCT":37.396595,"WSM":12.724558,"SMR":43.2,"STP":13.285448,"SAU":21.3,"SEN":21.65,"SRB":20.286625,"SYC":27.410585,"SLE":12.431844,"SGP":100,"SXM":100,"SVK":29.96012,"SVN":19.802326,"SLB":0.9627541,"SOM":12.853017,"ZAF":42.097824,"KOR":20.548243,"SSD":6.486117,"ESP":51.644726,"LKA":15.324776,"SDN":6.31,"SUR":40.46274,"SWE":64.67897,"CHE":44.32835,"SYR":35.33,"TWN":44.894444,"TJK":26.25994,"TZA":3.6888335,"THA":10.360311,"TGO":7.2551937,"TKL":0,"TON":13.38644,"TTO":21.951841,"TUN":32.36746,"TUR":15.597153,"TKM":42.504986,"TCA":47.2,"TUV":11.925813,"UGA":3.2391796,"UKR":35.425552,"ARE":54.5,"GBR":80.29732,"USA":63.980328,"VIR":58.398952,"URY":78.03,"UZB":28.430271,"VUT":5.623366,"VAT":100,"VEN":53.48702,"VNM":10.1144,"WLF":0,"ESH":31,"YEM":1.9,"ZMB":11.5,"ZWE":10.738672}