{"AFG":5.9407253,"ALB":20.88607,"DZA":25.343092,"ASM":38.05007,"AND":40.899628,"AGO":6.4139113,"AIA":100,"ATG":34.26009,"ARG":65.40459,"ARM":42.24444,"ABW":59.265953,"AUS":76.61697,"AUT":49.194084,"AZE":45.00426,"BHS":52.22767,"BHR":67.350655,"BGD":4.366037,"BRB":39.72103,"BLR":22.880177,"BEL":63.074142,"BLZ":54.709106,"BEN":6.83474,"BMU":12.753723,"BTN":2.1155384,"BOL":35.182526,"BES":71.06388,"BIH":14.19016,"BWA":2.702841,"BRA":37.34075,"VGB":11.047236,"BRN":27.774279,"BGR":27.9973,"BFA":4.3571086,"BDI":1.2145138,"KHM":8.014155,"CMR":11.022853,"CAN":63.0036,"CPV":6.731843,"CYM":100,"CAF":16.26013,"TCD":4.567805,"CHL":59.23967,"CHN":11.779752,"COL":39.64471,"COM":7.3408318,"COG":32.120834,"COK":38.40363,"CRI":33.507114,"CIV":10.371908,"HRV":23.028267,"CUB":56.65078,"CUW":68.494896,"CYP":22.991035,"CZE":54.747234,"COD":19.768965,"DNK":69.17431,"DJI":41.858,"DMA":35.417274,"DOM":24.256266,"TLS":9.901706,"ECU":28.954113,"EGY":31.984549,"SLV":36.63496,"GNQ":16.97469,"ERI":7.4606066,"EST":49.20321,"SWZ":1.43242,"ETH":6.04131,"FLK":51.631363,"FRO":17.779175,"FJI":10.794827,"FIN":45.100277,"FRA":55.362514,"GUF":57.269695,"PYF":35.08081,"GAB":11.413258,"GMB":10.498993,"GEO":36.722645,"DEU":71.02627,"GHA":15.99468,"GIB":100,"GRC":52.59279,"GRL":49.244465,"GRD":28.76685,"GLP":38.19529,"GUM":25.596607,"GTM":25.907103,"GGY":36.942135,"GIN":8.188184,"GNB":10.421063,"GUY":28.169226,"HTI":12.4958935,"HND":30.81453,"HKG":85.2,"HUN":52.642216,"ISL":74.387375,"IND":17.328426,"IDN":12.570394,"IRN":28.085672,"IRQ":35.54826,"IRL":41.576797,"IMN":53.163063,"ISR":71.786415,"ITA":54.89618,"JAM":22.625032,"JPN":39.55447,"JEY":44.234043,"JOR":34.860348,"KAZ":38.606667,"KEN":6.1785073,"KIR":10.983043,"KWT":63.37581,"KGZ":28.612185,"LAO":7.544359,"LVA":47.271626,"LBN":32.59746,"LSO":1.7634279,"LBR":13.336269,"LBY":22.260931,"LIE":19.901915,"LTU":32.560066,"LUX":67.125435,"MAC":96.56485,"MDG":8.102641,"MWI":3.5418744,"MYS":21.256838,"MDV":10.822613,"MLI":4.6184206,"MLT":89.159904,"MHL":26.412037,"MTQ":32.483536,"MRT":2.8248065,"MUS":34.262596,"MYT":8.930166,"MEX":43.441063,"FSM":20.33979,"MDA":17.851704,"MCO":100,"MNG":21.130125,"MNE":13.902202,"MSR":15.8,"MAR":26.358326,"MOZ":2.3903582,"MMR":15.264351,"NAM":16.083855,"NRU":100,"NPL":2.809466,"NLD":56.974857,"NCL":26.877636,"NZL":55.20126,"NIC":35.190136,"NER":5.160546,"NGA":10.375992,"NIU":20.93992,"PRK":6.0435805,"MKD":24.377735,"MNP":77.74091,"NOR":47.921173,"OMN":9.19759,"PAK":17.985037,"PLW":27.641884,"PSE":37.903316,"PAN":38.378624,"PNG":1.7196151,"PRY":34.654434,"PER":40.516335,"PHL":25.876673,"POL":39.696053,"PRT":28.525702,"PRI":40.55639,"QAT":34.585648,"REU":23.171577,"ROU":26.042717,"RUS":45.545113,"RWA":1.8712429,"BLM":100,"SHN":50.830963,"KNA":26.314402,"LCA":18.953186,"MAF":100,"SPM":80.58048,"VCT":37.689957,"WSM":13.684304,"SMR":43.54333,"STP":13.338394,"SAU":22.00247,"SEN":21.74321,"SRB":21.069283,"SYC":27.418924,"SLE":12.895301,"SGP":100,"SXM":100,"SVK":30.097845,"SVN":20.58788,"SLB":1.0719755,"SOM":13.291812,"ZAF":42.68557,"KOR":21.343176,"SSD":7.1077733,"ESP":52.034542,"LKA":15.312239,"SDN":6.617854,"SUR":40.72655,"SWE":65.44697,"CHE":44.925114,"SYR":35.921486,"TWN":45.352745,"TJK":27.133352,"TZA":3.9185688,"THA":10.507826,"TGO":7.332756,"TKL":0,"TON":13.885385,"TTO":21.404902,"TUN":32.998886,"TUR":16.466806,"TKM":43.102562,"TCA":47.205067,"TUV":11.969184,"UGA":3.3195684,"UKR":36.74123,"ARE":56.972923,"GBR":80.297195,"USA":64.645226,"VIR":58.26221,"URY":78.25218,"UZB":29.07118,"VUT":5.8226423,"VAT":100,"VEN":54.278408,"VNM":10.028445,"WLF":0,"ESH":31.002106,"YEM":2.0009701,"ZMB":11.627815,"ZWE":10.805654}