{"AFG":6.127607,"ALB":22.183731,"DZA":24.182644,"ASM":38.160564,"AND":42.98599,"AGO":6.8653345,"AIA":100,"ATG":35.388184,"ARG":66.10794,"ARM":43.381428,"ABW":59.205578,"AUS":77.393364,"AUT":49.23068,"AZE":45.126778,"BHS":53.21487,"BHR":70.436874,"BGD":4.437746,"BRB":39.770256,"BLR":24.155886,"BEL":63.28087,"BLZ":54.542625,"BEN":7.026222,"BMU":18.263083,"BTN":2.1488564,"BOL":35.38835,"BES":71.47739,"BIH":14.644935,"BWA":2.7114425,"BRA":38.140213,"VGB":11.12781,"BRN":29.467901,"BGR":28.808645,"BFA":4.428658,"BDI":1.2672999,"KHM":8.225597,"CMR":11.217727,"CAN":63.78552,"CPV":6.6658154,"CYM":100,"CAF":16.576998,"TCD":4.6749597,"CHL":60.26451,"CHN":12.461292,"COL":40.581123,"COM":7.8765426,"COG":32.748253,"COK":39.346394,"CRI":33.527836,"CIV":10.923115,"HRV":23.746656,"CUB":56.92463,"CUW":69.44048,"CYP":23.639103,"CZE":55.30292,"COD":20.616392,"DNK":69.69323,"DJI":42.766514,"DMA":35.79411,"DOM":24.791544,"TLS":9.9080925,"ECU":29.646019,"EGY":32.581997,"SLV":36.866264,"GNQ":18.19487,"ERI":7.8153663,"EST":50.23864,"SWZ":1.613362,"ETH":6.1463556,"FLK":51.15004,"FRO":17.998476,"FJI":12.205272,"FIN":46.550327,"FRA":56.05384,"GUF":57.359337,"PYF":35.837284,"GAB":11.452474,"GMB":10.484134,"GEO":37.64732,"DEU":71.619415,"GHA":16.775629,"GIB":100,"GRC":52.976715,"GRL":49.69651,"GRD":28.94537,"GLP":40.549465,"GUM":28.339247,"GTM":26.674103,"GGY":36.51972,"GIN":8.256128,"GNB":10.819383,"GUY":28.263771,"HTI":12.755292,"HND":30.29351,"HKG":85.2,"HUN":52.68215,"ISL":74.811775,"IND":17.424206,"IDN":12.832665,"IRN":28.671894,"IRQ":36.215324,"IRL":42.032913,"IMN":53.361603,"ISR":71.369606,"ITA":55.208733,"JAM":23.322605,"JPN":43.76519,"JEY":44.137276,"JOR":36.1782,"KAZ":39.31739,"KEN":6.4284754,"KIR":11.410247,"KWT":65.134026,"KGZ":29.431988,"LAO":7.568473,"LVA":48.67634,"LBN":33.287437,"LSO":1.8012605,"LBR":13.852576,"LBY":22.324574,"LIE":20.017761,"LTU":33.352936,"LUX":67.320435,"MAC":96.28909,"MDG":8.397957,"MWI":3.5625565,"MYS":21.88326,"MDV":10.899441,"MLI":4.7989984,"MLT":89.41877,"MHL":27.17639,"MTQ":32.449436,"MRT":3.0948799,"MUS":34.901913,"MYT":9.332008,"MEX":44.24484,"FSM":20.670855,"MDA":18.393974,"MCO":100,"MNG":22.358646,"MNE":14.046327,"MSR":15.8,"MAR":26.8,"MOZ":2.4444273,"MMR":15.632281,"NAM":16.756575,"NRU":100,"NPL":2.89,"NLD":56.995003,"NCL":27.832067,"NZL":55.129498,"NIC":35.479687,"NER":5.1946535,"NGA":10.65,"NIU":20.94812,"PRK":8.861625,"MKD":25.349346,"MNP":77.830734,"NOR":47.990685,"OMN":9.833391,"PAK":18.555359,"PLW":29.521729,"PSE":38.521908,"PAN":38.575974,"PNG":1.7775764,"PRY":34.731956,"PER":41.122196,"PHL":26.485931,"POL":40.8435,"PRT":28.628145,"PRI":40.727676,"QAT":39.020084,"REU":24.4982,"ROU":27.23926,"RUS":46.361588,"RWA":1.9606348,"BLM":100,"SHN":50.690548,"KNA":26.40075,"LCA":19.089062,"MAF":100,"SPM":81.14648,"VCT":37.969162,"WSM":14.985584,"SMR":43.950066,"STP":13.396751,"SAU":22.786648,"SEN":21.825497,"SRB":21.87626,"SYC":27.425804,"SLE":13.36851,"SGP":100,"SXM":100,"SVK":30.310091,"SVN":21.386333,"SLB":1.1951816,"SOM":13.739638,"ZAF":43.28432,"KOR":22.12115,"SSD":7.7317533,"ESP":52.439804,"LKA":15.303935,"SDN":7.086525,"SUR":41.667118,"SWE":66.20558,"CHE":45.55004,"SYR":36.479046,"TWN":45.722176,"TJK":27.985811,"TZA":4.1323,"THA":10.655135,"TGO":7.4881554,"TKL":0,"TON":14.374208,"TTO":20.813608,"TUN":33.610195,"TUR":17.63568,"TKM":43.65997,"TCA":47.21987,"TUV":12.008724,"UGA":3.408478,"UKR":37.902534,"ARE":59.348175,"GBR":80.24368,"USA":65.31416,"VIR":58.119938,"URY":78.4725,"UZB":29.715366,"VUT":6.0308204,"VAT":100,"VEN":55.07509,"VNM":10.185026,"WLF":0,"ESH":31.008375,"YEM":2.1152716,"ZMB":11.882109,"ZWE":10.834834}