{"AFG":6.33695,"ALB":23.970661,"DZA":23.195501,"ASM":38.251896,"AND":45.052837,"AGO":7.3142614,"AIA":100,"ATG":36.385494,"ARG":66.81102,"ARM":44.496586,"ABW":59.155647,"AUS":78.11417,"AUT":49.281353,"AZE":45.7435,"BHS":54.048466,"BHR":73.285736,"BGD":4.5075808,"BRB":39.827282,"BLR":25.305935,"BEL":63.52598,"BLZ":54.392345,"BEN":7.2620177,"BMU":27.285938,"BTN":2.184386,"BOL":35.58725,"BES":71.88296,"BIH":15.114247,"BWA":2.725923,"BRA":38.943756,"VGB":11.220435,"BRN":31.170866,"BGR":29.742313,"BFA":4.5014057,"BDI":1.3247911,"KHM":8.47231,"CMR":11.449848,"CAN":64.55038,"CPV":6.61369,"CYM":100,"CAF":16.92801,"TCD":4.8185024,"CHL":61.29416,"CHN":13.000221,"COL":41.519196,"COM":8.438585,"COG":33.354008,"COK":40.280907,"CRI":33.560936,"CIV":11.521458,"HRV":24.481682,"CUB":57.04651,"CUW":70.339096,"CYP":24.37617,"CZE":55.85339,"COD":21.283537,"DNK":70.21562,"DJI":43.69679,"DMA":36.155396,"DOM":25.359678,"TLS":9.918858,"ECU":30.325455,"EGY":33.216743,"SLV":37.089874,"GNQ":19.474539,"ERI":8.163933,"EST":51.249043,"SWZ":1.8231252,"ETH":6.2550335,"FLK":50.825787,"FRO":18.175879,"FJI":13.62651,"FIN":47.952503,"FRA":56.739094,"GUF":57.45612,"PYF":36.60785,"GAB":11.516808,"GMB":10.404667,"GEO":38.399784,"DEU":72.18886,"GHA":17.605108,"GIB":100,"GRC":53.327995,"GRL":50.335236,"GRD":29.124384,"GLP":42.862175,"GUM":33.888927,"GTM":27.41624,"GGY":36.114983,"GIN":8.286279,"GNB":11.20919,"GUY":28.355228,"HTI":13.029097,"HND":29.523808,"HKG":85.2,"HUN":52.73483,"ISL":75.66011,"IND":17.502733,"IDN":13.07956,"IRN":29.275682,"IRQ":36.94836,"IRL":42.428875,"IMN":53.565968,"ISR":71,"ITA":55.588852,"JAM":24.048939,"JPN":48.72751,"JEY":44.01602,"JOR":37.008442,"KAZ":40.015488,"KEN":6.67286,"KIR":11.822631,"KWT":66.77374,"KGZ":30.220139,"LAO":7.5979133,"LVA":50.0465,"LBN":34.063313,"LSO":1.8598219,"LBR":14.387392,"LBY":22.409836,"LIE":20.18002,"LTU":34.147526,"LUX":67.53784,"MAC":96.04806,"MDG":8.695809,"MWI":3.592972,"MYS":22.49361,"MDV":10.97307,"MLI":5.005251,"MLT":89.665474,"MHL":28.002592,"MTQ":32.43687,"MRT":3.4179318,"MUS":35.515335,"MYT":9.725323,"MEX":45.050644,"FSM":20.993216,"MDA":18.954346,"MCO":100,"MNG":23.679585,"MNE":14.293975,"MSR":15.8,"MAR":27.184397,"MOZ":2.5269284,"MMR":15.992717,"NAM":17.599373,"NRU":100,"NPL":2.9802952,"NLD":57.255463,"NCL":28.822437,"NZL":55.090946,"NIC":35.815357,"NER":5.2374716,"NGA":10.959956,"NIU":20.95942,"PRK":12.401366,"MKD":26.349903,"MNP":78.331535,"NOR":48.064583,"OMN":10.508275,"PAK":19.105047,"PLW":31.367722,"PSE":39.15713,"PAN":38.81322,"PNG":1.8725587,"PRY":34.815887,"PER":41.75266,"PHL":27.065193,"POL":41.95318,"PRT":28.78905,"PRI":40.98338,"QAT":43.269543,"REU":25.757652,"ROU":28.474945,"RUS":47.192844,"RWA":2.0480998,"BLM":100,"SHN":50.542408,"KNA":26.50032,"LCA":19.228073,"MAF":100,"SPM":81.69832,"VCT":38.23768,"WSM":16.261393,"SMR":44.415314,"STP":13.507598,"SAU":23.647882,"SEN":21.90127,"SRB":22.708353,"SYC":27.431904,"SLE":13.850856,"SGP":100,"SXM":100,"SVK":30.571537,"SVN":22.208633,"SLB":1.3219931,"SOM":14.2,"ZAF":43.8602,"KOR":22.882122,"SSD":8.281574,"ESP":52.857235,"LKA":15.30848,"SDN":7.650269,"SUR":43.21966,"SWE":66.95924,"CHE":46.202465,"SYR":37.00504,"TWN":46.004772,"TJK":28.81098,"TZA":4.325429,"THA":10.802241,"TGO":7.707763,"TKL":0,"TON":14.850931,"TTO":20.202988,"TUN":34.200134,"TUR":18.941721,"TKM":44.175777,"TCA":47.24381,"TUV":12.045934,"UGA":3.505208,"UKR":38.928173,"ARE":61.614635,"GBR":80.125145,"USA":65.976585,"VIR":57.965706,"URY":78.69094,"UZB":30.35709,"VUT":6.2475343,"VAT":100,"VEN":55.88543,"VNM":10.464627,"WLF":0,"ESH":31.018738,"YEM":2.2419908,"ZMB":12.252496,"ZWE":10.918508}