{"AFG":6.565059,"ALB":25.812464,"DZA":22.654583,"ASM":38.32098,"AND":47.093925,"AGO":7.760683,"AIA":100,"ATG":37.250473,"ARG":67.51381,"ARM":45.584164,"ABW":59.115265,"AUS":78.73215,"AUT":49.34395,"AZE":48.168804,"BHS":54.740547,"BHR":75.841095,"BGD":4.5777917,"BRB":39.89187,"BLR":26.246536,"BEL":63.80414,"BLZ":54.259346,"BEN":7.537831,"BMU":38.761806,"BTN":2.2219932,"BOL":35.780514,"BES":72.28011,"BIH":15.574956,"BWA":2.746401,"BRA":39.75135,"VGB":11.324311,"BRN":32.88318,"BGR":30.767986,"BFA":4.575251,"BDI":1.3867446,"KHM":8.742279,"CMR":11.71521,"CAN":65.292336,"CPV":6.573823,"CYM":100,"CAF":17.310575,"TCD":4.995471,"CHL":62.301453,"CHN":13.687653,"COL":42.45938,"COM":9.025424,"COG":33.9346,"COK":41.206596,"CRI":33.606014,"CIV":12.17705,"HRV":25.217644,"CUB":57.06248,"CUW":71.18901,"CYP":25.190098,"CZE":56.39863,"COD":21.741837,"DNK":70.741394,"DJI":44.647003,"DMA":36.496418,"DOM":25.959755,"TLS":9.933627,"ECU":30.991974,"EGY":33.878376,"SLV":37.305138,"GNQ":20.765465,"ERI":8.505961,"EST":52.23551,"SWZ":2.057696,"ETH":6.367241,"FLK":50.5703,"FRO":18.353863,"FJI":15.058924,"FIN":49.296776,"FRA":57.388996,"GUF":57.560204,"PYF":37.391968,"GAB":11.605421,"GMB":10.270362,"GEO":39.19141,"DEU":72.73685,"GHA":18.465355,"GIB":100,"GRC":53.658356,"GRL":51.13976,"GRD":29.303894,"GLP":45.13307,"GUM":39.85477,"GTM":28.132687,"GGY":35.724552,"GIN":8.299332,"GNB":11.587899,"GUY":28.444862,"HTI":13.315968,"HND":28.578953,"HKG":85.2,"HUN":52.799957,"ISL":76.53061,"IND":17.567295,"IDN":13.313819,"IRN":29.89519,"IRQ":37.73858,"IRL":42.77829,"IMN":53.774956,"ISR":71,"ITA":56.031487,"JAM":24.80163,"JPN":53.43372,"JEY":43.87546,"JOR":37.81525,"KAZ":40.70323,"KEN":6.911737,"KIR":12.2312155,"KWT":68.29404,"KGZ":30.96977,"LAO":7.631968,"LVA":51.361603,"LBN":34.918484,"LSO":1.935436,"LBR":14.940029,"LBY":22.496841,"LIE":20.327744,"LTU":34.943707,"LUX":67.77556,"MAC":95.84075,"MDG":8.996061,"MWI":3.6327102,"MYS":23.08508,"MDV":11.043097,"MLI":5.2354665,"MLT":89.88714,"MHL":28.886038,"MTQ":32.435078,"MRT":3.7903266,"MUS":36.140938,"MYT":10.109906,"MEX":45.858475,"FSM":21.3069,"MDA":19.530874,"MCO":100,"MNG":25.086952,"MNE":14.973129,"MSR":15.8,"MAR":27.536133,"MOZ":2.6345782,"MMR":16.3484,"NAM":18.551287,"NRU":100,"NPL":3.067875,"NLD":58.12377,"NCL":29.846193,"NZL":55.072647,"NIC":36.193752,"NER":5.28717,"NGA":11.320392,"NIU":20.973213,"PRK":18.80622,"MKD":27.370281,"MNP":79.35945,"NOR":48.14297,"OMN":11.223112,"PAK":19.63638,"PLW":33.174152,"PSE":39.810337,"PAN":39.08686,"PNG":2.0032365,"PRY":34.90585,"PER":42.405537,"PHL":27.61125,"POL":43.017914,"PRT":28.999971,"PRI":41.313393,"QAT":47.300255,"REU":27,"ROU":29.665583,"RUS":48.04664,"RWA":2.1335614,"BLM":100,"SHN":50.38688,"KNA":26.61256,"LCA":19.37007,"MAF":100,"SPM":82.23635,"VCT":38.498962,"WSM":17.352425,"SMR":44.93419,"STP":13.667258,"SAU":24.58153,"SEN":21.974947,"SRB":23.560665,"SYC":27.437906,"SLE":14.341721,"SGP":100,"SXM":100,"SVK":30.877401,"SVN":23.06826,"SLB":1.4696543,"SOM":14.685659,"ZAF":44.40775,"KOR":23.626053,"SSD":8.635253,"ESP":53.291348,"LKA":15.399827,"SDN":8.243341,"SUR":45.262146,"SWE":67.712395,"CHE":46.876205,"SYR":37.501812,"TWN":46.291138,"TJK":29.602518,"TZA":4.493357,"THA":10.949147,"TGO":7.9824586,"TKL":0,"TON":15.3139,"TTO":19.598063,"TUN":34.767456,"TUR":20.187498,"TKM":44.648575,"TCA":47.27628,"TUV":12.0823145,"UGA":3.609058,"UKR":39.764614,"ARE":63.761192,"GBR":79.95487,"USA":66.62705,"VIR":57.793213,"URY":78.90749,"UZB":30.990616,"VUT":6.472453,"VAT":100,"VEN":56.70919,"VNM":10.813973,"WLF":0,"ESH":31.033123,"YEM":2.3802145,"ZMB":12.728594,"ZWE":11.046582}