{"AFG":6.8082404,"ALB":27.241062,"DZA":22.851711,"ASM":38.36471,"AND":49.10302,"AGO":8.204591,"AIA":100,"ATG":37.981564,"ARG":68.21633,"ARM":46.63841,"ABW":59.083546,"AUS":79.27523,"AUT":49.417225,"AZE":48.352253,"BHS":55.328842,"BHR":78.04681,"BGD":4.650258,"BRB":39.96378,"BLR":26.78345,"BEL":64.11001,"BLZ":54.14472,"BEN":7.849366,"BMU":51.630207,"BTN":2.2615445,"BOL":35.969433,"BES":72.66838,"BIH":16.072935,"BWA":2.7729948,"BRA":40.562958,"VGB":11.438637,"BRN":34.604836,"BGR":31.649199,"BFA":4.650093,"BDI":1.4529173,"KHM":9.023488,"CMR":12.009798,"CAN":66.005516,"CPV":6.5445714,"CYM":100,"CAF":17.7221,"TCD":5.202903,"CHL":63.286854,"CHN":13.479217,"COL":43.401627,"COM":9.635521,"COG":34.48653,"COK":42.10805,"CRI":33.662655,"CIV":12.9,"HRV":25.979385,"CUB":57.112366,"CUW":71.9885,"CYP":26.068754,"CZE":56.938606,"COD":21.965357,"DNK":71.270454,"DJI":45.615345,"DMA":36.812466,"DOM":26.590862,"TLS":9.952025,"ECU":31.645134,"EGY":34.55649,"SLV":37.51138,"GNQ":22.01942,"ERI":8.841106,"EST":53.19913,"SWZ":2.3126316,"ETH":6.4828734,"FLK":50.32795,"FRO":18.578772,"FJI":16.475384,"FIN":50.573112,"FRA":58.027344,"GUF":57.94138,"PYF":38.193336,"GAB":11.717476,"GMB":10.094687,"GEO":39.828102,"DEU":73.2656,"GHA":19.33861,"GIB":100,"GRC":53.979282,"GRL":52.08918,"GRD":29.483896,"GLP":47.36181,"GUM":40.23,"GTM":28.822615,"GGY":35.349827,"GIN":8.301729,"GNB":11.952925,"GUY":28.53393,"HTI":13.614561,"HND":27.532484,"HKG":85.2,"HUN":52.877247,"ISL":76.982994,"IND":17.622597,"IDN":13.538186,"IRN":30.526081,"IRQ":38.577194,"IRL":43.09852,"IMN":53.988293,"ISR":71,"ITA":56.52394,"JAM":25.578278,"JPN":56.810024,"JEY":43.717075,"JOR":38.62427,"KAZ":41.382893,"KEN":7.14518,"KIR":12.647018,"KWT":69.69401,"KGZ":31.674019,"LAO":7.669921,"LVA":52.60114,"LBN":35.846348,"LSO":2.0244267,"LBR":15.5098,"LBY":22.519156,"LIE":20.4,"LTU":35.74136,"LUX":68.03147,"MAC":95.666176,"MDG":9.2985735,"MWI":3.6813602,"MYS":23.654856,"MDV":11.109119,"MLI":5.487905,"MLT":90.07088,"MHL":29.822111,"MTQ":32.71904,"MRT":4.20842,"MUS":36.77395,"MYT":10.485555,"MEX":46.668312,"FSM":21.611929,"MDA":20.121614,"MCO":100,"MNG":26.57477,"MNE":16.160872,"MSR":15.8,"MAR":27.862244,"MOZ":2.7640924,"MMR":16.725224,"NAM":19.556042,"NRU":100,"NPL":3.1523476,"NLD":58.540764,"NCL":30.908642,"NZL":55.067047,"NIC":36.611477,"NER":5.3448915,"NGA":11.725752,"NIU":20.989943,"PRK":24.459015,"MKD":28.41576,"MNP":79.832825,"NOR":48.22595,"OMN":11.978777,"PAK":20.146873,"PLW":34.93531,"PSE":40.48288,"PAN":39.393364,"PNG":2.1682842,"PRY":35.001472,"PER":43.07866,"PHL":28.120893,"POL":44.030506,"PRT":29.252466,"PRI":41.7076,"QAT":51.078457,"REU":28.483595,"ROU":30.72698,"RUS":48.930706,"RWA":2.2169435,"BLM":100,"SHN":50.221287,"KNA":26.73692,"LCA":19.514906,"MAF":100,"SPM":82.76092,"VCT":38.756477,"WSM":18.16629,"SMR":45.50181,"STP":13.872057,"SAU":25.582943,"SEN":22.050943,"SRB":24.431488,"SYC":27.444492,"SLE":14.8404875,"SGP":100,"SXM":100,"SVK":31.2229,"SVN":23.92622,"SLB":1.6276795,"SOM":15.174461,"ZAF":44.919758,"KOR":24.354158,"SSD":8.8,"ESP":53.745853,"LKA":15.597887,"SDN":8.8,"SUR":47.672535,"SWE":68.46947,"CHE":47.5651,"SYR":37.971718,"TWN":46.61072,"TJK":30.354094,"TZA":4.6314864,"THA":11.095858,"TGO":8.303122,"TKL":0,"TON":15.752635,"TTO":19.023855,"TUN":35.3109,"TUR":21.158405,"TKM":45.076923,"TCA":47.31669,"TUV":12.119365,"UGA":3.7193265,"UKR":40.196312,"ARE":65.776726,"GBR":79.74543,"USA":67.26015,"VIR":57.596157,"URY":79.12217,"UZB":31.610203,"VUT":6.705247,"VAT":100,"VEN":57.546124,"VNM":11.264153,"WLF":0,"ESH":31.051462,"YEM":2.5290291,"ZMB":13.300017,"ZWE":11.21405}