{"AFG":7.0627985,"ALB":28.21163,"DZA":24.01441,"ASM":38.38,"AND":51.07387,"AGO":8.645976,"AIA":100,"ATG":38.57722,"ARG":68.91858,"ARM":47.653572,"ABW":59.059593,"AUS":79.79914,"AUT":49.49995,"AZE":47.91395,"BHS":55.8484,"BHR":79.84672,"BGD":4.7268586,"BRB":40.042778,"BLR":27.356253,"BEL":64.43824,"BLZ":54.049538,"BEN":8.192329,"BMU":64.83065,"BTN":2.302906,"BOL":36.1553,"BES":73.04728,"BIH":16.602411,"BWA":2.8058224,"BRA":41.378548,"VGB":11.562611,"BRN":36.33584,"BGR":33.078033,"BFA":4.72583,"BDI":1.5230665,"KHM":9.303921,"CMR":12.329591,"CAN":66.683205,"CPV":6.524292,"CYM":100,"CAF":18.15999,"TCD":5.4378357,"CHL":64.2491,"CHN":14.619277,"COL":44.345886,"COM":10.267341,"COG":35.006294,"COK":43.00379,"CRI":33.73045,"CIV":13.794641,"HRV":26.76434,"CUB":57.186802,"CUW":72.735855,"CYP":27,"CZE":57.47332,"COD":22.05708,"DNK":71.80272,"DJI":46.6,"DMA":37.09883,"DOM":27.25209,"TLS":9.973678,"ECU":32.284492,"EGY":35.24069,"SLV":37.70794,"GNQ":23.188173,"ERI":9.169021,"EST":54.141,"SWZ":2.5862095,"ETH":6.601828,"FLK":50.107098,"FRO":18.880945,"FJI":17.910925,"FIN":51.771484,"FRA":58.69213,"GUF":58.76933,"PYF":39,"GAB":11.852132,"GMB":9.891112,"GEO":40.3,"DEU":73.777374,"GHA":20.207106,"GIB":100,"GRC":54.302265,"GRL":53.16261,"GRD":29.664392,"GLP":49.54804,"GUM":39.08926,"GTM":29.485197,"GGY":34.99221,"GIN":8.398268,"GNB":12.301681,"GUY":28.623695,"HTI":13.923537,"HND":26.457932,"HKG":85.2,"HUN":52.966408,"ISL":77.37825,"IND":17.673347,"IDN":13.755404,"IRN":31.167484,"IRQ":39.455418,"IRL":43.406925,"IMN":54.20569,"ISR":71.40478,"ITA":57.053528,"JAM":26.376476,"JPN":58.702423,"JEY":43.54235,"JOR":39.435734,"KAZ":42.056744,"KEN":7.3732653,"KIR":13.08106,"KWT":70.97273,"KGZ":32.32602,"LAO":7.7110434,"LVA":53.744606,"LBN":36.84029,"LSO":2.1321099,"LBR":16.096016,"LBY":22.583103,"LIE":20.41303,"LTU":36.54037,"LUX":68.3035,"MAC":95.52335,"MDG":9.60321,"MWI":3.738511,"MYS":24.200129,"MDV":11.170735,"MLI":5.7608266,"MLT":90.203804,"MHL":30.805855,"MTQ":33.50268,"MRT":4.6685643,"MUS":37.40965,"MYT":10.852065,"MEX":47.48014,"FSM":21.908329,"MDA":20.724617,"MCO":100,"MNG":28.199419,"MNE":17.701475,"MSR":15.815882,"MAR":28.169775,"MOZ":2.9121876,"MMR":17.136707,"NAM":20.557356,"NRU":100,"NPL":3.2333217,"NLD":58.61,"NCL":32.002182,"NZL":55.159164,"NIC":37.06513,"NER":5.4,"NGA":12.170481,"NIU":21.00766,"PRK":28.998825,"MKD":29.485754,"MNP":78.899254,"NOR":48.31361,"OMN":12.776138,"PAK":20.634039,"PLW":36.646214,"PSE":41.176113,"PAN":39.729214,"PNG":2.3663764,"PRY":35.102383,"PER":43.769844,"PHL":28.590916,"POL":44.983776,"PRT":29.538094,"PRI":42.155895,"QAT":54.57038,"REU":29.909378,"ROU":31.592915,"RUS":49.8528,"RWA":2.2981703,"BLM":100,"SHN":50.048824,"KNA":26.872839,"LCA":19.662434,"MAF":100,"SPM":83.27237,"VCT":39.013687,"WSM":18.601097,"SMR":46.113285,"STP":14.11832,"SAU":26.647476,"SEN":22.133669,"SRB":25.320955,"SYC":27.452343,"SLE":15.3465395,"SGP":100,"SXM":100,"SVK":31.603252,"SVN":24.7861,"SLB":1.803293,"SOM":15.666423,"ZAF":45.38903,"KOR":25.045906,"SSD":8.767495,"ESP":54.224476,"LKA":15.88353,"SDN":9.333714,"SUR":50.3288,"SWE":69.2349,"CHE":48.262974,"SYR":38.41711,"TWN":46.91031,"TJK":31.059364,"TZA":4.7352185,"THA":11.242374,"TGO":8.660631,"TKL":0,"TON":16.189873,"TTO":18.50539,"TUN":35.82242,"TUR":21.81296,"TKM":45.45941,"TCA":47.364433,"TUV":12.158587,"UGA":3.8353133,"UKR":41.026203,"ARE":67.65012,"GBR":79.509384,"USA":67.870445,"VIR":57.368225,"URY":79.334946,"UZB":32.210117,"VUT":6.945585,"VAT":100,"VEN":58.395992,"VNM":11.959832,"WLF":0,"ESH":31.073685,"YEM":2.6875217,"ZMB":13.956385,"ZWE":11.415903}