{"AFG":7.3250384,"ALB":29.093372,"DZA":25.79629,"ASM":38.243668,"AND":53.000237,"AGO":9.08483,"AIA":100,"ATG":39.035892,"ARG":69.62056,"ARM":48.623905,"ABW":59.042522,"AUS":80.298416,"AUT":49.590885,"AZE":47.79726,"BHS":56.317276,"BHR":81.18467,"BGD":4.8094716,"BRB":40.12862,"BLR":28.38529,"BEL":64.7835,"BLZ":53.97489,"BEN":8.562424,"BMU":77.302666,"BTN":2.3459446,"BOL":36.3394,"BES":73.416336,"BIH":17.161798,"BWA":2.8450022,"BRA":42.19808,"VGB":11.695431,"BRN":38.076187,"BGR":33.964165,"BFA":4.8023615,"BDI":1.596949,"KHM":9.571564,"CMR":12.670468,"CAN":67.30625,"CPV":6.511341,"CYM":100,"CAF":18.621655,"TCD":5.697307,"CHL":65.18693,"CHN":15.388304,"COL":45.292107,"COM":10.919346,"COG":35.490387,"COK":44.121147,"CRI":33.808994,"CIV":14.855521,"HRV":27.572132,"CUB":57.28482,"CUW":73.42935,"CYP":28.564657,"CZE":58.00274,"COD":22.119246,"DNK":72.3381,"DJI":47.617443,"DMA":37.3508,"DOM":27.94253,"TLS":9.998207,"ECU":32.909603,"EGY":35.92056,"SLV":37.894154,"GNQ":24.223497,"ERI":9.489359,"EST":55.062202,"SWZ":2.89683,"ETH":6.7240014,"FLK":49.91165,"FRO":19.288689,"FJI":19.882544,"FIN":52.88186,"FRA":59.385662,"GUF":59.894066,"PYF":39.76655,"GAB":12.008552,"GMB":9.673105,"GEO":41.249744,"DEU":74.27438,"GHA":21.053083,"GIB":100,"GRC":54.638798,"GRL":54.339153,"GRD":29.84538,"GLP":51.691406,"GUM":36.97074,"GTM":30.119608,"GGY":34.653107,"GIN":8.596631,"GNB":12.63158,"GUY":28.715418,"HTI":14.241553,"HND":25.428831,"HKG":85.2,"HUN":53.067158,"ISL":77.94621,"IND":17.724257,"IDN":13.968217,"IRN":31.879423,"IRQ":40.357117,"IRL":43.72087,"IMN":54.42687,"ISR":72.450615,"ITA":57.607555,"JAM":27.193827,"JPN":60.100426,"JEY":43.352768,"JOR":40.249866,"KAZ":42.72705,"KEN":7.5960674,"KIR":13.54436,"KWT":72.139854,"KGZ":32.91891,"LAO":7.757662,"LVA":54.771492,"LBN":37.89371,"LSO":2.3384333,"LBR":16.697992,"LBY":22.690985,"LIE":20.423632,"LTU":37.34061,"LUX":68.58952,"MAC":95.411285,"MDG":9.909832,"MWI":3.8037522,"MYS":24.717968,"MDV":11.227544,"MLI":6.052491,"MLT":90.27088,"MHL":31.848242,"MTQ":34.683647,"MRT":5.16711,"MUS":38.043324,"MYT":11.209234,"MEX":48.293945,"FSM":22.196121,"MDA":21.337938,"MCO":100,"MNG":30.129452,"MNE":19.453876,"MSR":15.853204,"MAR":28.465765,"MOZ":3.0755796,"MMR":17.574572,"NAM":21.49895,"NRU":100,"NPL":3.3104055,"NLD":58.702274,"NCL":33.06171,"NZL":56.170036,"NIC":37.551315,"NER":5.42342,"NGA":12.649026,"NIU":21.013811,"PRK":32.629066,"MKD":30.580093,"MNP":78.563095,"NOR":48.40606,"OMN":13.61607,"PAK":21.095392,"PLW":38.269047,"PSE":41.891388,"PAN":40.090897,"PNG":2.5961878,"PRY":35.208206,"PER":44.476917,"PHL":29.018106,"POL":45.870537,"PRT":29.84841,"PRI":42.648163,"QAT":57.742268,"REU":31.273586,"ROU":32.353077,"RUS":50.820656,"RWA":2.3771656,"BLM":100,"SHN":49.902687,"KNA":27.01977,"LCA":19.812506,"MAF":100,"SPM":83.77104,"VCT":39.274055,"WSM":18.72817,"SMR":46.763725,"STP":14.402373,"SAU":27.770481,"SEN":22.227541,"SRB":26.22899,"SYC":27.462137,"SLE":15.85926,"SGP":100,"SXM":100,"SVK":32.013668,"SVN":25.647957,"SLB":1.9945449,"SOM":16.161558,"ZAF":45.808365,"KOR":25.692348,"SSD":8.737346,"ESP":54.73093,"LKA":16.239328,"SDN":9.898081,"SUR":53.108906,"SWE":70.01313,"CHE":48.963657,"SYR":38.840343,"TWN":47.26063,"TJK":31.711994,"TZA":4.799951,"THA":11.388701,"TGO":9.045867,"TKL":0,"TON":16.736382,"TTO":18.067692,"TUN":36.288387,"TUR":22.32182,"TKM":45.794613,"TCA":47.418915,"TUV":12.201482,"UGA":3.9563174,"UKR":43.32808,"ARE":69.37026,"GBR":79.25929,"USA":68.45251,"VIR":57.103115,"URY":79.54582,"UZB":32.784615,"VUT":7.1931367,"VAT":100,"VEN":59.258553,"VNM":12.878725,"WLF":0,"ESH":31.09972,"YEM":2.8547783,"ZMB":14.68731,"ZWE":11.647134}