{"AFG":7.5912657,"ALB":29.876482,"DZA":27.833998,"ASM":37.95197,"AND":54.875877,"AGO":9.521145,"AIA":100,"ATG":39.35602,"ARG":70.32229,"ARM":49.543663,"ABW":59.031437,"AUS":80.76761,"AUT":49.68879,"AZE":47.602226,"BHS":56.75351,"BHR":82.00453,"BGD":4.8999767,"BRB":40.221073,"BLR":29.883808,"BEL":65.14045,"BLZ":53.921856,"BEN":8.955356,"BMU":87.98576,"BTN":2.3905263,"BOL":36.523033,"BES":73.77519,"BIH":17.749506,"BWA":2.8906524,"BRA":43.021515,"VGB":11.836298,"BRN":39.82589,"BGR":34.767586,"BFA":4.879582,"BDI":1.6743218,"KHM":9.8144,"CMR":13.041188,"CAN":67.88382,"CPV":6.5040755,"CYM":100,"CAF":19.1045,"TCD":5.9783554,"CHL":66.09909,"CHN":16.245417,"COL":46.24024,"COM":11.59,"COG":35.935314,"COK":45.22468,"CRI":33.89788,"CIV":15.96813,"HRV":28.402386,"CUB":57.40546,"CUW":74.067276,"CYP":30.916521,"CZE":58.526855,"COD":22.168417,"DNK":72.8765,"DJI":48.670887,"DMA":37.56366,"DOM":28.661264,"TLS":10.025239,"ECU":33.520027,"EGY":36.585697,"SLV":38.069355,"GNQ":25.077158,"ERI":9.801776,"EST":55.963833,"SWZ":3.2471442,"ETH":6.8492894,"FLK":49.74551,"FRO":19.786303,"FJI":21.89289,"FIN":53.89421,"FRA":60.112206,"GUF":61.16559,"PYF":40.571163,"GAB":12.185895,"GMB":9.454136,"GEO":42.10605,"DEU":74.75887,"GHA":21.85878,"GIB":100,"GRC":55.000362,"GRL":55.59792,"GRD":30.026861,"GLP":53.791573,"GUM":35.83,"GTM":30.725018,"GGY":34.333923,"GIN":8.886415,"GNB":12.940039,"GUY":28.810358,"HTI":14.567268,"HND":24.518715,"HKG":85.2,"HUN":53.1792,"ISL":78.669914,"IND":17.780031,"IDN":14.179368,"IRN":32.592323,"IRQ":41.359406,"IRL":44.057724,"IMN":54.651543,"ISR":73.88475,"ITA":58.173336,"JAM":28.027925,"JPN":61.248436,"JEY":43.149807,"JOR":41.0669,"KAZ":43.396095,"KEN":7.8136606,"KIR":14.047937,"KWT":73.262794,"KGZ":33.44582,"LAO":7.8,"LVA":55.6613,"LBN":39,"LSO":2.681072,"LBR":17.315037,"LBY":22.841784,"LIE":20.431692,"LTU":38.141964,"LUX":68.88745,"MAC":95.32897,"MDG":10.218302,"MWI":3.8766727,"MYS":25.20189,"MDV":11.279141,"MLI":6.3611593,"MLT":90.270874,"MHL":32.9,"MTQ":36.159576,"MRT":5.7004075,"MUS":38.67026,"MYT":11.556856,"MEX":49.109715,"FSM":22.47533,"MDA":21.959631,"MCO":100,"MNG":32.353275,"MNE":21.277014,"MSR":15.896484,"MAR":28.757257,"MOZ":3.2509847,"MMR":18.033625,"NAM":22.324545,"NRU":100,"NPL":3.3832076,"NLD":59.174267,"NCL":34.168613,"NZL":58.04579,"NIC":38.066643,"NER":5.4882774,"NGA":13.155831,"NIU":21.029877,"PRK":35.783226,"MKD":31.69861,"MNP":80.27,"NOR":48.50339,"OMN":14.499443,"PAK":21.528444,"PLW":39.89,"PSE":42.630062,"PAN":40.474888,"PNG":2.8563926,"PRY":35.31857,"PER":45.197697,"PHL":29.399258,"POL":46.683594,"PRT":30.174969,"PRI":43.174297,"QAT":60.56034,"REU":32.57245,"ROU":33.069126,"RUS":51.84203,"RWA":2.453853,"BLM":100,"SHN":49.744827,"KNA":27.177153,"LCA":19.964975,"MAF":100,"SPM":84.257286,"VCT":39.541042,"WSM":18.798157,"SMR":47.448254,"STP":14.720539,"SAU":28.947315,"SEN":22.336971,"SRB":27.155516,"SYC":27.474558,"SLE":16.37803,"SGP":100,"SXM":100,"SVK":32.44937,"SVN":26.51184,"SLB":2.2079654,"SOM":16.659887,"ZAF":46.17055,"KOR":26.32456,"SSD":8.709462,"ESP":55.26893,"LKA":16.647854,"SDN":10.487549,"SUR":55.890816,"SWE":70.808586,"CHE":49.660976,"SYR":39.24377,"TWN":47.85752,"TJK":32.305645,"TZA":4.8380423,"THA":11.5348425,"TGO":9.440977,"TKL":0,"TON":17.269142,"TTO":17.73578,"TUN":36.705833,"TUR":22.744919,"TKM":46.081097,"TCA":47.479534,"TUV":12.24955,"UGA":4.081639,"UKR":45.148014,"ARE":70.92603,"GBR":79.007706,"USA":69.000916,"VIR":56.79452,"URY":79.7548,"UZB":33.327965,"VUT":7.447572,"VAT":100,"VEN":60.13356,"VNM":13.836426,"WLF":0,"ESH":31.129498,"YEM":3.029886,"ZMB":15.482411,"ZWE":11.902734}