{"AFG":7.857785,"ALB":30.486938,"DZA":29.764177,"ASM":37.6819,"AND":56.694546,"AGO":9.954911,"AIA":100,"ATG":39.53606,"ARG":71.02376,"ARM":50.364647,"ABW":59.025448,"AUS":81.201256,"AUT":49.792427,"AZE":47.88853,"BHS":57.175156,"BHR":82.26152,"BGD":5.0002527,"BRB":40.319897,"BLR":31.405901,"BEL":65.50374,"BLZ":53.891525,"BEN":9.366828,"BMU":95.81946,"BTN":2.4365175,"BOL":36.707485,"BES":74.11958,"BIH":18.363949,"BWA":2.9428918,"BRA":43.848827,"VGB":11.984409,"BRN":41.584938,"BGR":35.69212,"BFA":4.9572845,"BDI":1.7549419,"KHM":10.020413,"CMR":13.4,"CAN":68.450905,"CPV":6.5008516,"CYM":100,"CAF":19.605932,"TCD":6.278018,"CHL":66.984314,"CHN":18.407309,"COL":47.190235,"COM":12.327979,"COG":36.338245,"COK":46.26885,"CRI":33.996693,"CIV":17.155172,"HRV":29.254728,"CUB":57.547756,"CUW":74.647896,"CYP":33.402916,"CZE":59.045643,"COD":22.222649,"DNK":73.41783,"DJI":49.73862,"DMA":37.7327,"DOM":29.407387,"TLS":10.054399,"ECU":34.11532,"EGY":37.225697,"SLV":38.23288,"GNQ":25.70093,"ERI":10.105926,"EST":56.798103,"SWZ":3.6344366,"ETH":6.9775896,"FLK":49.61257,"FRO":20.360619,"FJI":23.821516,"FIN":54.7985,"FRA":60.87603,"GUF":62.43391,"PYF":41.41288,"GAB":12.383325,"GMB":9.247672,"GEO":42.450977,"DEU":75.233086,"GHA":22.606428,"GIB":100,"GRC":55.398453,"GRL":56.918015,"GRD":30.20883,"GLP":55.848183,"GUM":60.92562,"GTM":31.3006,"GGY":34.036064,"GIN":9.260873,"GNB":13.224469,"GUY":28.90978,"HTI":14.899341,"HND":23.80112,"HKG":85.2,"HUN":53.302246,"ISL":79.68244,"IND":17.845379,"IDN":14.391599,"IRN":33.286568,"IRQ":42.580532,"IRL":44.434845,"IMN":54.879433,"ISR":75.45443,"ITA":58.73817,"JAM":28.87637,"JPN":62.260666,"JEY":42.934956,"JOR":41.887054,"KAZ":44.065407,"KEN":8.02612,"KIR":14.602811,"KWT":74.358406,"KGZ":33.909264,"LAO":7.812479,"LVA":56.407284,"LBN":40.237488,"LSO":3.129555,"LBR":17.946463,"LBY":23.034483,"LIE":20.4371,"LTU":38.94277,"LUX":69.19518,"MAC":95.27543,"MDG":10.528482,"MWI":3.956862,"MYS":25.650093,"MDV":11.325128,"MLI":6.6850905,"MLT":90.21735,"MHL":33.7833,"MTQ":37.828106,"MRT":6.2648067,"MUS":39.285748,"MYT":11.894729,"MEX":49.92743,"FSM":22.745981,"MDA":22.587751,"MCO":100,"MNG":34.661697,"MNE":23.02982,"MSR":15.93024,"MAR":29.05129,"MOZ":3.4351192,"MMR":18.508678,"NAM":22.977865,"NRU":100,"NPL":3.4513364,"NLD":59.76868,"NCL":35.347267,"NZL":60.27719,"NIC":38.60771,"NER":5.5864677,"NGA":13.685343,"NIU":21.057556,"PRK":38.44548,"MKD":32.841133,"MNP":80.1128,"NOR":48.60571,"OMN":15.427129,"PAK":21.930708,"PLW":41.930546,"PSE":43.393486,"PAN":40.877674,"PNG":3.145666,"PRY":35.433098,"PER":45.930008,"PHL":29.73116,"POL":47.415764,"PRT":30.509333,"PRI":43.724186,"QAT":62.99084,"REU":33.802197,"ROU":33.74866,"RUS":52.957336,"RWA":2.5281565,"BLM":100,"SHN":49.568077,"KNA":27.344439,"LCA":20.119694,"MAF":100,"SPM":84.73144,"VCT":39.818108,"WSM":18.847788,"SMR":48.161972,"STP":15.069145,"SAU":30.17333,"SEN":22.466375,"SRB":28.100458,"SYC":27.490286,"SLE":16.902237,"SGP":100,"SXM":100,"SVK":32.90558,"SVN":27.377804,"SLB":2.4523993,"SOM":17.161425,"ZAF":46.468388,"KOR":26.975742,"SSD":8.683758,"ESP":55.842194,"LKA":17.09168,"SDN":11.096567,"SUR":58.5525,"SWE":71.62571,"CHE":50.348766,"SYR":39.62974,"TWN":48.7955,"TJK":32.849133,"TZA":4.8665695,"THA":11.6808,"TGO":9.921929,"TKL":0,"TON":17.779926,"TTO":17.534683,"TUN":37.093414,"TUR":23.107439,"TKM":46.3241,"TCA":47.54569,"TUV":12.304291,"UGA":4.2112994,"UKR":46.21742,"ARE":72.30632,"GBR":78.76719,"USA":69.51024,"VIR":56.436142,"URY":79.96187,"UZB":33.832596,"VUT":7.708561,"VAT":100,"VEN":61.020775,"VNM":14.674881,"WLF":0,"ESH":31.162949,"YEM":3.211931,"ZMB":16.331305,"ZWE":12.177694}