{"AFG":8.122552,"ALB":30.842068,"DZA":31.341293,"ASM":37.630733,"AND":58.45,"AGO":10.387104,"AIA":100,"ATG":39.56577,"ARG":71.72389,"ARM":51.151337,"ABW":59.02367,"AUS":81.59391,"AUT":49.90056,"AZE":48.096024,"BHS":57.600266,"BHR":82.29477,"BGD":5.112178,"BRB":40.43036,"BLR":32.66303,"BEL":65.86804,"BLZ":53.8851,"BEN":9.789632,"BMU":99.66068,"BTN":2.4826818,"BOL":36.894047,"BES":74.45963,"BIH":19.003536,"BWA":3.0018384,"BRA":44.68096,"VGB":12.138965,"BRN":43.3471,"BGR":37.110336,"BFA":5.0357113,"BDI":1.8385665,"KHM":10.17759,"CMR":13.611911,"CAN":69.04177,"CPV":6.5000978,"CYM":100,"CAF":20.123362,"TCD":6.593333,"CHL":67.84008,"CHN":19.745646,"COL":48.142044,"COM":13.158245,"COG":36.71936,"COK":47.251328,"CRI":34.10503,"CIV":18.432516,"HRV":30.128784,"CUB":57.710743,"CUW":75.16949,"CYP":35.307114,"CZE":59.55909,"COD":22.3,"DNK":73.961426,"DJI":50.7989,"DMA":37.854008,"DOM":30.178997,"TLS":10.084103,"ECU":34.69503,"EGY":37.826344,"SLV":38.384068,"GNQ":26.03176,"ERI":10.401463,"EST":57.59059,"SWZ":4.0560546,"ETH":7.1087985,"FLK":49.51674,"FRO":20.998468,"FJI":25.647554,"FIN":55.576965,"FRA":61.681404,"GUF":63.549034,"PYF":42.290737,"GAB":12.6,"GMB":9.067184,"GEO":42.63631,"DEU":75.69924,"GHA":23.286356,"GIB":100,"GRC":55.844555,"GRL":58.25039,"GRD":30.394512,"GLP":57.86089,"GUM":79.30497,"GTM":31.845528,"GGY":33.76093,"GIN":9.713258,"GNB":13.480961,"GUY":29.016172,"HTI":15.236428,"HND":23.349577,"HKG":85.2,"HUN":53.436012,"ISL":80.35189,"IND":17.925007,"IDN":14.607655,"IRN":33.965828,"IRQ":43.975914,"IRL":44.8696,"IMN":55.11026,"ISR":76.9069,"ITA":59.28938,"JAM":29.749947,"JPN":63.25813,"JEY":42.70969,"JOR":42.710567,"KAZ":44.73241,"KEN":8.233521,"KIR":15.22,"KWT":75.40135,"KGZ":34.350574,"LAO":7.848142,"LVA":57.083813,"LBN":41.667633,"LSO":3.6584141,"LBR":18.591524,"LBY":23.268066,"LIE":20.439655,"LTU":39.761032,"LUX":69.509094,"MAC":95.250656,"MDG":10.840235,"MWI":4.043909,"MYS":26.066862,"MDV":11.365098,"MLI":7.022545,"MLT":90.125626,"MHL":34.833866,"MTQ":39.586876,"MRT":6.8566575,"MUS":39.88507,"MYT":12.222648,"MEX":50.747272,"FSM":23.008099,"MDA":23.22035,"MCO":100,"MNG":36.87333,"MNE":24.571234,"MSR":15.929152,"MAR":29.354624,"MOZ":3.6236591,"MMR":18.994541,"NAM":23.395063,"NRU":100,"NPL":3.5144002,"NLD":59.94004,"NCL":36.59229,"NZL":62.375565,"NIC":39.171124,"NER":5.709888,"NGA":14.232005,"NIU":21.095818,"PRK":40.6,"MKD":34.007496,"MNP":80.1486,"NOR":48.702118,"OMN":16.4,"PAK":22.299698,"PLW":43.894775,"PSE":44.183014,"PAN":41.291615,"PNG":3.4626815,"PRY":35.551422,"PER":46.671673,"PHL":30.011036,"POL":48.056046,"PRT":30.8413,"PRI":44.307976,"QAT":65,"REU":34.95907,"ROU":34.403416,"RUS":54.14163,"RWA":2.6,"BLM":100,"SHN":49.37383,"KNA":27.536617,"LCA":20.276016,"MAF":100,"SPM":85.19385,"VCT":40.1105,"WSM":18.89234,"SMR":48.9,"STP":15.429835,"SAU":31.44388,"SEN":22.614382,"SRB":29.063742,"SYC":27.51,"SLE":17.43126,"SGP":100,"SXM":100,"SVK":33.3775,"SVN":28.245901,"SLB":2.7170541,"SOM":17.666187,"ZAF":46.69271,"KOR":27.685823,"SSD":8.660144,"ESP":56.454437,"LKA":17.553383,"SDN":11.7195835,"SUR":60.97193,"SWE":72.46836,"CHE":51.018486,"SYR":40.00061,"TWN":49.65044,"TJK":33.39518,"TZA":4.8879585,"THA":11.825903,"TGO":10.647778,"TKL":0,"TON":18.26051,"TTO":17.517557,"TUN":37.466263,"TUR":23.434559,"TKM":46.553745,"TCA":47.622356,"TUV":12.367205,"UGA":4.362942,"UKR":47.363834,"ARE":73.5,"GBR":78.55031,"USA":69.979904,"VIR":55.928764,"URY":80.16702,"UZB":34.3304,"VUT":7.9757724,"VAT":100,"VEN":61.919952,"VNM":15.265452,"WLF":0,"ESH":31.2,"YEM":3.4,"ZMB":17.223606,"ZWE":12.467008}