{"AFG":8.389595,"ALB":30.982752,"DZA":32.88297,"ASM":38.152584,"AND":60.209396,"AGO":10.810545,"AIA":100,"ATG":39.33181,"ARG":72.43548,"ARM":52.48198,"ABW":59.0728,"AUS":81.94012,"AUT":50.01341,"AZE":48.994537,"BHS":58.04689,"BHR":82.32552,"BGD":5.277111,"BRB":40.597996,"BLR":33.895443,"BEL":66.224625,"BLZ":53.899826,"BEN":10.24947,"BMU":100,"BTN":2.5266411,"BOL":37.08401,"BES":74.83811,"BIH":19.670435,"BWA":3.0676105,"BRA":45.502922,"VGB":12.343269,"BRN":45.254784,"BGR":38.41447,"BFA":5.116637,"BDI":1.9249525,"KHM":10.273913,"CMR":13.938476,"CAN":69.69176,"CPV":6.5948944,"CYM":100,"CAF":20.664665,"TCD":6.921337,"CHL":68.670364,"CHN":19.29425,"COL":49.09562,"COM":14.043694,"COG":37,"COK":48.169815,"CRI":34.222477,"CIV":19.74565,"HRV":31.029367,"CUB":57.89346,"CUW":75.64551,"CYP":36.377586,"CZE":60.06446,"COD":22.40393,"DNK":74.51455,"DJI":51.879696,"DMA":37.942795,"DOM":31.001432,"TLS":10.124212,"ECU":35.258724,"EGY":38.421204,"SLV":38.52169,"GNQ":26.110603,"ERI":10.68804,"EST":58.82042,"SWZ":4.509346,"ETH":7.2428117,"FLK":49.461903,"FRO":21.686687,"FJI":27.350138,"FIN":56.250896,"FRA":62.532604,"GUF":64.3458,"PYF":43.20378,"GAB":13.138122,"GMB":8.926141,"GEO":43.632664,"DEU":76.171745,"GHA":23.949137,"GIB":100,"GRC":56.360832,"GRL":59.780838,"GRD":30.59031,"GLP":59.829346,"GUM":81.240944,"GTM":32.358974,"GGY":33.51042,"GIN":10.236824,"GNB":13.711139,"GUY":29.138248,"HTI":15.603739,"HND":23.23498,"HKG":85.20642,"HUN":53.580208,"ISL":80.982796,"IND":18.02401,"IDN":14.831503,"IRN":34.62057,"IRQ":45.4828,"IRL":45.38869,"IMN":55.34875,"ISR":78.000565,"ITA":59.810894,"JAM":30.743282,"JPN":64.27243,"JEY":42.471596,"JOR":43.538418,"KAZ":45.392506,"KEN":8.435939,"KIR":16.012003,"KWT":76.37002,"KGZ":34.78184,"LAO":7.904329,"LVA":57.71829,"LBN":43.258507,"LSO":4.242182,"LBR":19.248108,"LBY":23.541517,"LIE":20.420605,"LTU":40.667942,"LUX":69.8388,"MAC":95.258026,"MDG":11.153422,"MWI":4.137403,"MYS":26.45638,"MDV":11.398653,"MLI":7.3717833,"MLT":90.0069,"MHL":36.036575,"MTQ":41.311634,"MRT":7.472309,"MUS":40.46351,"MYT":12.54041,"MEX":51.575188,"FSM":23.261703,"MDA":24.019001,"MCO":100,"MNG":38.806778,"MNE":25.77904,"MSR":15.725725,"MAR":29.659739,"MOZ":3.830113,"MMR":19.486021,"NAM":23.638594,"NRU":100,"NPL":3.5719647,"NLD":60.139744,"NCL":37.898304,"NZL":63.870506,"NIC":39.753487,"NER":5.8504333,"NGA":14.790265,"NIU":21.143627,"PRK":42.313255,"MKD":35.207176,"MNP":81.00392,"NOR":49.04277,"OMN":17.48254,"PAK":22.632128,"PLW":45.778107,"PSE":45,"PAN":41.74749,"PNG":3.8061147,"PRY":35.67316,"PER":47.420258,"PHL":30.253199,"POL":48.61173,"PRT":31.173954,"PRI":45.062836,"QAT":66.71166,"REU":36.039288,"ROU":35.045116,"RUS":55.13595,"RWA":2.6660733,"BLM":100,"SHN":49.163464,"KNA":27.889378,"LCA":20.43031,"MAF":100,"SPM":85.64486,"VCT":40.430428,"WSM":18.948442,"SMR":49.675323,"STP":15.926291,"SAU":32.75432,"SEN":22.845255,"SRB":30.05142,"SYC":27.711094,"SLE":17.964481,"SGP":100,"SXM":100,"SVK":33.870697,"SVN":29.114767,"SLB":3.0025249,"SOM":18.174194,"ZAF":46.862564,"KOR":28.448717,"SSD":8.63853,"ESP":57.14024,"LKA":18.015532,"SDN":12.3510475,"SUR":63.02706,"SWE":73.351265,"CHE":51.679028,"SYR":40.358727,"TWN":50.423412,"TJK":33.95772,"TZA":4.90463,"THA":11.963992,"TGO":11.594854,"TKL":0,"TON":18.702665,"TTO":18.136742,"TUN":37.83951,"TUR":23.751457,"TKM":46.778152,"TCA":47.75788,"TUV":12.439795,"UGA":4.546637,"UKR":48.23632,"ARE":74.53949,"GBR":78.366394,"USA":70.44559,"VIR":54.36261,"URY":80.37026,"UZB":34.915684,"VUT":8.248876,"VAT":100,"VEN":62.836754,"VNM":15.72228,"WLF":0,"ESH":31.350878,"YEM":3.5948493,"ZMB":18.14893,"ZWE":12.765667}