{"AFG":8.662664,"ALB":31.07319,"DZA":34.51176,"ASM":39.287296,"AND":62.036148,"AGO":11.20706,"AIA":100,"ATG":38.82722,"ARG":73.17288,"ARM":53.579094,"ABW":59.212273,"AUS":82.22472,"AUT":50.138733,"AZE":49.009277,"BHS":58.533073,"BHR":82.34976,"BGD":5.4655814,"BRB":40.852566,"BLR":34.934948,"BEL":66.58985,"BLZ":53.931587,"BEN":10.801744,"BMU":100,"BTN":2.5686567,"BOL":37.27867,"BES":75.20387,"BIH":20.385567,"BWA":3.1403265,"BRA":46.301685,"VGB":12.632799,"BRN":47.422012,"BGR":39.30138,"BFA":5.198858,"BDI":2.013857,"KHM":10.270726,"CMR":14.369167,"CAN":70.448845,"CPV":7.222633,"CYM":100,"CAF":21.241152,"TCD":7.259069,"CHL":69.47709,"CHN":17.324953,"COL":50.05091,"COM":14.947219,"COG":37.018757,"COK":49.021996,"CRI":34.34863,"CIV":21.05172,"HRV":31.986916,"CUB":58.09494,"CUW":76.091835,"CYP":37.073624,"CZE":60.55149,"COD":22.525364,"DNK":75.08599,"DJI":53.017647,"DMA":38.011745,"DOM":31.897953,"TLS":10.203816,"ECU":35.80659,"EGY":39.047848,"SLV":38.64168,"GNQ":26.129448,"ERI":10.965312,"EST":60.094124,"SWZ":4.991658,"ETH":7.379526,"FLK":49.461155,"FRO":22.41211,"FJI":28.908401,"FIN":56.84262,"FRA":63.459843,"GUF":64.83353,"PYF":44.149372,"GAB":14.237912,"GMB":8.838011,"GEO":44.393436,"DEU":76.675865,"GHA":24.623547,"GIB":100,"GRC":57.006733,"GRL":61.97258,"GRD":30.797226,"GLP":61.753204,"GUM":83.1264,"GTM":32.84011,"GGY":33.285618,"GIN":10.824825,"GNB":13.912205,"GUY":29.277174,"HTI":15.979068,"HND":23.36776,"HKG":85.2801,"HUN":53.734543,"ISL":81.53697,"IND":18.143572,"IDN":15.055614,"IRN":35.28118,"IRQ":47.038452,"IRL":46.06578,"IMN":55.63928,"ISR":78.845085,"ITA":60.32117,"JAM":31.898325,"JPN":65.2338,"JEY":42.182972,"JOR":44.36508,"KAZ":46.042477,"KEN":8.63408,"KIR":17.032957,"KWT":77.24279,"KGZ":35.197254,"LAO":7.9783783,"LVA":58.31702,"LBN":44.97819,"LSO":4.855391,"LBR":19.92478,"LBY":23.853817,"LIE":20.305515,"LTU":41.52057,"LUX":70.217834,"MAC":95.33254,"MDG":11.467906,"MWI":4.2369328,"MYS":26.822828,"MDV":11.425388,"MLI":7.7310653,"MLT":89.87237,"MHL":37.376286,"MTQ":43.1366,"MRT":8.107929,"MUS":41.016354,"MYT":12.847812,"MEX":52.41398,"FSM":23.506823,"MDA":24.457918,"MCO":100,"MNG":40.28066,"MNE":26.78262,"MSR":15.286994,"MAR":30.151207,"MOZ":4.075506,"MMR":19.97793,"NAM":23.848995,"NRU":100,"NPL":3.6207526,"NLD":60.305,"NCL":39.259926,"NZL":64.85839,"NIC":40.351402,"NER":6,"NGA":15.354567,"NIU":21.199959,"PRK":43.741383,"MKD":36.499107,"MNP":81.34469,"NOR":50.056515,"OMN":18.73038,"PAK":22.934216,"PLW":47.575954,"PSE":45.888374,"PAN":42.324074,"PNG":4.174639,"PRY":35.79816,"PER":48.259262,"PHL":30.464617,"POL":49.08764,"PRT":31.528376,"PRI":46.0602,"QAT":68.27966,"REU":37.039093,"ROU":35.685505,"RUS":55.92556,"RWA":2.7247932,"BLM":100,"SHN":48.938366,"KNA":28.458172,"LCA":20.582193,"MAF":100,"SPM":86.08545,"VCT":40.777542,"WSM":19.016186,"SMR":50.507454,"STP":16.891308,"SAU":34.1,"SEN":23.338446,"SRB":31.10036,"SYC":28.239693,"SLE":18.501287,"SGP":100,"SXM":100,"SVK":34.429066,"SVN":29.975231,"SLB":3.3094068,"SOM":18.68546,"ZAF":47.00995,"KOR":29.233507,"SSD":8.618829,"ESP":57.957973,"LKA":18.4607,"SDN":12.985407,"SUR":64.59587,"SWE":74.28843,"CHE":52.351692,"SYR":40.706448,"TWN":51.15296,"TJK":34.51745,"TZA":4.9190063,"THA":12.092886,"TGO":12.710308,"TKL":0,"TON":19.098166,"TTO":19.501692,"TUN":38.228294,"TUR":24.083313,"TKM":46.992233,"TCA":47.976936,"TUV":12.52356,"UGA":4.752946,"UKR":48.777573,"ARE":75.47519,"GBR":78.18751,"USA":70.92353,"VIR":51.463917,"URY":80.57157,"UZB":35.142685,"VUT":8.527541,"VAT":100,"VEN":63.792683,"VNM":16.11712,"WLF":0,"ESH":31.713242,"YEM":3.7991989,"ZMB":19.096895,"ZWE":13.077449}