{"AFG":8.942709,"ALB":31.139805,"DZA":36.055668,"ASM":40.897182,"AND":63.91841,"AGO":11.58172,"AIA":100,"ATG":38.12616,"ARG":73.927376,"ARM":54.6177,"ABW":59.432358,"AUS":82.4592,"AUT":50.28204,"AZE":49.519924,"BHS":59.08006,"BHR":82.36688,"BGD":5.6560497,"BRB":41.18559,"BLR":35.947548,"BEL":67.01277,"BLZ":53.975708,"BEN":11.4456835,"BMU":100,"BTN":2.6113534,"BOL":37.479313,"BES":75.55584,"BIH":21.159279,"BWA":3.2201047,"BRA":47.087246,"VGB":12.995004,"BRN":49.764122,"BGR":40.278404,"BFA":5.2824035,"BDI":2.1050315,"KHM":10.19334,"CMR":14.893458,"CAN":71.28912,"CPV":8.333783,"CYM":100,"CAF":21.855375,"TCD":7.6006136,"CHL":70.26304,"CHN":16.836292,"COL":51.007866,"COM":15.8317175,"COG":37.073807,"COK":49.80556,"CRI":34.489265,"CIV":22.307873,"HRV":33.011925,"CUB":58.314217,"CUW":76.51038,"CYP":37.61172,"CZE":61.017532,"COD":22.663548,"DNK":75.67172,"DJI":54.20397,"DMA":38.066452,"DOM":32.856876,"TLS":10.326532,"ECU":36.330456,"EGY":39.67637,"SLV":38.74381,"GNQ":26.145485,"ERI":11.232934,"EST":60.951965,"SWZ":5.500339,"ETH":7.518839,"FLK":49.609013,"FRO":23.161566,"FJI":30.301476,"FIN":57.3763,"FRA":64.57331,"GUF":65.207794,"PYF":45.147648,"GAB":15.805569,"GMB":8.821238,"GEO":44.70507,"DEU":77.20976,"GHA":25.294876,"GIB":100,"GRC":57.79861,"GRL":64.54659,"GRD":31.00915,"GLP":63.632114,"GUM":84.682724,"GTM":33.28811,"GGY":33.08432,"GIN":11.470514,"GNB":14.089159,"GUY":29.42508,"HTI":16.362467,"HND":23.674187,"HKG":85.43647,"HUN":53.89873,"ISL":82.025024,"IND":18.283855,"IDN":15.266322,"IRN":35.947468,"IRQ":48.580124,"IRL":46.887394,"IMN":55.96978,"ISR":79.65702,"ITA":60.856243,"JAM":33.163254,"JPN":66.144714,"JEY":41.81983,"JOR":45.18064,"KAZ":46.678864,"KEN":8.815345,"KIR":18.206333,"KWT":77.99804,"KGZ":35.592934,"LAO":8.067631,"LVA":58.88761,"LBN":46.794765,"LSO":5.4725738,"LBR":20.638994,"LBY":24.20395,"LIE":20.10745,"LTU":42.421524,"LUX":70.6467,"MAC":95.46643,"MDG":11.78355,"MWI":4.3420887,"MYS":27.170385,"MDV":11.444903,"MLI":8.098651,"MLT":89.73322,"MHL":38.837856,"MTQ":45.32283,"MRT":8.751334,"MUS":41.53889,"MYT":13.144649,"MEX":53.259457,"FSM":23.743479,"MDA":25.067017,"MCO":100,"MNG":41.18136,"MNE":27.70931,"MSR":14.677431,"MAR":30.65519,"MOZ":4.3595376,"MMR":20.465076,"NAM":24.03981,"NRU":100,"NPL":3.6598744,"NLD":60.337032,"NCL":40.684555,"NZL":65.66973,"NIC":40.971767,"NER":6.1928916,"NGA":15.918384,"NIU":21.263775,"PRK":45.003044,"MKD":37.901455,"MNP":81.399254,"NOR":51.630344,"OMN":20.131096,"PAK":23.208181,"PLW":49.283737,"PSE":46.878212,"PAN":43.00463,"PNG":4.5669303,"PRY":35.924232,"PER":49.25205,"PHL":30.652613,"POL":49.504227,"PRT":31.909317,"PRI":47.24166,"QAT":69.71523,"REU":37.954712,"ROU":36.336304,"RUS":56.780457,"RWA":2.7786727,"BLM":100,"SHN":48.69992,"KNA":29.18194,"LCA":20.735027,"MAF":100,"SPM":86.5214,"VCT":41.13834,"WSM":19.08457,"SMR":51.401318,"STP":18.2827,"SAU":35.564266,"SEN":24.075434,"SRB":32.22212,"SYC":29.049587,"SLE":19.048244,"SGP":100,"SXM":100,"SVK":35.077976,"SVN":30.824638,"SLB":3.663571,"SOM":19.2,"ZAF":47.140244,"KOR":30.057867,"SSD":8.600952,"ESP":58.925934,"LKA":18.870604,"SDN":13.61711,"SUR":65.55631,"SWE":75.25092,"CHE":53.034973,"SYR":41.046124,"TWN":51.74717,"TJK":35.05957,"TZA":4.933508,"THA":12.217039,"TGO":13.941289,"TKL":0,"TON":19.438786,"TTO":21.452185,"TUN":38.647736,"TUR":24.455307,"TKM":47.192383,"TCA":48.263386,"TUV":12.62,"UGA":4.9730306,"UKR":49.401215,"ARE":76.323006,"GBR":77.993004,"USA":71.39777,"VIR":47.63066,"URY":80.77138,"UZB":35.269756,"VUT":8.811438,"VAT":100,"VEN":64.7949,"VNM":16.506481,"WLF":0,"ESH":32.26819,"YEM":4.0150824,"ZMB":20.076607,"ZWE":13.467384}