{"AFG":9.231134,"ALB":31.190632,"DZA":37.378387,"ASM":42.852543,"AND":65.84434,"AGO":11.94518,"AIA":100,"ATG":37.29956,"ARG":74.687965,"ARM":55.554516,"ABW":59.72334,"AUS":82.678055,"AUT":50.44117,"AZE":49.528496,"BHS":59.691025,"BHR":82.37625,"BGD":5.8549347,"BRB":41.591824,"BLR":36.981735,"BEL":67.49217,"BLZ":54.027733,"BEN":12.171832,"BMU":100,"BTN":2.6569684,"BOL":37.68723,"BES":75.89295,"BIH":21.978682,"BWA":3.3740027,"BRA":47.871143,"VGB":13.417337,"BRN":52.188034,"BGR":43.038074,"BFA":5.367277,"BDI":2.1977131,"KHM":10.290591,"CMR":15.500821,"CAN":72.14407,"CPV":9.805969,"CYM":100,"CAF":22.50989,"TCD":7.967655,"CHL":71.02906,"CHN":18.3,"COL":51.9659,"COM":16.660084,"COG":37.16331,"COK":50.518192,"CRI":34.755455,"CIV":23.471262,"HRV":34.081837,"CUB":58.55033,"CUW":76.903046,"CYP":38.029125,"CZE":61.47152,"COD":22.817728,"DNK":76.26654,"DJI":55.429867,"DMA":38.11261,"DOM":33.8652,"TLS":10.489917,"ECU":36.81217,"EGY":40.27007,"SLV":38.833572,"GNQ":26.158998,"ERI":11.49056,"EST":61.706966,"SWZ":6.0327353,"ETH":7.6606464,"FLK":49.9265,"FRO":23.92189,"FJI":31.508495,"FIN":57.86117,"FRA":65.86027,"GUF":65.52399,"PYF":46.237514,"GAB":17.74729,"GMB":8.975594,"GEO":45.199684,"DEU":77.74499,"GHA":25.952198,"GIB":100,"GRC":58.695404,"GRL":67.05768,"GRD":31.221195,"GLP":65.46573,"GUM":85.93811,"GTM":33.705322,"GGY":32.900547,"GIN":12.167146,"GNB":14.245706,"GUY":29.574865,"HTI":16.753942,"HND":24.128714,"HKG":85.66048,"HUN":54.07248,"ISL":82.650856,"IND":18.44304,"IDN":15.466804,"IRN":36.619225,"IRQ":50.04507,"IRL":47.763298,"IMN":56.27348,"ISR":80.42958,"ITA":61.41069,"JAM":34.49428,"JPN":67.02058,"JEY":41.39425,"JOR":45.98578,"KAZ":47.29821,"KEN":8.972303,"KIR":19.45561,"KWT":78.61417,"KGZ":35.964985,"LAO":8.169425,"LVA":59.43764,"LBN":48.67631,"LSO":6.0682626,"LBR":21.369019,"LBY":24.577602,"LIE":19.850103,"LTU":43.40079,"LUX":71.117065,"MAC":95.6472,"MDG":12.100215,"MWI":4.4524584,"MYS":27.50323,"MDV":11.456795,"MLI":8.4728,"MLT":89.60066,"MHL":40.40615,"MTQ":47.760036,"MRT":9.400832,"MUS":42.026405,"MYT":13.430717,"MEX":54.107613,"FSM":23.971697,"MDA":25.75077,"MCO":100,"MNG":41.826885,"MNE":28.571486,"MSR":13.958715,"MAR":31.167418,"MOZ":4.6801734,"MMR":20.942268,"NAM":24.212425,"NRU":100,"NPL":3.6924787,"NLD":60.857967,"NCL":42.305565,"NZL":66.472435,"NIC":41.714794,"NER":6.4546676,"NGA":16.484667,"NIU":21.334051,"PRK":46.2169,"MKD":39.37016,"MNP":81.05368,"NOR":53.613407,"OMN":21.672276,"PAK":23.460516,"PLW":50.896873,"PSE":47.950092,"PAN":43.75268,"PNG":4.9816628,"PRY":36.05009,"PER":50.36526,"PHL":30.823776,"POL":49.877037,"PRT":32.315556,"PRI":48.560566,"QAT":71.02962,"REU":38.78238,"ROU":37.009247,"RUS":57.59789,"RWA":2.8302248,"BLM":100,"SHN":48.44951,"KNA":30.0083,"LCA":20.891876,"MAF":100,"SPM":86.94754,"VCT":41.500454,"WSM":19.158022,"SMR":52.36183,"STP":19.97921,"SAU":37.212303,"SEN":24.999369,"SRB":33.38885,"SYC":30.094566,"SLE":19.653374,"SGP":100,"SXM":100,"SVK":35.800335,"SVN":31.669598,"SLB":4.0242596,"SOM":19.73433,"ZAF":47.25588,"KOR":30.95636,"SSD":8.58481,"ESP":59.990917,"LKA":19.311903,"SDN":14.240606,"SUR":65.81551,"SWE":76.20633,"CHE":53.72072,"SYR":41.380108,"TWN":52.14241,"TJK":35.569298,"TZA":4.950556,"THA":12.34045,"TGO":15.234945,"TKL":0,"TON":19.716301,"TTO":23.83664,"TUN":39.112972,"TUR":24.89262,"TKM":47.374985,"TCA":48.604267,"TUV":12.81468,"UGA":5.198054,"UKR":50.12314,"ARE":77.09882,"GBR":77.79284,"USA":71.85495,"VIR":43.217876,"URY":80.96505,"UZB":35.35499,"VUT":9.100235,"VAT":100,"VEN":65.827156,"VNM":16.945107,"WLF":0,"ESH":32.996815,"YEM":4.2445326,"ZMB":21.305399,"ZWE":13.964187}