{"AFG":9.529344,"ALB":31.233706,"DZA":38.343605,"ASM":45.023674,"AND":67.802086,"AGO":12.308095,"AIA":100,"ATG":36.41836,"ARG":75.44365,"ARM":56.057514,"ABW":60.07549,"AUS":82.9158,"AUT":50.6148,"AZE":49.6463,"BHS":60.362988,"BHR":82.31817,"BGD":6.065048,"BRB":42.066048,"BLR":38.023422,"BEL":68.01162,"BLZ":54.08319,"BEN":12.970736,"BMU":100,"BTN":2.7077389,"BOL":37.903713,"BES":76.21418,"BIH":22.833204,"BWA":3.833733,"BRA":48.664925,"VGB":13.88725,"BRN":54.60069,"BGR":45.69975,"BFA":5.453538,"BDI":2.2954516,"KHM":10.36509,"CMR":16.18073,"CAN":72.94603,"CPV":11.516815,"CYM":100,"CAF":23.207247,"TCD":8.411944,"CHL":71.77602,"CHN":17.983679,"COL":52.953144,"COM":17.395212,"COG":37.285435,"COK":51.15759,"CRI":35.206875,"CIV":24.499023,"HRV":35.177254,"CUB":58.80232,"CUW":77.27172,"CYP":38.363083,"CZE":61.920937,"COD":22.98715,"DNK":76.86524,"DJI":56.68654,"DMA":38.155914,"DOM":34.909927,"TLS":10.691522,"ECU":37.258614,"EGY":40.792244,"SLV":38.916042,"GNQ":26.170279,"ERI":11.737843,"EST":62.453045,"SWZ":6.586196,"ETH":7.8048444,"FLK":50.38111,"FRO":24.679918,"FJI":32.50859,"FIN":58.30646,"FRA":67.184425,"GUF":65.807976,"PYF":47.39768,"GAB":19.96927,"GMB":9.332172,"GEO":45.782246,"DEU":78.25754,"GHA":26.58459,"GIB":100,"GRC":59.662197,"GRL":68.995445,"GRD":31.428478,"GLP":67.2537,"GUM":86.92075,"GTM":34.121864,"GGY":32.728756,"GIN":12.907971,"GNB":14.385548,"GUY":29.719429,"HTI":17.153538,"HND":24.707354,"HKG":85.93872,"HUN":54.255505,"ISL":83.18798,"IND":18.619719,"IDN":15.663224,"IRN":37.139893,"IRQ":51.360817,"IRL":48.60891,"IMN":56.48677,"ISR":81.16402,"ITA":61.972263,"JAM":35.847626,"JPN":67.87783,"JEY":40.9157,"JOR":46.783363,"KAZ":47.897053,"KEN":9.1169815,"KIR":20.704264,"KWT":79.066666,"KGZ":36.309532,"LAO":8.281102,"LVA":59.97471,"LBN":50.590897,"LSO":6.6169896,"LBR":22.116056,"LBY":25.686321,"LIE":19.557173,"LTU":44.41191,"LUX":71.620605,"MAC":95.862335,"MDG":12.417764,"MWI":4.567632,"MYS":27.825542,"MDV":11.4605255,"MLI":8.851774,"MLT":89.48589,"MHL":42.066032,"MTQ":50.290466,"MRT":10.210454,"MUS":42.474182,"MYT":13.705814,"MEX":54.954433,"FSM":24.191498,"MDA":27.15498,"MCO":100,"MNG":42.346214,"MNE":29.388716,"MSR":13.192529,"MAR":31.688646,"MOZ":5.035381,"MMR":21.404316,"NAM":24.36823,"NRU":100,"NPL":3.7216725,"NLD":61.16,"NCL":44.130615,"NZL":67.43927,"NIC":42.61738,"NER":6.76411,"NGA":17.066282,"NIU":21.40975,"PRK":47.501614,"MKD":40.86693,"MNP":80.421265,"NOR":55.85484,"OMN":23.341497,"PAK":23.6966,"PLW":52.410778,"PSE":49.084587,"PAN":44.531746,"PNG":5.41751,"PRY":36.178448,"PER":51.565285,"PHL":30.984688,"POL":50.221626,"PRT":32.74586,"PRI":49.970245,"QAT":72.23404,"REU":39.51833,"ROU":37.716064,"RUS":58.341007,"RWA":2.8819628,"BLM":100,"SHN":48.18852,"KNA":30.884869,"LCA":21.055807,"MAF":100,"SPM":87.351135,"VCT":41.851524,"WSM":19.243315,"SMR":53.393913,"STP":21.859571,"SAU":39.012222,"SEN":26.0534,"SRB":34.576412,"SYC":31.328417,"SLE":20.341187,"SGP":100,"SXM":100,"SVK":36.584343,"SVN":32.515896,"SLB":4.4625454,"SOM":20.298693,"ZAF":47.359287,"KOR":31.963547,"SSD":8.570315,"ESP":61.11251,"LKA":19.837805,"SDN":14.850343,"SUR":65.83894,"SWE":77.11448,"CHE":54.400787,"SYR":41.71075,"TWN":52.41483,"TJK":36.03183,"TZA":4.9725714,"THA":12.467117,"TGO":16.53843,"TKL":0,"TON":19.922482,"TTO":26.503471,"TUN":39.639133,"TUR":25.41934,"TKM":47.536434,"TCA":48.986614,"TUV":13.143573,"UGA":5.419176,"UKR":50.880856,"ARE":77.818535,"GBR":77.59497,"USA":72.28168,"VIR":38.58059,"URY":81.146126,"UZB":35.52345,"VUT":9.393572,"VAT":100,"VEN":66.87629,"VNM":17.536407,"WLF":0,"ESH":33.880215,"YEM":4.489583,"ZMB":22.861635,"ZWE":14.531921}