{"AFG":9.838739,"ALB":31.277061,"DZA":38.83832,"ASM":47.28087,"AND":69.77981,"AGO":12.681118,"AIA":100,"ATG":35.553505,"ARG":76.18344,"ARM":56.46531,"ABW":60.479088,"AUS":83.20695,"AUT":50.80161,"AZE":49.577568,"BHS":61.085346,"BHR":81.82974,"BGD":6.289201,"BRB":42.603027,"BLR":39.093094,"BEL":68.55468,"BLZ":54.13762,"BEN":13.832938,"BMU":100,"BTN":2.7659028,"BOL":38.130054,"BES":76.51846,"BIH":23.71228,"BWA":4.630988,"BRA":49.480133,"VGB":14.392194,"BRN":56.909008,"BGR":47.00412,"BFA":5.5411673,"BDI":2.4028082,"KHM":10.427984,"CMR":16.922657,"CAN":73.63236,"CPV":13.343944,"CYM":100,"CAF":23.950003,"TCD":8.926523,"CHL":72.50476,"CHN":17.859728,"COL":53.9861,"COM":18,"COG":37.43834,"COK":51.7186,"CRI":35.800327,"CIV":25.384018,"HRV":36.278786,"CUB":59.06921,"CUW":77.61831,"CYP":38.650845,"CZE":62.373264,"COD":23.17106,"DNK":77.46263,"DJI":57.965176,"DMA":38.202057,"DOM":35.978054,"TLS":10.928903,"ECU":37.68027,"EGY":41.20858,"SLV":38.99629,"GNQ":26.17961,"ERI":11.974439,"EST":63.05449,"SWZ":7.1598754,"ETH":7.95133,"FLK":50.943233,"FRO":25.42248,"FJI":33.273766,"FIN":58.7214,"FRA":68.42285,"GUF":66.08565,"PYF":48.599514,"GAB":22.37771,"GMB":9.861729,"GEO":46.30954,"DEU":78.72342,"GHA":27.181128,"GIB":100,"GRC":60.664078,"GRL":70.24917,"GRD":31.626118,"GLP":68.99568,"GUM":87.658844,"GTM":34.548527,"GGY":32.56339,"GIN":13.686247,"GNB":14.512391,"GUY":29.851667,"HTI":17.561241,"HND":25.386118,"HKG":86.25777,"HUN":54.447514,"ISL":83.53867,"IND":18.812487,"IDN":15.861746,"IRN":37.703213,"IRQ":52.547443,"IRL":49.347805,"IMN":56.547394,"ISR":81.861565,"ITA":62.52872,"JAM":37.179497,"JPN":68.71759,"JEY":40.39367,"JOR":47.576263,"KAZ":48.471935,"KEN":9.262275,"KIR":21.875767,"KWT":79.367516,"KGZ":36.62268,"LAO":8.4,"LVA":60.5064,"LBN":52.50661,"LSO":7.1020427,"LBR":22.87953,"LBY":28.212145,"LIE":19.252352,"LTU":45.450615,"LUX":72.14899,"MAC":96.09935,"MDG":12.741936,"MWI":4.6858096,"MYS":28.141502,"MDV":11.39175,"MLI":9.233831,"MLT":89.4001,"MHL":43.80236,"MTQ":52.75637,"MRT":11.110506,"MUS":42.87751,"MYT":13.969736,"MEX":55.795906,"FSM":24.402908,"MDA":28.480547,"MCO":100,"MNG":42.797382,"MNE":30.180574,"MSR":12.440549,"MAR":32.229694,"MOZ":5.423126,"MMR":21.846031,"NAM":24.508621,"NRU":100,"NPL":3.7505634,"NLD":61.30237,"NCL":46.006977,"NZL":68.83272,"NIC":43.611557,"NER":7.1,"NGA":17.664953,"NIU":21.488924,"PRK":48.95194,"MKD":42.353474,"MNP":81.168625,"NOR":58.20378,"OMN":25.126347,"PAK":23.92181,"PLW":53.820873,"PSE":50.262276,"PAN":45.305344,"PNG":5.8760667,"PRY":36.31248,"PER":52.81851,"PHL":31.141937,"POL":50.55354,"PRT":33.199013,"PRI":51.424034,"QAT":73.339745,"REU":40.158794,"ROU":38.471703,"RUS":59.203876,"RWA":2.9363997,"BLM":100,"SHN":47.919388,"KNA":31.759262,"LCA":21.229885,"MAF":100,"SPM":87.71985,"VCT":42.179184,"WSM":19.345434,"SMR":54.50248,"STP":23.802523,"SAU":40.932133,"SEN":27.18068,"SRB":35.760654,"SYC":32.70493,"SLE":21.090385,"SGP":100,"SXM":100,"SVK":37.418213,"SVN":33.36932,"SLB":4.9446445,"SOM":20.883707,"ZAF":47.452896,"KOR":33.103455,"SSD":8.557379,"ESP":62.250313,"LKA":20.40719,"SDN":15.440769,"SUR":65.86071,"SWE":78.00653,"CHE":55.06702,"SYR":42.04041,"TWN":52.598312,"TJK":36.432377,"TZA":5.0019765,"THA":12.601037,"TGO":17.798887,"TKL":0,"TON":20.044647,"TTO":29.3011,"TUN":40.250393,"TUR":26.097704,"TKM":47.67312,"TCA":49.397465,"TUV":13.533789,"UGA":5.62756,"UKR":51.664158,"ARE":78.49805,"GBR":77.40733,"USA":72.664604,"VIR":34.07383,"URY":81.317276,"UZB":35.6947,"VUT":9.6892185,"VAT":100,"VEN":67.92911,"VNM":18.353159,"WLF":0,"ESH":34.899483,"YEM":4.752267,"ZMB":24.592257,"ZWE":15.139939}