{"AFG":10.1607275,"ALB":31.328732,"DZA":39.101685,"ASM":49.494423,"AND":71.76566,"AGO":13.074905,"AIA":100,"ATG":34.775925,"ARG":76.89634,"ARM":57.046898,"ABW":60.924404,"AUS":83.63885,"AUT":51.00027,"AZE":49.887993,"BHS":61.852055,"BHR":80.9565,"BGD":6.5302033,"BRB":43.197536,"BLR":40.224087,"BEL":69.10492,"BLZ":54.186546,"BEN":14.748987,"BMU":100,"BTN":2.8336973,"BOL":38.367542,"BES":76.804756,"BIH":24.605341,"BWA":5.6456914,"BRA":50.32831,"VGB":14.91962,"BRN":59.019928,"BGR":48.002377,"BFA":5.6302066,"BDI":2.5147932,"KHM":10.472144,"CMR":17.716074,"CAN":74.28649,"CPV":15.164979,"CYM":100,"CAF":24.74071,"TCD":9.492647,"CHL":73.216156,"CHN":17.740416,"COL":55.044735,"COM":18.50342,"COG":37.620197,"COK":52.23657,"CRI":36.49689,"CIV":26.16672,"HRV":37.367027,"CUB":59.350044,"CUW":77.94471,"CYP":38.929657,"CZE":62.83599,"COD":23.368706,"DNK":78.05349,"DJI":59.256985,"DMA":38.256737,"DOM":37.05658,"TLS":11.199614,"ECU":38.087624,"EGY":41.56405,"SLV":39.079388,"GNQ":26.187277,"ERI":12.2,"EST":63.6163,"SWZ":7.786686,"ETH":8.1,"FLK":51.58323,"FRO":26.13641,"FJI":33.86829,"FIN":59.115227,"FRA":69.45262,"GUF":66.38556,"PYF":49.814392,"GAB":24.878805,"GMB":10.536828,"GEO":46.7459,"DEU":79.11863,"GHA":27.730883,"GIB":100,"GRC":61.66613,"GRL":71.17401,"GRD":31.809227,"GLP":70.69132,"GUM":88.18059,"GTM":34.967052,"GGY":32.398895,"GIN":14.495225,"GNB":14.629939,"GUY":29.964476,"HTI":17.977024,"HND":26.141018,"HKG":86.60422,"HUN":54.648216,"ISL":83.898315,"IND":19.01994,"IDN":16.068535,"IRN":38.85613,"IRQ":53.692917,"IRL":50.0218,"IMN":56.48685,"ISR":82.52347,"ITA":63.067818,"JAM":38.446114,"JPN":69.52768,"JEY":39.83763,"JOR":48.36734,"KAZ":49.019398,"KEN":9.421081,"KIR":22.893597,"KWT":79.576355,"KGZ":36.90055,"LAO":8.570464,"LVA":61.04031,"LBN":54.391525,"LSO":7.5899024,"LBR":23.658854,"LBY":31.832033,"LIE":18.959337,"LTU":46.55433,"LUX":72.69389,"MAC":96.34573,"MDG":13.06306,"MWI":4.8443575,"MYS":28.455292,"MDV":11.32951,"MLI":9.617233,"MLT":89.35583,"MHL":45.6,"MTQ":55,"MRT":12.051108,"MUS":43.23167,"MYT":14.221249,"MEX":56.62801,"FSM":24.605953,"MDA":29.194904,"MCO":100,"MNG":43.240486,"MNE":30.96663,"MSR":11.764457,"MAR":32.773655,"MOZ":5.8413763,"MMR":22.26222,"NAM":24.634981,"NRU":100,"NPL":3.7822583,"NLD":61.623276,"NCL":47.790714,"NZL":71.30097,"NIC":44.636177,"NER":7.4880443,"NGA":18.279926,"NIU":21.583042,"PRK":50.488884,"MKD":43.79151,"MNP":82.24,"NOR":60.509377,"OMN":27.014402,"PAK":24.141523,"PLW":55.122574,"PSE":51.46373,"PAN":46.03699,"PNG":6.6280456,"PRY":36.45536,"PER":54.09132,"PHL":31.302109,"POL":50.888332,"PRT":33.67378,"PRI":52.875275,"QAT":74.357956,"REU":40.7,"ROU":39.290268,"RUS":60.04537,"RWA":2.9960492,"BLM":100,"SHN":47.603428,"KNA":32.579098,"LCA":21.417177,"MAF":100,"SPM":88.04235,"VCT":42.471073,"WSM":19.495895,"SMR":55.692455,"STP":25.686802,"SAU":42.94015,"SEN":28.32435,"SRB":36.917435,"SYC":34.17789,"SLE":21.883938,"SGP":100,"SXM":100,"SVK":38.290154,"SVN":34.23566,"SLB":5.473461,"SOM":21.479994,"ZAF":47.539135,"KOR":34.55883,"SSD":8.545912,"ESP":63.36391,"LKA":20.97804,"SDN":16.006332,"SUR":65.878334,"SWE":78.93709,"CHE":55.711277,"SYR":42.37143,"TWN":52.73304,"TJK":36.756145,"TZA":5.038806,"THA":12.746208,"TGO":18.963472,"TKL":0,"TON":20.10183,"TTO":32.07794,"TUN":41.06759,"TUR":27.000418,"TKM":47.78143,"TCA":49.823853,"TUV":13.91244,"UGA":5.814368,"UKR":52.4327,"ARE":79.15324,"GBR":77.237885,"USA":72.99035,"VIR":30.052633,"URY":81.48224,"UZB":36.02538,"VUT":9.994585,"VAT":100,"VEN":68.97243,"VNM":19.28772,"WLF":0,"ESH":36.035717,"YEM":5.034617,"ZMB":26.357481,"ZWE":15.757591}