{"AFG":10.496712,"ALB":31.396753,"DZA":39.311665,"ASM":51.534634,"AND":73.74779,"AGO":13.500111,"AIA":100,"ATG":34.156567,"ARG":77.57135,"ARM":57.703842,"ABW":61.401722,"AUS":84.20144,"AUT":51.20946,"AZE":50.02353,"BHS":62.657063,"BHR":79.93146,"BGD":6.7908673,"BRB":43.844337,"BLR":41.455254,"BEL":69.6459,"BLZ":54.225513,"BEN":15.709426,"BMU":100,"BTN":2.9133596,"BOL":38.61747,"BES":77.072014,"BIH":25.501818,"BWA":6.778416,"BRA":51.220997,"VGB":15.456981,"BRN":60.84038,"BGR":49.009624,"BFA":5.7206674,"BDI":2.6316922,"KHM":11.293607,"CMR":18.550455,"CAN":74.95503,"CPV":16.857544,"CYM":100,"CAF":25.58192,"TCD":10.091573,"CHL":73.91104,"CHN":17.620394,"COL":56.10844,"COM":18.96312,"COG":37.829163,"COK":52.735817,"CRI":37.257652,"CIV":26.87562,"HRV":38.42259,"CUB":59.64386,"CUW":78.25282,"CYP":39.23677,"CZE":63.316593,"COD":23.579334,"DNK":78.63262,"DJI":60.553158,"DMA":38.325645,"DOM":38.132504,"TLS":11.501209,"ECU":38.49115,"EGY":41.91413,"SLV":39.170406,"GNQ":26.193571,"ERI":12.411654,"EST":64.17455,"SWZ":8.487875,"ETH":8.251731,"FLK":52.27148,"FRO":26.808542,"FJI":34.395393,"FIN":59.497158,"FRA":70.1838,"GUF":66.71015,"PYF":51.013683,"GAB":27.378754,"GMB":11.330038,"GEO":47.178143,"DEU":79.419174,"GHA":28.222935,"GIB":100,"GRC":62.633434,"GRL":71.95534,"GRD":31.972923,"GLP":72.34027,"GUM":88.51417,"GTM":35.36112,"GGY":32.22973,"GIN":15.328158,"GNB":14.741895,"GUY":30.050753,"HTI":18.40093,"HND":26.948067,"HKG":86.96464,"HUN":54.85733,"ISL":84.39883,"IND":19.24067,"IDN":16.289753,"IRN":39.740734,"IRQ":54.813305,"IRL":50.677425,"IMN":56.348278,"ISR":83.15097,"ITA":63.577305,"JAM":39.603687,"JPN":70.31603,"JEY":39.257065,"JOR":49.159462,"KAZ":49.535976,"KEN":9.606295,"KIR":23.668472,"KWT":79.775024,"KGZ":37.139256,"LAO":8.823041,"LVA":61.58403,"LBN":56.213722,"LSO":8.123445,"LBR":24.453445,"LBY":36.203278,"LIE":18.701824,"LTU":47.780052,"LUX":73.246994,"MAC":96.58899,"MDG":13.381414,"MWI":5.080286,"MYS":28.77109,"MDV":11.416114,"MLI":10.000239,"MLT":89.350525,"MHL":47.931953,"MTQ":57.093426,"MRT":13.030607,"MUS":43.53195,"MYT":14.4603,"MEX":57.44674,"FSM":24.800653,"MDA":30.096977,"MCO":100,"MNG":43.735622,"MNE":31.766459,"MSR":11.225932,"MAR":33.338017,"MOZ":6.2880974,"MMR":22.647694,"NAM":24.748707,"NRU":100,"NPL":3.8198647,"NLD":61.789352,"NCL":49.33789,"NZL":74.60332,"NIC":45.630093,"NER":7.9561496,"NGA":18.910444,"NIU":21.71205,"PRK":51.97051,"MKD":45.14275,"MNP":81.44909,"NOR":62.620766,"OMN":28.99325,"PAK":24.361118,"PLW":56.311295,"PSE":52.669525,"PAN":46.690205,"PNG":7.7674484,"PRY":36.610264,"PER":55.3501,"PHL":31.471785,"POL":51.24155,"PRT":34.168934,"PRI":54.277306,"QAT":75.29991,"REU":41.127323,"ROU":40.169125,"RUS":60.87088,"RWA":3.0634243,"BLM":100,"SHN":47.21087,"KNA":33.291996,"LCA":21.62075,"MAF":100,"SPM":88.350044,"VCT":42.71482,"WSM":19.745897,"SMR":56.968754,"STP":27.391146,"SAU":45.004383,"SEN":29.427567,"SRB":38.022606,"SYC":35.701088,"SLE":22.704817,"SGP":100,"SXM":100,"SVK":39.188362,"SVN":35.120693,"SLB":6.0576673,"SOM":22.07817,"ZAF":47.620434,"KOR":36.533257,"SSD":8.535826,"ESP":64.412895,"LKA":21.508339,"SDN":16.541485,"SUR":65.89307,"SWE":79.843315,"CHE":56.325405,"SYR":42.70617,"TWN":52.854763,"TJK":36.988342,"TZA":5.194372,"THA":12.906628,"TGO":19.979334,"TKL":0,"TON":20.137522,"TTO":34.682415,"TUN":42.126564,"TUR":28.051523,"TKM":47.857758,"TCA":50.252808,"TUV":14.200073,"UGA":5.9707603,"UKR":53.27489,"ARE":79.8,"GBR":77.094574,"USA":73.24555,"VIR":26.872026,"URY":81.64474,"UZB":36.4273,"VUT":10.338316,"VAT":100,"VEN":69.99307,"VNM":20.114212,"WLF":0,"ESH":37.270004,"YEM":5.3386674,"ZMB":28.01753,"ZWE":16.354229}