{"AFG":10.848095,"ALB":31.490166,"DZA":39.47407,"ASM":53.2718,"AND":75.714355,"AGO":13.967388,"AIA":100,"ATG":33.76636,"ARG":78.19747,"ARM":58.755432,"ABW":61.90131,"AUS":84.78317,"AUT":51.42786,"AZE":49.97904,"BHS":63.49433,"BHR":78.97496,"BGD":7.0740037,"BRB":44.5382,"BLR":42.705475,"BEL":70.16119,"BLZ":54.25005,"BEN":16.704802,"BMU":100,"BTN":3.0071273,"BOL":38.88113,"BES":77.31918,"BIH":26.391144,"BWA":7.9297357,"BRA":52.16974,"VGB":15.991727,"BRN":62.277294,"BGR":50.59604,"BFA":5.8126116,"BDI":2.7532933,"KHM":13.996123,"CMR":19.415272,"CAN":75.540276,"CPV":18.299263,"CYM":100,"CAF":26.476189,"TCD":10.704554,"CHL":74.59029,"CHN":17.499472,"COL":57.156597,"COM":19.385002,"COG":38.063408,"COK":53.183678,"CRI":38.043694,"CIV":27.5392,"HRV":39.42607,"CUB":59.949684,"CUW":78.544556,"CYP":39.60943,"CZE":63.82256,"COD":23.80219,"DNK":79.194824,"DJI":61.844894,"DMA":38.41448,"DOM":39.192825,"TLS":11.8312435,"ECU":38.901325,"EGY":42.251198,"SLV":39.27441,"GNQ":26.198774,"ERI":12.608157,"EST":64.632866,"SWZ":9.248568,"ETH":8.407446,"FLK":52.97835,"FRO":27.425709,"FJI":34.870476,"FIN":59.87644,"FRA":70.78678,"GUF":67.03714,"PYF":52.16875,"GAB":29.783752,"GMB":12.213924,"GEO":47.61057,"DEU":79.60106,"GHA":28.646357,"GIB":100,"GRC":63.531082,"GRL":72.59479,"GRD":32.112328,"GLP":73.942184,"GUM":88.68778,"GTM":35.71441,"GGY":32.05034,"GIN":16.1783,"GNB":14.851964,"GUY":30.103395,"HTI":18.832878,"HND":27.783278,"HKG":87.32563,"HUN":55.074562,"ISL":84.75357,"IND":19.473272,"IDN":16.531565,"IRN":40.632107,"IRQ":55.906857,"IRL":51.291576,"IMN":56.147602,"ISR":83.74531,"ITA":64.044945,"JAM":40.608437,"JPN":71.09287,"JEY":38.661453,"JOR":49.955494,"KAZ":50.01822,"KEN":9.829291,"KIR":24.189283,"KWT":80.04241,"KGZ":37.33491,"LAO":9.134369,"LVA":62.14515,"LBN":57.94128,"LSO":8.675351,"LBR":25.262724,"LBY":40.983173,"LIE":18.503508,"LTU":49.331535,"LUX":73.79996,"MAC":96.81662,"MDG":13.717047,"MWI":5.38125,"MYS":29.093075,"MDV":11.626244,"MLI":10.38111,"MLT":89.353806,"MHL":50.98099,"MTQ":59.20513,"MRT":14.047346,"MUS":43.77364,"MYT":14.688457,"MEX":58.248077,"FSM":24.987036,"MDA":31.09026,"MCO":100,"MNG":44.33173,"MNE":32.59963,"MSR":10.886656,"MAR":33.908756,"MOZ":6.7612567,"MMR":22.997261,"NAM":24.851183,"NRU":100,"NPL":3.8664896,"NLD":61.8,"NCL":50.53173,"NZL":77.912704,"NIC":46.53216,"NER":8.486394,"NGA":19.555752,"NIU":21.87753,"PRK":53.254864,"MKD":46.368904,"MNP":80.224915,"NOR":64.38709,"OMN":31.05047,"PAK":24.585972,"PLW":57.382458,"PSE":53.86024,"PAN":47.228508,"PNG":9.050726,"PRY":36.78036,"PER":56.561245,"PHL":31.657553,"POL":51.628746,"PRT":34.68325,"PRI":55.58346,"QAT":76.17685,"REU":41.45556,"ROU":41.088394,"RUS":61.762066,"RWA":3.141038,"BLM":100,"SHN":46.76329,"KNA":33.845573,"LCA":21.843668,"MAF":100,"SPM":88.6648,"VCT":42.898064,"WSM":20.048975,"SMR":58.336296,"STP":28.79429,"SAU":47.092945,"SEN":30.433475,"SRB":39.05202,"SYC":37.228313,"SLE":23.535995,"SGP":100,"SXM":100,"SVK":40.10105,"SVN":36.030216,"SLB":6.629242,"SOM":22.668858,"ZAF":47.69922,"KOR":38.709988,"SSD":8.527032,"ESP":65.356865,"LKA":21.956064,"SDN":17.04067,"SUR":65.906166,"SWE":80.643166,"CHE":56.901253,"SYR":43.04698,"TWN":52.999226,"TJK":37.11417,"TZA":5.615551,"THA":13.086292,"TGO":20.79362,"TKL":0,"TON":20.165136,"TTO":36.962936,"TUN":43.34689,"TUR":29.164911,"TKM":47.898495,"TCA":50.67137,"TUV":14.364556,"UGA":6.087256,"UKR":54.103264,"ARE":80.487816,"GBR":76.985344,"USA":73.41685,"VIR":24.887041,"URY":81.8085,"UZB":36.57184,"VUT":10.684884,"VAT":100,"VEN":70.97786,"VNM":20.626316,"WLF":0,"ESH":38.58345,"YEM":5.6664505,"ZMB":29.42028,"ZWE":16.901508}