{"AFG":11.229766,"ALB":31.619013,"DZA":39.602924,"ASM":54.596966,"AND":77.65351,"AGO":14.489036,"AIA":100,"ATG":33.66759,"ARG":78.76184,"ARM":59.869865,"ABW":62.413452,"AUS":85.272514,"AUT":51.65414,"AZE":50.196568,"BHS":64.3578,"BHR":78.30735,"BGD":7.382424,"BRB":45.31971,"BLR":43.973927,"BEL":70.63435,"BLZ":54.25307,"BEN":17.725658,"BMU":100,"BTN":3.1644049,"BOL":39.159813,"BES":77.54522,"BIH":27.26275,"BWA":9.000223,"BRA":53.183308,"VGB":16.51131,"BRN":63.237602,"BGR":52.323387,"BFA":5.906009,"BDI":2.879385,"KHM":17.597815,"CMR":20.3,"CAN":75.948586,"CPV":19.339281,"CYM":100,"CAF":27.617128,"TCD":11.312848,"CHL":75.25762,"CHN":17.37999,"COL":58.168587,"COM":19.774971,"COG":38.32109,"COK":53.54326,"CRI":38.81609,"CIV":28.185944,"HRV":40.358074,"CUB":60.261154,"CUW":78.82179,"CYP":40.084885,"CZE":64.35765,"COD":24.036522,"DNK":79.73268,"DJI":63.12339,"DMA":38.538517,"DOM":40.248898,"TLS":12.187271,"ECU":39.32864,"EGY":42.569534,"SLV":39.39648,"GNQ":26.203176,"ERI":12.791598,"EST":65.1749,"SWZ":10.055339,"ETH":8.567117,"FLK":53.67422,"FRO":27.994204,"FJI":35.297935,"FIN":60.262287,"FRA":71.35998,"GUF":67.362305,"PYF":53.250973,"GAB":32,"GMB":13.161054,"GEO":47.95414,"DEU":79.66279,"GHA":28.992416,"GIB":100,"GRC":64.32415,"GRL":73.087326,"GRD":32.223663,"GLP":75.49671,"GUM":88.73381,"GTM":36.010597,"GGY":31.855167,"GIN":17.038908,"GNB":14.963849,"GUY":30.115263,"HTI":19.27287,"HND":28.62266,"HKG":87.67377,"HUN":55.299625,"ISL":85.04117,"IND":19.716345,"IDN":16.800135,"IRN":41.529686,"IRQ":56.971825,"IRL":51.84548,"IMN":55.900158,"ISR":84.307724,"ITA":64.45849,"JAM":41.427208,"JPN":71.86215,"JEY":38.060272,"JOR":50.758297,"KAZ":50.461338,"KEN":10.143927,"KIR":24.533361,"KWT":80.49396,"KGZ":37.49007,"LAO":9.48109,"LVA":62.73471,"LBN":59.530476,"LSO":9.223489,"LBR":26.086105,"LBY":45.829014,"LIE":18.392433,"LTU":50.638477,"LUX":74.33969,"MAC":97.01307,"MDG":14.09,"MWI":5.733025,"MYS":29.425426,"MDV":11.910513,"MLI":10.758105,"MLT":89.36008,"MHL":54.29663,"MTQ":61.32196,"MRT":15.09967,"MUS":43.95202,"MYT":14.907289,"MEX":59.03182,"FSM":25.165121,"MDA":31.95515,"MCO":100,"MNG":44.99308,"MNE":33.485714,"MSR":10.803521,"MAR":34.488747,"MOZ":7.2588205,"MMR":23.305733,"NAM":24.943802,"NRU":100,"NPL":3.9252403,"NLD":62.085854,"NCL":51.531357,"NZL":80.44571,"NIC":47.28123,"NER":9.060856,"NGA":20.215096,"NIU":22.079132,"PRK":54.2,"MKD":47.431683,"MNP":80.07197,"NOR":65.62525,"OMN":33.173645,"PAK":24.82146,"PLW":58.331474,"PSE":55.016445,"PAN":47.6184,"PNG":10.237013,"PRY":36.968826,"PER":57.69113,"PHL":31.864735,"POL":52.066944,"PRT":35.215504,"PRI":56.75296,"QAT":77,"REU":41.725082,"ROU":42.030373,"RUS":62.58071,"RWA":3.236229,"BLM":100,"SHN":46.28352,"KNA":34.200184,"LCA":22.093039,"MAF":100,"SPM":88.96443,"VCT":43.011784,"WSM":20.347116,"SMR":59.8,"STP":29.758078,"SAU":49.173946,"SEN":31.285225,"SRB":39.981537,"SYC":38.713356,"SLE":24.360441,"SGP":100,"SXM":100,"SVK":41.010822,"SVN":36.970005,"SLB":7.131996,"SOM":23.242672,"ZAF":47.777344,"KOR":40.708527,"SSD":8.519442,"ESP":66.155396,"LKA":22.279196,"SDN":17.498339,"SUR":65.91889,"SWE":81.24209,"CHE":57.428993,"SYR":43.39667,"TWN":53.202175,"TJK":37.114666,"TZA":6.260248,"THA":13.29433,"TGO":21.370714,"TKL":0,"TON":20.186815,"TTO":38.806747,"TUN":44.65435,"TUR":30.246807,"TKM":47.90184,"TCA":51.06583,"TUV":14.455718,"UGA":6.169706,"UKR":54.85077,"ARE":81.223076,"GBR":76.91815,"USA":73.495255,"VIR":24.417551,"URY":81.97727,"UZB":36.646206,"VUT":11.035623,"VAT":100,"VEN":71.9136,"VNM":20.693142,"WLF":0,"ESH":39.926178,"YEM":6.02,"ZMB":30.650331,"ZWE":17.412424}