{"AFG":11.666036,"ALB":31.783218,"DZA":39.712254,"ASM":55.67812,"AND":79.55341,"AGO":15.075862,"AIA":100,"ATG":33.684605,"ARG":79.26922,"ARM":60.637306,"ABW":62.928417,"AUS":85.55793,"AUT":51.886944,"AZE":50.359673,"BHS":65.24143,"BHR":78.13187,"BGD":7.7189384,"BRB":46.559017,"BLR":45.221973,"BEL":71.059425,"BLZ":54.19237,"BEN":18.76254,"BMU":100,"BTN":3.5124505,"BOL":39.454807,"BES":77.74907,"BIH":28.113342,"BWA":9.88578,"BRA":54.328033,"VGB":17.014774,"BRN":63.626526,"BGR":53.818523,"BFA":6.0009046,"BDI":3.0097556,"KHM":22.557783,"CMR":21.374847,"CAN":76.08692,"CPV":20.00429,"CYM":100,"CAF":29.075064,"TCD":11.897712,"CHL":75.94126,"CHN":17.260557,"COL":59.12379,"COM":20.13893,"COG":38.60038,"COK":53.768894,"CRI":39.535927,"CIV":28.844332,"HRV":41.20169,"CUB":60.668945,"CUW":79.08644,"CYP":40.700382,"CZE":64.968315,"COD":24.281572,"DNK":80.25673,"DJI":64.37985,"DMA":38.79291,"DOM":41.361458,"TLS":12.566846,"ECU":39.783566,"EGY":42.863415,"SLV":39.541702,"GNQ":26.207062,"ERI":12.964073,"EST":65.547165,"SWZ":10.894763,"ETH":8.730711,"FLK":54.329464,"FRO":28.589949,"FJI":35.68218,"FIN":60.66394,"FRA":71.87513,"GUF":67.686455,"PYF":54.270985,"GAB":34.174603,"GMB":14.143993,"GEO":48.305317,"DEU":79.69687,"GHA":29.285772,"GIB":100,"GRC":64.988976,"GRL":73.45857,"GRD":32.31827,"GLP":77.00351,"GUM":88.74239,"GTM":36.23337,"GGY":31.637823,"GIN":17.90323,"GNB":15.081254,"GUY":30.091291,"HTI":20.274063,"HND":29.442226,"HKG":88.00239,"HUN":55.532227,"ISL":85.32536,"IND":19.973429,"IDN":17.10115,"IRN":42.432926,"IRQ":58.006462,"IRL":52.323696,"IMN":55.60081,"ISR":84.839455,"ITA":64.801125,"JAM":42.150856,"JPN":72.70883,"JEY":37.462997,"JOR":51.570744,"KAZ":50.87171,"KEN":10.596418,"KIR":24.807978,"KWT":81.65653,"KGZ":37.63266,"LAO":9.839842,"LVA":63.355755,"LBN":61.026756,"LSO":9.745727,"LBR":26.923008,"LBY":50.398094,"LIE":18.359825,"LTU":51.325573,"LUX":74.88777,"MAC":97.18186,"MDG":14.536346,"MWI":6.1213884,"MYS":29.77233,"MDV":12.483911,"MLI":11.129484,"MLT":89.36934,"MHL":57.428383,"MTQ":63.430775,"MRT":16.185926,"MUS":44.062378,"MYT":15.118362,"MEX":59.81254,"FSM":25.334936,"MDA":32.772095,"MCO":100,"MNG":45.69697,"MNE":34.45127,"MSR":10.869572,"MAR":35.003338,"MOZ":7.7787557,"MMR":23.567915,"NAM":25.027956,"NRU":100,"NPL":4.0001984,"NLD":62.805275,"NCL":52.452694,"NZL":81.52067,"NIC":47.82629,"NER":9.661614,"NGA":20.88772,"NIU":22.312492,"PRK":54.914204,"MKD":48.301212,"MNP":83.41758,"NOR":66.43019,"OMN":35.350353,"PAK":25.072966,"PLW":59.15377,"PSE":56.11872,"PAN":47.90753,"PNG":11.083375,"PRY":37.178833,"PER":58.706146,"PHL":32.079247,"POL":52.57337,"PRT":35.76447,"PRI":57.829807,"QAT":77.74038,"REU":41.97628,"ROU":42.97736,"RUS":63.243454,"RWA":3.3711479,"BLM":100,"SHN":45.79439,"KNA":34.466496,"LCA":22.398886,"MAF":100,"SPM":89.22763,"VCT":43.09096,"WSM":20.576288,"SMR":61.589745,"STP":30.350353,"SAU":51.2155,"SEN":31.944242,"SRB":40.792034,"SYC":40.11,"SLE":25.161125,"SGP":100,"SXM":100,"SVK":41.94926,"SVN":37.957016,"SLB":7.5384164,"SOM":23.790234,"ZAF":47.84925,"KOR":42.347733,"SSD":8.512967,"ESP":66.79765,"LKA":22.432953,"SDN":17.90894,"SUR":65.93249,"SWE":81.6541,"CHE":57.90555,"SYR":43.752914,"TWN":53.499355,"TJK":37.000355,"TZA":7.0803156,"THA":13.567046,"TGO":21.829578,"TKL":0,"TON":20.204695,"TTO":40.495884,"TUN":45.974728,"TUR":31.27932,"TKM":47.885246,"TCA":51.426697,"TUV":14.523343,"UGA":6.235523,"UKR":55.713974,"ARE":81.9571,"GBR":76.90231,"USA":73.533035,"VIR":24.774157,"URY":82.15478,"UZB":36.689465,"VUT":11.390437,"VAT":100,"VEN":72.78332,"VNM":20.656801,"WLF":0,"ESH":41.51346,"YEM":6.4241886,"ZMB":31.911371,"ZWE":17.909988}