{"AFG":12.161984,"ALB":31.975458,"DZA":39.81607,"ASM":56.664803,"AND":81.402214,"AGO":15.762586,"AIA":100,"ATG":33.723606,"ARG":79.736496,"ARM":61.54021,"ABW":63.43649,"AUS":85.69665,"AUT":52.1249,"AZE":50.701454,"BHS":66.139175,"BHR":78.18718,"BGD":8.086359,"BRB":48.397476,"BLR":46.572895,"BEL":71.47147,"BLZ":54.056034,"BEN":19.805996,"BMU":100,"BTN":4.094824,"BOL":39.767403,"BES":77.92968,"BIH":28.988909,"BWA":10.571264,"BRA":55.660347,"VGB":17.515806,"BRN":63.53885,"BGR":55.174168,"BFA":6.0973277,"BDI":3.1441936,"KHM":29.362043,"CMR":22.730246,"CAN":76.021065,"CPV":20.473475,"CYM":100,"CAF":30.667616,"TCD":12.476919,"CHL":76.65324,"CHN":17.131813,"COL":60.0016,"COM":20.48278,"COG":38.89944,"COK":53.87907,"CRI":40.164288,"CIV":29.542849,"HRV":41.980965,"CUB":61.279224,"CUW":79.3404,"CYP":41.493168,"CZE":65.7057,"COD":24.536592,"DNK":80.781975,"DJI":65.60547,"DMA":39.224976,"DOM":42.550842,"TLS":12.967522,"ECU":40.276585,"EGY":43.127125,"SLV":39.726982,"GNQ":26.210718,"ERI":13.127673,"EST":66.106,"SWZ":11.753417,"ETH":8.898198,"FLK":54.909603,"FRO":29.227957,"FJI":36.027607,"FIN":61.090626,"FRA":72.31473,"GUF":68.01038,"PYF":55.354893,"GAB":36.49022,"GMB":15.135309,"GEO":48.6202,"DEU":79.731094,"GHA":29.540993,"GIB":100,"GRC":65.59634,"GRL":73.72629,"GRD":32.405094,"GLP":78.46223,"GUM":88.7493,"GTM":36.36641,"GGY":31.389566,"GIN":18.764524,"GNB":15.207884,"GUY":30.039534,"HTI":20.388271,"HND":30.21799,"HKG":88.34353,"HUN":55.772083,"ISL":85.74567,"IND":20.276537,"IDN":17.453167,"IRN":43.341248,"IRQ":59.009018,"IRL":52.757633,"IMN":55.013386,"ISR":85.342514,"ITA":65.09525,"JAM":42.850002,"JPN":73.67891,"JEY":36.879116,"JOR":52.3957,"KAZ":51.251324,"KEN":11.157987,"KIR":25.096617,"KWT":83.53645,"KGZ":37.770523,"LAO":10.187265,"LVA":64.00292,"LBN":62.530525,"LSO":10.219932,"LBR":27.772848,"LBY":54.347706,"LIE":18.345873,"LTU":52.626724,"LUX":75.50677,"MAC":97.34117,"MDG":15.047468,"MWI":6.532116,"MYS":30.137959,"MDV":13.471693,"MLI":11.493509,"MLT":89.38158,"MHL":59.925755,"MTQ":65.518425,"MRT":17.304457,"MUS":44.1,"MYT":15.323248,"MEX":60.594227,"FSM":25.496502,"MDA":33.83609,"MCO":100,"MNG":46.432667,"MNE":35.542027,"MSR":11.012194,"MAR":35.69887,"MOZ":8.319029,"MMR":23.77862,"NAM":25.105032,"NRU":100,"NPL":4.33462,"NLD":63.074623,"NCL":53.290966,"NZL":81.931496,"NIC":48.265224,"NER":10.270748,"NGA":21.57287,"NIU":22.641994,"PRK":55.56876,"MKD":49.05455,"MNP":86.38885,"NOR":67.11546,"OMN":37.568184,"PAK":25.346035,"PLW":59.844757,"PSE":57.147636,"PAN":48.15339,"PNG":11.675031,"PRY":37.413292,"PER":59.57462,"PHL":32.287292,"POL":53.1784,"PRT":36.328915,"PRI":58.862366,"QAT":78.379135,"REU":42.249523,"ROU":43.91165,"RUS":64.16101,"RWA":3.549704,"BLM":100,"SHN":45.31874,"KNA":34.72779,"LCA":22.772768,"MAF":100,"SPM":89.433105,"VCT":43.161026,"WSM":20.72756,"SMR":63.816128,"STP":30.810211,"SAU":53.18572,"SEN":32.506874,"SRB":41.52818,"SYC":41.72739,"SLE":25.92102,"SGP":100,"SXM":100,"SVK":42.995968,"SVN":39.062008,"SLB":7.909269,"SOM":24.302162,"ZAF":47.911106,"KOR":43.789337,"SSD":8.507519,"ESP":67.39128,"LKA":22.43562,"SDN":18.26692,"SUR":65.94745,"SWE":81.98926,"CHE":58.32662,"SYR":44.10966,"TWN":53.92651,"TJK":36.78129,"TZA":8.027606,"THA":13.916325,"TGO":22.240395,"TKL":0,"TON":20.220915,"TTO":42.24089,"TUN":47.233803,"TUR":32.322533,"TKM":47.851894,"TCA":51.755733,"TUV":14.601425,"UGA":6.2894025,"UKR":56.6131,"ARE":82.6412,"GBR":76.96641,"USA":73.562805,"VIR":25.567501,"URY":82.34476,"UZB":37.102787,"VUT":11.749233,"VAT":100,"VEN":73.59878,"VNM":20.6,"WLF":0,"ESH":44.001633,"YEM":6.897961,"ZMB":33.18711,"ZWE":18.39662}