{"AFG":12.691691,"ALB":32.189064,"DZA":39.928406,"ASM":57.572422,"AND":83.188065,"AGO":16.54503,"AIA":100,"ATG":33.78203,"ARG":80.17259,"ARM":62.27662,"ABW":63.927937,"AUS":85.81583,"AUT":52.370766,"AZE":51.24957,"BHS":67.04498,"BHR":78.31236,"BGD":8.487495,"BRB":50.63989,"BLR":48.004845,"BEL":71.88404,"BLZ":53.85649,"BEN":20.846567,"BMU":100,"BTN":4.8585334,"BOL":40.098896,"BES":78.100655,"BIH":29.911135,"BWA":11.146886,"BRA":57.136707,"VGB":18.02383,"BRN":63.23924,"BGR":56.272434,"BFA":6.195321,"BDI":3.2824874,"KHM":33.028008,"CMR":24.235987,"CAN":75.87944,"CPV":20.847486,"CYM":100,"CAF":32.212406,"TCD":13.339867,"CHL":77.37819,"CHN":17.200794,"COL":60.776592,"COM":20.812428,"COG":39.216434,"COK":53.95404,"CRI":40.664528,"CIV":30.309978,"HRV":42.718773,"CUB":62.056614,"CUW":79.58557,"CYP":42.707497,"CZE":66.43545,"COD":24.800825,"DNK":81.296906,"DJI":66.79144,"DMA":39.80991,"DOM":43.783077,"TLS":13.386854,"ECU":40.81818,"EGY":43.35495,"SLV":39.963715,"GNQ":26.214432,"ERI":13.284492,"EST":66.662285,"SWZ":12.617874,"ETH":9.06955,"FLK":55.408825,"FRO":29.85692,"FJI":36.338627,"FIN":61.55158,"FRA":72.66124,"GUF":68.33489,"PYF":56.49579,"GAB":38.906395,"GMB":16.126953,"GEO":48.96529,"DEU":79.76254,"GHA":29.764944,"GIB":100,"GRC":66.19063,"GRL":73.93575,"GRD":32.48465,"GLP":79.872505,"GUM":88.754265,"GTM":36.38214,"GGY":31.116575,"GIN":19.616043,"GNB":15.347443,"GUY":29.967512,"HTI":20.435701,"HND":30.925962,"HKG":88.71648,"HUN":56.018906,"ISL":86.19724,"IND":20.639553,"IDN":17.878164,"IRN":44.254066,"IRQ":59.977745,"IRL":53.174267,"IMN":54.11711,"ISR":85.83285,"ITA":65.38186,"JAM":43.517715,"JPN":74.63137,"JEY":36.3181,"JOR":53.236023,"KAZ":51.608532,"KEN":11.797023,"KIR":25.479698,"KWT":85.71347,"KGZ":37.898907,"LAO":10.5,"LVA":64.65951,"LBN":64.05753,"LSO":10.623972,"LBR":28.635044,"LBY":57.316315,"LIE":18.335602,"LTU":53.85235,"LUX":76.18878,"MAC":97.498055,"MDG":15.57638,"MWI":6.950985,"MYS":30.526495,"MDV":14.744239,"MLI":11.848438,"MLT":89.3968,"MHL":61.29404,"MTQ":67.57176,"MRT":18.453608,"MUS":44.04376,"MYT":15.523513,"MEX":61.371346,"FSM":25.649841,"MDA":34.802444,"MCO":100,"MNG":47.188927,"MNE":36.756878,"MSR":11.210665,"MAR":36.324257,"MOZ":8.877606,"MMR":23.934406,"NAM":25.176422,"NRU":100,"NPL":5.092596,"NLD":63.511852,"NCL":54.050022,"NZL":82.26299,"NIC":48.688114,"NER":10.870336,"NGA":22.26979,"NIU":23.161251,"PRK":56.11621,"MKD":49.751205,"MNP":86.38961,"NOR":67.74844,"OMN":39.814716,"PAK":25.646767,"PLW":60.399017,"PSE":58.08377,"PAN":48.364788,"PNG":12.231703,"PRY":37.701904,"PER":60.341854,"PHL":32.49055,"POL":53.855324,"PRT":36.90762,"PRI":59.861828,"QAT":78.942665,"REU":42.585194,"ROU":44.815548,"RUS":65.11195,"RWA":3.7549543,"BLM":100,"SHN":44.879395,"KNA":34.97367,"LCA":23.197554,"MAF":100,"SPM":89.55956,"VCT":43.22208,"WSM":20.85339,"SMR":66.30515,"STP":31.189404,"SAU":55.05271,"SEN":33.022774,"SRB":42.224712,"SYC":43.709595,"SLE":26.623098,"SGP":100,"SXM":100,"SVK":44.136047,"SVN":40.302322,"SLB":8.255369,"SOM":24.769073,"ZAF":47.966167,"KOR":45.147373,"SSD":8.503008,"ESP":67.97345,"LKA":22.398464,"SDN":18.56575,"SUR":65.96193,"SWE":82.271484,"CHE":58.706215,"SYR":44.464333,"TWN":55.432404,"TJK":36.48584,"TZA":9.053973,"THA":14.320181,"TGO":22.607582,"TKL":0,"TON":20.237616,"TTO":43.978294,"TUN":48.35736,"TUR":33.371998,"TKM":47.80433,"TCA":52.06845,"TUV":14.709975,"UGA":6.3351316,"UKR":57.377705,"ARE":83.22667,"GBR":77.10976,"USA":73.58552,"VIR":26.726011,"URY":82.550934,"UZB":37.677635,"VUT":12.1119175,"VAT":100,"VEN":74.386055,"VNM":20.5432,"WLF":0,"ESH":47.354553,"YEM":7.434458,"ZMB":34.44392,"ZWE":18.875948}