{"AFG":13.234771,"ALB":32.417366,"DZA":40.063282,"ASM":58.424484,"AND":84.899124,"AGO":17.41637,"AIA":100,"ATG":33.85754,"ARG":80.58359,"ARM":63.019382,"ABW":64.39304,"AUS":85.90896,"AUT":52.628853,"AZE":51.62046,"BHS":67.952805,"BHR":78.49833,"BGD":8.956172,"BRB":53.117252,"BLR":49.387367,"BEL":72.29507,"BLZ":53.60532,"BEN":21.874802,"BMU":100,"BTN":5.766504,"BOL":40.450577,"BES":78.27258,"BIH":30.85505,"BWA":11.6511,"BRA":58.708534,"VGB":18.548264,"BRN":62.782135,"BGR":58.08599,"BFA":6.2948594,"BDI":3.4244251,"KHM":18.945826,"CMR":25.761866,"CAN":75.71544,"CPV":21.157896,"CYM":100,"CAF":33.52706,"TCD":14.453682,"CHL":78.102646,"CHN":17.163958,"COL":61.4612,"COM":21.133772,"COG":39.60108,"COK":54.014088,"CRI":41.06882,"CIV":31.174202,"HRV":43.42157,"CUB":62.956215,"CUW":79.82385,"CYP":46.087204,"CZE":66.999855,"COD":25.073519,"DNK":81.784775,"DJI":67.92897,"DMA":40.52813,"DOM":45.03284,"TLS":13.822396,"ECU":41.420036,"EGY":43.54117,"SLV":40.2489,"GNQ":26.218489,"ERI":13.436622,"EST":67.18762,"SWZ":13.474711,"ETH":9.244733,"FLK":55.846294,"FRO":30.43342,"FJI":36.619633,"FIN":62.052258,"FRA":72.897156,"GUF":68.66079,"PYF":57.563145,"GAB":41.382656,"GMB":17.287159,"GEO":49.448296,"DEU":79.79136,"GHA":29.96441,"GIB":100,"GRC":66.76286,"GRL":74.12316,"GRD":32.557938,"GLP":81.23401,"GUM":88.75799,"GTM":36.15095,"GGY":30.834791,"GIN":20.451036,"GNB":15.5036335,"GUY":29.882423,"HTI":20.469341,"HND":31.550825,"HKG":89.11033,"HUN":56.2724,"ISL":86.49659,"IND":21.04446,"IDN":18.368326,"IRN":45.17078,"IRQ":60.9109,"IRL":53.570442,"IMN":53.13322,"ISR":86.31928,"ITA":65.66302,"JAM":44.152225,"JPN":75.410614,"JEY":35.78943,"JOR":54.094585,"KAZ":51.95014,"KEN":12.481918,"KIR":26.139318,"KWT":87.78555,"KGZ":38.014473,"LAO":10.783079,"LVA":65.31088,"LBN":65.596954,"LSO":10.935714,"LBR":29.524256,"LBY":59.573254,"LIE":18.32795,"LTU":55.010883,"LUX":76.90496,"MAC":97.651955,"MDG":16.076094,"MWI":7.3637714,"MYS":30.94212,"MDV":16.177572,"MLI":12.192533,"MLT":89.41499,"MHL":61.461926,"MTQ":69.57764,"MRT":19.631723,"MUS":43.890408,"MYT":15.720727,"MEX":62.139492,"FSM":25.804895,"MDA":35.518723,"MCO":100,"MNG":47.954517,"MNE":38.047535,"MSR":11.445167,"MAR":36.96085,"MOZ":9.4524555,"MMR":24.05708,"NAM":25.243517,"NRU":100,"NPL":6.1824894,"NLD":64.21995,"NCL":54.733723,"NZL":82.51613,"NIC":49.090397,"NER":11.442456,"NGA":22.977726,"NIU":23.839928,"PRK":56.509106,"MKD":50.394974,"MNP":86.397,"NOR":68.328354,"OMN":42.077534,"PAK":25.976404,"PLW":60.818703,"PSE":58.9077,"PAN":48.552307,"PNG":12.699173,"PRY":38.067753,"PER":61.068558,"PHL":32.689842,"POL":54.573666,"PRT":37.499355,"PRI":60.84163,"QAT":79.4574,"REU":43.016613,"ROU":45.67135,"RUS":66.05372,"RWA":3.9723694,"BLM":100,"SHN":44.499187,"KNA":35.19983,"LCA":23.65861,"MAF":100,"SPM":89.595116,"VCT":43.27565,"WSM":20.96206,"SMR":68.88282,"STP":31.508871,"SAU":56.777756,"SEN":33.49828,"SRB":42.88315,"SYC":45.762783,"SLE":27.244232,"SGP":100,"SXM":100,"SVK":45.334232,"SVN":41.622463,"SLB":8.591338,"SOM":25.181591,"ZAF":48.017277,"KOR":46.509403,"SSD":8.499347,"ESP":68.53871,"LKA":22.334927,"SDN":18.809855,"SUR":65.975266,"SWE":82.498474,"CHE":59.057266,"SYR":44.81507,"TWN":58.8875,"TJK":36.138313,"TZA":10.111268,"THA":14.759661,"TGO":22.940144,"TKL":0,"TON":20.256937,"TTO":45.664936,"TUN":49.27118,"TUR":34.40705,"TKM":47.744473,"TCA":52.37982,"TUV":15.237367,"UGA":6.3765,"UKR":58.07881,"ARE":83.66485,"GBR":77.31099,"USA":73.60358,"VIR":28.18372,"URY":82.77705,"UZB":38.18292,"VUT":12.478396,"VAT":100,"VEN":75.15116,"VNM":20.5056,"WLF":0,"ESH":51.357742,"YEM":8.026819,"ZMB":35.648182,"ZWE":19.351595}