{"AFG":13.770839,"ALB":32.653698,"DZA":40.234715,"ASM":59.24449,"AND":86.523544,"AGO":18.36978,"AIA":100,"ATG":33.947815,"ARG":80.975586,"ARM":63.823612,"ABW":64.82208,"AUS":85.96958,"AUT":52.903458,"AZE":51.98186,"BHS":68.8566,"BHR":78.73683,"BGD":9.634516,"BRB":55.66057,"BLR":50.726498,"BEL":72.70441,"BLZ":53.31409,"BEN":22.881245,"BMU":100,"BTN":6.781658,"BOL":40.82373,"BES":78.43984,"BIH":31.79975,"BWA":12.115394,"BRA":60.32725,"VGB":19.098534,"BRN":62.21767,"BGR":58.00914,"BFA":6.3833475,"BDI":3.5697956,"KHM":4.6787,"CMR":27.177677,"CAN":75.582306,"CPV":21.43627,"CYM":100,"CAF":34.394924,"TCD":15.666729,"CHL":78.81314,"CHN":17.34473,"COL":62.090298,"COM":21.45272,"COG":40.24377,"COK":54.056316,"CRI":41.42663,"CIV":32.192204,"HRV":44.096558,"CUB":63.93313,"CUW":80.057144,"CYP":50.413692,"CZE":67.34423,"COD":25.35392,"DNK":82.22882,"DJI":69.00925,"DMA":41.360054,"DOM":46.27482,"TLS":14.271704,"ECU":42.132442,"EGY":43.68006,"SLV":40.579582,"GNQ":26.223177,"ERI":13.586157,"EST":67.69823,"SWZ":14.310502,"ETH":9.423718,"FLK":56.25244,"FRO":30.914036,"FJI":36.875034,"FIN":62.391376,"FRA":73.01417,"GUF":68.98886,"PYF":58.44175,"GAB":43.878548,"GMB":18.711,"GEO":50.17625,"DEU":79.81769,"GHA":30.146177,"GIB":100,"GRC":67.30844,"GRL":74.32471,"GRD":32.625965,"GLP":82.546394,"GUM":88.761154,"GTM":35.679207,"GGY":30.55956,"GIN":21.262762,"GNB":15.6801605,"GUY":29.791458,"HTI":20.492397,"HND":32.1428,"HKG":89.51735,"HUN":56.53228,"ISL":86.859856,"IND":21.47617,"IDN":18.914196,"IRN":46.090786,"IRQ":61.806725,"IRL":53.94478,"IMN":52.270893,"ISR":86.79564,"ITA":65.9318,"JAM":44.75177,"JPN":75.851105,"JEY":35.302586,"JOR":54.97425,"KAZ":52.28297,"KEN":13.181066,"KIR":27.397356,"KWT":89.38061,"KGZ":38.11388,"LAO":11.058373,"LVA":65.942444,"LBN":67.13799,"LSO":11.133027,"LBR":30.483084,"LBY":61.696148,"LIE":18.321852,"LTU":56.218975,"LUX":77.62642,"MAC":97.80234,"MDG":16.513653,"MWI":7.756252,"MYS":31.389011,"MDV":17.647717,"MLI":12.524052,"MLT":89.43615,"MHL":61.236103,"MTQ":71.5229,"MRT":20.83715,"MUS":43.661514,"MYT":15.916457,"MEX":62.894276,"FSM":25.96467,"MDA":36.368607,"MCO":100,"MNG":48.718193,"MNE":39.37021,"MSR":11.695884,"MAR":37.610256,"MOZ":10.041542,"MMR":24.16232,"NAM":25.307705,"NRU":100,"NPL":7.513514,"NLD":64.395065,"NCL":55.34593,"NZL":82.71834,"NIC":49.47302,"NER":11.969188,"NGA":23.69592,"NIU":24.637754,"PRK":56.7,"MKD":50.992954,"MNP":86.42083,"NOR":68.85439,"OMN":44.344215,"PAK":26.32661,"PLW":61.13002,"PSE":59.6,"PAN":48.72652,"PNG":13.021027,"PRY":38.502346,"PER":61.75592,"PHL":32.88597,"POL":55.30293,"PRT":38.102894,"PRI":61.81521,"QAT":79.94973,"REU":43.7204,"ROU":46.461346,"RUS":66.93724,"RWA":4.18742,"BLM":100,"SHN":44.20095,"KNA":35.401978,"LCA":24.141304,"MAF":100,"SPM":89.60495,"VCT":43.323273,"WSM":21.048391,"SMR":71.37514,"STP":31.789549,"SAU":58.415012,"SEN":33.942917,"SRB":43.506996,"SYC":47.593132,"SLE":27.798822,"SGP":100,"SXM":100,"SVK":46.555256,"SVN":42.97364,"SLB":8.931797,"SOM":25.532797,"ZAF":48.067272,"KOR":47.967396,"SSD":8.496447,"ESP":69.08652,"LKA":22.2487,"SDN":19.008669,"SUR":65.98808,"SWE":82.66476,"CHE":59.392715,"SYR":45.160027,"TWN":60.7,"TJK":35.76302,"TZA":11.151345,"THA":15.215807,"TGO":23.247084,"TKL":0,"TON":20.281017,"TTO":47.257668,"TUN":49.906635,"TUR":35.406826,"TKM":47.674255,"TCA":52.704807,"TUV":17.331224,"UGA":6.4172974,"UKR":58.8329,"ARE":83.89789,"GBR":77.549355,"USA":73.6194,"VIR":29.87465,"URY":83.02797,"UZB":38.740814,"VUT":12.848576,"VAT":100,"VEN":75.8929,"VNM":20.550001,"WLF":0,"ESH":55.796715,"YEM":8.668186,"ZMB":36.766262,"ZWE":19.827188}