{"AFG":14.279508,"ALB":32.891396,"DZA":40.456734,"ASM":60.055943,"AND":88.04948,"AGO":19.398432,"AIA":100,"ATG":34.05052,"ARG":81.35466,"ARM":64.53325,"ABW":65.20532,"AUS":85.99122,"AUT":53.198875,"AZE":52.4027,"BHS":69.75031,"BHR":79.01961,"BGD":10.551336,"BRB":58.10083,"BLR":51.990692,"BEL":73.11194,"BLZ":52.994385,"BEN":23.85644,"BMU":100,"BTN":7.8669214,"BOL":41.2151,"BES":78.5968,"BIH":32.724335,"BWA":12.571252,"BRA":61.944283,"VGB":19.684057,"BRN":61.59598,"BGR":58.4939,"BFA":6.5394034,"BDI":3.718387,"KHM":5.082749,"CMR":28.367819,"CAN":75.53295,"CPV":21.714178,"CYM":100,"CAF":34.841827,"TCD":16.827374,"CHL":79.49618,"CHN":17.436539,"COL":62.678127,"COM":21.775173,"COG":41.213318,"COK":54.07715,"CRI":41.74789,"CIV":33.671097,"HRV":44.750927,"CUB":64.94245,"CUW":80.28734,"CYP":53.26949,"CZE":69.48217,"COD":25.641273,"DNK":82.6123,"DJI":70.02348,"DMA":42.2861,"DOM":47.483685,"TLS":14.73233,"ECU":42.97291,"EGY":43.762753,"SLV":40.952797,"GNQ":26.22878,"ERI":13.735189,"EST":68.20904,"SWZ":15.107294,"ETH":9.606476,"FLK":56.64928,"FRO":31.255348,"FJI":37.109962,"FIN":62.618275,"FRA":73.082,"GUF":69.319916,"PYF":59.016403,"GAB":46.353596,"GMB":20.3179,"GEO":50.74796,"DEU":79.841675,"GHA":30.317022,"GIB":100,"GRC":67.82276,"GRL":74.57585,"GRD":32.689728,"GLP":83.809296,"GUM":88.764465,"GTM":35.057262,"GGY":30.30285,"GIN":22.044474,"GNB":15.880728,"GUY":29.701815,"HTI":20.508076,"HND":32.734722,"HKG":89.92983,"HUN":56.79826,"ISL":87.17988,"IND":21.919586,"IDN":19.506319,"IRN":46.769543,"IRQ":62.66348,"IRL":54.2959,"IMN":51.713097,"ISR":87.2563,"ITA":66.18129,"JAM":45.314583,"JPN":75.97185,"JEY":34.867046,"JOR":55.877888,"KAZ":52.613827,"KEN":13.862854,"KIR":28.968706,"KWT":90.6507,"KGZ":38.193775,"LAO":11.327785,"LVA":66.53957,"LBN":68.66984,"LSO":11.198563,"LBR":31.522057,"LBY":63.705322,"LIE":18.316244,"LTU":57.3461,"LUX":78.324295,"MAC":97.94865,"MDG":16.926174,"MWI":8.1142025,"MYS":31.871351,"MDV":19.030697,"MLI":12.840087,"MLT":89.46027,"MHL":60.87501,"MTQ":73.39442,"MRT":22.068232,"MUS":43.37866,"MYT":16.112274,"MEX":63.63129,"FSM":26.118757,"MDA":37.18921,"MCO":100,"MNG":49.46872,"MNE":40.681107,"MSR":11.942999,"MAR":38.278114,"MOZ":10.642834,"MMR":24.25357,"NAM":25.370377,"NRU":100,"NPL":8.994884,"NLD":64.507385,"NCL":55.892036,"NZL":82.895065,"NIC":49.83692,"NER":12.43261,"NGA":24.42362,"NIU":25.51446,"PRK":56.758923,"MKD":51.55226,"MNP":86.459404,"NOR":69.32579,"OMN":46.602345,"PAK":26.68903,"PLW":61.37463,"PSE":60.191074,"PAN":48.898003,"PNG":13.140847,"PRY":38.99691,"PER":62.406723,"PHL":33.079758,"POL":56.012627,"PRT":38.71701,"PRI":62.79601,"QAT":80.44609,"REU":44.986687,"ROU":47.167843,"RUS":67.66134,"RWA":4.3855767,"BLM":100,"SHN":44.0127,"KNA":35.57581,"LCA":24.631002,"MAF":100,"SPM":89.61466,"VCT":43.366474,"WSM":21.105606,"SMR":73.57147,"STP":32.052376,"SAU":60.053417,"SEN":34.366512,"SRB":44.099773,"SYC":48.90681,"SLE":28.32096,"SGP":100,"SXM":100,"SVK":47.76385,"SVN":44.30706,"SLB":9.290416,"SOM":25.844294,"ZAF":48.118996,"KOR":49.573654,"SSD":8.494219,"ESP":69.61632,"LKA":22.143476,"SDN":19.176933,"SUR":66.00083,"SWE":82.7897,"CHE":59.725494,"SYR":45.497334,"TWN":62.616222,"TJK":35.38426,"TZA":12.126055,"THA":15.669664,"TGO":23.537407,"TKL":0,"TON":20.311949,"TTO":48.713337,"TUN":50.352844,"TUR":36.347324,"TKM":47.595608,"TCA":53.058376,"TUV":20.486387,"UGA":6.4613113,"UKR":59.566273,"ARE":83.86913,"GBR":77.80409,"USA":73.6354,"VIR":31.732832,"URY":83.326904,"UZB":39.271988,"VUT":13.222361,"VAT":100,"VEN":76.61008,"VNM":20.426924,"WLF":0,"ESH":60.456993,"YEM":9.351699,"ZMB":37.76454,"ZWE":20.306356}