{"AFG":14.740396,"ALB":33.123787,"DZA":40.77373,"ASM":60.882343,"AND":89.46507,"AGO":20.495504,"AIA":100,"ATG":34.163334,"ARG":81.726906,"ARM":65.0812,"ABW":65.53306,"AUS":85.971756,"AUT":53.51941,"AZE":52.70072,"BHS":70.62789,"BHR":79.33842,"BGD":11.602706,"BRB":60.269043,"BLR":53.18454,"BEL":73.51754,"BLZ":52.657764,"BEN":24.790936,"BMU":100,"BTN":8.985217,"BOL":41.68847,"BES":78.73783,"BIH":33.6079,"BWA":13.05016,"BRA":63.511047,"VGB":20.314257,"BRN":60.967197,"BGR":59.418255,"BFA":6.846461,"BDI":3.8699872,"KHM":5.551484,"CMR":29.419914,"CAN":75.54534,"CPV":22.02319,"CYM":100,"CAF":35.15994,"TCD":17.783981,"CHL":80.1383,"CHN":17.551119,"COL":63.23056,"COM":22.107037,"COG":42.41891,"COK":54.065094,"CRI":42.04396,"CIV":35.31377,"HRV":45.391876,"CUB":65.93929,"CUW":80.51634,"CYP":55.479668,"CZE":70.40126,"COD":25.934828,"DNK":82.95115,"DJI":70.96286,"DMA":43.28668,"DOM":48.63413,"TLS":15.201829,"ECU":43.908146,"EGY":43.803898,"SLV":41.365574,"GNQ":26.235586,"ERI":13.885813,"EST":68.71614,"SWZ":15.92757,"ETH":9.792974,"FLK":57.058823,"FRO":31.411802,"FJI":37.317375,"FIN":62.779324,"FRA":73.13392,"GUF":69.654755,"PYF":59.179398,"GAB":48.76734,"GMB":22.039827,"GEO":51.021557,"DEU":79.863464,"GHA":30.483732,"GIB":100,"GRC":68.3012,"GRL":74.944374,"GRD":32.750237,"GLP":85.02238,"GUM":88.76861,"GTM":34.37174,"GGY":30.040316,"GIN":22.789421,"GNB":16.10904,"GUY":29.620687,"HTI":20.519579,"HND":33.323036,"HKG":90.34004,"HUN":57.07005,"ISL":87.436455,"IND":22.35962,"IDN":20.135237,"IRN":47.759056,"IRQ":63.474686,"IRL":54.62243,"IMN":51.310818,"ISR":87.695656,"ITA":66.40455,"JAM":45.838898,"JPN":76.03334,"JEY":34.492287,"JOR":56.808357,"KAZ":52.949524,"KEN":14.495677,"KIR":30.495533,"KWT":91.83825,"KGZ":38.250824,"LAO":11.593209,"LVA":67.087654,"LBN":70.18168,"LSO":11.212593,"LBR":32.605915,"LBY":65.597786,"LIE":18.310066,"LTU":58.34799,"LUX":78.969696,"MAC":98.09034,"MDG":17.330261,"MWI":8.421746,"MYS":32.39332,"MDV":20.173685,"MLI":13.145409,"MLT":89.48736,"MHL":60.45725,"MTQ":75.17903,"MRT":23.387774,"MUS":43.06341,"MYT":16.309744,"MEX":64.346146,"FSM":26.256746,"MDA":37.94594,"MCO":100,"MNG":50.194862,"MNE":41.936443,"MSR":12.166695,"MAR":38.95748,"MOZ":11.254296,"MMR":24.33484,"NAM":25.432924,"NRU":100,"NPL":10.535813,"NLD":64.585,"NCL":56.397423,"NZL":83.0524,"NIC":50.18305,"NER":12.810622,"NGA":25.16007,"NIU":26.429768,"PRK":56.795876,"MKD":52.079994,"MNP":86.51064,"NOR":69.741745,"OMN":48.839504,"PAK":27.055311,"PLW":61.59339,"PSE":60.728027,"PAN":49.077328,"PNG":13.129091,"PRY":39.542664,"PER":63.023746,"PHL":33.272007,"POL":56.672268,"PRT":39.340477,"PRI":63.797462,"QAT":80.972885,"REU":46.766632,"ROU":47.793816,"RUS":68.23495,"RWA":4.55231,"BLM":100,"SHN":43.915356,"KNA":35.71703,"LCA":25.113077,"MAF":100,"SPM":89.6228,"VCT":43.40679,"WSM":21.140385,"SMR":75.52429,"STP":32.31829,"SAU":61.689,"SEN":34.779427,"SRB":44.664993,"SYC":49.41,"SLE":28.823893,"SGP":100,"SXM":100,"SVK":48.924747,"SVN":45.573936,"SLB":9.664862,"SOM":26.126045,"ZAF":48.17529,"KOR":51.302704,"SSD":8.492574,"ESP":70.12756,"LKA":22.022947,"SDN":19.32833,"SUR":66.013954,"SWE":82.898865,"CHE":60.068535,"SYR":45.82514,"TWN":65.13711,"TJK":35.026344,"TZA":12.987251,"THA":16.102276,"TGO":23.820116,"TKL":0,"TON":20.354662,"TTO":49.988796,"TUN":50.71959,"TUR":37.224487,"TKM":47.51045,"TCA":53.455505,"TUV":23.972216,"UGA":6.5123315,"UKR":60.24804,"ARE":83.38783,"GBR":78.05444,"USA":73.653984,"VIR":33.692295,"URY":83.683914,"UZB":39.730225,"VUT":13.599658,"VAT":100,"VEN":77.30151,"VNM":19.640244,"WLF":0,"ESH":65.12409,"YEM":10.070498,"ZMB":38.609386,"ZWE":20.792723}