{"AFG":15.133115,"ALB":33.344204,"DZA":41.262012,"ASM":61.747196,"AND":90.7585,"AGO":21.654171,"AIA":100,"ATG":34.283924,"ARG":82.09842,"ARM":65.53138,"ABW":65.79555,"AUS":85.92149,"AUT":53.869354,"AZE":52.94836,"BHS":71.4833,"BHR":79.685005,"BGD":12.699724,"BRB":61.9962,"BLR":54.365265,"BEL":73.921074,"BLZ":52.315815,"BEN":25.675272,"BMU":100,"BTN":10.099469,"BOL":42.336983,"BES":78.85729,"BIH":34.429543,"BWA":13.583608,"BRA":64.97897,"VGB":20.998556,"BRN":60.381454,"BGR":60.517162,"BFA":7.2810273,"BDI":4.0243855,"KHM":5.8185096,"CMR":30.4352,"CAN":75.5762,"CPV":22.39487,"CYM":100,"CAF":35.4453,"TCD":18.384916,"CHL":80.72602,"CHN":17.915207,"COL":63.753456,"COM":22.45421,"COG":43.79148,"COK":53.98509,"CRI":42.326187,"CIV":36.4,"HRV":46.026604,"CUB":66.878746,"CUW":80.74605,"CYP":57.578033,"CZE":69.73282,"COD":26.233828,"DNK":83.26477,"DJI":71.81859,"DMA":44.342213,"DOM":49.700825,"TLS":15.677756,"ECU":44.90589,"EGY":43.834717,"SLV":41.814953,"GNQ":26.243883,"ERI":14.04012,"EST":69.21266,"SWZ":16.83823,"ETH":9.983184,"FLK":57.503075,"FRO":31.388443,"FJI":37.487644,"FIN":62.87673,"FRA":73.174675,"GUF":69.99417,"PYF":59.16168,"GAB":51.07932,"GMB":23.808756,"GEO":51.50624,"DEU":79.8832,"GHA":30.653088,"GIB":100,"GRC":68.73915,"GRL":75.18632,"GRD":32.808487,"GLP":86.18529,"GUM":88.774284,"GTM":33.709248,"GGY":29.768934,"GIN":23.490862,"GNB":16.368801,"GUY":29.55527,"HTI":20.530117,"HND":33.907444,"HKG":90.74026,"HUN":57.347355,"ISL":87.670494,"IND":22.781176,"IDN":20.791496,"IRN":48.484726,"IRQ":64.28064,"IRL":54.922993,"IMN":50.934086,"ISR":88.1081,"ITA":66.59466,"JAM":46.322952,"JPN":76.07646,"JEY":34.187794,"JOR":57.768528,"KAZ":53.29687,"KEN":15.047925,"KIR":31.58031,"KWT":92.922585,"KGZ":38.281677,"LAO":11.856548,"LVA":67.57207,"LBN":71.6627,"LSO":11.223668,"LBR":33.70623,"LBY":67.37053,"LIE":18.30225,"LTU":59.418808,"LUX":79.53377,"MAC":98.22687,"MDG":17.724504,"MWI":8.682648,"MYS":32.959095,"MDV":21.097036,"MLI":13.448283,"MLT":89.517395,"MHL":60.061424,"MTQ":76.863594,"MRT":24.927155,"MUS":42.737354,"MYT":16.510408,"MEX":65.03444,"FSM":26.368225,"MDA":38.80434,"MCO":100,"MNG":50.88538,"MNE":43.092426,"MSR":12.347156,"MAR":39.65367,"MOZ":11.873897,"MMR":24.410143,"NAM":25.496737,"NRU":100,"NPL":12.045515,"NLD":64.62375,"NCL":56.87302,"NZL":83.18651,"NIC":50.512333,"NER":13.123483,"NGA":25.904516,"NIU":27.343409,"PRK":56.823364,"MKD":52.583267,"MNP":86.57246,"NOR":70.10148,"OMN":51.043278,"PAK":27.417095,"PLW":61.827164,"PSE":61.21647,"PAN":49.275066,"PNG":13.102627,"PRY":40.130836,"PER":63.609776,"PHL":33.46353,"POL":57.242657,"PRT":39.97207,"PRI":64.833015,"QAT":81.556526,"REU":48.982433,"ROU":48.40972,"RUS":68.77091,"RWA":4.6722374,"BLM":100,"SHN":43.84827,"KNA":35.821335,"LCA":25.572893,"MAF":100,"SPM":89.62936,"VCT":43.445755,"WSM":21.168125,"SMR":77.50626,"STP":32.608227,"SAU":63.307312,"SEN":35.18403,"SRB":45.20617,"SYC":49.408466,"SLE":29.30718,"SGP":100,"SXM":100,"SVK":50.00268,"SVN":46.725475,"SLB":10.049336,"SOM":26.38366,"ZAF":48.238995,"KOR":53.09558,"SSD":8.491425,"ESP":70.61972,"LKA":21.890806,"SDN":19.47653,"SUR":66.027885,"SWE":82.99054,"CHE":60.434776,"SYR":46.14159,"TWN":66.53719,"TJK":34.713573,"TZA":13.681761,"THA":16.494688,"TGO":24.104214,"TKL":0,"TON":20.420782,"TTO":51.040897,"TUN":51.02743,"TUR":38.078266,"TKM":47.420715,"TCA":53.91115,"TUV":27.058067,"UGA":6.574147,"UKR":60.977196,"ARE":82.624794,"GBR":78.27967,"USA":73.67757,"VIR":35.68707,"URY":84.08663,"UZB":40.647972,"VUT":13.980373,"VAT":100,"VEN":77.96602,"VNM":19.244728,"WLF":0,"ESH":69.58353,"YEM":10.817726,"ZMB":39.267174,"ZWE":21.289911}