{"AFG":15.437601,"ALB":33.545956,"DZA":41.948483,"ASM":62.674,"AND":91.9179,"AGO":22.867605,"AIA":100,"ATG":34.40996,"ARG":82.47528,"ARM":65.88994,"ABW":65.98307,"AUS":85.852554,"AUT":54.253006,"AZE":52.721474,"BHS":72.310486,"BHR":80.051125,"BGD":13.75349,"BRB":63.113304,"BLR":55.413605,"BEL":74.32241,"BLZ":51.980103,"BEN":26.5,"BMU":100,"BTN":11.172601,"BOL":43.146996,"BES":78.94957,"BIH":35.16836,"BWA":14.203077,"BRA":66.29948,"VGB":21.746376,"BRN":59.888885,"BGR":61.47905,"BFA":7.8141837,"BDI":4.181236,"KHM":9.229483,"CMR":31.409046,"CAN":75.62137,"CPV":22.860792,"CYM":100,"CAF":35.700375,"TCD":18.745638,"CHL":81.245865,"CHN":18.961063,"COL":64.252686,"COM":22.8226,"COG":45.261955,"COK":53.86953,"CRI":42.605927,"CIV":36.861702,"HRV":46.662308,"CUB":67.71591,"CUW":80.97836,"CYP":59.453575,"CZE":70.11717,"COD":26.53752,"DNK":83.54154,"DJI":72.58186,"DMA":45.433113,"DOM":50.65846,"TLS":16.157665,"ECU":45.933887,"EGY":43.862705,"SLV":42.297966,"GNQ":26.253956,"ERI":14.200204,"EST":69.61092,"SWZ":17.805328,"ETH":10.177073,"FLK":58.004047,"FRO":31.46519,"FJI":37.629536,"FIN":62.9699,"FRA":73.21064,"GUF":70.33897,"PYF":59.12144,"GAB":53.249065,"GMB":25.556658,"GEO":51.992928,"DEU":79.90104,"GHA":30.831871,"GIB":100,"GRC":69.13201,"GRL":75.8334,"GRD":32.865482,"GLP":87.297676,"GUM":88.78217,"GTM":33.156403,"GGY":29.521448,"GIN":24.142046,"GNB":16.683495,"GUY":29.512756,"HTI":20.542894,"HND":34.487656,"HKG":91.12276,"HUN":57.629894,"ISL":87.878494,"IND":23.169163,"IDN":21.46564,"IRN":49.211037,"IRQ":65.13151,"IRL":55.19621,"IMN":50.631313,"ISR":88.48803,"ITA":66.74469,"JAM":46.764977,"JPN":76.11716,"JEY":33.96304,"JOR":58.75614,"KAZ":53.672447,"KEN":15.484418,"KIR":32.116055,"KWT":93.89795,"KGZ":38.285873,"LAO":12.1197,"LVA":67.99328,"LBN":73.1021,"LSO":11.231644,"LBR":34.79457,"LBY":69.02058,"LIE":18.291733,"LTU":60.460484,"LUX":79.98762,"MAC":98.35768,"MDG":18.109488,"MWI":8.917228,"MYS":33.572857,"MDV":21.965855,"MLI":13.750203,"MLT":89.55038,"MHL":59.76614,"MTQ":78.43497,"MRT":26.721247,"MUS":42.422054,"MYT":16.689478,"MEX":65.691765,"FSM":26.44278,"MDA":39.467583,"MCO":100,"MNG":51.553883,"MNE":44.105267,"MSR":12.464564,"MAR":40.369408,"MOZ":12.499602,"MMR":24.483482,"NAM":25.563202,"NRU":100,"NPL":13.433206,"NLD":64.81181,"NCL":57.31206,"NZL":83.30264,"NIC":50.825726,"NER":13.415122,"NGA":26.6562,"NIU":28.215109,"PRK":56.853905,"MKD":53.06918,"MNP":86.64275,"NOR":70.4042,"OMN":53.20125,"PAK":27.76603,"PLW":62.116802,"PSE":61.662014,"PAN":49.501797,"PNG":13.074655,"PRY":40.752647,"PER":64.16759,"PHL":33.655148,"POL":57.742157,"PRT":40.610558,"PRI":65.9161,"QAT":82.22343,"REU":51.55628,"ROU":49.039417,"RUS":69.340744,"RWA":4.7524276,"BLM":100,"SHN":43.795925,"KNA":35.884438,"LCA":25.995821,"MAF":100,"SPM":89.634346,"VCT":43.484894,"WSM":21.190775,"SMR":79.54746,"STP":32.943127,"SAU":64.89393,"SEN":35.57896,"SRB":45.726814,"SYC":49.403873,"SLE":29.77037,"SGP":100,"SXM":100,"SVK":50.96238,"SVN":47.71289,"SLB":10.438814,"SOM":26.622494,"ZAF":48.312954,"KOR":54.898777,"SSD":8.490681,"ESP":71.09223,"LKA":21.750742,"SDN":19.63522,"SUR":66.043076,"SWE":83.05657,"CHE":60.837154,"SYR":46.444824,"TWN":68.31363,"TJK":34.464314,"TZA":14.245593,"THA":16.827944,"TGO":24.398706,"TKL":0,"TON":20.509226,"TTO":51.82648,"TUN":51.299995,"TUR":38.95032,"TKM":47.316563,"TCA":54.440296,"TUV":29.03289,"UGA":6.6505466,"UKR":61.617363,"ARE":81.78717,"GBR":78.459,"USA":73.70857,"VIR":37.65118,"URY":84.52359,"UZB":40.916,"VUT":14.367647,"VAT":100,"VEN":78.60242,"VNM":19.18847,"WLF":0,"ESH":73.62082,"YEM":11.58652,"ZMB":39.70428,"ZWE":21.801554}