{"AFG":15.681,"ALB":33.73294,"DZA":42.7837,"ASM":63.683834,"AND":92.93143,"AGO":24.128983,"AIA":100,"ATG":34.53912,"ARG":82.86395,"ARM":66.17895,"ABW":66.085915,"AUS":85.77709,"AUT":54.674664,"AZE":53.153152,"BHS":73.108376,"BHR":80.42852,"BGD":14.675106,"BRB":63.461945,"BLR":56.57103,"BEL":74.72142,"BLZ":51.657722,"BEN":27.302036,"BMU":100,"BTN":12.167538,"BOL":44.094776,"BES":79.00901,"BIH":35.803455,"BWA":14.940057,"BRA":67.418045,"VGB":22.567137,"BRN":59.539623,"BGR":62.141365,"BFA":8.417013,"BDI":4.3434377,"KHM":12.73301,"CMR":32.34373,"CAN":75.67671,"CPV":23.460472,"CYM":100,"CAF":35.92761,"TCD":19.082819,"CHL":81.68436,"CHN":19.391115,"COL":64.734116,"COM":23.216768,"COG":46.761265,"COK":53.757015,"CRI":42.89453,"CIV":37.182545,"HRV":47.306183,"CUB":68.4059,"CUW":81.21519,"CYP":61.067127,"CZE":74.686844,"COD":26.845152,"DNK":83.76987,"DJI":73.24387,"DMA":46.5398,"DOM":51.48171,"TLS":16.63911,"ECU":46.95988,"EGY":43.88771,"SLV":42.81165,"GNQ":26.266092,"ERI":14.368157,"EST":69.98928,"SWZ":18.788252,"ETH":10.374612,"FLK":58.586636,"FRO":31.572226,"FJI":37.75321,"FIN":63.09134,"FRA":73.2482,"GUF":70.68995,"PYF":59.064102,"GAB":55.236115,"GMB":27.215502,"GEO":52.29253,"DEU":79.91712,"GHA":31.026867,"GIB":100,"GRC":69.475174,"GRL":76.39022,"GRD":32.922226,"GLP":88.3592,"GUM":88.7962,"GTM":32.799828,"GGY":29.328474,"GIN":24.73623,"GNB":17.260538,"GUY":29.500044,"HTI":20.561115,"HND":35.063377,"HKG":91.47982,"HUN":57.917377,"ISL":88.087,"IND":23.508488,"IDN":22.146614,"IRN":49.937683,"IRQ":66.00646,"IRL":55.440697,"IMN":50.439274,"ISR":88.82982,"ITA":66.84771,"JAM":47.16321,"JPN":76.17239,"JEY":33.827507,"JOR":59.82707,"KAZ":54.09795,"KEN":15.835238,"KIR":32.4352,"KWT":94.76993,"KGZ":38.283253,"LAO":12.384564,"LVA":68.405235,"LBN":74.48906,"LSO":11.237637,"LBR":35.842503,"LBY":70.544914,"LIE":18.27819,"LTU":61.453144,"LUX":80.30238,"MAC":98.48224,"MDG":18.48579,"MWI":9.133719,"MYS":34.241776,"MDV":22.822077,"MLI":14.049924,"MLT":89.58631,"MHL":59.65,"MTQ":79.87999,"MRT":28.662628,"MUS":42.139095,"MYT":16.836096,"MEX":66.3141,"FSM":26.47,"MDA":40.023945,"MCO":100,"MNG":52.263157,"MNE":44.93117,"MSR":12.5,"MAR":41.09766,"MOZ":13.127243,"MMR":24.558874,"NAM":25.633715,"NRU":100,"NPL":14.608097,"NLD":64.99106,"NCL":57.7086,"NZL":83.40499,"NIC":51.124165,"NER":13.691954,"NGA":27.414371,"NIU":29.004597,"PRK":56.9,"MKD":53.54484,"MNP":86.728645,"NOR":70.64755,"OMN":55.30099,"PAK":28.09376,"PLW":62.497234,"PSE":62.070274,"PAN":49.767143,"PNG":13.058572,"PRY":41.399326,"PER":64.69996,"PHL":33.847668,"POL":58.229343,"PRT":41.25472,"PRI":67.06917,"QAT":83,"REU":54.410355,"ROU":49.66977,"RUS":69.85113,"RWA":4.816388,"BLM":100,"SHN":43.75424,"KNA":35.901947,"LCA":26.370466,"MAF":100,"SPM":89.63777,"VCT":43.525436,"WSM":21.206827,"SMR":81.5848,"STP":33.343925,"SAU":66.4344,"SEN":35.963043,"SRB":46.230442,"SYC":49.39625,"SLE":30.213017,"SGP":100,"SXM":100,"SVK":51.7569,"SVN":48.487392,"SLB":10.828409,"SOM":26.847904,"ZAF":48.4,"KOR":56.65544,"SSD":8.490255,"ESP":71.544556,"LKA":21.606447,"SDN":19.818073,"SUR":66.059975,"SWE":83.08829,"CHE":61.289234,"SYR":46.732986,"TWN":69.40333,"TJK":34.250214,"TZA":14.767557,"THA":17.084406,"TGO":24.712599,"TKL":0,"TON":20.617374,"TTO":52.311306,"TUN":51.560917,"TUR":39.88412,"TKM":47.166275,"TCA":55.073288,"TUV":30.164175,"UGA":6.7555194,"UKR":62.181953,"ARE":81.10415,"GBR":78.57169,"USA":73.7506,"VIR":39.55772,"URY":84.983315,"UZB":41.074734,"VUT":14.768602,"VAT":100,"VEN":79.20951,"VNM":19.159475,"WLF":0,"ESH":77.021484,"YEM":12.370024,"ZMB":39.885723,"ZWE":22.33127}