{"AFG":15.903757,"ALB":33.90863,"DZA":43.731106,"ASM":64.75948,"AND":93.78725,"AGO":25.431475,"AIA":100,"ATG":34.669067,"ARG":83.26898,"ARM":66.47338,"ABW":66.09912,"AUS":85.707214,"AUT":55.146687,"AZE":53.192818,"BHS":73.94435,"BHR":80.82673,"BGD":15.393663,"BRB":63.479073,"BLR":57.629158,"BEL":75.11799,"BLZ":51.29083,"BEN":28.119207,"BMU":100,"BTN":13.047203,"BOL":45.156597,"BES":79.03,"BIH":36.31794,"BWA":15.813881,"BRA":68.3726,"VGB":23.629906,"BRN":59.385002,"BGR":63.010483,"BFA":9.0605955,"BDI":4.51409,"KHM":12.9191,"CMR":33.241528,"CAN":75.73946,"CPV":24.488281,"CYM":100,"CAF":36.129467,"TCD":19.396646,"CHL":82.02802,"CHN":20.156488,"COL":65.20361,"COM":23.665897,"COG":48.22034,"COK":53.688076,"CRI":43.20335,"CIV":37.46945,"HRV":47.969727,"CUB":68.92074,"CUW":81.45842,"CYP":62.379517,"CZE":75.498245,"COD":27.15597,"DNK":83.9484,"DJI":73.79584,"DMA":47.678535,"DOM":52.134975,"TLS":17.119646,"ECU":47.951614,"EGY":43.90956,"SLV":43.353043,"GNQ":26.280577,"ERI":14.546073,"EST":70.332855,"SWZ":19.746387,"ETH":10.575769,"FLK":59.270664,"FRO":31.601637,"FJI":37.868805,"FIN":63.181698,"FRA":73.293724,"GUF":71.04791,"PYF":58.99492,"GAB":57,"GMB":28.71726,"GEO":52.63158,"DEU":79.93159,"GHA":31.244858,"GIB":100,"GRC":69.76556,"GRL":76.77267,"GRD":32.979206,"GLP":89.36951,"GUM":88.85195,"GTM":32.714752,"GGY":29.218016,"GIN":25.266666,"GNB":18.199327,"GUY":29.502089,"HTI":20.58799,"HND":35.63432,"HKG":91.79677,"HUN":58.20951,"ISL":88.34265,"IND":23.787535,"IDN":22.840664,"IRN":50.664333,"IRQ":66.87447,"IRL":55.65454,"IMN":50.39366,"ISR":89.12788,"ITA":66.895706,"JAM":47.515892,"JPN":76.25032,"JEY":33.7872,"JOR":61.085274,"KAZ":54.57286,"KEN":16.16414,"KIR":32.682327,"KWT":95.63951,"KGZ":38.27775,"LAO":12.653041,"LVA":68.82387,"LBN":75.81278,"LSO":11.242764,"LBR":36.821594,"LBY":71.94055,"LIE":18.250505,"LTU":62.455643,"LUX":80.45686,"MAC":98.6,"MDG":18.853992,"MWI":9.337795,"MYS":35.08776,"MDV":23.625275,"MLI":14.346201,"MLT":89.625175,"MHL":59.90881,"MTQ":81.18553,"MRT":30.668695,"MUS":41.910053,"MYT":16.97264,"MEX":66.910736,"FSM":26.465559,"MDA":40.600334,"MCO":100,"MNG":53.02595,"MNE":45.533424,"MSR":12.5,"MAR":41.83807,"MOZ":13.815685,"MMR":24.640326,"NAM":25.709661,"NRU":100,"NPL":15.479404,"NLD":65.74358,"NCL":58.056694,"NZL":83.49576,"NIC":51.40859,"NER":13.953105,"NGA":28.17827,"NIU":29.661366,"PRK":56.974556,"MKD":54.01353,"MNP":86.9048,"NOR":70.83852,"OMN":57.330097,"PAK":28.394161,"PLW":63.15768,"PSE":62.446857,"PAN":50.063755,"PNG":13.0985155,"PRY":42.062096,"PER":65.20975,"PHL":34.0419,"POL":58.714977,"PRT":41.903324,"PRI":68.35294,"QAT":84.0497,"REU":57.466854,"ROU":50.292618,"RUS":70.33256,"RWA":4.8682537,"BLM":100,"SHN":43.71914,"KNA":35.876846,"LCA":26.736643,"MAF":100,"SPM":89.639626,"VCT":43.563957,"WSM":21.214579,"SMR":83.55521,"STP":33.830193,"SAU":67.914314,"SEN":36.33509,"SRB":46.718227,"SYC":49.385624,"SLE":30.634672,"SGP":100,"SXM":100,"SVK":52.435097,"SVN":49.016926,"SLB":11.213233,"SOM":27.06525,"ZAF":48.504955,"KOR":58.333996,"SSD":8.490059,"ESP":71.97615,"LKA":21.455051,"SDN":20.038773,"SUR":66.07984,"SWE":83.0928,"CHE":61.81142,"SYR":47.004215,"TWN":70.4,"TJK":34.056515,"TZA":15.25893,"THA":17.282753,"TGO":25.05724,"TKL":0,"TON":20.742603,"TTO":52.64874,"TUN":51.83382,"TUR":40.914455,"TKM":46.959156,"TCA":56.08267,"TUV":31.083645,"UGA":6.917283,"UKR":62.728874,"ARE":80.65363,"GBR":78.59887,"USA":73.813965,"VIR":41.654446,"URY":85.45434,"UZB":41.172047,"VUT":15.185233,"VAT":100,"VEN":79.78546,"VNM":19.1354,"WLF":0,"ESH":79.57105,"YEM":13.161375,"ZMB":39.885445,"ZWE":22.88269}