{"AFG":16.107378,"ALB":34.07898,"DZA":44.754143,"ASM":65.88018,"AND":94.4735,"AGO":26.768261,"AIA":100,"ATG":34.79748,"ARG":83.69052,"ARM":66.75588,"ABW":66.07062,"AUS":85.63006,"AUT":55.797363,"AZE":53.188313,"BHS":74.85323,"BHR":81.37601,"BGD":16.00675,"BRB":63.49609,"BLR":58.665962,"BEL":75.51197,"BLZ":50.84223,"BEN":28.943407,"BMU":100,"BTN":13.855808,"BOL":46.308727,"BES":79.008934,"BIH":36.754192,"BWA":17.231852,"BRA":69.255775,"VGB":25.04053,"BRN":59.378098,"BGR":63.888638,"BFA":9.716013,"BDI":4.692336,"KHM":13.1719055,"CMR":34.104713,"CAN":75.85361,"CPV":26.089247,"CYM":100,"CAF":36.3084,"TCD":19.687307,"CHL":82.26597,"CHN":20.565502,"COL":65.667046,"COM":24.195873,"COG":49.57011,"COK":53.728558,"CRI":43.543736,"CIV":37.734398,"HRV":48.68118,"CUB":69.523415,"CUW":81.709946,"CYP":63.337482,"CZE":75.48925,"COD":27.46922,"DNK":84.112755,"DJI":74.22893,"DMA":49.11025,"DOM":52.641865,"TLS":17.596827,"ECU":48.869896,"EGY":43.928093,"SLV":43.919178,"GNQ":26.297697,"ERI":14.736044,"EST":70.63935,"SWZ":20.639126,"ETH":10.780516,"FLK":60.107574,"FRO":31.772238,"FJI":37.986477,"FIN":63.241924,"FRA":73.35226,"GUF":71.41136,"PYF":58.91915,"GAB":58.54525,"GMB":29.993904,"GEO":52.992527,"DEU":79.94459,"GHA":31.492626,"GIB":100,"GRC":70.02177,"GRL":77.12749,"GRD":33.031597,"GLP":90.32825,"GUM":88.96263,"GTM":32.737343,"GGY":29.158588,"GIN":25.72661,"GNB":19.424261,"GUY":29.5069,"HTI":20.625483,"HND":36.200188,"HKG":92.054474,"HUN":58.506012,"ISL":88.608185,"IND":24.030668,"IDN":23.57242,"IRN":51.39075,"IRQ":67.70454,"IRL":55.83988,"IMN":50.46113,"ISR":89.37659,"ITA":66.89735,"JAM":47.821102,"JPN":76.347496,"JEY":33.78092,"JOR":62.509537,"KAZ":55.06966,"KEN":16.475164,"KIR":32.886223,"KWT":96.50267,"KGZ":38.269543,"LAO":12.927029,"LVA":69.23298,"LBN":77.06245,"LSO":11.248146,"LBR":37.703423,"LBY":73.20449,"LIE":18.17884,"LTU":63.327904,"LUX":80.53726,"MAC":98.716,"MDG":19.214678,"MWI":9.53513,"MYS":36.19095,"MDV":24.335028,"MLI":14.637788,"MLT":89.66698,"MHL":60.601326,"MTQ":82.34455,"MRT":32.656845,"MUS":41.756496,"MYT":17.121456,"MEX":67.49176,"FSM":26.45217,"MDA":41.16958,"MCO":100,"MNG":53.802883,"MNE":45.99182,"MSR":12.5,"MAR":42.626896,"MOZ":14.622217,"MMR":24.73185,"NAM":25.792435,"NRU":100,"NPL":16.112244,"NLD":66.459274,"NCL":58.350407,"NZL":83.56939,"NIC":51.67994,"NER":14.1977,"NGA":28.947145,"NIU":30.252897,"PRK":57.079044,"MKD":54.454582,"MNP":87.19736,"NOR":70.98661,"OMN":59.276142,"PAK":28.67999,"PLW":64.248055,"PSE":62.797382,"PAN":50.38251,"PNG":13.257472,"PRY":42.73139,"PER":65.69472,"PHL":34.238663,"POL":59.187946,"PRT":42.55515,"PRI":69.79476,"QAT":85.40303,"REU":60.64797,"ROU":50.8998,"RUS":70.851814,"RWA":4.910959,"BLM":100,"SHN":43.686558,"KNA":35.815536,"LCA":27.125673,"MAF":100,"SPM":89.63578,"VCT":43.59772,"WSM":21.180933,"SMR":85.395584,"STP":34.470737,"SAU":69.319214,"SEN":36.693928,"SRB":47.179276,"SYC":49.37201,"SLE":31.034891,"SGP":100,"SXM":100,"SVK":53.09759,"SVN":49.44042,"SLB":11.588397,"SOM":27.279888,"ZAF":48.633415,"KOR":59.950565,"SSD":8.490003,"ESP":72.38646,"LKA":21.25999,"SDN":20.310993,"SUR":66.10341,"SWE":83.09446,"CHE":62.444572,"SYR":47.255585,"TWN":71.41077,"TJK":33.87597,"TZA":15.7238245,"THA":17.443974,"TGO":25.428188,"TKL":0,"TON":20.88229,"TTO":52.976276,"TUN":52.14234,"TUR":42.043,"TKM":46.714,"TCA":57.599514,"TUV":31.863827,"UGA":7.146037,"UKR":63.246437,"ARE":80.3044,"GBR":78.57904,"USA":73.90355,"VIR":44.1148,"URY":85.925186,"UZB":41.176575,"VUT":15.61118,"VAT":100,"VEN":80.33137,"VNM":19.114103,"WLF":0,"ESH":81.0247,"YEM":13.953716,"ZMB":39.867115,"ZWE":23.457693}