{"AFG":16.293665,"ALB":34.249268,"DZA":45.81626,"ASM":67.040405,"AND":94.978355,"AGO":28.132513,"AIA":100,"ATG":34.92203,"ARG":84.122246,"ARM":67.01941,"ABW":66.01491,"AUS":85.537224,"AUT":56.685,"AZE":53.150253,"BHS":75.79617,"BHR":82.133,"BGD":16.585682,"BRB":63.5111,"BLR":59.734196,"BEL":75.903244,"BLZ":50.33961,"BEN":29.766535,"BMU":100,"BTN":14.662003,"BOL":47.52743,"BES":78.94907,"BIH":37.146275,"BWA":19.566599,"BRA":70.08292,"VGB":26.713598,"BRN":59.55845,"BGR":64.6458,"BFA":10.354348,"BDI":4.877134,"KHM":13.474809,"CMR":34.935562,"CAN":76.02829,"CPV":28.130646,"CYM":100,"CAF":36.466866,"TCD":19.954988,"CHL":82.43824,"CHN":21.623564,"COL":66.13028,"COM":24.783754,"COG":50.7415,"COK":54.016624,"CRI":43.92704,"CIV":37.967453,"HRV":49.442524,"CUB":70.25987,"CUW":81.97169,"CYP":64.036545,"CZE":75.473206,"COD":27.784147,"DNK":84.27215,"DJI":74.55395,"DMA":50.946823,"DOM":53.051727,"TLS":18.068205,"ECU":49.723225,"EGY":43.94315,"SLV":44.50709,"GNQ":26.317553,"ERI":14.940164,"EST":70.8463,"SWZ":21.425852,"ETH":10.98882,"FLK":61.09734,"FRO":32.061733,"FJI":38.11638,"FIN":63.294495,"FRA":73.41803,"GUF":71.76921,"PYF":58.842697,"GAB":59.93749,"GMB":30.984497,"GEO":53.317432,"DEU":79.95627,"GHA":31.776955,"GIB":100,"GRC":70.25694,"GRL":77.50791,"GRD":33.076694,"GLP":91.23508,"GUM":89.11791,"GTM":32.78955,"GGY":29.117115,"GIN":26.11479,"GNB":20.871391,"GUY":29.513836,"HTI":20.717323,"HND":36.76069,"HKG":92.274124,"HUN":58.80659,"ISL":88.886345,"IND":24.253952,"IDN":24.343319,"IRN":52.11655,"IRQ":68.46563,"IRL":56.00174,"IMN":50.597145,"ISR":89.57096,"ITA":66.884926,"JAM":48.0864,"JPN":76.457275,"JEY":33.77657,"JOR":64.060425,"KAZ":55.565277,"KEN":16.767296,"KIR":33.075672,"KWT":97.24103,"KGZ":38.258705,"LAO":13.2084255,"LVA":69.62044,"LBN":78.22725,"LSO":11.254898,"LBR":38.459545,"LBY":74.33375,"LIE":18.06698,"LTU":64.089874,"LUX":80.60023,"MAC":98.83466,"MDG":19.568424,"MWI":9.731394,"MYS":37.50582,"MDV":24.910912,"MLI":14.923441,"MLT":89.71171,"MHL":61.599285,"MTQ":83.41247,"MRT":34.54448,"MUS":41.700005,"MYT":17.304892,"MEX":68.05597,"FSM":26.42976,"MDA":41.942657,"MCO":100,"MNG":54.562737,"MNE":46.372158,"MSR":12.5,"MAR":43.28838,"MOZ":15.530884,"MMR":24.83705,"NAM":25.883423,"NRU":100,"NPL":16.64861,"NLD":66.92122,"NCL":58.584354,"NZL":83.62886,"NIC":51.939163,"NER":14.424863,"NGA":29.720238,"NIU":30.8674,"PRK":57.20882,"MKD":54.85645,"MNP":87.56969,"NOR":71.10379,"OMN":61.126713,"PAK":28.959438,"PLW":65.54409,"PSE":63.127453,"PAN":50.72494,"PNG":13.508846,"PRY":43.457355,"PER":66.153,"PHL":34.43876,"POL":59.637146,"PRT":43.208965,"PRI":71.36487,"QAT":86.886955,"REU":63.87589,"ROU":51.48315,"RUS":71.29139,"RWA":4.947438,"BLM":100,"SHN":43.65242,"KNA":35.72325,"LCA":27.523249,"MAF":100,"SPM":89.58696,"VCT":43.628223,"WSM":21.028294,"SMR":87.04285,"STP":35.316765,"SAU":70.63467,"SEN":37.03837,"SRB":47.608097,"SYC":49.355434,"SLE":31.413223,"SGP":100,"SXM":100,"SVK":53.752613,"SVN":49.84599,"SLB":11.949015,"SOM":27.497179,"ZAF":48.789394,"KOR":61.54427,"SSD":8.518864,"ESP":72.77495,"LKA":20.999317,"SDN":20.708939,"SUR":66.13027,"SWE":83.09549,"CHE":63.168953,"SYR":47.486206,"TWN":72.03887,"TJK":33.701145,"TZA":16.16635,"THA":17.579643,"TGO":25.811579,"TKL":0,"TON":21.03381,"TTO":53.28776,"TUN":52.51011,"TUR":43.226387,"TKM":46.444984,"TCA":59.502434,"TUV":32.59048,"UGA":7.425207,"UKR":63.807907,"ARE":79.99731,"GBR":78.536545,"USA":74.01635,"VIR":46.868904,"URY":86.3844,"UZB":41.1927,"VUT":16.041473,"VAT":100,"VEN":80.84751,"VNM":19.095621,"WLF":0,"ESH":81.70791,"YEM":14.740189,"ZMB":39.836384,"ZWE":24.097342}