{"AFG":16.464426,"ALB":34.42477,"DZA":46.8809,"ASM":68.23378,"AND":95.28995,"AGO":29.517406,"AIA":100,"ATG":35.040386,"ARG":84.558075,"ARM":67.25692,"ABW":65.939354,"AUS":85.44756,"AUT":57.74117,"AZE":53.119003,"BHS":76.738,"BHR":83.030106,"BGD":17.128859,"BRB":63.524094,"BLR":60.796326,"BEL":76.29167,"BLZ":49.807354,"BEN":30.58049,"BMU":100,"BTN":15.465368,"BOL":48.78898,"BES":78.85505,"BIH":37.501022,"BWA":22.61711,"BRA":70.86074,"VGB":28.563705,"BRN":60.05333,"BGR":65.610374,"BFA":10.946682,"BDI":5.0674415,"KHM":13.777877,"CMR":35.736347,"CAN":76.21805,"CPV":30.485977,"CYM":100,"CAF":36.607323,"TCD":20.199877,"CHL":82.57953,"CHN":23.014269,"COL":66.599174,"COM":25.403683,"COG":51.644257,"COK":54.481804,"CRI":44.36523,"CIV":38.18408,"HRV":50.226994,"CUB":70.82013,"CUW":82.24552,"CYP":64.646095,"CZE":75.45076,"COD":28.1,"DNK":84.42013,"DJI":74.848785,"DMA":53.042263,"DOM":53.399616,"TLS":18.531338,"ECU":50.55514,"EGY":43.95456,"SLV":45.11382,"GNQ":26.619328,"ERI":15.163064,"EST":70.97339,"SWZ":22.065952,"ETH":11.201526,"FLK":62.23815,"FRO":32.308987,"FJI":38.268658,"FIN":63.359867,"FRA":73.487465,"GUF":72.12097,"PYF":58.76404,"GAB":61.2279,"GMB":31.774137,"GEO":53.65216,"DEU":79.966774,"GHA":32.11049,"GIB":100,"GRC":70.47288,"GRL":78.00129,"GRD":33.117302,"GLP":92.08964,"GUM":89.30887,"GTM":32.870106,"GGY":29.0806,"GIN":26.466799,"GNB":22.476768,"GUY":29.522263,"HTI":20.926367,"HND":37.315533,"HKG":92.51234,"HUN":59.110954,"ISL":89.12228,"IND":24.460663,"IDN":25.150524,"IRN":52.841465,"IRQ":69.12673,"IRL":56.148277,"IMN":50.768753,"ISR":89.73035,"ITA":66.86452,"JAM":48.319534,"JPN":76.57437,"JEY":33.772533,"JOR":65.698494,"KAZ":56.036644,"KEN":17.039526,"KIR":33.279465,"KWT":97.74314,"KGZ":38.245316,"LAO":13.499133,"LVA":69.974106,"LBN":79.29639,"LSO":11.264138,"LBR":39.087475,"LBY":75.3228,"LIE":17.92399,"LTU":64.80151,"LUX":80.64846,"MAC":98.95445,"MDG":19.915815,"MWI":9.932261,"MYS":38.989475,"MDV":25.3125,"MLI":15.201915,"MLT":89.75936,"MHL":62.77443,"MTQ":84.415215,"MRT":36.24899,"MUS":41.820583,"MYT":17.545296,"MEX":68.60248,"FSM":26.398264,"MDA":42.758255,"MCO":100,"MNG":55.274284,"MNE":46.69335,"MSR":12.5,"MAR":43.98762,"MOZ":16.523073,"MMR":24.953375,"NAM":25.984018,"NRU":100,"NPL":17.113022,"NLD":67.359924,"NCL":58.773144,"NZL":83.68887,"NIC":52.1872,"NER":14.633719,"NGA":30.496798,"NIU":31.436426,"PRK":57.359245,"MKD":55.231358,"MNP":87.989944,"NOR":71.19986,"OMN":62.86939,"PAK":29.232244,"PLW":66.804436,"PSE":63.442688,"PAN":51.09202,"PNG":13.82311,"PRY":44.28369,"PER":66.58833,"PHL":34.64301,"POL":60.05147,"PRT":43.863544,"PRI":73.03923,"QAT":88.32847,"REU":67.07281,"ROU":52.034508,"RUS":71.63791,"RWA":4.9806247,"BLM":100,"SHN":43.612644,"KNA":35.605072,"LCA":27.917389,"MAF":100,"SPM":89.490364,"VCT":43.656734,"WSM":20.81664,"SMR":88.43391,"STP":36.331097,"SAU":71.84624,"SEN":37.36723,"SRB":48.013504,"SYC":49.335922,"SLE":31.769224,"SGP":100,"SXM":100,"SVK":54.384308,"SVN":50.211117,"SLB":12.290197,"SOM":27.722477,"ZAF":48.976917,"KOR":63.149437,"SSD":8.733112,"ESP":73.14107,"LKA":20.684359,"SDN":21.447489,"SUR":66.16003,"SWE":83.096695,"CHE":63.9593,"SYR":47.699867,"TWN":72.74008,"TJK":33.524616,"TZA":16.590618,"THA":17.701347,"TGO":26.202168,"TKL":0,"TON":21.194542,"TTO":53.583,"TUN":52.967964,"TUR":44.422153,"TKM":46.16627,"TCA":61.680862,"TUV":33.349365,"UGA":7.742547,"UKR":64.42714,"ARE":79.73368,"GBR":78.47758,"USA":74.150055,"VIR":49.869244,"URY":86.8205,"UZB":40.983963,"VUT":16.47114,"VAT":100,"VEN":81.338455,"VNM":19.079992,"WLF":0,"ESH":82.28865,"YEM":15.51393,"ZMB":39.794315,"ZWE":24.83291}