{"AFG":16.621466,"ALB":34.610767,"DZA":47.91151,"ASM":69.45392,"AND":95.39645,"AGO":30.916115,"AIA":100,"ATG":35.150223,"ARG":84.99196,"ARM":67.46137,"ABW":65.85045,"AUS":85.37995,"AUT":58.903248,"AZE":53.220886,"BHS":77.64354,"BHR":84.01004,"BGD":17.640322,"BRB":63.53506,"BLR":61.815037,"BEL":76.67714,"BLZ":49.26985,"BEN":31.37717,"BMU":100,"BTN":16.265484,"BOL":50.069645,"BES":78.73151,"BIH":37.826607,"BWA":26.163643,"BRA":71.59601,"VGB":30.505444,"BRN":60.793488,"BGR":64.95599,"BFA":11.458147,"BDI":5.262217,"KHM":14.08575,"CMR":36.50935,"CAN":76.37847,"CPV":33.028732,"CYM":100,"CAF":36.732224,"TCD":20.422161,"CHL":82.69655,"CHN":23.70691,"COL":67.08072,"COM":26.029799,"COG":52.31233,"COK":55.034233,"CRI":44.873035,"CIV":38.395638,"HRV":51.01046,"CUB":71.071884,"CUW":82.53336,"CYP":65.1941,"CZE":75.42259,"COD":28.424246,"DNK":84.55217,"DJI":75.13327,"DMA":55.27189,"DOM":53.699394,"TLS":18.983778,"ECU":51.375565,"EGY":43.962162,"SLV":45.736397,"GNQ":27.421158,"ERI":15.438906,"EST":71.10914,"SWZ":22.518818,"ETH":11.429762,"FLK":63.528194,"FRO":32.202946,"FJI":38.453465,"FIN":63.47177,"FRA":73.562355,"GUF":72.477234,"PYF":58.67376,"GAB":62.467667,"GMB":32.45406,"GEO":54.00605,"DEU":79.97625,"GHA":32.522408,"GIB":100,"GRC":70.67191,"GRL":78.51165,"GRD":33.15586,"GLP":92.8916,"GUM":89.526535,"GTM":32.978153,"GGY":29.035566,"GIN":26.79739,"GNB":24.176441,"GUY":29.53155,"HTI":21.25077,"HND":37.864426,"HKG":92.82152,"HUN":59.418816,"ISL":89.33039,"IND":24.654829,"IDN":25.991194,"IRN":53.56518,"IRQ":69.65683,"IRL":56.287148,"IMN":50.943867,"ISR":89.8758,"ITA":66.83854,"JAM":48.528,"JPN":76.69306,"JEY":33.766647,"JOR":67.38431,"KAZ":56.460682,"KEN":17.290842,"KIR":33.524784,"KWT":97.908066,"KGZ":38.229454,"LAO":13.797902,"LVA":70.28187,"LBN":80.25903,"LSO":11.276986,"LBR":39.50669,"LBY":76.23286,"LIE":17.758947,"LTU":65.45253,"LUX":80.68724,"MAC":99.07384,"MDG":20.25743,"MWI":10.143407,"MYS":40.599,"MDV":25.512407,"MLI":15.471963,"MLT":89.80703,"MHL":63.998497,"MTQ":85.35043,"MRT":37.68778,"MUS":42.134357,"MYT":17.855268,"MEX":69.13038,"FSM":26.357616,"MDA":43.514675,"MCO":100,"MNG":55.90631,"MNE":46.976173,"MSR":12.5,"MAR":44.70141,"MOZ":17.580175,"MMR":25.077845,"NAM":26.09561,"NRU":100,"NPL":17.530008,"NLD":67.6199,"NCL":58.932667,"NZL":83.76293,"NIC":52.424984,"NER":14.823396,"NGA":31.276064,"NIU":31.87301,"PRK":57.52568,"MKD":55.589287,"MNP":88.42628,"NOR":71.28461,"OMN":64.49175,"PAK":29.498827,"PLW":67.7877,"PSE":63.748695,"PAN":51.484703,"PNG":14.1707325,"PRY":45.188465,"PER":67.0045,"PHL":34.852226,"POL":60.41981,"PRT":44.517666,"PRI":74.79381,"QAT":89.55454,"REU":70.160904,"ROU":52.545715,"RUS":72.03182,"RWA":5.013454,"BLM":100,"SHN":43.563168,"KNA":35.466084,"LCA":28.296106,"MAF":100,"SPM":89.364395,"VCT":43.684525,"WSM":20.61596,"SMR":89.505684,"STP":37.47413,"SAU":72.9395,"SEN":37.67934,"SRB":48.402863,"SYC":49.313496,"SLE":32.10151,"SGP":100,"SXM":100,"SVK":54.97682,"SVN":50.520947,"SLB":12.607059,"SOM":27.961142,"ZAF":49.2,"KOR":64.79528,"SSD":9.153712,"ESP":73.484276,"LKA":20.322906,"SDN":22.573408,"SUR":66.19227,"SWE":83.09868,"CHE":64.79034,"SYR":47.900463,"TWN":73.60732,"TJK":33.338947,"TZA":17.00074,"THA":17.820662,"TGO":26.59955,"TKL":0,"TON":21.36186,"TTO":53.86178,"TUN":53.570854,"TUR":45.582836,"TKM":45.89203,"TCA":64.02423,"TUV":34.2253,"UGA":8.085811,"UKR":65.01487,"ARE":79.518265,"GBR":78.40806,"USA":74.30235,"VIR":53.068317,"URY":87.219,"UZB":40.627758,"VUT":16.89521,"VAT":100,"VEN":81.808136,"VNM":19.067257,"WLF":0,"ESH":82.81789,"YEM":16.268084,"ZMB":39.741962,"ZWE":25.63624}