{"AFG":16.76659,"ALB":34.812542,"DZA":48.87153,"ASM":70.69445,"AND":95.39218,"AGO":32.321815,"AIA":100,"ATG":35.249207,"ARG":85.417816,"ARM":67.62573,"ABW":65.754684,"AUS":85.35324,"AUT":60.108627,"AZE":53.409546,"BHS":78.477615,"BHR":85.015526,"BGD":18.124119,"BRB":63.54399,"BLR":62.798904,"BEL":77.05951,"BLZ":48.751488,"BEN":32.14847,"BMU":100,"BTN":17.061928,"BOL":51.345688,"BES":78.58309,"BIH":38.131203,"BWA":29.986454,"BRA":72.295456,"VGB":32.453403,"BRN":61.70967,"BGR":65.25071,"BFA":11.889314,"BDI":5.4604197,"KHM":14.399689,"CMR":37.25684,"CAN":76.46578,"CPV":35.632412,"CYM":100,"CAF":36.844032,"TCD":20.622028,"CHL":82.797104,"CHN":24.524916,"COL":67.57109,"COM":26.636244,"COG":52.861282,"COK":55.56975,"CRI":45.46782,"CIV":38.613495,"HRV":51.768787,"CUB":71.57743,"CUW":82.837105,"CYP":65.684166,"CZE":75.38934,"COD":28.764488,"DNK":84.66372,"DJI":75.39575,"DMA":57.51102,"DOM":53.964928,"TLS":19.423082,"ECU":52.178436,"EGY":43.965683,"SLV":46.371857,"GNQ":28.612057,"ERI":15.7664385,"EST":71.24589,"SWZ":22.739664,"ETH":11.678935,"FLK":64.9266,"FRO":32.403374,"FJI":38.677948,"FIN":63.590275,"FRA":73.64402,"GUF":72.84748,"PYF":58.569633,"GAB":63.707973,"GMB":33.050457,"GEO":54.40021,"DEU":79.98485,"GHA":33.027275,"GIB":100,"GRC":70.85638,"GRL":79.09837,"GRD":33.19482,"GLP":93.6406,"GUM":89.76198,"GTM":33.112858,"GGY":28.96694,"GIN":27.108534,"GNB":25.90646,"GUY":29.541065,"HTI":21.685947,"HND":38.407078,"HKG":93.327835,"HUN":59.72989,"ISL":89.55528,"IND":24.840475,"IDN":26.86249,"IRN":54.15123,"IRQ":70.0249,"IRL":56.42425,"IMN":51.096516,"ISR":90.00825,"ITA":66.809395,"JAM":48.718914,"JPN":76.813416,"JEY":33.755302,"JOR":69.07844,"KAZ":56.814323,"KEN":17.520233,"KIR":33.804245,"KWT":97.93034,"KGZ":38.211193,"LAO":14.090165,"LVA":70.53158,"LBN":81.10439,"LSO":11.302518,"LBR":36.741203,"LBY":77.13163,"LIE":17.58092,"LTU":66.109634,"LUX":80.72185,"MAC":99.19129,"MDG":20.59385,"MWI":10.370502,"MYS":42.291496,"MDV":25.627962,"MLI":15.732342,"MLT":89.885925,"MHL":65.143234,"MTQ":86.21725,"MRT":38.77824,"MUS":42.56415,"MYT":18.825474,"MEX":69.63877,"FSM":26.307747,"MDA":44.28333,"MCO":100,"MNG":56.42759,"MNE":47.24139,"MSR":12.5,"MAR":45.419167,"MOZ":18.68358,"MMR":25.210009,"NAM":26.219585,"NRU":100,"NPL":17.924095,"NLD":67.97035,"NCL":59.07265,"NZL":83.87156,"NIC":52.65346,"NER":14.993016,"NGA":32.057285,"NIU":32.08701,"PRK":57.703484,"MKD":55.940216,"MNP":88.84685,"NOR":71.367836,"OMN":65.98139,"PAK":29.759605,"PLW":68.32078,"PSE":64.05109,"PAN":51.903954,"PNG":14.522186,"PRY":46.14891,"PER":67.40531,"PHL":35.067215,"POL":60.73106,"PRT":45.1701,"PRI":76.60458,"QAT":90.4232,"REU":73.06238,"ROU":53.008606,"RUS":72.46613,"RWA":5.0488605,"BLM":100,"SHN":43.49991,"KNA":35.311367,"LCA":28.647423,"MAF":100,"SPM":89.22649,"VCT":43.712856,"WSM":20.49879,"SMR":90.19509,"STP":38.70625,"SAU":73.9,"SEN":37.973507,"SRB":48.783527,"SYC":49.28818,"SLE":32.41254,"SGP":100,"SXM":100,"SVK":55.514297,"SVN":50.76064,"SLB":12.893478,"SOM":28.21853,"ZAF":49.55951,"KOR":66.57711,"SSD":9.727679,"ESP":73.804016,"LKA":19.922749,"SDN":23.956705,"SUR":66.22661,"SWE":83.11172,"CHE":65.6368,"SYR":48.091873,"TWN":74.79295,"TJK":33.13672,"TZA":17.40083,"THA":17.94917,"TGO":27.00332,"TKL":0,"TON":21.533146,"TTO":54.123898,"TUN":54.32494,"TUR":46.710163,"TKM":45.636425,"TCA":66.42197,"TUV":35.24878,"UGA":8.442751,"UKR":65.54408,"ARE":79.33513,"GBR":78.3339,"USA":74.47094,"VIR":56.418613,"URY":87.59249,"UZB":40.54156,"VUT":17.308712,"VAT":100,"VEN":82.2605,"VNM":19.057455,"WLF":0,"ESH":83.29684,"YEM":17.006712,"ZMB":39.68039,"ZWE":26.47655}