{"AFG":16.901604,"ALB":35.035366,"DZA":49.732536,"ASM":71.94899,"AND":95.377365,"AGO":33.727676,"AIA":100,"ATG":35.335014,"ARG":85.82959,"ARM":67.74296,"ABW":65.65855,"AUS":85.35812,"AUT":61.294693,"AZE":53.516937,"BHS":79.20505,"BHR":85.98929,"BGD":18.584291,"BRB":63.550877,"BLR":63.82526,"BEL":77.438644,"BLZ":48.276653,"BEN":32.886295,"BMU":100,"BTN":17.854282,"BOL":52.593384,"BES":78.41444,"BIH":38.422993,"BWA":33.865795,"BRA":72.96583,"VGB":34.322178,"BRN":62.732628,"BGR":66.00165,"BFA":12.265589,"BDI":5.661007,"KHM":14.720309,"CMR":37.98174,"CAN":76.49794,"CPV":38.17051,"CYM":100,"CAF":36.945198,"TCD":20.799665,"CHL":82.88903,"CHN":25.319305,"COL":68.05865,"COM":27.197163,"COG":53.352566,"COK":56.100765,"CRI":46.14287,"CIV":38.849026,"HRV":52.477837,"CUB":72.14591,"CUW":83.15865,"CYP":66.11987,"CZE":75.35168,"COD":29.12018,"DNK":84.75024,"DJI":75.62827,"DMA":59.634983,"DOM":54.210083,"TLS":19.846802,"ECU":52.957695,"EGY":43.951435,"SLV":47.01724,"GNQ":30.08081,"ERI":16.198496,"EST":71.33102,"SWZ":22.801311,"ETH":11.942681,"FLK":66.848274,"FRO":32.8751,"FJI":39.02387,"FIN":63.69999,"FRA":73.73377,"GUF":73.2412,"PYF":58.450832,"GAB":65,"GMB":33.59213,"GEO":54.874348,"DEU":79.99271,"GHA":33.61172,"GIB":100,"GRC":71.028625,"GRL":79.42323,"GRD":33.23662,"GLP":94.336296,"GUM":90.00625,"GTM":33.273365,"GGY":28.859053,"GIN":27.403051,"GNB":27.602873,"GUY":29.550177,"HTI":22.227308,"HND":38.94319,"HKG":94.50971,"HUN":60.04388,"ISL":89.82773,"IND":25.02163,"IDN":27.761574,"IRN":54.826153,"IRQ":70.196396,"IRL":56.551044,"IMN":51.254616,"ISR":90.12912,"ITA":66.779495,"JAM":48.899395,"JPN":76.94029,"JEY":33.72526,"JOR":70.74144,"KAZ":57.074493,"KEN":17.726686,"KIR":34.094517,"KWT":97.94754,"KGZ":38.19061,"LAO":14.372065,"LVA":70.71112,"LBN":81.821655,"LSO":11.462566,"LBR":40.748215,"LBY":78.01875,"LIE":17.39898,"LTU":66.787994,"LUX":80.75755,"MAC":99.305305,"MDG":20.925657,"MWI":10.618653,"MYS":44.024055,"MDV":25.7284,"MLI":15.981036,"MLT":90.06382,"MHL":66.08038,"MTQ":87.01479,"MRT":39.437775,"MUS":43.03279,"MYT":21.015043,"MEX":70.12676,"FSM":26.248587,"MDA":45.305363,"MCO":100,"MNG":56.8069,"MNE":47.50978,"MSR":12.5,"MAR":46.15452,"MOZ":19.814678,"MMR":25.34927,"NAM":26.35734,"NRU":100,"NPL":18.319807,"NLD":68.161835,"NCL":59.20282,"NZL":84.05326,"NIC":52.873577,"NER":15.1417055,"NGA":32.839706,"NIU":32.00562,"PRK":57.888016,"MKD":56.29413,"MNP":89.21981,"NOR":71.459335,"OMN":67.325874,"PAK":30.014997,"PLW":68.6666,"PSE":64.35548,"PAN":52.35074,"PNG":14.8479395,"PRY":47.142246,"PER":67.79455,"PHL":35.28879,"POL":60.97411,"PRT":45.81962,"PRI":78.44751,"QAT":91.112686,"REU":75.699425,"ROU":53.415024,"RUS":72.87533,"RWA":5.0897775,"BLM":100,"SHN":43.411263,"KNA":35.146008,"LCA":28.959349,"MAF":100,"SPM":89.09404,"VCT":43.743004,"WSM":20.510172,"SMR":90.43904,"STP":39.98786,"SAU":74.77073,"SEN":38.24856,"SRB":49.16286,"SYC":49.26,"SLE":32.70071,"SGP":100,"SXM":100,"SVK":55.98089,"SVN":50.91534,"SLB":13.14976,"SOM":28.5,"ZAF":50.09861,"KOR":68.56284,"SSD":10.408742,"ESP":74.09975,"LKA":19.49168,"SDN":25.491709,"SUR":66.26263,"SWE":83.159256,"CHE":66.47343,"SYR":48.277985,"TWN":75.5525,"TJK":32.910496,"TZA":17.794992,"THA":18.09845,"TGO":27.41307,"TKL":0,"TON":21.705772,"TTO":54.369152,"TUN":55.188175,"TUR":47.84027,"TKM":45.41363,"TCA":68.763504,"TUV":36.3596,"UGA":8.801122,"UKR":66.08044,"ARE":79.16177,"GBR":78.26102,"USA":74.65351,"VIR":59.87262,"URY":87.96879,"UZB":40.641464,"VUT":17.706673,"VAT":100,"VEN":82.69947,"VNM":19.050621,"WLF":0,"ESH":83.726715,"YEM":17.766607,"ZMB":39.610653,"ZWE":27.323063}