{"AFG":17.02831,"ALB":35.284523,"DZA":50.5447,"ASM":73.21116,"AND":95.34898,"AGO":35.12688,"AIA":100,"ATG":35.405315,"ARG":86.221214,"ARM":67.80601,"ABW":65.56853,"AUS":85.36974,"AUT":62.39883,"AZE":53.732677,"BHS":79.79067,"BHR":86.874054,"BGD":19.024885,"BRB":63.55571,"BLR":64.90213,"BEL":77.81444,"BLZ":47.86973,"BEN":33.58254,"BMU":100,"BTN":18.642128,"BOL":53.789,"BES":78.23019,"BIH":38.71014,"BWA":37.581924,"BRA":73.61386,"VGB":36.026356,"BRN":63.793102,"BGR":66.70301,"BFA":12.60881,"BDI":5.8629375,"KHM":15.046316,"CMR":38.693413,"CAN":76.5177,"CPV":40.51652,"CYM":100,"CAF":37.03818,"TCD":20.955257,"CHL":82.98014,"CHN":25.814672,"COL":68.541176,"COM":27.686693,"COG":53.79619,"COK":56.739902,"CRI":46.891212,"CIV":39.111702,"HRV":53.113483,"CUB":72.67814,"CUW":83.4999,"CYP":66.50483,"CZE":75.31026,"COD":29.490774,"DNK":84.807175,"DJI":75.8229,"DMA":61.519096,"DOM":54.448715,"TLS":20.252491,"ECU":53.70729,"EGY":43.87268,"SLV":47.669575,"GNQ":31.716206,"ERI":16.682295,"EST":71.405014,"SWZ":22.850784,"ETH":12.215277,"FLK":69.85252,"FRO":33.01869,"FJI":39.57783,"FIN":63.7959,"FRA":73.83294,"GUF":73.66787,"PYF":58.317722,"GAB":66.38483,"GMB":34.10787,"GEO":55.44032,"DEU":79.99998,"GHA":34.265812,"GIB":100,"GRC":71.191,"GRL":79.543465,"GRD":33.28371,"GLP":94.97833,"GUM":90.2504,"GTM":33.45884,"GGY":28.717535,"GIN":27.683762,"GNB":29.20173,"GUY":29.558256,"HTI":22.870268,"HND":39.472168,"HKG":96.24232,"HUN":60.360508,"ISL":90.12169,"IND":25.202316,"IDN":28.685608,"IRN":55.365807,"IRQ":70.17168,"IRL":56.666073,"IMN":51.428745,"ISR":90.23985,"ITA":66.75125,"JAM":49.076565,"JPN":77.07211,"JEY":33.672462,"JOR":72.33389,"KAZ":57.21812,"KEN":17.909193,"KIR":34.391445,"KWT":97.95926,"KGZ":38.167786,"LAO":14.652979,"LVA":70.80836,"LBN":82.4,"LSO":11.801714,"LBR":41.321365,"LBY":78.89084,"LIE":17.222197,"LTU":67.400246,"LUX":80.799644,"MAC":99.41433,"MDG":21.253431,"MWI":10.905397,"MYS":45.753777,"MDV":25.803343,"MLI":16.213291,"MLT":90.329575,"MHL":66.661934,"MTQ":87.7422,"MRT":39.59781,"MUS":43.463097,"MYT":24.127098,"MEX":70.593445,"FSM":26.18007,"MDA":46.43444,"MCO":100,"MNG":57.013023,"MNE":47.802113,"MSR":12.5,"MAR":46.947495,"MOZ":20.954855,"MMR":25.495033,"NAM":26.510262,"NRU":100,"NPL":18.741667,"NLD":68.42977,"NCL":59.332905,"NZL":84.29602,"NIC":53.08627,"NER":15.268026,"NGA":33.622574,"NIU":31.66242,"PRK":58.074635,"MKD":56.661003,"MNP":89.51332,"NOR":71.5689,"OMN":68.5128,"PAK":30.265423,"PLW":68.94439,"PSE":64.66747,"PAN":52.82602,"PNG":15.1184635,"PRY":48.1457,"PER":68.17601,"PHL":35.517773,"POL":61.13217,"PRT":46.464996,"PRI":80.298546,"QAT":91.76371,"REU":77.99422,"ROU":53.756798,"RUS":73.23318,"RWA":5.1391406,"BLM":100,"SHN":43.263096,"KNA":34.97509,"LCA":29.219904,"MAF":100,"SPM":88.984474,"VCT":43.776237,"WSM":20.619831,"SMR":90.43916,"STP":41.279358,"SAU":75.59169,"SEN":38.50315,"SRB":49.548225,"SYC":49.200756,"SLE":32.96931,"SGP":100,"SXM":100,"SVK":56.360737,"SVN":50.970207,"SLB":13.377562,"SOM":28.796944,"ZAF":50.73475,"KOR":70.58778,"SSD":11.150631,"ESP":74.370926,"LKA":19.037489,"SDN":27.072746,"SUR":66.29993,"SWE":83.232124,"CHE":67.27493,"SYR":48.462685,"TWN":75.9375,"TJK":32.652855,"TZA":18.188154,"THA":18.280083,"TGO":27.828398,"TKL":0,"TON":21.87712,"TTO":54.597332,"TUN":56.122955,"TUR":48.956005,"TKM":45.237816,"TCA":70.938286,"TUV":37.502945,"UGA":9.148679,"UKR":66.62822,"ARE":78.99335,"GBR":78.19533,"USA":74.847755,"VIR":63.382835,"URY":88.34817,"UZB":40.802757,"VUT":18.084124,"VAT":100,"VEN":83.12898,"VNM":19.046797,"WLF":0,"ESH":84.10871,"YEM":18.560423,"ZMB":39.53381,"ZWE":28.145002}