{"AFG":17.14852,"ALB":35.56699,"DZA":51.34849,"ASM":74.47458,"AND":95.30401,"AGO":36.512596,"AIA":100,"ATG":35.457783,"ARG":86.58662,"ARM":67.801285,"ABW":65.49112,"AUS":85.383606,"AUT":63.35842,"AZE":54.12393,"BHS":80.19931,"BHR":87.61256,"BGD":19.449942,"BRB":63.558475,"BLR":65.82656,"BEL":78.18674,"BLZ":47.555115,"BEN":34.229095,"BMU":100,"BTN":19.425041,"BOL":54.908806,"BES":78.03498,"BIH":39.00083,"BWA":40.915096,"BRA":74.24631,"VGB":37.480534,"BRN":64.821846,"BGR":67.31308,"BFA":12.928607,"BDI":6.06517,"KHM":15.3776865,"CMR":39.396168,"CAN":76.53407,"CPV":42.543945,"CYM":100,"CAF":37.12438,"TCD":21.088993,"CHL":83.078255,"CHN":26.210249,"COL":69.018585,"COM":28.07898,"COG":54.20214,"COK":57.413967,"CRI":47.705856,"CIV":39.392567,"HRV":53.651585,"CUB":73.25338,"CUW":83.86275,"CYP":66.84262,"CZE":75.26575,"COD":29.875721,"DNK":84.83,"DJI":75.97169,"DMA":63.038685,"DOM":54.694695,"TLS":20.637705,"ECU":54.42116,"EGY":43.739834,"SLV":48.3259,"GNQ":33.40703,"ERI":17.674358,"EST":71.43386,"SWZ":22.895306,"ETH":12.491002,"FLK":73.05469,"FRO":33.35766,"FJI":40.300617,"FIN":63.836563,"FRA":73.94284,"GUF":74.13698,"PYF":58.146675,"GAB":67.83039,"GMB":34.626476,"GEO":55.320805,"DEU":80.0068,"GHA":34.979618,"GIB":100,"GRC":71.34584,"GRL":79.738106,"GRD":33.33853,"GLP":95.566376,"GUM":90.48548,"GTM":33.668423,"GGY":28.55895,"GIN":27.953485,"GNB":30.639084,"GUY":29.564667,"HTI":23.61024,"HND":39.98804,"HKG":98.00574,"HUN":60.679478,"ISL":90.39741,"IND":25.386566,"IDN":29.63175,"IRN":55.910778,"IRQ":69.99975,"IRL":56.781784,"IMN":51.58732,"ISR":90.34187,"ITA":66.72707,"JAM":49.257538,"JPN":77.20639,"JEY":33.601418,"JOR":73.816345,"KAZ":57.234795,"KEN":18.066877,"KIR":34.689793,"KWT":97.967384,"KGZ":38.120266,"LAO":14.940843,"LVA":70.80532,"LBN":82.88973,"LSO":12.2854805,"LBR":41.865986,"LBY":79.74449,"LIE":17.059645,"LTU":67.66949,"LUX":80.853386,"MAC":99.51686,"MDG":21.577753,"MWI":11.245059,"MYS":47.437748,"MDV":25.847242,"MLI":16.42834,"MLT":90.66,"MHL":66.91626,"MTQ":88.398605,"MRT":39.558052,"MUS":43.777893,"MYT":27.848701,"MEX":71.03793,"FSM":26.10213,"MDA":47.179615,"MCO":100,"MNG":57.038517,"MNE":48.13916,"MSR":12.5,"MAR":47.705734,"MOZ":22.085505,"MMR":25.646706,"NAM":26.679739,"NRU":100,"NPL":19.214201,"NLD":68.7695,"NCL":59.470264,"NZL":84.553856,"NIC":53.29248,"NER":15.367456,"NGA":34.40513,"NIU":31.203821,"PRK":58.2587,"MKD":57.050816,"MNP":89.69553,"NOR":71.70634,"OMN":69.52974,"PAK":30.5113,"PLW":69.21157,"PSE":64.9927,"PAN":53.33076,"PNG":15.30423,"PRY":49.136497,"PER":68.5535,"PHL":35.754963,"POL":61.22598,"PRT":47.105007,"PRI":82.133675,"QAT":92.36684,"REU":79.868965,"ROU":54.025776,"RUS":73.555565,"RWA":5.1998835,"BLM":100,"SHN":43.045216,"KNA":34.8037,"LCA":29.417103,"MAF":100,"SPM":88.9152,"VCT":43.81382,"WSM":20.783491,"SMR":90.441986,"STP":42.541126,"SAU":76.34399,"SEN":38.735508,"SRB":49.94698,"SYC":49.08323,"SLE":33.220722,"SGP":100,"SXM":100,"SVK":56.637985,"SVN":50.26353,"SLB":13.5832815,"SOM":29.098055,"ZAF":51.38539,"KOR":72.466034,"SSD":11.907077,"ESP":74.617004,"LKA":18.567968,"SDN":28.594147,"SUR":66.33812,"SWE":83.318375,"CHE":68.01606,"SYR":48.649853,"TWN":75.950005,"TJK":32.330803,"TZA":18.570684,"THA":18.505648,"TGO":28.248894,"TKL":0,"TON":22.044561,"TTO":54.80824,"TUN":57.09167,"TUR":50.02976,"TKM":45.11273,"TCA":72.83573,"TUV":38.623222,"UGA":9.473173,"UKR":67.086334,"ARE":78.83347,"GBR":78.14274,"USA":75.05136,"VIR":66.90174,"URY":88.724846,"UZB":40.615242,"VUT":18.436312,"VAT":100,"VEN":83.55298,"VNM":19.053053,"WLF":0,"ESH":84.44405,"YEM":19.370174,"ZMB":39.450916,"ZWE":28.911587}