{"AFG":17.264034,"ALB":35.89705,"DZA":52.142128,"ASM":75.75476,"AND":94.76589,"AGO":37.878002,"AIA":100,"ATG":35.49009,"ARG":86.91973,"ARM":67.715706,"ABW":65.432816,"AUS":85.395195,"AUT":64.110855,"AZE":53.696068,"BHS":80.401535,"BHR":88.147514,"BGD":19.863508,"BRB":63.558647,"BLR":66.42698,"BEL":78.55543,"BLZ":47.35719,"BEN":34.81787,"BMU":100,"BTN":20.202604,"BOL":55.92907,"BES":77.833466,"BIH":39.303238,"BWA":43.645565,"BRA":74.8699,"VGB":38.599297,"BRN":65.7496,"BGR":67.0388,"BFA":13.234606,"BDI":6.2668877,"KHM":15.71575,"CMR":40.088737,"CAN":76.55644,"CPV":44.12794,"CYM":100,"CAF":37.2008,"TCD":21.201061,"CHL":83.1912,"CHN":26.195702,"COL":69.49076,"COM":28.348162,"COG":54.580425,"COK":58.004883,"CRI":48.579823,"CIV":39.684544,"HRV":54.068016,"CUB":73.72799,"CUW":84.24909,"CYP":67.13684,"CZE":75.21879,"COD":30.274475,"DNK":84.835884,"DJI":76.0667,"DMA":64.06906,"DOM":54.961876,"TLS":21,"ECU":55.089672,"EGY":43.568882,"SLV":48.983257,"GNQ":35.042057,"ERI":18.568495,"EST":71.26958,"SWZ":22.9348,"ETH":12.764134,"FLK":75.394226,"FRO":33.479263,"FJI":41.14713,"FIN":63.87722,"FRA":74.0676,"GUF":74.67985,"PYF":57.914814,"GAB":69.278175,"GMB":35.176746,"GEO":55.1372,"DEU":80.01332,"GHA":35.743214,"GIB":100,"GRC":71.49549,"GRL":79.97266,"GRD":33.403534,"GLP":96.10006,"GUM":90.70673,"GTM":33.90128,"GGY":28.398966,"GIN":28.215042,"GNB":31.850983,"GUY":29.56878,"HTI":24.442636,"HND":40.48774,"HKG":99.31056,"HUN":61.000504,"ISL":90.60591,"IND":25.578402,"IDN":30.594519,"IRN":56.461113,"IRQ":69.719734,"IRL":56.909595,"IMN":51.70202,"ISR":90.436615,"ITA":66.709366,"JAM":49.449436,"JPN":77.340416,"JEY":33.516,"JOR":75.14937,"KAZ":57.20786,"KEN":18.196295,"KIR":34.98622,"KWT":97.973785,"KGZ":37.97101,"LAO":15.243595,"LVA":70.69985,"LBN":83.34778,"LSO":12.882508,"LBR":43.335117,"LBY":80.57635,"LIE":16.92145,"LTU":67.65042,"LUX":80.92406,"MAC":99.61136,"MDG":21.899204,"MWI":11.624925,"MYS":49.033066,"MDV":25.8521,"MLI":16.631279,"MLT":91.03193,"MHL":67.076996,"MTQ":88.98904,"MRT":39.470497,"MUS":43.9,"MYT":31.86691,"MEX":71.45901,"FSM":26.0147,"MDA":46.978603,"MCO":100,"MNG":57.02175,"MNE":48.541695,"MSR":12.5,"MAR":48.433865,"MOZ":23.188013,"MMR":25.803688,"NAM":26.867165,"NRU":100,"NPL":19.761936,"NLD":68.98739,"NCL":59.602394,"NZL":84.78408,"NIC":53.49315,"NER":15.448037,"NGA":35.18662,"NIU":30.774916,"PRK":58.435577,"MKD":57.473553,"MNP":89.738464,"NOR":71.87686,"OMN":70.36428,"PAK":30.753044,"PLW":69.53148,"PSE":65.336754,"PAN":53.871277,"PNG":15.375679,"PRY":50.09186,"PER":68.9308,"PHL":36.00118,"POL":61.300915,"PRT":47.738426,"PRI":83.928856,"QAT":92.92374,"REU":81.27056,"ROU":54.21379,"RUS":73.71161,"RWA":5.2749405,"BLM":100,"SHN":42.77589,"KNA":34.636913,"LCA":29.538963,"MAF":100,"SPM":88.900085,"VCT":43.85702,"WSM":20.96201,"SMR":90.50813,"STP":43.73357,"SAU":77.008736,"SEN":38.946655,"SRB":50.36649,"SYC":48.908886,"SLE":33.45733,"SGP":100,"SXM":100,"SVK":56.796787,"SVN":50.58356,"SLB":13.7716875,"SOM":29.40464,"ZAF":51.96799,"KOR":73.985115,"SSD":12.631808,"ESP":74.83743,"LKA":18.090908,"SDN":29.95024,"SUR":66.376785,"SWE":83.404175,"CHE":68.662384,"SYR":48.84338,"TWN":76.06964,"TJK":31.883514,"TZA":18.92913,"THA":18.807148,"TGO":28.674152,"TKL":0,"TON":22.205477,"TTO":55.001667,"TUN":58.056717,"TUR":51.031395,"TKM":45.001495,"TCA":74.352356,"TUV":39.664837,"UGA":9.762361,"UKR":67.411194,"ARE":78.68577,"GBR":78.10918,"USA":75.26855,"VIR":70.38184,"URY":89.09301,"UZB":40.771595,"VUT":18.766605,"VAT":100,"VEN":83.974106,"VNM":19.173504,"WLF":0,"ESH":84.73394,"YEM":20.182053,"ZMB":39.36399,"ZWE":29.592041}