{"AFG":17.37666,"ALB":36.282413,"DZA":52.92718,"ASM":77.188644,"AND":94.31356,"AGO":39.21627,"AIA":100,"ATG":35.499268,"ARG":87.21503,"ARM":67.54899,"ABW":65.400925,"AUS":85.4,"AUT":64.60096,"AZE":53.241467,"BHS":80.50033,"BHR":88.41417,"BGD":20.266685,"BRB":63.54028,"BLR":67.00629,"BEL":78.92038,"BLZ":47.299236,"BEN":35.340755,"BMU":100,"BTN":20.974398,"BOL":56.826057,"BES":77.63027,"BIH":39.623882,"BWA":45.539635,"BRA":75.49345,"VGB":39.297245,"BRN":66.502975,"BGR":67.08803,"BFA":13.536431,"BDI":6.4628143,"KHM":16.05975,"CMR":40.770164,"CAN":76.59538,"CPV":45.396732,"CYM":100,"CAF":37.26823,"TCD":21.291645,"CHL":83.32679,"CHN":26.940247,"COL":69.9576,"COM":28.46694,"COG":54.941044,"COK":58.38225,"CRI":49.506126,"CIV":39.98738,"HRV":54.34754,"CUB":74.14485,"CUW":84.66084,"CYP":67.39109,"CZE":75.16629,"COD":30.686487,"DNK":84.853714,"DJI":76.1,"DMA":64.4978,"DOM":55.264133,"TLS":21.3397,"ECU":55.72807,"EGY":43.37581,"SLV":49.63867,"GNQ":36.510086,"ERI":19.83007,"EST":70.95587,"SWZ":22.969183,"ETH":13.028953,"FLK":75.77979,"FRO":33.720417,"FJI":42.072285,"FIN":63.970184,"FRA":74.21979,"GUF":75.41559,"PYF":57.640793,"GAB":70.66963,"GMB":35.787483,"GEO":54.90294,"DEU":80.01969,"GHA":36.546673,"GIB":100,"GRC":71.64024,"GRL":80.17405,"GRD":33.483864,"GLP":96.57905,"GUM":90.93937,"GTM":34.15656,"GGY":28.24948,"GIN":28.471252,"GNB":32.75165,"GUY":29.569626,"HTI":25.362871,"HND":40.974777,"HKG":99.735855,"HUN":61.32329,"ISL":90.90109,"IND":25.77976,"IDN":31.599195,"IRN":56.899284,"IRQ":69.36442,"IRL":57.061558,"IMN":51.747375,"ISR":90.52551,"ITA":66.70073,"JAM":49.658512,"JPN":77.47448,"JEY":33.4054,"JOR":76.293526,"KAZ":57.154266,"KEN":18.29832,"KIR":35.25813,"KWT":97.98035,"KGZ":37.70774,"LAO":15.569171,"LVA":70.497765,"LBN":83.77329,"LSO":13.561439,"LBR":58,"LBY":81.383,"LIE":16.81236,"LTU":67.61302,"LUX":81.025116,"MAC":99.6963,"MDG":22.218367,"MWI":12.030942,"MYS":50.492348,"MDV":25.803099,"MLI":16.82665,"MLT":91.42218,"MHL":67.20327,"MTQ":89.55853,"MRT":39.345066,"MUS":43.864613,"MYT":35.817303,"MEX":71.8594,"FSM":25.917707,"MDA":46.909477,"MCO":100,"MNG":56.990078,"MNE":49.041557,"MSR":12.5,"MAR":49.15268,"MOZ":24.24377,"MMR":25.965385,"NAM":27.071577,"NRU":100,"NPL":20.409395,"NLD":69.207275,"NCL":59.722572,"NZL":84.95032,"NIC":53.68922,"NER":15.517103,"NGA":35.965763,"NIU":30.52627,"PRK":58.600616,"MKD":57.927975,"MNP":89.71445,"NOR":72.15864,"OMN":71.004,"PAK":30.99108,"PLW":69.95173,"PSE":65.705246,"PAN":54.52775,"PNG":15.322135,"PRY":50.989025,"PER":69.31172,"PHL":36.257233,"POL":61.37089,"PRT":48.36586,"PRI":85.66005,"QAT":93.4361,"REU":82.41267,"ROU":54.31268,"RUS":73.70951,"RWA":5.3628736,"BLM":100,"SHN":42.469894,"KNA":34.4787,"LCA":29.573698,"MAF":100,"SPM":88.90107,"VCT":43.90756,"WSM":21.112326,"SMR":90.683945,"STP":44.81529,"SAU":77.56704,"SEN":39.140224,"SRB":50.815166,"SYC":48.679203,"SLE":33.68151,"SGP":100,"SXM":100,"SVK":56.82719,"SVN":50.527096,"SLB":13.947548,"SOM":29.71801,"ZAF":52.4,"KOR":75.1606,"SSD":13.278555,"ESP":75.0307,"LKA":17.6141,"SDN":31.035353,"SUR":66.415535,"SWE":83.49507,"CHE":69.24142,"SYR":49.04715,"TWN":76.93036,"TJK":31.296041,"TZA":19.267143,"THA":19.356846,"TGO":29.103771,"TKL":0,"TON":22.357243,"TTO":55.17741,"TUN":58.980484,"TUR":51.949085,"TKM":44.89481,"TCA":75.631165,"TUV":40.563683,"UGA":10.005323,"UKR":67.691284,"ARE":78.55386,"GBR":78.102066,"USA":75.543015,"VIR":73.77562,"URY":89.446884,"UZB":41.084522,"VUT":19.081615,"VAT":100,"VEN":84.4092,"VNM":19.43968,"WLF":0,"ESH":84.97958,"YEM":20.982248,"ZMB":39.25365,"ZWE":30.155584}