{"AFG":17.488203,"ALB":36.718426,"DZA":53.70523,"ASM":78.82002,"AND":94.0108,"AGO":40.520576,"AIA":100,"ATG":35.426495,"ARG":87.48159,"ARM":67.31897,"ABW":65.39059,"AUS":85.39076,"AUT":64.94999,"AZE":52.91855,"BHS":80.581154,"BHR":88.43773,"BGD":20.648333,"BRB":63.496033,"BLR":67.320854,"BEL":79.281456,"BLZ":47.31571,"BEN":35.78976,"BMU":100,"BTN":21.739998,"BOL":57.577667,"BES":77.43005,"BIH":39.952553,"BWA":46.79853,"BRA":76.09109,"VGB":39.745758,"BRN":67.12181,"BGR":67.15069,"BFA":13.843713,"BDI":6.6488056,"KHM":16.40975,"CMR":41.439507,"CAN":76.73528,"CPV":46.564476,"CYM":100,"CAF":37.328064,"TCD":21.360935,"CHL":83.49593,"CHN":27.45987,"COL":70.41902,"COM":28.465668,"COG":55.29399,"COK":58.521523,"CRI":50.477787,"CIV":40.30032,"HRV":54.567585,"CUB":74.41409,"CUW":85.09988,"CYP":67.60746,"CZE":75.09014,"COD":31.111212,"DNK":84.88295,"DJI":76.05056,"DMA":64.632835,"DOM":55.61532,"TLS":21.661634,"ECU":56.362793,"EGY":43.17659,"SLV":50.287285,"GNQ":37.699894,"ERI":21.431534,"EST":70.53333,"SWZ":22.998377,"ETH":13.279736,"FLK":73.95898,"FRO":34.023388,"FJI":43.030987,"FIN":64.095474,"FRA":74.40511,"GUF":76.36517,"PYF":57.34558,"GAB":71.94626,"GMB":36.487476,"GEO":54.630367,"DEU":80.026054,"GHA":37.38006,"GIB":100,"GRC":71.77121,"GRL":80.299,"GRD":33.630463,"GLP":97.00299,"GUM":91.19844,"GTM":34.43342,"GGY":28.086243,"GIN":28.724936,"GNB":33.4003,"GUY":29.552866,"HTI":26.366358,"HND":41.45239,"HKG":99.8255,"HUN":61.64756,"ISL":91.14564,"IND":25.980858,"IDN":32.691498,"IRN":57.85004,"IRQ":68.96658,"IRL":57.248207,"IMN":51.76023,"ISR":90.60999,"ITA":66.7047,"JAM":49.879364,"JPN":77.6108,"JEY":33.189888,"JOR":77.20938,"KAZ":57.07851,"KEN":18.38035,"KIR":35.48834,"KWT":97.988945,"KGZ":37.36718,"LAO":15.925507,"LVA":70.22445,"LBN":84.165436,"LSO":14.290913,"LBR":56.436256,"LBY":82.16109,"LIE":16.728199,"LTU":67.56098,"LUX":81.2002,"MAC":99.770164,"MDG":22.535818,"MWI":12.449056,"MYS":51.862858,"MDV":25.717026,"MLI":17.019005,"MLT":91.80756,"MHL":67.303894,"MTQ":90.13113,"MRT":39.191113,"MUS":43.765995,"MYT":40.114437,"MEX":72.24061,"FSM":25.811087,"MDA":46.382458,"MCO":100,"MNG":56.947697,"MNE":49.72315,"MSR":12.5,"MAR":49.810154,"MOZ":25.234169,"MMR":26.131205,"NAM":27.3243,"NRU":100,"NPL":21.16961,"NLD":69.30875,"NCL":59.840023,"NZL":85.08067,"NIC":53.881634,"NER":15.586744,"NGA":36.745644,"NIU":30.662855,"PRK":58.749184,"MKD":58.55681,"MNP":89.66931,"NOR":72.649536,"OMN":71.436485,"PAK":31.225819,"PLW":70.427704,"PSE":66.103806,"PAN":55.337612,"PNG":15.1695385,"PRY":51.801235,"PER":69.70005,"PHL":36.523937,"POL":61.435715,"PRT":49.002872,"PRI":87.30323,"QAT":93.905594,"REU":83.43653,"ROU":54.313057,"RUS":73.38229,"RWA":5.6633472,"BLM":100,"SHN":42.14199,"KNA":34.315544,"LCA":29.540867,"MAF":100,"SPM":88.903305,"VCT":43.973026,"WSM":21.226597,"SMR":90.94864,"STP":45.79683,"SAU":78,"SEN":39.319706,"SRB":51.299316,"SYC":48.395653,"SLE":33.895645,"SGP":100,"SXM":100,"SVK":56.807175,"SVN":50.66313,"SLB":14.115631,"SOM":30.039474,"ZAF":52.680508,"KOR":76.19607,"SSD":13.801047,"ESP":75.19911,"LKA":17.145334,"SDN":31.743818,"SUR":66.45396,"SWE":83.60789,"CHE":69.82006,"SYR":49.265045,"TWN":77.27143,"TJK":30.617737,"TZA":19.5896,"THA":20.225147,"TGO":29.53734,"TKL":0,"TON":22.497236,"TTO":55.335262,"TUN":59.825363,"TUR":52.79298,"TKM":44.802814,"TCA":76.85695,"TUV":41.314194,"UGA":10.215853,"UKR":67.860344,"ARE":78.441376,"GBR":78.15493,"USA":75.89433,"VIR":77.03557,"URY":89.780655,"UZB":41.529877,"VUT":19.383875,"VAT":100,"VEN":84.87663,"VNM":19.82525,"WLF":0,"ESH":85.18219,"YEM":21.756952,"ZMB":39.097248,"ZWE":30.567425}