{"AFG":17.600468,"ALB":37.201626,"DZA":54.47785,"ASM":80.55353,"AND":93.75904,"AGO":41.784096,"AIA":100,"ATG":35.241817,"ARG":87.730774,"ARM":67.040306,"ABW":65.38447,"AUS":85.36607,"AUT":65.2805,"AZE":52.699203,"BHS":80.64573,"BHR":88.39634,"BGD":21.002846,"BRB":63.428795,"BLR":67.51797,"BEL":79.638535,"BLZ":47.35367,"BEN":36.181942,"BMU":100,"BTN":22.49899,"BOL":58.226833,"BES":77.19045,"BIH":40.27987,"BWA":47.866245,"BRA":76.64064,"VGB":40.1695,"BRN":67.70947,"BGR":67.42753,"BFA":14.166076,"BDI":6.826849,"KHM":16.765749,"CMR":42.09581,"CAN":76.99657,"CPV":47.643948,"CYM":100,"CAF":37.381706,"TCD":21.41012,"CHL":83.73419,"CHN":27.990076,"COL":70.873344,"COM":28.44033,"COG":55.64927,"COK":58.577656,"CRI":51.487823,"CIV":40.62259,"HRV":54.779842,"CUB":74.494865,"CUW":85.658516,"CYP":67.80211,"CZE":74.98302,"COD":31.548098,"DNK":84.9196,"DJI":75.91047,"DMA":64.741714,"DOM":56.029724,"TLS":21.970106,"ECU":56.99458,"EGY":42.987213,"SLV":50.948395,"GNQ":38.50027,"ERI":23.269714,"EST":70.036606,"SWZ":23.0223,"ETH":13.51076,"FLK":70.7588,"FRO":34.20758,"FJI":43.978146,"FIN":64.25203,"FRA":74.616875,"GUF":77.43522,"PYF":57.05013,"GAB":73.045616,"GMB":37.313084,"GEO":54.331352,"DEU":80.032555,"GHA":38.233448,"GIB":100,"GRC":71.88456,"GRL":80.4679,"GRD":33.864502,"GLP":97.37154,"GUM":91.47329,"GTM":34.731007,"GGY":27.907019,"GIN":28.97891,"GNB":33.951927,"GUY":29.511602,"HTI":27.448507,"HND":41.92382,"HKG":99.90527,"HUN":61.97302,"ISL":91.29626,"IND":26.17678,"IDN":33.85554,"IRN":58.695393,"IRQ":68.55902,"IRL":57.46475,"IMN":51.76983,"ISR":90.69148,"ITA":66.72684,"JAM":50.105118,"JPN":77.74803,"JEY":32.88548,"JOR":77.8575,"KAZ":56.98406,"KEN":18.450014,"KIR":35.71622,"KWT":98.00146,"KGZ":36.979275,"LAO":16.32054,"LVA":69.90143,"LBN":84.52335,"LSO":15.039573,"LBR":52.70733,"LBY":82.9072,"LIE":16.650085,"LTU":67.4973,"LUX":81.46475,"MAC":99.83141,"MDG":22.852167,"MWI":12.8652115,"MYS":53.228672,"MDV":25.62463,"MLI":17.212883,"MLT":92.16491,"MHL":67.38766,"MTQ":90.70079,"MRT":39.017982,"MUS":43.615498,"MYT":45.368557,"MEX":72.60551,"FSM":25.694773,"MDA":46.09078,"MCO":100,"MNG":56.89815,"MNE":50.612663,"MSR":12.5,"MAR":50.43922,"MOZ":26.140594,"MMR":26.300547,"NAM":27.6808,"NRU":100,"NPL":22.038692,"NLD":69.758675,"NCL":59.962666,"NZL":85.198326,"NIC":54.071327,"NER":15.656964,"NGA":37.533577,"NIU":31.407223,"PRK":58.874985,"MKD":59.3634,"MNP":89.61754,"NOR":73.20314,"OMN":71.64228,"PAK":31.457684,"PLW":70.87891,"PSE":66.53803,"PAN":56.255375,"PNG":14.94158,"PRY":52.568275,"PER":70.09979,"PHL":36.8021,"POL":61.495197,"PRT":49.65895,"PRI":88.83436,"QAT":94.33391,"REU":84.36078,"ROU":54.235676,"RUS":73.0591,"RWA":6.400027,"BLM":100,"SHN":41.80695,"KNA":34.136208,"LCA":29.458748,"MAF":100,"SPM":88.90678,"VCT":44.05688,"WSM":21.337135,"SMR":91.281425,"STP":46.728836,"SAU":78.34316,"SEN":39.488586,"SRB":51.816345,"SYC":48.059708,"SLE":34.10211,"SGP":100,"SXM":100,"SVK":56.764534,"SVN":50.3572,"SLB":14.280704,"SOM":30.37034,"ZAF":52.893505,"KOR":77.108284,"SSD":14.162812,"ESP":75.344345,"LKA":16.692404,"SDN":31.988447,"SUR":66.49166,"SWE":83.7269,"CHE":70.40519,"SYR":49.500954,"TWN":76.87857,"TJK":29.887255,"TZA":19.901373,"THA":21.344368,"TGO":29.974457,"TKL":0,"TON":22.622833,"TTO":55.47502,"TUN":60.553753,"TUR":53.582783,"TKM":44.733364,"TCA":78.02459,"TUV":41.960884,"UGA":10.400873,"UKR":67.91797,"ARE":78.35192,"GBR":78.2748,"USA":76.29981,"VIR":80.11418,"URY":90.08854,"UZB":42.08943,"VUT":19.676048,"VAT":100,"VEN":85.36573,"VNM":20.305767,"WLF":0,"ESH":85.34297,"YEM":22.492355,"ZMB":38.899353,"ZWE":30.875317}