{"AFG":17.71526,"ALB":37.728535,"DZA":55.24662,"ASM":82.306366,"AND":93.544365,"AGO":43,"AIA":100,"ATG":34.962254,"ARG":87.964584,"ARM":66.72766,"ABW":65.38005,"AUS":85.33007,"AUT":65.58547,"AZE":52.501118,"BHS":80.69873,"BHR":88.327255,"BGD":21.338316,"BRB":63.341297,"BLR":67.7586,"BEL":79.99148,"BLZ":47.406662,"BEN":36.527325,"BMU":100,"BTN":23.250948,"BOL":58.829258,"BES":76.881744,"BIH":40.606625,"BWA":48.793285,"BRA":77.171036,"VGB":40.562984,"BRN":68.272766,"BGR":67.72251,"BFA":14.513148,"BDI":6.999245,"KHM":17.12769,"CMR":42.738125,"CAN":77.31713,"CPV":48.649498,"CYM":100,"CAF":37.430557,"TCD":21.450706,"CHL":84.04914,"CHN":28.509804,"COL":71.33491,"COM":28.39949,"COG":56.016876,"COK":58.612984,"CRI":52.529255,"CIV":40.953434,"HRV":54.977264,"CUB":74.50844,"CUW":86.3868,"CYP":67.990036,"CZE":74.85374,"COD":31.996601,"DNK":84.96019,"DJI":75.69111,"DMA":64.82586,"DOM":56.528236,"TLS":22.269417,"ECU":57.61571,"EGY":42.823654,"SLV":51.651756,"GNQ":38.799942,"ERI":25.241436,"EST":69.50031,"SWZ":23.040878,"ETH":13.717268,"FLK":67.291405,"FRO":33.933647,"FJI":44.868668,"FIN":64.489395,"FRA":74.84993,"GUF":78.54395,"PYF":56.775406,"GAB":74.02436,"GMB":38.336388,"GEO":54.017746,"DEU":80.039345,"GHA":39.096912,"GIB":100,"GRC":71.98677,"GRL":80.79387,"GRD":34.15998,"GLP":97.68434,"GUM":91.755554,"GTM":35.0756,"GGY":27.74514,"GIN":29.236002,"GNB":34.460884,"GUY":29.448584,"HTI":28.604734,"HND":42.39232,"HKG":99.96166,"HUN":62.299374,"ISL":91.44944,"IND":26.37102,"IDN":35.0672,"IRN":59.553093,"IRQ":68.17452,"IRL":57.698986,"IMN":51.777126,"ISR":90.77143,"ITA":66.764946,"JAM":50.33479,"JPN":77.88434,"JEY":32.584045,"JOR":78.18571,"KAZ":56.874382,"KEN":18.51494,"KIR":35.987614,"KWT":98.01977,"KGZ":36.57397,"LAO":16.762207,"LVA":69.55025,"LBN":84.8462,"LSO":15.776059,"LBR":48.25667,"LBY":83.61798,"LIE":16.560019,"LTU":67.424965,"LUX":81.79944,"MAC":99.87854,"MDG":23.167175,"MWI":13.265358,"MYS":54.585537,"MDV":25.55571,"MLI":17.412834,"MLT":92.47103,"MHL":67.463356,"MTQ":91.26412,"MRT":38.835022,"MUS":43.424473,"MYT":51.123497,"MEX":72.95656,"FSM":25.57674,"MDA":45.86535,"MCO":100,"MNG":56.84501,"MNE":51.663177,"MSR":12.5,"MAR":51.21771,"MOZ":26.944439,"MMR":26.472818,"NAM":28.134365,"NRU":100,"NPL":23.015797,"NLD":70.41006,"NCL":60.09842,"NZL":85.30213,"NIC":54.25925,"NER":15.727761,"NGA":38.330658,"NIU":32.50079,"PRK":58.98049,"MKD":59.755875,"MNP":89.57328,"NOR":73.65,"OMN":71.668495,"PAK":31.687092,"PLW":71.22734,"PSE":67.013535,"PAN":57.239487,"PNG":14.661913,"PRY":53.34881,"PER":70.50031,"PHL":37.09254,"POL":61.54915,"PRT":50.328808,"PRI":90.2294,"QAT":94.72271,"REU":85.21159,"ROU":54.09057,"RUS":72.95411,"RWA":7.483409,"BLM":100,"SHN":41.47954,"KNA":33.94524,"LCA":29.331633,"MAF":100,"SPM":88.911476,"VCT":44.155716,"WSM":21.449171,"SMR":91.66151,"STP":47.62588,"SAU":78.64816,"SEN":39.650345,"SRB":52.35662,"SYC":47.688282,"SLE":34.3033,"SGP":100,"SXM":100,"SVK":56.70283,"SVN":50.17553,"SLB":14.447535,"SOM":30.711918,"ZAF":53.0838,"KOR":77.85857,"SSD":14.451912,"ESP":75.472374,"LKA":16.263096,"SDN":32.048695,"SUR":66.52824,"SWE":83.83123,"CHE":70.980446,"SYR":49.758743,"TWN":76.6,"TJK":29.143253,"TZA":20.207344,"THA":22.657864,"TGO":30.414713,"TKL":0,"TON":22.731413,"TTO":55.59648,"TUN":61.133698,"TUR":54.334778,"TKM":44.694298,"TCA":79.1346,"TUV":42.537365,"UGA":10.568866,"UKR":67.916916,"ARE":78.28913,"GBR":78.44742,"USA":76.74056,"VIR":82.96394,"URY":90.36472,"UZB":42.744965,"VUT":19.9608,"VAT":100,"VEN":85.86247,"VNM":20.856783,"WLF":0,"ESH":85.462074,"YEM":23.17008,"ZMB":38.665974,"ZWE":31.161894}