{"AFG":17.834385,"ALB":38.295685,"DZA":56.01312,"ASM":83.99578,"AND":93.35286,"AGO":44.211002,"AIA":100,"ATG":34.604588,"ARG":88.18537,"ARM":66.3957,"ABW":65.3767,"AUS":85.28687,"AUT":65.86294,"AZE":52.311676,"BHS":80.74482,"BHR":88.23948,"BGD":21.661232,"BRB":63.236263,"BLR":68.01627,"BEL":80.34017,"BLZ":47.46834,"BEN":36.838512,"BMU":100,"BTN":23.995457,"BOL":59.391205,"BES":76.52754,"BIH":40.93279,"BWA":49.611862,"BRA":77.7145,"VGB":40.92073,"BRN":68.81319,"BGR":67.83354,"BFA":14.894557,"BDI":7.168294,"KHM":17.496248,"CMR":43.365494,"CAN":77.63565,"CPV":49.59547,"CYM":100,"CAF":37.476017,"TCD":21.489847,"CHL":84.416725,"CHN":29.04038,"COL":71.823715,"COM":28.346842,"COG":56.406815,"COK":58.651756,"CRI":53.595097,"CIV":41.292088,"HRV":55.156837,"CUB":74.58323,"CUW":87.22312,"CYP":68.169174,"CZE":74.70929,"COD":32.456173,"DNK":85.00122,"DJI":75.403885,"DMA":64.89284,"DOM":57.13171,"TLS":22.563871,"ECU":58.218468,"EGY":42.7019,"SLV":52.396133,"GNQ":38.804153,"ERI":27.243525,"EST":68.95909,"SWZ":23.054026,"ETH":13.882558,"FLK":64.63249,"FRO":34.37887,"FJI":45.657467,"FIN":64.80594,"FRA":75.099106,"GUF":79.60962,"PYF":56.542362,"GAB":74.98936,"GMB":39.56666,"GEO":53.7014,"DEU":80.04656,"GHA":39.96052,"GIB":100,"GRC":72.08318,"GRL":81.05666,"GRD":34.492737,"GLP":97.94105,"GUM":92.03687,"GTM":35.75563,"GGY":27.63166,"GIN":29.499023,"GNB":34.93115,"GUY":29.366438,"HTI":29.830452,"HND":42.861126,"HKG":99.9933,"HUN":62.62634,"ISL":91.63999,"IND":26.566177,"IDN":36.30235,"IRN":60.42334,"IRQ":67.84587,"IRL":57.939194,"IMN":51.783886,"ISR":90.85118,"ITA":66.81661,"JAM":50.56697,"JPN":78.01908,"JEY":32.370934,"JOR":78.24913,"KAZ":56.752953,"KEN":18.58276,"KIR":36.333347,"KWT":98.04962,"KGZ":36.181213,"LAO":17.279047,"LVA":69.192444,"LBN":85.13313,"LSO":16.469015,"LBR":44.527744,"LBY":84.29002,"LIE":16.44,"LTU":67.34698,"LUX":82.188866,"MAC":99.91,"MDG":23.480057,"MWI":13.635439,"MYS":55.92329,"MDV":25.547644,"MLI":17.623402,"MLT":92.69735,"MHL":67.539795,"MTQ":91.81772,"MRT":38.65159,"MUS":43.20428,"MYT":56.831688,"MEX":73.296234,"FSM":25.288828,"MDA":45.719193,"MCO":100,"MNG":56.791813,"MNE":52.834377,"MSR":12.5,"MAR":51.75891,"MOZ":27.62709,"MMR":26.647425,"NAM":28.671118,"NRU":100,"NPL":24.100077,"NLD":70.69363,"NCL":60.25521,"NZL":85.39276,"NIC":54.445442,"NER":15.799133,"NGA":39.13641,"NIU":33.661205,"PRK":59.071354,"MKD":59.727787,"MNP":89.550896,"NOR":73.91974,"OMN":71.65829,"PAK":31.914461,"PLW":71.39335,"PSE":67.535934,"PAN":58.248413,"PNG":14.354188,"PRY":54.132065,"PER":70.889854,"PHL":37.396065,"POL":61.59737,"PRT":51.00829,"PRI":91.46432,"QAT":95.073685,"REU":86.01516,"ROU":53.898544,"RUS":72.93528,"RWA":8.815566,"BLM":100,"SHN":41.17454,"KNA":33.74638,"LCA":29.163612,"MAF":100,"SPM":88.917404,"VCT":44.266438,"WSM":21.559135,"SMR":92.0681,"STP":48.500328,"SAU":78.92024,"SEN":39.80848,"SRB":52.91132,"SYC":46.85164,"SLE":34.501583,"SGP":100,"SXM":100,"SVK":56.625164,"SVN":50.20291,"SLB":14.620893,"SOM":31.065516,"ZAF":53.296215,"KOR":78.40044,"SSD":14.74196,"ESP":75.588295,"LKA":15.865207,"SDN":32.11006,"SUR":66.56328,"SWE":83.9,"CHE":71.52947,"SYR":50.045444,"TWN":76.899994,"TJK":28.424389,"TZA":20.512388,"THA":24.108986,"TGO":30.857706,"TKL":0,"TON":22.82035,"TTO":55.69944,"TUN":61.623413,"TUR":55.06524,"TKM":44.710415,"TCA":80.18751,"TUV":43.061314,"UGA":10.727372,"UKR":67.840965,"ARE":78.257805,"GBR":78.6591,"USA":77.19771,"VIR":85.53735,"URY":90.60343,"UZB":43.478245,"VUT":20.240797,"VAT":100,"VEN":86.35287,"VNM":21.453846,"WLF":0,"ESH":85.55456,"YEM":23.798487,"ZMB":38.403114,"ZWE":31.429987}