{"AFG":17.959648,"ALB":38.899605,"DZA":56.778915,"ASM":85.53898,"AND":93.17061,"AGO":45.4556,"AIA":100,"ATG":34.18562,"ARG":88.39547,"ARM":66.059074,"ABW":65.3738,"AUS":85.24059,"AUT":66.11093,"AZE":52.121605,"BHS":80.788666,"BHR":88.14203,"BGD":21.978079,"BRB":63.116425,"BLR":68.27374,"BEL":80.68448,"BLZ":47.532352,"BEN":37.126774,"BMU":100,"BTN":24.732094,"BOL":59.920242,"BES":76.15147,"BIH":41.25834,"BWA":50.354168,"BRA":78.30214,"VGB":41.237255,"BRN":69.33224,"BGR":67.6982,"BFA":15.319145,"BDI":7.3362947,"KHM":17.883432,"CMR":43.97698,"CAN":77.89246,"CPV":50.496223,"CYM":100,"CAF":37.519485,"TCD":21.526936,"CHL":84.81486,"CHN":30.479864,"COL":72.33262,"COM":28.286089,"COG":56.82932,"COK":58.710735,"CRI":54.678364,"CIV":41.637783,"HRV":55.31556,"CUB":74.78405,"CUW":88.10589,"CYP":68.33494,"CZE":74.55665,"COD":32.92626,"DNK":85.0392,"DJI":75.060196,"DMA":64.95022,"DOM":57.82875,"TLS":22.857775,"ECU":58.795135,"EGY":42.639698,"SLV":53.176693,"GNQ":38.80683,"ERI":29.172804,"EST":68.44757,"SWZ":23.061665,"ETH":14.102747,"FLK":63.827568,"FRO":34.88975,"FJI":46.29555,"FIN":65.20982,"FRA":75.35926,"GUF":80.550446,"PYF":56.37452,"GAB":75.9421,"GMB":40.948166,"GEO":53.394176,"DEU":80.05436,"GHA":40.814346,"GIB":100,"GRC":72.17917,"GRL":81.06658,"GRD":34.83862,"GLP":98.14132,"GUM":92.30887,"GTM":36.88337,"GGY":27.593388,"GIN":29.771551,"GNB":35.3667,"GUY":29.267803,"HTI":31.121073,"HND":43.33349,"HKG":100,"HUN":62.95363,"ISL":91.840164,"IND":26.764864,"IDN":37.53687,"IRN":61.062187,"IRQ":67.60585,"IRL":58.174316,"IMN":51.79188,"ISR":90.93293,"ITA":66.879395,"JAM":50.800266,"JPN":78.137405,"JEY":32.32105,"JOR":78.26059,"KAZ":56.623245,"KEN":18.661102,"KIR":37.05183,"KWT":98.1478,"KGZ":35.83095,"LAO":17.963823,"LVA":68.849556,"LBN":85.38331,"LSO":17.090246,"LBR":42.964,"LBY":84.91996,"LIE":16.214594,"LTU":67.26631,"LUX":82.61764,"MAC":99.93259,"MDG":23.790709,"MWI":13.961402,"MYS":57.23177,"MDV":25.701536,"MLI":17.84913,"MLT":92.8533,"MHL":67.62577,"MTQ":92.35819,"MRT":38.477028,"MUS":42.966267,"MYT":61.945576,"MEX":73.62699,"FSM":24.64669,"MDA":45.08675,"MCO":100,"MNG":56.742126,"MNE":54.08596,"MSR":12.5,"MAR":52.21028,"MOZ":28.16994,"MMR":26.823767,"NAM":29.27718,"NRU":100,"NPL":25.290682,"NLD":72.42333,"NCL":60.441963,"NZL":85.47084,"NIC":54.62194,"NER":15.813844,"NGA":39.950356,"NIU":34.606117,"PRK":59.152832,"MKD":59.658436,"MNP":89.58653,"NOR":74.2,"OMN":71.640755,"PAK":32.140213,"PLW":71.24845,"PSE":68.11084,"PAN":59.240604,"PNG":14.042057,"PRY":54.901615,"PER":71.27113,"PHL":37.71349,"POL":61.63968,"PRT":51.693264,"PRI":92.51509,"QAT":95.38851,"REU":86.79763,"ROU":53.677525,"RUS":73.06231,"RWA":10.298568,"BLM":100,"SHN":40.906708,"KNA":33.543354,"LCA":28.958782,"MAF":100,"SPM":88.924576,"VCT":44.38596,"WSM":21.66346,"SMR":92.48041,"STP":49.36454,"SAU":79.16464,"SEN":39.96647,"SRB":53.471622,"SYC":45.446953,"SLE":34.699345,"SGP":100,"SXM":100,"SVK":56.534637,"SVN":50.27475,"SLB":14.805544,"SOM":31.432442,"ZAF":53.57492,"KOR":78.75082,"SSD":15.025328,"ESP":75.69723,"LKA":15.506524,"SDN":32.166466,"SUR":66.5964,"SWE":83.93657,"CHE":72.03592,"SYR":50.365654,"TWN":77.17,"TJK":27.769318,"TZA":20.821384,"THA":25.641088,"TGO":31.303026,"TKL":0,"TON":22.885693,"TTO":55.783688,"TUN":62.078465,"TUR":55.790443,"TKM":44.8416,"TCA":81.183846,"TUV":43.550415,"UGA":10.88393,"UKR":67.71942,"ARE":78.26897,"GBR":78.89615,"USA":77.65234,"VIR":87.7869,"URY":90.79871,"UZB":44.271057,"VUT":20.518703,"VAT":100,"VEN":86.82291,"VNM":22.072512,"WLF":0,"ESH":85.63818,"YEM":24.398954,"ZMB":37.984276,"ZWE":31.676908}