{"AFG":18.092857,"ALB":39.536823,"DZA":57.54559,"ASM":86.853195,"AND":92.9837,"AGO":46.72065,"AIA":100,"ATG":33.722145,"ARG":88.597244,"ARM":65.73245,"ABW":65.37072,"AUS":85.19536,"AUT":66.3275,"AZE":51.92708,"BHS":80.83494,"BHR":88.04391,"BGD":22.295343,"BRB":62.984505,"BLR":68.61459,"BEL":81.02427,"BLZ":47.59234,"BEN":37.40338,"BMU":100,"BTN":25.460438,"BOL":60.423943,"BES":75.777145,"BIH":41.58326,"BWA":51.05241,"BRA":79.00085,"VGB":41.507072,"BRN":69.83142,"BGR":67.65945,"BFA":15.814128,"BDI":7.505547,"KHM":18.184637,"CMR":44.571617,"CAN":78.09034,"CPV":51.3661,"CYM":100,"CAF":37.562366,"TCD":21.561872,"CHL":85.22145,"CHN":31.909954,"COL":72.85064,"COM":28.220934,"COG":57.297653,"COK":59.066692,"CRI":55.77208,"CIV":41.989765,"HRV":55.450428,"CUB":75.067635,"CUW":88.97348,"CYP":68.48276,"CZE":74.4028,"COD":33.406326,"DNK":85.070656,"DJI":74.671425,"DMA":65.005585,"DOM":58.60737,"TLS":23.15543,"ECU":59.33799,"EGY":42.6358,"SLV":53.988583,"GNQ":38.808693,"ERI":30.926104,"EST":68.00039,"SWZ":23.063044,"ETH":14.307345,"FLK":64.2979,"FRO":35.1851,"FJI":46.806152,"FIN":65.6794,"FRA":75.62523,"GUF":81.28467,"PYF":56.25378,"GAB":76.87938,"GMB":42.430187,"GEO":53.10793,"DEU":80.062874,"GHA":41.648457,"GIB":100,"GRC":72.28005,"GRL":81.072395,"GRD":35.173466,"GLP":98.2848,"GUM":92.563194,"GTM":38.319565,"GGY":27.585045,"GIN":30.052832,"GNB":35.771503,"GUY":29.155312,"HTI":32.472008,"HND":43.812645,"HKG":100,"HUN":63.280952,"ISL":92.0189,"IND":26.969687,"IDN":38.74663,"IRN":62.11408,"IRQ":67.48953,"IRL":58.405823,"IMN":51.801838,"ISR":91.01831,"ITA":66.950874,"JAM":51.033276,"JPN":78.23189,"JEY":32.333366,"JOR":78.268936,"KAZ":56.48873,"KEN":18.757595,"KIR":38.603012,"KWT":98.32532,"KGZ":35.553135,"LAO":18.84827,"LVA":68.54311,"LBN":85.59588,"LSO":17.662912,"LBR":43.023315,"LBY":85.50439,"LIE":15.874972,"LTU":67.185974,"LUX":83.07035,"MAC":99.95344,"MDG":24.099058,"MWI":14.229194,"MYS":58.500813,"MDV":26.02596,"MLI":18.09457,"MLT":92.979034,"MHL":67.73007,"MTQ":92.88214,"MRT":38.32069,"MUS":42.721783,"MYT":65.90324,"MEX":73.95131,"FSM":23.83058,"MDA":44.913464,"MCO":100,"MNG":56.699497,"MNE":55.377613,"MSR":0.01,"MAR":52.60422,"MOZ":28.552382,"MMR":27.001253,"NAM":29.93867,"NRU":100,"NPL":26.586767,"NLD":75.55424,"NCL":60.670204,"NZL":85.539566,"NIC":54.783886,"NER":15.89308,"NGA":40.77202,"NIU":35.050854,"PRK":59.226658,"MKD":59.565346,"MNP":89.70815,"NOR":74.70244,"OMN":71.618034,"PAK":32.36476,"PLW":70.765236,"PSE":68.73518,"PAN":60.174522,"PNG":13.749173,"PRY":55.64103,"PER":71.647095,"PHL":38.045624,"POL":61.675877,"PRT":52.37958,"PRI":93.357666,"QAT":95.66635,"REU":87.58519,"ROU":53.44543,"RUS":73.11566,"RWA":11.834486,"BLM":100,"SHN":40.69082,"KNA":33.3399,"LCA":28.721235,"MAF":100,"SPM":88.93298,"VCT":44.511196,"WSM":21.758574,"SMR":92.87764,"STP":50.230885,"SAU":79.38662,"SEN":40.127808,"SRB":54.028694,"SYC":44.377674,"SLE":34.898964,"SGP":100,"SXM":100,"SVK":56.43435,"SVN":50.375584,"SLB":15.006257,"SOM":31.814005,"ZAF":54.004017,"KOR":78.991806,"SSD":15.299559,"ESP":75.80426,"LKA":15.19484,"SDN":32.21796,"SUR":66.62718,"SWE":83.96247,"CHE":72.48343,"SYR":50.71424,"TWN":76.88,"TJK":27.216696,"TZA":21.139208,"THA":27.197525,"TGO":31.75027,"TKL":0,"TON":22.931982,"TTO":55.849022,"TUN":62.500626,"TUR":56.52667,"TKM":45.082787,"TCA":82.12413,"TUV":44.022346,"UGA":11.04608,"UKR":67.62987,"ARE":78.38207,"GBR":79.14487,"USA":78.08558,"VIR":89.66508,"URY":90.95272,"UZB":45.105175,"VUT":20.797188,"VAT":100,"VEN":87.2586,"VNM":22.688328,"WLF":0,"ESH":85.715004,"YEM":24.980873,"ZMB":37.37589,"ZWE":31.899971}