{"AFG":18.235815,"ALB":40.203876,"DZA":58.3147,"ASM":87.855644,"AND":92.77824,"AGO":47.993008,"AIA":100,"ATG":33.230953,"ARG":88.79303,"ARM":65.4305,"ABW":65.36682,"AUS":85.1553,"AUT":66.51067,"AZE":51.467205,"BHS":80.888306,"BHR":87.954124,"BGD":22.619513,"BRB":62.84324,"BLR":69.02342,"BEL":81.35941,"BLZ":47.641953,"BEN":37.6796,"BMU":100,"BTN":26.180073,"BOL":60.909874,"BES":75.4282,"BIH":41.907524,"BWA":51.73879,"BRA":79.78907,"VGB":41.724693,"BRN":70.31222,"BGR":67.8654,"BFA":16.443094,"BDI":7.6783514,"KHM":18.371555,"CMR":45.148464,"CAN":78.26938,"CPV":52.219456,"CYM":100,"CAF":37.60606,"TCD":21.594557,"CHL":85.61441,"CHN":33.350166,"COL":73.36676,"COM":28.155075,"COG":57.80793,"COK":60.513725,"CRI":56.86926,"CIV":42.347206,"HRV":55.558434,"CUB":75.31001,"CUW":89.764305,"CYP":68.60805,"CZE":74.25473,"COD":33.895813,"DNK":85.09208,"DJI":74.24898,"DMA":65.0665,"DOM":59.45558,"TLS":23.461142,"ECU":59.839314,"EGY":42.655956,"SLV":54.82697,"GNQ":38.81034,"ERI":32.400246,"EST":67.652176,"SWZ":23.029491,"ETH":14.513543,"FLK":65.26023,"FRO":35.463436,"FJI":47.26256,"FIN":66.17871,"FRA":75.89185,"GUF":81.73053,"PYF":56.14109,"GAB":77.79795,"GMB":43.962013,"GEO":52.85451,"DEU":80.07226,"GHA":42.452927,"GIB":100,"GRC":72.3912,"GRL":81.12026,"GRD":35.473125,"GLP":98.37114,"GUM":92.79147,"GTM":39.94067,"GGY":27.577738,"GIN":30.339846,"GNB":36.14954,"GUY":29.031597,"HTI":33.878677,"HND":44.30184,"HKG":100,"HUN":63.60802,"ISL":91.67601,"IND":27.183252,"IDN":39.907513,"IRN":62.90524,"IRQ":67.49173,"IRL":58.64077,"IMN":51.812336,"ISR":91.10591,"ITA":67.02862,"JAM":51.264595,"JPN":78.32664,"JEY":32.35897,"JOR":78.27512,"KAZ":56.352875,"KEN":18.87987,"KIR":40.53289,"KWT":98.54803,"KGZ":35.377705,"LAO":19.876595,"LVA":68.294655,"LBN":85.77,"LSO":18.220491,"LBR":43.189426,"LBY":86.03994,"LIE":15.503055,"LTU":67.108955,"LUX":83.53162,"MAC":99.97157,"MDG":24.405035,"MWI":14.422743,"MYS":59.72026,"MDV":26.473936,"MLI":18.364395,"MLT":93.089775,"MHL":67.86151,"MTQ":93.38616,"MRT":38.191925,"MUS":42.48219,"MYT":68.72419,"MEX":74.271645,"FSM":23.041471,"MDA":40.730446,"MCO":100,"MNG":56.667484,"MNE":56.66903,"MSR":1.4928125,"MAR":52.955307,"MOZ":28.82045,"MMR":27.179285,"NAM":30.641705,"NRU":100,"NPL":27.987484,"NLD":76.75232,"NCL":60.943794,"NZL":85.60056,"NIC":54.93489,"NER":15.972312,"NGA":41.600914,"NIU":34.97479,"PRK":59.294575,"MKD":59.341824,"MNP":89.872826,"NOR":75.330635,"OMN":71.592255,"PAK":32.587173,"PLW":70.16931,"PSE":69.49987,"PAN":61.008625,"PNG":13.4991865,"PRY":56.33387,"PER":72.02068,"PHL":38.393284,"POL":61.70578,"PRT":53.0631,"PRI":93.968025,"QAT":95.90638,"REU":88.40402,"ROU":53.22019,"RUS":73.19121,"RWA":13.325392,"BLM":100,"SHN":40.538574,"KNA":33.13975,"LCA":28.455065,"MAF":100,"SPM":88.94263,"VCT":44.63906,"WSM":21.84091,"SMR":93.239006,"STP":51.11172,"SAU":79.59142,"SEN":40.295975,"SRB":54.57372,"SYC":43.953453,"SLE":35.102825,"SGP":100,"SXM":100,"SVK":56.327393,"SVN":50.489964,"SLB":15.2278,"SOM":32.211517,"ZAF":54.656242,"KOR":79.18124,"SSD":15.562195,"ESP":75.914505,"LKA":14.937945,"SDN":32.264606,"SUR":66.65523,"SWE":83.984085,"CHE":72.855644,"SYR":51.085857,"TWN":76.83333,"TJK":26.805178,"TZA":21.470736,"THA":28.72165,"TGO":32.19903,"TKL":0,"TON":22.968225,"TTO":55.89524,"TUN":62.89458,"TUR":57.290184,"TKM":45.39283,"TCA":83.008896,"TUV":44.494793,"UGA":11.221361,"UKR":67.55467,"ARE":78.59555,"GBR":79.39156,"USA":78.47854,"VIR":91.124374,"URY":91.076355,"UZB":45.962368,"VUT":21.078913,"VAT":100,"VEN":87.64592,"VNM":23.27685,"WLF":0,"ESH":85.78552,"YEM":25.543257,"ZMB":36.723347,"ZWE":32.096493}