{"AFG":18.390327,"ALB":40.897285,"DZA":59.084465,"ASM":88.463554,"AND":92.54028,"AGO":49.259525,"AIA":100,"ATG":32.728844,"ARG":88.985176,"ARM":65.16787,"ABW":65.36149,"AUS":85.12452,"AUT":66.65851,"AZE":50.998253,"BHS":80.95343,"BHR":87.88169,"BGD":22.957073,"BRB":62.695347,"BLR":69.48077,"BEL":81.68978,"BLZ":47.67483,"BEN":37.966698,"BMU":100,"BTN":26.890574,"BOL":61.385612,"BES":75.12825,"BIH":42.231106,"BWA":52.44551,"BRA":80.54661,"VGB":41.88464,"BRN":70.77614,"BGR":68.048,"BFA":17.183416,"BDI":7.857007,"KHM":18.511187,"CMR":45.70657,"CAN":78.44393,"CPV":53.07064,"CYM":100,"CAF":37.651966,"TCD":21.62489,"CHL":85.97166,"CHN":34.779705,"COL":73.87,"COM":28.092213,"COG":58.345203,"COK":62.67009,"CRI":57.962917,"CIV":42.71069,"HRV":55.63657,"CUB":75.38168,"CUW":90.41675,"CYP":68.706215,"CZE":74.11941,"COD":34.39418,"DNK":85.1,"DJI":73.80425,"DMA":65.14053,"DOM":60.361404,"TLS":23.779211,"ECU":60.29139,"EGY":42.69004,"SLV":55.687008,"GNQ":38.812393,"ERI":33.492058,"EST":67.43756,"SWZ":22.951483,"ETH":14.713322,"FLK":66.44597,"FRO":35.67157,"FJI":47.67921,"FIN":66.67182,"FRA":76.168274,"GUF":81.82319,"PYF":56.039066,"GAB":78.69458,"GMB":45.492935,"GEO":52.645782,"DEU":80.08266,"GHA":43.217827,"GIB":100,"GRC":72.517944,"GRL":81.16497,"GRD":35.713432,"GLP":98.4,"GUM":92.98534,"GTM":41.623154,"GGY":27.572523,"GIN":30.630217,"GNB":36.504784,"GUY":28.899296,"HTI":35.336487,"HND":44.804325,"HKG":100,"HUN":63.934544,"ISL":91.81213,"IND":27.408167,"IDN":40.995396,"IRN":63.709747,"IRQ":67.54423,"IRL":58.88001,"IMN":51.82166,"ISR":91.19403,"ITA":67.110214,"JAM":51.49282,"JPN":78.44834,"JEY":32.39463,"JOR":78.280106,"KAZ":56.210255,"KEN":19.028852,"KIR":42.297665,"KWT":98.783676,"KGZ":35.32815,"LAO":21.003601,"LVA":68.12572,"LBN":85.90415,"LSO":18.771854,"LBR":43.444572,"LBY":86.523224,"LIE":15.180758,"LTU":67.038246,"LUX":83.98604,"MAC":99.986015,"MDG":24.708565,"MWI":14.559693,"MYS":60.879948,"MDV":27.00107,"MLI":18.659122,"MLT":93.18854,"MHL":68.029976,"MTQ":93.86687,"MRT":38.100082,"MUS":42.258827,"MYT":71.02835,"MEX":74.59048,"FSM":22.480341,"MDA":40.52691,"MCO":100,"MNG":56.649643,"MNE":57.919903,"MSR":4.755,"MAR":53.278122,"MOZ":29.047115,"MMR":27.357267,"NAM":31.372406,"NRU":100,"NPL":29.491985,"NLD":77.060745,"NCL":61.25838,"NZL":85.65551,"NIC":55.07795,"NER":16.05154,"NGA":42.43657,"NIU":34.741768,"PRK":59.358326,"MKD":58.94583,"MNP":90.036224,"NOR":75.84,"OMN":71.56556,"PAK":32.801582,"PLW":69.6897,"PSE":70.627754,"PAN":61.70137,"PNG":13.315751,"PRY":56.96371,"PER":72.39483,"PHL":38.757275,"POL":61.729187,"PRT":53.739674,"PRI":94.32212,"QAT":96.11118,"REU":89.28881,"ROU":53.019722,"RUS":72.96533,"RWA":14.673355,"BLM":100,"SHN":40.42383,"KNA":32.946636,"LCA":28.164364,"MAF":100,"SPM":88.96158,"VCT":44.76646,"WSM":21.906898,"SMR":93.54372,"STP":52.01942,"SAU":79.784294,"SEN":40.47446,"SRB":55.097866,"SYC":43.640606,"SLE":35.313305,"SGP":100,"SXM":100,"SVK":56.216873,"SVN":50.60242,"SLB":15.475963,"SOM":32.62628,"ZAF":55.440853,"KOR":79.36234,"SSD":15.81078,"ESP":76.033066,"LKA":14.743631,"SDN":32.30646,"SUR":66.680145,"SWE":84.0078,"CHE":73.136215,"SYR":51.475163,"TWN":77.566666,"TJK":26.573423,"TZA":21.820847,"THA":30.156815,"TGO":32.648907,"TKL":0,"TON":22.998777,"TTO":55.92214,"TUN":63.26503,"TUR":58.097275,"TKM":45.735275,"TCA":83.83865,"TUV":44.985435,"UGA":11.417313,"UKR":67.48116,"ARE":78.90027,"GBR":79.62255,"USA":78.81232,"VIR":92.11728,"URY":91.18078,"UZB":46.82442,"VUT":21.367758,"VAT":100,"VEN":87.97088,"VNM":23.821228,"WLF":0,"ESH":85.85025,"YEM":26.085123,"ZMB":36.172047,"ZWE":32.263783}