{"AFG":18.558199,"ALB":41.613583,"DZA":59.852123,"ASM":88.60758,"AND":92.255936,"AGO":50.507065,"AIA":100,"ATG":32.23261,"ARG":89.176025,"ARM":64.959236,"ABW":65.35455,"AUS":85.10716,"AUT":66.76903,"AZE":51.132084,"BHS":81.03612,"BHR":87.835625,"BGD":23.314512,"BRB":62.53794,"BLR":69.91723,"BEL":82.01525,"BLZ":47.683685,"BEN":38.27595,"BMU":100,"BTN":27.591524,"BOL":61.85872,"BES":74.90091,"BIH":42.55399,"BWA":53.204773,"BRA":81.14844,"VGB":41.981426,"BRN":71.22468,"BGR":68.263145,"BFA":18.00035,"BDI":8.043815,"KHM":18.624222,"CMR":46.244984,"CAN":78.6293,"CPV":53.933216,"CYM":100,"CAF":37.70149,"TCD":21.65277,"CHL":86.27109,"CHN":36.432022,"COL":74.34936,"COM":28.03605,"COG":58.894737,"COK":65.00836,"CRI":59.046238,"CIV":43.084007,"HRV":55.68183,"CUB":75.63538,"CUW":90.86922,"CYP":68.7727,"CZE":74.00382,"COD":34.900875,"DNK":85.1,"DJI":73.34863,"DMA":65.235275,"DOM":61.312855,"TLS":24.113943,"ECU":60.6865,"EGY":42.73394,"SLV":56.563858,"GNQ":38.81546,"ERI":34.098362,"EST":67.38553,"SWZ":22.840933,"ETH":14.91931,"FLK":67.59083,"FRO":35.698677,"FJI":48.064987,"FIN":67.12277,"FRA":76.5144,"GUF":81.776825,"PYF":55.954254,"GAB":79.56604,"GMB":46.972233,"GEO":52.4936,"DEU":80.094215,"GHA":43.937378,"GIB":100,"GRC":72.66564,"GRL":81.45178,"GRD":35.870235,"GLP":98.4,"GUM":93.139534,"GTM":43.243477,"GGY":27.569492,"GIN":30.923111,"GNB":36.841206,"GUY":28.76104,"HTI":36.84085,"HND":45.323334,"HKG":100,"HUN":64.26023,"ISL":91.96742,"IND":27.647041,"IDN":41.986153,"IRN":64.47801,"IRQ":67.633194,"IRL":59.1248,"IMN":51.828087,"ISR":91.28097,"ITA":67.19323,"JAM":51.716557,"JPN":78.61268,"JEY":32.43739,"JOR":78.28483,"KAZ":56.02396,"KEN":19.455383,"KIR":43.32748,"KWT":99,"KGZ":35.321606,"LAO":22.184097,"LVA":68.052055,"LBN":86,"LSO":19.327398,"LBR":43.771004,"LBY":86.95085,"LIE":14.99,"LTU":66.97684,"LUX":84.41821,"MAC":99.9958,"MDG":25.009575,"MWI":14.67706,"MYS":61.969456,"MDV":27.603859,"MLI":18.97763,"MLT":93.278336,"MHL":68.2756,"MTQ":94.32085,"MRT":38.055584,"MUS":42.06312,"MYT":73.055374,"MEX":74.92031,"FSM":22.33,"MDA":40.4186,"MCO":100,"MNG":56.730545,"MNE":59.089928,"MSR":8.017187,"MAR":53.587246,"MOZ":29.24237,"MMR":27.534607,"NAM":32.116894,"NRU":100,"NPL":31.099424,"NLD":78.48268,"NCL":61.61033,"NZL":85.70596,"NIC":55.216072,"NER":16.130768,"NGA":43.278503,"NIU":34.488373,"PRK":59.419643,"MKD":58.491837,"MNP":90.15782,"NOR":76.133896,"OMN":71.540085,"PAK":33.00469,"PLW":69.58762,"PSE":72.069435,"PAN":62.216537,"PNG":13.2228775,"PRY":57.51412,"PER":72.772484,"PHL":39.138416,"POL":61.745914,"PRT":54.405163,"PRI":94.40352,"QAT":96.29427,"REU":90.28061,"ROU":52.861954,"RUS":73.15682,"RWA":15.780447,"BLM":100,"SHN":40.328545,"KNA":32.764294,"LCA":27.853228,"MAF":100,"SPM":89.05173,"VCT":44.890312,"WSM":21.95297,"SMR":93.77097,"STP":52.966343,"SAU":79.97049,"SEN":40.666756,"SRB":55.59231,"SYC":43.397423,"SLE":35.532787,"SGP":100,"SXM":100,"SVK":56.10589,"SVN":50.697502,"SLB":15.752359,"SOM":33.059612,"ZAF":56.258995,"KOR":79.57996,"SSD":16.042854,"ESP":76.165054,"LKA":14.61969,"SDN":32.34359,"SUR":66.70152,"SWE":84.04,"CHE":73.30243,"SYR":51.876812,"TWN":77.9,"TJK":26.535511,"TZA":22.194416,"THA":31.462622,"TGO":33.099483,"TKL":0,"TON":23.025152,"TTO":55.929146,"TUN":63.616665,"TUR":58.97061,"TKM":46.07367,"TCA":84.613945,"TUV":45.511948,"UGA":11.641476,"UKR":67.403854,"ARE":79.287094,"GBR":79.82414,"USA":79.07409,"VIR":92.62344,"URY":91.27698,"UZB":47.6731,"VUT":21.65725,"VAT":100,"VEN":88.219475,"VNM":24.367252,"WLF":0,"ESH":85.90968,"YEM":26.605486,"ZMB":35.873547,"ZWE":32.39916}