{"AFG":18.741238,"ALB":42.354515,"DZA":60.617718,"ASM":88.55344,"AND":91.89497,"AGO":51.72248,"AIA":100,"ATG":31.755434,"ARG":89.36829,"ARM":64.822815,"ABW":65.33511,"AUS":85.14811,"AUT":66.84081,"AZE":51.15848,"BHS":81.15272,"BHR":87.839714,"BGD":23.69992,"BRB":62.30489,"BLR":70.31472,"BEL":82.335686,"BLZ":47.6258,"BEN":38.618626,"BMU":100,"BTN":28.282501,"BOL":62.337482,"BES":74.76977,"BIH":42.87615,"BWA":54.04899,"BRA":81.59605,"VGB":42.023544,"BRN":71.65788,"BGR":69.19671,"BFA":18.859146,"BDI":8.241073,"KHM":18.718681,"CMR":46.762753,"CAN":78.84148,"CPV":54.77622,"CYM":100,"CAF":37.756023,"TCD":21.678099,"CHL":86.49063,"CHN":37.659744,"COL":74.79384,"COM":27.990288,"COG":59.441788,"COK":66.944016,"CRI":60.14276,"CIV":43.467014,"HRV":55.691383,"CUB":75.887566,"CUW":91.06015,"CYP":68.80241,"CZE":73.91318,"COD":35.41535,"DNK":85.18831,"DJI":72.89353,"DMA":65.358604,"DOM":62.297947,"TLS":24.46964,"ECU":61.012356,"EGY":42.78355,"SLV":57.452675,"GNQ":38.86384,"ERI":34.32532,"EST":67.39265,"SWZ":22.709562,"ETH":15.117767,"FLK":68.450386,"FRO":35.934216,"FJI":48.42879,"FIN":67.49824,"FRA":76.90744,"GUF":81.6881,"PYF":55.89319,"GAB":80.409096,"GMB":48.349197,"GEO":52.409817,"DEU":80.10708,"GHA":44.641052,"GIB":100,"GRC":72.84607,"GRL":81.79061,"GRD":35.92,"GLP":98.4,"GUM":93.27811,"GTM":44.678097,"GGY":27.569944,"GIN":31.217695,"GNB":37.162785,"GUY":28.619463,"HTI":38.387184,"HND":45.862305,"HKG":100,"HUN":64.64688,"ISL":92.04523,"IND":27.902864,"IDN":42.90189,"IRN":65.216866,"IRQ":67.75194,"IRL":59.376392,"IMN":51.82677,"ISR":91.36502,"ITA":67.2752,"JAM":51.93419,"JPN":79.157745,"JEY":32.490337,"JOR":78.29024,"KAZ":55.781372,"KEN":20.44163,"KIR":43.477745,"KWT":99.23476,"KGZ":35.31603,"LAO":23.372889,"LVA":68.016365,"LBN":86.14513,"LSO":19.897524,"LBR":44.150967,"LBY":87.31944,"LIE":14.895761,"LTU":66.92861,"LUX":84.81732,"MAC":99.9999,"MDG":25.307995,"MWI":14.7804,"MYS":63.01809,"MDV":28.54992,"MLI":19.318195,"MLT":93.36219,"MHL":68.61708,"MTQ":94.744705,"MRT":38.107075,"MUS":41.88272,"MYT":75.02617,"MEX":75.29076,"FSM":22.33,"MDA":39.674427,"MCO":100,"MNG":57.21559,"MNE":60.138786,"MSR":9.5,"MAR":53.897263,"MOZ":29.41371,"MMR":27.710707,"NAM":32.857506,"NRU":100,"NPL":32.808952,"NLD":80.18406,"NCL":61.996014,"NZL":85.75452,"NIC":55.352253,"NER":16.268723,"NGA":44.126244,"NIU":34.345543,"PRK":59.480267,"MKD":58.09432,"MNP":90.25183,"NOR":76.39586,"OMN":71.51796,"PAK":33.19885,"PLW":70.533714,"PSE":73.72583,"PAN":62.6337,"PNG":13.186409,"PRY":57.96866,"PER":73.15658,"PHL":39.537518,"POL":61.75577,"PRT":55.06798,"PRI":94.37745,"QAT":96.46743,"REU":91.37386,"ROU":52.76481,"RUS":73.22998,"RWA":16.54874,"BLM":100,"SHN":40.24758,"KNA":32.59606,"LCA":27.516033,"MAF":100,"SPM":89.21644,"VCT":45.007656,"WSM":21.974989,"SMR":93.9,"STP":53.961205,"SAU":80.15524,"SEN":40.876343,"SRB":56.048233,"SYC":43.2173,"SLE":35.763653,"SGP":100,"SXM":100,"SVK":55.99684,"SVN":50.75975,"SLB":16.061926,"SOM":33.512817,"ZAF":57.001434,"KOR":79.87877,"SSD":16.255962,"ESP":76.31569,"LKA":14.573954,"SDN":32.37604,"SUR":66.718956,"SWE":84.08272,"CHE":73.3763,"SYR":52.285465,"TWN":78.1,"TJK":26.534504,"TZA":22.596323,"THA":32.742805,"TGO":33.550365,"TKL":0,"TON":23.048862,"TTO":55.90102,"TUN":63.954174,"TUR":59.872246,"TKM":46.371555,"TCA":85.33379,"TUV":46.092022,"UGA":11.901389,"UKR":67.27498,"ARE":79.7469,"GBR":79.98383,"USA":79.308624,"VIR":92.93125,"URY":91.37592,"UZB":48.49019,"VUT":21.93417,"VAT":100,"VEN":88.37277,"VNM":24.948936,"WLF":0,"ESH":85.96434,"YEM":27.103361,"ZMB":35.884647,"ZWE":32.499928}