{"AFG":18.941248,"ALB":43.152042,"DZA":61.381268,"ASM":88.43301,"AND":91.46053,"AGO":52.892624,"AIA":100,"ATG":31.228037,"ARG":89.56167,"ARM":64.739624,"ABW":65.28207,"AUS":85.28421,"AUT":66.88875,"AZE":51.214417,"BHS":81.30542,"BHR":88.142784,"BGD":24.11324,"BRB":61.965576,"BLR":70.88047,"BEL":82.65096,"BLZ":47.4865,"BEN":39.003506,"BMU":100,"BTN":28.963087,"BOL":62.818764,"BES":74.69686,"BIH":43.19756,"BWA":55.014297,"BRA":81.99435,"VGB":42.440918,"BRN":72.10216,"BGR":69.485916,"BFA":19.725054,"BDI":8.451083,"KHM":18.803642,"CMR":47.258923,"CAN":79.09902,"CPV":55.57034,"CYM":100,"CAF":37.816975,"TCD":21.700777,"CHL":86.61141,"CHN":39.089783,"COL":75.192444,"COM":27.958626,"COG":59.971607,"COK":68.31658,"CRI":61.278763,"CIV":43.85903,"HRV":55.674545,"CUB":75.85149,"CUW":91.09703,"CYP":68.78636,"CZE":73.836006,"COD":35.937065,"DNK":85.3,"DJI":72.45033,"DMA":65.52093,"DOM":63.2914,"TLS":24.85061,"ECU":61.28713,"EGY":42.834763,"SLV":58.348625,"GNQ":39.196915,"ERI":34.54208,"EST":67.40909,"SWZ":22.569088,"ETH":15.333234,"FLK":69.11017,"FRO":35.936543,"FJI":48.779514,"FIN":67.795166,"FRA":77.25439,"GUF":81.57773,"PYF":55.86318,"GAB":81.22053,"GMB":49.573116,"GEO":52.41277,"DEU":80.1214,"GHA":45.34847,"GIB":100,"GRC":73.09771,"GRL":82.07529,"GRD":35.919918,"GLP":98.4,"GUM":93.41662,"GTM":45.775475,"GGY":27.607536,"GIN":31.513136,"GNB":37.47349,"GUY":28.479677,"HTI":39.970898,"HND":46.41942,"HKG":100,"HUN":65.04,"ISL":92.167404,"IND":28.175688,"IDN":43.782406,"IRN":65.92716,"IRQ":67.89381,"IRL":59.636726,"IMN":51.729404,"ISR":91.444496,"ITA":67.35388,"JAM":52.14672,"JPN":80.54699,"JEY":32.588367,"JOR":78.297295,"KAZ":55.504593,"KEN":21.858656,"KIR":43.498547,"KWT":99.509026,"KGZ":35.31187,"LAO":24.524784,"LVA":67.981346,"LBN":86.29428,"LSO":20.492628,"LBR":44.5667,"LBY":87.62562,"LIE":14.808667,"LTU":66.88871,"LUX":85.20342,"MAC":100,"MDG":25.603748,"MWI":14.872249,"MYS":64.056366,"MDV":29.888168,"MLI":19.679298,"MLT":93.44311,"MHL":69.03808,"MTQ":95.13505,"MRT":38.390038,"MUS":41.698685,"MYT":77.163055,"MEX":75.684074,"FSM":22.33,"MDA":39.62072,"MCO":100,"MNG":58.131012,"MNE":61.02618,"MSR":9.494072,"MAR":54.222744,"MOZ":29.568632,"MMR":27.88497,"NAM":33.64593,"NRU":100,"NPL":35.035896,"NLD":80.808525,"NCL":62.411804,"NZL":85.80616,"NIC":55.489494,"NER":16.26872,"NGA":44.9793,"NIU":34.394154,"PRK":59.541943,"MKD":57.872616,"MNP":90.340836,"NOR":76.79555,"OMN":71.501335,"PAK":33.385708,"PLW":72.38171,"PSE":75.49787,"PAN":63.03309,"PNG":13.1530695,"PRY":58.30897,"PER":73.550064,"PHL":39.95539,"POL":61.758152,"PRT":55.7893,"PRI":94.32187,"QAT":96.64245,"REU":92.52034,"ROU":52.746643,"RUS":73.2929,"RWA":16.877884,"BLM":100,"SHN":40.175224,"KNA":32.436836,"LCA":26.938326,"MAF":100,"SPM":89.41925,"VCT":45.121426,"WSM":21.94319,"SMR":93.948814,"STP":55.088272,"SAU":80.34381,"SEN":41.108147,"SRB":56.462902,"SYC":43.094845,"SLE":36.008278,"SGP":100,"SXM":100,"SVK":55.877613,"SVN":50.774456,"SLB":16.40262,"SOM":33.987206,"ZAF":57.67236,"KOR":80.27663,"SSD":16.447645,"ESP":76.49342,"LKA":14.610784,"SDN":32.40388,"SUR":66.732056,"SWE":84.134254,"CHE":73.41953,"SYR":52.695774,"TWN":78,"TJK":26.533651,"TZA":23.030691,"THA":34.073277,"TGO":34.001137,"TKL":0,"TON":23.071428,"TTO":55.82981,"TUN":64.28226,"TUR":60.738533,"TKM":46.592484,"TCA":86.01426,"TUV":46.74355,"UGA":12.202793,"UKR":67.26727,"ARE":80.27056,"GBR":80.11461,"USA":79.546104,"VIR":93.21917,"URY":91.48861,"UZB":49.257458,"VUT":22.201145,"VAT":100,"VEN":88.45538,"VNM":25.554092,"WLF":0,"ESH":86.01471,"YEM":27.577763,"ZMB":36.070602,"ZWE":32.563187}