{"AFG":19.160034,"ALB":44.02951,"DZA":62.14279,"ASM":88.257225,"AND":90.988754,"AGO":54.004356,"AIA":100,"ATG":30.600374,"ARG":89.75247,"ARM":64.66635,"ABW":65.198296,"AUS":85.409706,"AUT":66.92636,"AZE":51.7258,"BHS":81.481964,"BHR":88.832535,"BGD":24.552555,"BRB":61.554386,"BLR":71.30924,"BEL":82.96095,"BLZ":47.280624,"BEN":39.41697,"BMU":100,"BTN":29.63286,"BOL":63.29187,"BES":74.62919,"BIH":43.5182,"BWA":56.097923,"BRA":82.354034,"VGB":42.852608,"BRN":72.57764,"BGR":69.780846,"BFA":20.563328,"BDI":8.676144,"KHM":18.888176,"CMR":47.73255,"CAN":79.39138,"CPV":56.32971,"CYM":100,"CAF":37.88632,"TCD":21.720703,"CHL":86.6793,"CHN":40.53023,"COL":75.53418,"COM":27.944887,"COG":60.46946,"COK":69.491234,"CRI":62.451805,"CIV":44.259373,"HRV":55.638695,"CUB":75.86366,"CUW":91.12783,"CYP":68.7121,"CZE":73.764915,"COD":36.46546,"DNK":85.42,"DJI":72.03044,"DMA":65.72442,"DOM":64.4262,"TLS":25.261154,"ECU":61.541847,"EGY":42.88347,"SLV":59.246857,"GNQ":39.8959,"ERI":34.74513,"EST":67.43417,"SWZ":22.431232,"ETH":15.543854,"FLK":69.72086,"FRO":36.127647,"FJI":49.12605,"FIN":68.04256,"FRA":77.469124,"GUF":81.465485,"PYF":55.928356,"GAB":81.997086,"GMB":50.60101,"GEO":52.51447,"DEU":80.137314,"GHA":46.0548,"GIB":100,"GRC":73.43227,"GRL":82.348595,"GRD":35.919437,"GLP":98.4,"GUM":93.550285,"GTM":46.58654,"GGY":27.695454,"GIN":31.808601,"GNB":37.777306,"GUY":28.308348,"HTI":41.20076,"HND":46.990185,"HKG":100,"HUN":64.8453,"ISL":92.323555,"IND":28.466028,"IDN":44.630177,"IRN":66.60493,"IRQ":68.052124,"IRL":59.912014,"IMN":51.53891,"ISR":91.51769,"ITA":67.42994,"JAM":52.356487,"JPN":82.42068,"JEY":32.744263,"JOR":78.306946,"KAZ":55.21153,"KEN":23.56389,"KIR":43.51067,"KWT":99.76558,"KGZ":35.30865,"LAO":25.594587,"LVA":67.94939,"LBN":86.44753,"LSO":21.123108,"LBR":45.000458,"LBY":87.86599,"LIE":14.729107,"LTU":66.75967,"LUX":85.59063,"MAC":100,"MDG":25.896767,"MWI":14.955138,"MYS":65.075096,"MDV":31.391336,"MLI":20.059423,"MLT":93.5241,"MHL":69.523125,"MTQ":95.48847,"MRT":38.886692,"MUS":41.512707,"MYT":79.63037,"MEX":76.04617,"FSM":22.33,"MDA":39.594536,"MCO":100,"MNG":59.3547,"MNE":61.69866,"MSR":9.4772005,"MAR":54.57828,"MOZ":29.714634,"MMR":28.056803,"NAM":34.546005,"NRU":100,"NPL":38.045307,"NLD":81.30113,"NCL":62.854073,"NZL":85.85796,"NIC":55.630806,"NER":16.268723,"NGA":45.837208,"NIU":34.588436,"PRK":59.606403,"MKD":57.850178,"MNP":90.42441,"NOR":77.26,"OMN":71.492615,"PAK":33.56692,"PLW":74.54449,"PSE":77.2865,"PAN":63.407993,"PNG":13.122607,"PRY":58.55213,"PER":73.95587,"PHL":40.39285,"POL":61.728138,"PRT":56.58655,"PRI":94.24494,"QAT":96.831116,"REU":93.67695,"ROU":52.80235,"RUS":73.40574,"RWA":16.894743,"BLM":100,"SHN":40.10576,"KNA":32.2809,"LCA":26.01196,"MAF":100,"SPM":89.62637,"VCT":45.236153,"WSM":21.780687,"SMR":94,"STP":56.412846,"SAU":80.54144,"SEN":41.35894,"SRB":56.878426,"SYC":43.004932,"SLE":36.26905,"SGP":100,"SXM":100,"SVK":55.7386,"SVN":50.755383,"SLB":16.773312,"SOM":34.471966,"ZAF":58.372433,"KOR":80.707794,"SSD":16.615448,"ESP":76.709335,"LKA":14.725663,"SDN":32.42717,"SUR":66.74041,"SWE":84.19543,"CHE":73.45187,"SYR":53.1024,"TWN":77.836365,"TJK":26.533121,"TZA":23.520208,"THA":35.427036,"TGO":34.4514,"TKL":0,"TON":23.094362,"TTO":55.718803,"TUN":64.6056,"TUR":61.584507,"TKM":46.7,"TCA":86.67156,"TUV":47.49865,"UGA":12.590414,"UKR":67.41968,"ARE":80.848946,"GBR":80.23316,"USA":79.777336,"VIR":93.477325,"URY":91.62601,"UZB":49.956688,"VUT":22.464138,"VAT":100,"VEN":88.52228,"VNM":26.174541,"WLF":0,"ESH":86.06132,"YEM":28.027706,"ZMB":36.385857,"ZWE":32.600338}