{"AFG":19.399359,"ALB":44.978493,"DZA":62.902313,"ASM":88.03615,"AND":90.51577,"AGO":55.04453,"AIA":100,"ATG":29.905567,"ARG":89.93972,"ARM":64.59727,"ABW":65.08865,"AUS":85.51877,"AUT":66.955864,"AZE":52.2832,"BHS":81.67084,"BHR":89.8569,"BGD":25.009481,"BRB":61.10197,"BLR":71.765854,"BEL":83.265526,"BLZ":47.022667,"BEN":39.85257,"BMU":100,"BTN":30.2914,"BOL":63.756466,"BES":74.567444,"BIH":43.838047,"BWA":57.258247,"BRA":82.68168,"VGB":43.286045,"BRN":73.067505,"BGR":69.919334,"BFA":21.339218,"BDI":8.918554,"KHM":18.981361,"CMR":48.182686,"CAN":79.69231,"CPV":57.06772,"CYM":100,"CAF":37.96269,"TCD":21.73778,"CHL":86.73367,"CHN":41.760014,"COL":75.80806,"COM":27.959631,"COG":60.9206,"COK":70.55603,"CRI":63.659603,"CIV":44.66736,"HRV":55.58909,"CUB":75.91768,"CUW":91.153404,"CYP":68.59081,"CZE":73.699165,"COD":37,"DNK":85.71303,"DJI":71.64525,"DMA":65.96531,"DOM":65.89141,"TLS":25.704082,"ECU":61.78296,"EGY":42.92556,"SLV":60.142536,"GNQ":40.9304,"ERI":34.932465,"EST":67.467354,"SWZ":22.30771,"ETH":15.758591,"FLK":70.29464,"FRO":36.317986,"FJI":49.47729,"FIN":68.27666,"FRA":77.49005,"GUF":81.371155,"PYF":56.272995,"GAB":82.73554,"GMB":51.506203,"GEO":52.71732,"DEU":80.15497,"GHA":46.757202,"GIB":100,"GRC":73.82676,"GRL":82.56343,"GRD":35.918198,"GLP":98.4,"GUM":93.675835,"GTM":47.32682,"GGY":27.82528,"GIN":32.103256,"GNB":38.078197,"GUY":28.066885,"HTI":41.870575,"HND":47.57398,"HKG":100,"HUN":65.02254,"ISL":92.43773,"IND":28.772606,"IDN":45.447674,"IRN":67.25674,"IRQ":68.22022,"IRL":60.199474,"IMN":51.326054,"ISR":91.5829,"ITA":67.50725,"JAM":52.563766,"JPN":84.371056,"JEY":32.940945,"JOR":78.318535,"KAZ":54.92009,"KEN":25.414755,"KIR":43.523804,"KWT":99.94717,"KGZ":35.30589,"LAO":26.53711,"LVA":67.92067,"LBN":86.60493,"LSO":21.799366,"LBR":45.43448,"LBY":88.03717,"LIE":14.657462,"LTU":66.60226,"LUX":85.97991,"MAC":100,"MDG":26.186975,"MWI":15.031604,"MYS":66.06479,"MDV":32.854195,"MLI":20.457054,"MLT":93.608185,"MHL":70.05674,"MTQ":95.80159,"MRT":39.568558,"MUS":41.326553,"MYT":82.30943,"MEX":76.32744,"FSM":22.33,"MDA":39.446095,"MCO":100,"MNG":60.783,"MNE":62.2105,"MSR":9.450757,"MAR":54.978756,"MOZ":29.859211,"MMR":28.225609,"NAM":35.53565,"NRU":100,"NPL":41.610947,"NLD":82.25095,"NCL":63.31175,"NZL":85.90177,"NIC":55.77918,"NER":16.268723,"NGA":46.699482,"NIU":34.889862,"PRK":59.67539,"MKD":57.852795,"MNP":90.50364,"NOR":77.56846,"OMN":71.54289,"PAK":33.744137,"PLW":76.44532,"PSE":78.992645,"PAN":63.755375,"PNG":13.095167,"PRY":58.742138,"PER":74.37695,"PHL":40.850704,"POL":61.655518,"PRT":57.417187,"PRI":94.15442,"QAT":97.04726,"REU":94.800606,"ROU":52.91753,"RUS":73.30658,"RWA":16.90201,"BLM":100,"SHN":40.03347,"KNA":32.12872,"LCA":24.845917,"MAF":100,"SPM":89.80402,"VCT":45.35172,"WSM":21.528284,"SMR":94.21438,"STP":57.877483,"SAU":80.754234,"SEN":41.62482,"SRB":57.314457,"SYC":42.923775,"SLE":36.54913,"SGP":100,"SXM":100,"SVK":55.584385,"SVN":50.71244,"SLB":17.172863,"SOM":34.96207,"ZAF":59.09774,"KOR":81.104385,"SSD":16.75691,"ESP":76.95496,"LKA":14.913006,"SDN":32.44596,"SUR":66.74361,"SWE":84.267075,"CHE":73.476135,"SYR":53.5,"TWN":78.51363,"TJK":26.532778,"TZA":24.083246,"THA":36.785515,"TGO":34.900745,"TKL":0,"TON":23.119179,"TTO":55.571125,"TUN":64.92728,"TUR":62.438847,"TKM":46.73754,"TCA":87.30419,"TUV":48.40121,"UGA":13.122112,"UKR":67.5971,"ARE":81.47292,"GBR":80.34233,"USA":79.99609,"VIR":93.707146,"URY":91.80094,"UZB":50.569653,"VUT":22.729107,"VAT":100,"VEN":88.58356,"VNM":26.8021,"WLF":0,"ESH":86.10466,"YEM":28.450653,"ZMB":36.80359,"ZWE":32.627815}