{"AFG":19.70591,"ALB":45.993767,"DZA":63.659855,"ASM":87.77984,"AND":89.95636,"AGO":56,"AIA":100,"ATG":29.1738,"ARG":90.123375,"ARM":64.533424,"ABW":64.95802,"AUS":85.61909,"AUT":66.9798,"AZE":52.502853,"BHS":81.86056,"BHR":91.16817,"BGD":25.476954,"BRB":60.63899,"BLR":72.03101,"BEL":83.564545,"BLZ":46.72712,"BEN":40.309776,"BMU":100,"BTN":30.937992,"BOL":64.2133,"BES":74.512245,"BIH":44.15708,"BWA":58.453556,"BRA":82.98388,"VGB":43.741215,"BRN":73.55287,"BGR":70.08696,"BFA":22.017979,"BDI":9.180616,"KHM":19.092272,"CMR":48.583786,"CAN":79.97606,"CPV":57.79777,"CYM":100,"CAF":38.04485,"TCD":21.751905,"CHL":86.776825,"CHN":42.989998,"COL":76.00494,"COM":28.016895,"COG":61.310287,"COK":71.45213,"CRI":64.899864,"CIV":45.0823,"HRV":55.530724,"CUB":76.003334,"CUW":91.17469,"CYP":68.43407,"CZE":73.63756,"COD":37.401875,"DNK":86.005974,"DJI":71.306145,"DMA":66.240074,"DOM":67.57592,"TLS":26.30973,"ECU":62.00687,"EGY":42.95693,"SLV":61.030823,"GNQ":42.28146,"ERI":35.102203,"EST":67.50805,"SWZ":22.210245,"ETH":15.982967,"FLK":70.85193,"FRO":36.332058,"FJI":49.842136,"FIN":68.51405,"FRA":77.43633,"GUF":81.314514,"PYF":56.847286,"GAB":83.43268,"GMB":52.35821,"GEO":53.003628,"DEU":80.174515,"GHA":47.452843,"GIB":100,"GRC":74.261734,"GRL":82.68991,"GRD":35.915825,"GLP":98.4,"GUM":93.789986,"GTM":48.055794,"GGY":27.988937,"GIN":32.39627,"GNB":38.380146,"GUY":27.775856,"HTI":42.579178,"HND":48.170387,"HKG":100,"HUN":66.12614,"ISL":92.37744,"IND":29.09455,"IDN":46.237377,"IRN":67.87088,"IRQ":68.391426,"IRL":60.4883,"IMN":51.16084,"ISR":91.63843,"ITA":67.589714,"JAM":52.768524,"JPN":85.95736,"JEY":33.16427,"JOR":78.412125,"KAZ":54.648186,"KEN":27.268675,"KIR":43.544327,"KWT":100,"KGZ":35.303097,"LAO":27.322498,"LVA":67.89539,"LBN":86.76652,"LSO":22.531797,"LBR":45.85101,"LBY":88.13577,"LIE":14.594121,"LTU":66.57849,"LUX":86.373566,"MAC":100,"MDG":26.474302,"MWI":15.104179,"MYS":67.01598,"MDV":34.071518,"MLI":20.870672,"MLT":93.69852,"MHL":70.62344,"MTQ":96.070984,"MRT":40.40715,"MUS":41.141987,"MYT":84.975266,"MEX":76.47486,"FSM":22.33,"MDA":39.370403,"MCO":100,"MNG":62.312263,"MNE":62.67637,"MSR":9.416111,"MAR":55.43978,"MOZ":30.009861,"MMR":28.390793,"NAM":36.587,"NRU":100,"NPL":45.506565,"NLD":83.5049,"NCL":63.918392,"NZL":85.92993,"NIC":55.93755,"NER":16.268723,"NGA":47.565643,"NIU":35.262493,"PRK":59.750645,"MKD":57.86142,"MNP":90.57963,"NOR":77.82601,"OMN":71.85778,"PAK":33.919006,"PLW":77.574265,"PSE":80.51723,"PAN":64.0722,"PNG":13.070897,"PRY":58.894077,"PER":74.81624,"PHL":41.32977,"POL":61.5497,"PRT":58.245075,"PRI":94.05805,"QAT":97.30167,"REU":95.84822,"ROU":53.07451,"RUS":73.16139,"RWA":16.907211,"BLM":100,"SHN":39.95265,"KNA":31.980497,"LCA":23.541916,"MAF":100,"SPM":89.91842,"VCT":45.46812,"WSM":21.23529,"SMR":94.64549,"STP":59.4188,"SAU":80.97755,"SEN":41.90576,"SRB":57.750893,"SYC":42.851036,"SLE":36.848553,"SGP":100,"SXM":100,"SVK":55.418983,"SVN":50.64878,"SLB":17.600142,"SOM":35.46749,"ZAF":59.824177,"KOR":81.39014,"SSD":16.869576,"ESP":77.22068,"LKA":15.1672735,"SDN":32.460316,"SUR":66.732185,"SWE":84.35,"CHE":73.4951,"SYR":53.82272,"TWN":78.65,"TJK":26.532488,"TZA":24.706188,"THA":38.13016,"TGO":35.348766,"TKL":0,"TON":23.147396,"TTO":55.389896,"TUN":65.23409,"TUR":63.330246,"TKM":46.77287,"TCA":87.90844,"TUV":49.42098,"UGA":13.790724,"UKR":67.81361,"ARE":82.21228,"GBR":80.445595,"USA":80.19616,"VIR":93.91008,"URY":92.08127,"UZB":51.078125,"VUT":23.002018,"VAT":100,"VEN":88.63867,"VNM":27.428589,"WLF":0,"ESH":86.14525,"YEM":28.852379,"ZMB":37.29698,"ZWE":32.64827}