{"AFG":20.110453,"ALB":47.070107,"DZA":64.415436,"ASM":87.49836,"AND":89.37892,"AGO":56.8939,"AIA":100,"ATG":28.435257,"ARG":90.303375,"ARM":64.4759,"ABW":64.81127,"AUS":85.74925,"AUT":67.000694,"AZE":52.654015,"BHS":82.03961,"BHR":92.718605,"BGD":25.947914,"BRB":60.196095,"BLR":72.61138,"BEL":83.85789,"BLZ":46.40848,"BEN":40.78778,"BMU":100,"BTN":31.566494,"BOL":64.66314,"BES":74.46424,"BIH":44.475273,"BWA":59.642124,"BRA":83.26721,"VGB":44.218113,"BRN":74.01483,"BGR":70.50752,"BFA":22.55283,"BDI":9.464629,"KHM":19.229982,"CMR":49.20442,"CAN":80.21906,"CPV":58.533268,"CYM":100,"CAF":38.134434,"TCD":21.76298,"CHL":86.812515,"CHN":44.34301,"COL":76.16192,"COM":28.11432,"COG":61.62378,"COK":72.106476,"CRI":66.1703,"CIV":45.503513,"HRV":55.468597,"CUB":76.11215,"CUW":91.19261,"CYP":68.25342,"CZE":73.57888,"COD":37.802483,"DNK":86.25013,"DJI":71.024536,"DMA":66.54517,"DOM":69.333855,"TLS":27.121698,"ECU":62.21,"EGY":42.973,"SLV":61.906868,"GNQ":43.930126,"ERI":35.252518,"EST":67.55572,"SWZ":22.150553,"ETH":16.214848,"FLK":71.41138,"FRO":36.45842,"FJI":50.229477,"FIN":68.75883,"FRA":77.346725,"GUF":81.64106,"PYF":57.582584,"GAB":84.08524,"GMB":53.160328,"GEO":53.35939,"DEU":80.1961,"GHA":48.138893,"GIB":100,"GRC":74.71775,"GRL":82.8472,"GRD":35.911964,"GLP":98.403625,"GUM":93.88949,"GTM":48.767635,"GGY":28.178349,"GIN":32.68681,"GNB":38.68712,"GUY":27.460459,"HTI":43.284645,"HND":48.779007,"HKG":100,"HUN":67.01559,"ISL":92.1949,"IND":29.430986,"IDN":47.00176,"IRN":68.31019,"IRQ":68.55907,"IRL":60.770367,"IMN":51.114872,"ISR":91.68258,"ITA":67.68125,"JAM":52.970737,"JPN":87.14609,"JEY":33.40008,"JOR":78.755615,"KAZ":54.413727,"KEN":28.983076,"KIR":43.73498,"KWT":100,"KGZ":35.299793,"LAO":28.037876,"LVA":67.87373,"LBN":86.93235,"LSO":23.332989,"LBR":46.232296,"LBY":88.15996,"LIE":14.539467,"LTU":66.63815,"LUX":86.773895,"MAC":100,"MDG":26.758675,"MWI":15.175399,"MYS":67.9192,"MDV":34.867863,"MLI":21.298761,"MLT":93.79869,"MHL":71.207756,"MTQ":96.293274,"MRT":41.373993,"MUS":40.96077,"MYT":87.40422,"MEX":76.498245,"FSM":22.327515,"MDA":39.21824,"MCO":100,"MNG":63.838837,"MNE":63.11131,"MSR":9.374633,"MAR":55.962757,"MOZ":30.17408,"MMR":28.551758,"NAM":37.672215,"NRU":100,"NPL":49.50591,"NLD":84.65323,"NCL":64.7508,"NZL":85.935684,"NIC":56.105854,"NER":16.267572,"NGA":48.42427,"NIU":35.6583,"PRK":59.833904,"MKD":57.879658,"MNP":90.65346,"NOR":78.08772,"OMN":72.39203,"PAK":34.093178,"PLW":78.30689,"PSE":81.76118,"PAN":64.35541,"PNG":13.049942,"PRY":59.02023,"PER":75.276665,"PHL":41.830856,"POL":61.419968,"PRT":59.034096,"PRI":93.9636,"QAT":97.58274,"REU":96.776695,"ROU":53.256638,"RUS":73.24392,"RWA":16.911015,"BLM":100,"SHN":39.857574,"KNA":31.836428,"LCA":22.201668,"MAF":100,"SPM":89.94213,"VCT":45.58536,"WSM":20.956797,"SMR":95.20843,"STP":60.973415,"SAU":81.20086,"SEN":42.20464,"SRB":58.170914,"SYC":42.788044,"SLE":37.17038,"SGP":100,"SXM":100,"SVK":55.24643,"SVN":50.567257,"SLB":18.054014,"SOM":35.998207,"ZAF":60.527645,"KOR":81.56646,"SSD":16.950989,"ESP":77.496864,"LKA":15.482927,"SDN":32.470295,"SUR":66.6968,"SWE":84.45532,"CHE":73.51158,"SYR":54.05977,"TWN":79.027084,"TJK":26.532118,"TZA":25.374104,"THA":39.4424,"TGO":35.79506,"TKL":0,"TON":23.180141,"TTO":55.178246,"TUN":65.52098,"TUR":64.28739,"TKM":46.806004,"TCA":88.48061,"TUV":50.522987,"UGA":14.585152,"UKR":68.029335,"ARE":82.5589,"GBR":80.54643,"USA":80.37131,"VIR":94.08755,"URY":92.48455,"UZB":51.463882,"VUT":23.288834,"VAT":100,"VEN":88.68708,"VNM":28.04583,"WLF":0,"ESH":86.183586,"YEM":29.23795,"ZMB":37.839222,"ZWE":32.664078}