{"AFG":20.590658,"ALB":48.202282,"DZA":65.169075,"ASM":87.20179,"AND":89.05,"AGO":57.756462,"AIA":100,"ATG":27.720127,"ARG":90.47966,"ARM":64.425766,"ABW":64.65327,"AUS":85.89685,"AUT":67.0211,"AZE":52.828156,"BHS":82.196495,"BHR":94.4605,"BGD":26.415304,"BRB":59.803944,"BLR":73.09135,"BEL":84.14543,"BLZ":46.081245,"BEN":41.285778,"BMU":100,"BTN":32.17382,"BOL":65.106735,"BES":74.42406,"BIH":44.792606,"BWA":60.78223,"BRA":83.53825,"VGB":44.71673,"BRN":74.43449,"BGR":70.68442,"BFA":22.974176,"BDI":9.772892,"KHM":19.40357,"CMR":49.7027,"CAN":80.44256,"CPV":59.287605,"CYM":100,"CAF":38.234333,"TCD":21.770905,"CHL":86.844505,"CHN":45.889244,"COL":76.31441,"COM":28.249332,"COG":61.850258,"COK":72.5396,"CRI":67.46864,"CIV":45.930317,"HRV":55.40771,"CUB":76.23569,"CUW":91.20809,"CYP":68.06042,"CZE":73.52195,"COD":38.201782,"DNK":86.42515,"DJI":70.81181,"DMA":66.87708,"DOM":71.01934,"TLS":28.001165,"ECU":62.388756,"EGY":42.972965,"SLV":62.76769,"GNQ":45.857456,"ERI":35.382095,"EST":67.60979,"SWZ":22.13999,"ETH":16.094833,"FLK":72.0148,"FRO":36.292988,"FJI":50.649456,"FIN":69.020035,"FRA":77.2458,"GUF":83.35347,"PYF":58.410248,"GAB":84.69002,"GMB":53.91961,"GEO":53.770607,"DEU":80.219864,"GHA":48.81251,"GIB":100,"GRC":75.17535,"GRL":83.20396,"GRD":35.90625,"GLP":98.41273,"GUM":93.971054,"GTM":49.45651,"GGY":28.385439,"GIN":32.974037,"GNB":39.003098,"GUY":27.145895,"HTI":43.986618,"HND":49.399426,"HKG":100,"HUN":67.004166,"ISL":92.36146,"IND":29.781042,"IDN":47.743298,"IRN":68.80619,"IRQ":68.71648,"IRL":61.0602,"IMN":51.235348,"ISR":91.71364,"ITA":67.785774,"JAM":53.170376,"JPN":88.27014,"JEY":33.634235,"JOR":79.33583,"KAZ":54.23462,"KEN":30.415386,"KIR":44.621216,"KWT":100,"KGZ":35.295494,"LAO":28.734304,"LVA":67.85589,"LBN":87.102486,"LSO":24.218796,"LBR":46.610485,"LBY":88.15603,"LIE":14.493886,"LTU":66.7185,"LUX":87.1832,"MAC":100,"MDG":27.04002,"MWI":15.247796,"MYS":68.76497,"MDV":35.43408,"MLI":21.739805,"MLT":93.91182,"MHL":71.7942,"MTQ":96.46505,"MRT":42.4406,"MUS":40.78466,"MYT":89.35559,"MEX":76.50473,"FSM":22.320833,"MDA":39.431503,"MCO":100,"MNG":65.25907,"MNE":63.50358,"MSR":9.327692,"MAR":56.530384,"MOZ":30.359814,"MMR":28.70791,"NAM":38.763435,"NRU":100,"NPL":53.38274,"NLD":85.40892,"NCL":65.62048,"NZL":85.929184,"NIC":56.281662,"NER":16.264189,"NGA":49.235798,"NIU":36.25399,"PRK":59.926907,"MKD":57.911102,"MNP":90.72622,"NOR":78.40725,"OMN":73.067924,"PAK":34.268307,"PLW":79.0196,"PSE":82.59612,"PAN":64.60198,"PNG":13.032448,"PRY":59.132854,"PER":75.76153,"PHL":42.34705,"POL":61.2756,"PRT":59.74811,"PRI":93.87882,"QAT":97.86631,"REU":97.54294,"ROU":53.447277,"RUS":73.385605,"RWA":16.914083,"BLM":100,"SHN":39.74254,"KNA":31.696709,"LCA":20.92689,"MAF":100,"SPM":89.935165,"VCT":45.703434,"WSM":20.694448,"SMR":95.81829,"STP":62.477947,"SAU":81.423004,"SEN":42.524345,"SRB":58.557713,"SYC":42.736134,"SLE":37.512287,"SGP":100,"SXM":100,"SVK":55.070736,"SVN":50.470715,"SLB":18.533344,"SOM":36.564194,"ZAF":61.18405,"KOR":81.71213,"SSD":16.99869,"ESP":77.773895,"LKA":15.854428,"SDN":32.475952,"SUR":66.64332,"SWE":84.59069,"CHE":73.52838,"SYR":54.2884,"TWN":79.65104,"TJK":26.531534,"TZA":26.072062,"THA":40.70369,"TGO":36.239216,"TKL":0,"TON":23.223997,"TTO":54.9393,"TUN":65.8,"TUR":65.33896,"TKM":46.836975,"TCA":89.01704,"TUV":51.672268,"UGA":15.494298,"UKR":68.210236,"ARE":82.758606,"GBR":80.64833,"USA":80.51532,"VIR":94.24098,"URY":92.960365,"UZB":51.708702,"VUT":23.595516,"VAT":100,"VEN":88.72823,"VNM":28.645638,"WLF":0,"ESH":86.22018,"YEM":29.609154,"ZMB":38.40349,"ZWE":32.677624}