{"AFG":21.124147,"ALB":49.38507,"DZA":65.90149,"ASM":86.90018,"AND":88.940735,"AGO":58.585175,"AIA":100,"ATG":27.05859,"ARG":90.65219,"ARM":64.384094,"ABW":64.488884,"AUS":86.02538,"AUT":67.04356,"AZE":53.063305,"BHS":82.31971,"BHR":96.34614,"BGD":26.87206,"BRB":59.49319,"BLR":73.55317,"BEL":84.42704,"BLZ":45.75991,"BEN":41.802967,"BMU":100,"BTN":32.763718,"BOL":65.54483,"BES":74.392334,"BIH":45.10906,"BWA":61.83216,"BRA":83.803604,"VGB":45.23705,"BRN":74.79294,"BGR":70.9021,"BFA":23.363375,"BDI":10.106436,"KHM":19.657452,"CMR":50.08583,"CAN":80.662895,"CPV":60.074192,"CYM":100,"CAF":38.34745,"TCD":21.77558,"CHL":86.87658,"CHN":46.989506,"COL":76.45968,"COM":28.41935,"COG":62.03548,"COK":72.84999,"CRI":68.79258,"CIV":46.362026,"HRV":55.35307,"CUB":76.36546,"CUW":91.22205,"CYP":67.86662,"CZE":73.46555,"COD":38.599724,"DNK":86.58314,"DJI":70.679375,"DMA":67.23226,"DOM":72.48652,"TLS":28.807674,"ECU":62.53955,"EGY":42.9609,"SLV":63.63725,"GNQ":48.04449,"ERI":35.48971,"EST":67.6697,"SWZ":22.1692,"ETH":16.79367,"FLK":72.67767,"FRO":36.467922,"FJI":51.097977,"FIN":69.294365,"FRA":77.15619,"GUF":85.728966,"PYF":59.26164,"GAB":85.24377,"GMB":54.643124,"GEO":54.22327,"DEU":80.24596,"GHA":49.470867,"GIB":100,"GRC":75.61508,"GRL":83.621826,"GRD":35.898315,"GLP":98.424614,"GUM":94.031425,"GTM":50.11659,"GGY":28.602133,"GIN":33.257126,"GNB":39.332054,"GUY":26.857367,"HTI":44.684734,"HND":50.03123,"HKG":100,"HUN":68.0977,"ISL":93.064644,"IND":30.143848,"IDN":48.464474,"IRN":69.379005,"IRQ":68.85698,"IRL":61.35819,"IMN":51.468365,"ISR":91.72929,"ITA":67.907196,"JAM":53.367413,"JPN":89.29216,"JEY":33.852573,"JOR":80.1291,"KAZ":54.128773,"KEN":31.423027,"KIR":45.946133,"KWT":100,"KGZ":35.289715,"LAO":29.403435,"LVA":67.84203,"LBN":87.27698,"LSO":25.19663,"LBR":47.10805,"LBY":88.147446,"LIE":14.457764,"LTU":66.75278,"LUX":87.60377,"MAC":100,"MDG":27.318266,"MWI":15.323803,"MYS":69.543816,"MDV":35.933514,"MLI":22.192286,"MLT":94.02948,"MHL":72.3673,"MTQ":96.582924,"MRT":43.57849,"MUS":40.61542,"MYT":90.9954,"MEX":76.50904,"FSM":22.31112,"MDA":39.37107,"MCO":100,"MNG":66.46931,"MNE":63.84144,"MSR":9.27666,"MAR":57.125416,"MOZ":30.562536,"MMR":28.858654,"NAM":39.832813,"NRU":100,"NPL":56.910805,"NLD":85.61496,"NCL":66.32575,"NZL":85.914474,"NIC":56.463814,"NER":16.25867,"NGA":50.05052,"NIU":37.203846,"PRK":60.03107,"MKD":57.95936,"MNP":90.79901,"NOR":78.7541,"OMN":73.80777,"PAK":34.446037,"PLW":79.66392,"PSE":83.09791,"PAN":64.80887,"PNG":13.018561,"PRY":59.244225,"PER":76.27449,"PHL":43.15475,"POL":61.125877,"PRT":60.351,"PRI":93.81146,"QAT":98.12952,"REU":98.10387,"ROU":53.629787,"RUS":73.48225,"RWA":16.917088,"BLM":100,"SHN":39.58668,"KNA":31.561535,"LCA":19.819294,"MAF":100,"SPM":89.923355,"VCT":45.822342,"WSM":20.403845,"SMR":96.39017,"STP":63.869015,"SAU":81.64414,"SEN":42.86775,"SRB":58.894463,"SYC":42.696636,"SLE":37.872597,"SGP":100,"SXM":100,"SVK":54.89593,"SVN":50.362003,"SLB":19.037,"SOM":37.17542,"ZAF":61.7693,"KOR":81.83508,"SSD":17.030113,"ESP":78.042145,"LKA":16.276236,"SDN":32.481625,"SUR":66.5777,"SWE":84.75174,"CHE":73.548294,"SYR":54.585846,"TWN":80.07188,"TJK":26.530602,"TZA":26.785133,"THA":41.89545,"TGO":36.680832,"TKL":0,"TON":23.2889,"TTO":54.676186,"TUN":66.067604,"TUR":66.51365,"TKM":46.86581,"TCA":89.51401,"TUV":52.833866,"UGA":16.507065,"UKR":68.375206,"ARE":82.9659,"GBR":80.75477,"USA":80.62197,"VIR":94.371826,"URY":93.459755,"UZB":51.794357,"VUT":23.928026,"VAT":100,"VEN":88.76157,"VNM":29.219833,"WLF":0,"ESH":86.25553,"YEM":29.964664,"ZMB":38.962963,"ZWE":32.69128}