{"AFG":21.688547,"ALB":50.613243,"DZA":66.509735,"ASM":86.6036,"AND":88.84433,"AGO":59.377533,"AIA":100,"ATG":26.480835,"ARG":90.8209,"ARM":64.35195,"ABW":64.32298,"AUS":86.127815,"AUT":67.07059,"AZE":53.13581,"BHS":82.39776,"BHR":98.32778,"BGD":27.311125,"BRB":59.29449,"BLR":74.19096,"BEL":84.70258,"BLZ":45.458973,"BEN":42.33854,"BMU":100,"BTN":33.33968,"BOL":65.97819,"BES":74.369705,"BIH":45.424603,"BWA":62.750187,"BRA":84.06984,"VGB":45.77907,"BRN":75.0713,"BGR":71.301735,"BFA":23.745232,"BDI":10.49799,"KHM":20.197973,"CMR":50.471413,"CAN":80.859184,"CPV":60.90642,"CYM":100,"CAF":38.476677,"TCD":21.77844,"CHL":86.91249,"CHN":48.341705,"COL":76.59641,"COM":28.621798,"COG":62.217228,"COK":73.09863,"CRI":70.13985,"CIV":46.79796,"HRV":55.309666,"CUB":76.49303,"CUW":91.23543,"CYP":67.68361,"CZE":73.408485,"COD":38.996265,"DNK":86.761765,"DJI":70.63833,"DMA":67.60719,"DOM":73.5895,"TLS":29.400766,"ECU":62.658802,"EGY":42.938347,"SLV":64.52991,"GNQ":50.472282,"ERI":35.574203,"EST":67.73489,"SWZ":22.234386,"ETH":17.1511,"FLK":73.34081,"FRO":36.88881,"FJI":51.5628,"FIN":69.54626,"FRA":77.10054,"GUF":87.49795,"PYF":60.06811,"GAB":85.743256,"GMB":55.33793,"GEO":54.70338,"DEU":80.27452,"GHA":50.111126,"GIB":100,"GRC":76.017494,"GRL":83.85561,"GRD":35.8878,"GLP":98.436615,"GUM":94.06732,"GTM":50.742043,"GGY":28.820354,"GIN":33.53524,"GNB":39.671642,"GUY":26.620075,"HTI":45.378643,"HND":50.67402,"HKG":100,"HUN":68.45926,"ISL":93.44414,"IND":30.518532,"IDN":49.16776,"IRN":69.990074,"IRQ":68.974236,"IRL":61.6421,"IMN":51.730537,"ISR":91.73197,"ITA":68.04942,"JAM":53.561817,"JPN":90.11311,"JEY":34.040955,"JOR":81.11175,"KAZ":54.116714,"KEN":31.86031,"KIR":47.351025,"KWT":100,"KGZ":35.28155,"LAO":30.04203,"LVA":67.83237,"LBN":87.45587,"LSO":26.259104,"LBR":47.624527,"LBY":88.13458,"LIE":14.431485,"LTU":66.78166,"LUX":88.03791,"MAC":100,"MDG":27.59334,"MWI":15.401531,"MYS":70.24626,"MDV":36.371826,"MLI":22.655796,"MLT":94.14237,"MHL":72.91158,"MTQ":96.643486,"MRT":44.759182,"MUS":40.45482,"MYT":92.59422,"MEX":76.5144,"FSM":22.299538,"MDA":39.325535,"MCO":100,"MNG":67.365906,"MNE":64.113144,"MSR":9.222906,"MAR":57.730618,"MOZ":30.771559,"MMR":29.003393,"NAM":40.85249,"NRU":100,"NPL":59.86386,"NLD":86.22232,"NCL":66.663185,"NZL":85.89184,"NIC":56.6511,"NER":16.251118,"NGA":50.864536,"NIU":38.260002,"PRK":60.15444,"MKD":58.028015,"MNP":90.872925,"NOR":79.05708,"OMN":74.53387,"PAK":34.628025,"PLW":80.21867,"PSE":83.505035,"PAN":64.97304,"PNG":13.008427,"PRY":59.36661,"PER":76.82215,"PHL":44.33568,"POL":60.980076,"PRT":60.806637,"PRI":93.76928,"QAT":98.34949,"REU":98.41639,"ROU":53.787514,"RUS":73.52887,"RWA":16.920689,"BLM":100,"SHN":39.33544,"KNA":31.431103,"LCA":18.980595,"MAF":100,"SPM":89.91118,"VCT":45.942078,"WSM":20.104532,"SMR":96.839165,"STP":65.08323,"SAU":81.86445,"SEN":43.237732,"SRB":59.16435,"SYC":42.670887,"SLE":38.249634,"SGP":100,"SXM":100,"SVK":54.726036,"SVN":50.243977,"SLB":19.563374,"SOM":37.841866,"ZAF":62.259285,"KOR":81.92451,"SSD":17.293728,"ESP":78.29199,"LKA":16.742813,"SDN":32.57746,"SUR":66.50589,"SWE":84.934105,"CHE":73.57412,"SYR":55.029366,"TWN":79.9,"TJK":26.529186,"TZA":27.498388,"THA":42.99913,"TGO":37.119503,"TKL":0,"TON":23.361206,"TTO":54.39203,"TUN":66.33622,"TUR":67.84014,"TKM":46.892536,"TCA":89.967834,"TUV":53.97281,"UGA":17.612352,"UKR":68.52515,"ARE":83.1702,"GBR":80.86922,"USA":80.685036,"VIR":94.4815,"URY":93.93373,"UZB":51.610504,"VUT":24.286175,"VAT":100,"VEN":88.78656,"VNM":29.758135,"WLF":0,"ESH":86.29015,"YEM":30.30315,"ZMB":39.49083,"ZWE":32.707428}