{"AFG":22.26148,"ALB":51.881577,"DZA":67.123505,"ASM":86.31907,"AND":88.760475,"AGO":60.131027,"AIA":100,"ATG":26.017044,"ARG":90.993004,"ARM":64.330414,"ABW":64.16129,"AUS":86.21986,"AUT":67.104744,"AZE":53.284836,"BHS":82.41981,"BHR":100,"BGD":27.725437,"BRB":59.236603,"BLR":74.55014,"BEL":84.97193,"BLZ":45.191483,"BEN":42.89169,"BMU":100,"BTN":33.905197,"BOL":66.40757,"BES":74.356804,"BIH":45.739216,"BWA":63.4946,"BRA":84.34385,"VGB":46.34279,"BRN":75.250656,"BGR":71.51493,"BFA":24.115093,"BDI":10.98431,"KHM":21.123224,"CMR":50.850506,"CAN":81.01209,"CPV":61.79743,"CYM":100,"CAF":38.624496,"TCD":21.847239,"CHL":86.95602,"CHN":49.234028,"COL":76.7233,"COM":28.854097,"COG":62.39229,"COK":73.31543,"CRI":71.50815,"CIV":47.23743,"HRV":55.282497,"CUB":76.60992,"CUW":91.24913,"CYP":67.52291,"CZE":73.34956,"COD":39.391365,"DNK":86.86524,"DJI":70.64866,"DMA":67.99833,"DOM":74.164276,"TLS":29.639885,"ECU":62.740524,"EGY":42.905716,"SLV":65.43279,"GNQ":53.12188,"ERI":35.634655,"EST":67.8048,"SWZ":22.333078,"ETH":17.493784,"FLK":73.93992,"FRO":37.253693,"FJI":52.041515,"FIN":69.78558,"FRA":77.09628,"GUF":87.77132,"PYF":60.76102,"GAB":86.18526,"GMB":56.01109,"GEO":55.196934,"DEU":80.3057,"GHA":50.729694,"GIB":100,"GRC":76.363144,"GRL":84.27849,"GRD":35.874336,"GLP":98.44745,"GUM":94.076515,"GTM":51.327038,"GGY":29.032028,"GIN":33.80754,"GNB":40.00956,"GUY":26.459219,"HTI":46.067974,"HND":51.327374,"HKG":100,"HUN":69.53055,"ISL":93.45883,"IND":30.904219,"IDN":49.85214,"IRN":70.60926,"IRQ":69.0583,"IRL":61.891068,"IMN":51.939617,"ISR":91.73164,"ITA":68.21638,"JAM":53.753567,"JPN":90.622856,"JEY":34.185226,"JOR":82.26011,"KAZ":54.205414,"KEN":31.871328,"KIR":48.460384,"KWT":100,"KGZ":35.26777,"LAO":30.64686,"LVA":67.827065,"LBN":87.63922,"LSO":27.400482,"LBR":48.14075,"LBY":88.117714,"LIE":14.415436,"LTU":66.771286,"LUX":88.487915,"MAC":100,"MDG":27.865168,"MWI":15.477697,"MYS":70.86253,"MDV":36.764614,"MLI":23.135946,"MLT":94.24124,"MHL":73.41157,"MTQ":96.65088,"MRT":45.954193,"MUS":40.304615,"MYT":93.99288,"MEX":76.524445,"FSM":22.290354,"MDA":39.280495,"MCO":100,"MNG":67.8298,"MNE":64.30696,"MSR":9.167801,"MAR":58.32875,"MOZ":30.986177,"MMR":29.141533,"NAM":41.794617,"NRU":100,"NPL":62.01566,"NLD":87.35028,"NCL":66.703835,"NZL":85.861404,"NIC":56.84231,"NER":16.24163,"NGA":51.67782,"NIU":39.151005,"PRK":60.307007,"MKD":58.12068,"MNP":90.948814,"NOR":79.245,"OMN":75.157974,"PAK":34.815918,"PLW":80.66267,"PSE":83.885345,"PAN":65.09261,"PNG":13.002192,"PRY":59.51228,"PER":77.40209,"PHL":45.520817,"POL":60.847477,"PRT":61.078888,"PRI":93.75888,"QAT":98.50662,"REU":98.48051,"ROU":53.903824,"RUS":73.66963,"RWA":16.925558,"BLM":100,"SHN":38.9868,"KNA":31.305613,"LCA":18.512506,"MAF":100,"SPM":89.90298,"VCT":46.06264,"WSM":19.83021,"SMR":97.074615,"STP":66.05722,"SAU":82.07917,"SEN":43.63718,"SRB":59.350555,"SYC":42.66031,"SLE":38.64173,"SGP":100,"SXM":100,"SVK":54.565075,"SVN":50.119488,"SLB":20.119406,"SOM":38.57351,"ZAF":62.629913,"KOR":81.968506,"SSD":17.53562,"ESP":78.51382,"LKA":17.248621,"SDN":32.717403,"SUR":66.433846,"SWE":85.13342,"CHE":73.60867,"SYR":55.6962,"TWN":80,"TJK":26.527431,"TZA":28.196896,"THA":44.001873,"TGO":37.55459,"TKL":0,"TON":23.424362,"TTO":54.08996,"TUN":66.628006,"TUR":69.34712,"TKM":46.91717,"TCA":90.37483,"TUV":55.054134,"UGA":18.799065,"UKR":68.6374,"ARE":83.37143,"GBR":80.99516,"USA":80.699776,"VIR":94.57244,"URY":94.33332,"UZB":51.332165,"VUT":24.742504,"VAT":100,"VEN":88.802635,"VNM":30.250402,"WLF":0,"ESH":86.32455,"YEM":30.623285,"ZMB":39.955887,"ZWE":32.72845}