{"AFG":22.82057,"ALB":53.291737,"DZA":67.7344,"ASM":86.028496,"AND":88.688835,"AGO":60.843163,"AIA":100,"ATG":25.69469,"ARG":91.10723,"ARM":64.32075,"ABW":63.99926,"AUS":86.3269,"AUT":67.14842,"AZE":53.508545,"BHS":82.41303,"BHR":100,"BGD":28.110016,"BRB":59.236694,"BLR":75.05975,"BEL":85.23496,"BLZ":44.94178,"BEN":43.461613,"BMU":100,"BTN":34.46376,"BOL":66.83372,"BES":74.380554,"BIH":46.05288,"BWA":64.01878,"BRA":84.622574,"VGB":46.92818,"BRN":75.312126,"BGR":72.61017,"BFA":24.468298,"BDI":11.561666,"KHM":22.382479,"CMR":51.222984,"CAN":81.10314,"CPV":62.741993,"CYM":100,"CAF":38.803066,"TCD":21.955873,"CHL":87.01092,"CHN":51.83003,"COL":76.839005,"COM":29.113674,"COG":62.55975,"COK":73.532745,"CRI":72.84266,"CIV":47.679756,"HRV":55.277378,"CUB":76.707664,"CUW":91.26394,"CYP":67.39799,"CZE":73.287834,"COD":39.78497,"DNK":87.15677,"DJI":70.67765,"DMA":68.39782,"DOM":74.24404,"TLS":29.633352,"ECU":62.794907,"EGY":42.86342,"SLV":66.33441,"GNQ":55.974335,"ERI":35.670628,"EST":67.877556,"SWZ":22.463476,"ETH":17.86379,"FLK":74.41072,"FRO":37.297596,"FJI":52.533546,"FIN":70.05833,"FRA":77.11827,"GUF":87.7399,"PYF":61.271736,"GAB":86.566536,"GMB":56.66967,"GEO":55.689926,"DEU":80.340576,"GHA":51.33041,"GIB":100,"GRC":76.63526,"GRL":84.5286,"GRD":35.860107,"GLP":98.45944,"GUM":94.0771,"GTM":51.865746,"GGY":29.229078,"GIN":34.073204,"GNB":40.439114,"GUY":26.4,"HTI":46.752377,"HND":51.99089,"HKG":100,"HUN":69.478,"ISL":93.411064,"IND":31.27465,"IDN":50.483,"IRN":71.20405,"IRQ":69.12522,"IRL":62.087273,"IMN":52.02463,"ISR":91.7304,"ITA":68.401505,"JAM":53.956585,"JPN":90.86317,"JEY":34.27502,"JOR":83.55051,"KAZ":54.39961,"KEN":31.867395,"KIR":49.122818,"KWT":100,"KGZ":35.24665,"LAO":31.214687,"LVA":67.82669,"LBN":87.82708,"LSO":28.615036,"LBR":48.65833,"LBY":88.097046,"LIE":14.41,"LTU":66.75183,"LUX":88.95628,"MAC":100,"MDG":28.13368,"MWI":15.552316,"MYS":71.424515,"MDV":37.12746,"MLI":23.637968,"MLT":94.31559,"MHL":73.85537,"MTQ":96.64857,"MRT":47.13504,"MUS":40.16659,"MYT":95.00945,"MEX":76.56678,"FSM":22.291466,"MDA":39.346916,"MCO":100,"MNG":67.91961,"MNE":64.42109,"MSR":9.111363,"MAR":58.902576,"MOZ":31.206223,"MMR":29.272476,"NAM":42.62761,"NRU":100,"NPL":63.13995,"NLD":88.00592,"NCL":66.72621,"NZL":85.82332,"NIC":57.036243,"NER":16.230307,"NGA":52.490353,"NIU":39.60082,"PRK":60.483624,"MKD":58.24095,"MNP":91.02534,"NOR":79.31162,"OMN":75.65858,"PAK":35.011368,"PLW":80.974724,"PSE":84.23409,"PAN":65.18967,"PNG":13.000003,"PRY":59.6935,"PER":78.01182,"PHL":46.683365,"POL":60.73571,"PRT":61.14107,"PRI":93.75982,"QAT":98.63006,"REU":98.49678,"ROU":53.960888,"RUS":73.853485,"RWA":16.932358,"BLM":100,"SHN":38.589054,"KNA":31.200066,"LCA":18.474348,"MAF":100,"SPM":89.898346,"VCT":46.18403,"WSM":19.617428,"SMR":97.1,"STP":66.7276,"SAU":82.25439,"SEN":44.068966,"SRB":59.434917,"SYC":42.673985,"SLE":39.047215,"SGP":100,"SXM":100,"SVK":54.41674,"SVN":49.94638,"SLB":20.728489,"SOM":39.380318,"ZAF":62.850628,"KOR":81.96154,"SSD":17.781767,"ESP":78.6954,"LKA":17.788118,"SDN":32.905975,"SUR":66.36752,"SWE":85.36008,"CHE":73.65059,"SYR":58.48177,"TWN":80.5625,"TJK":26.479221,"TZA":28.865726,"THA":44.80487,"TGO":37.987232,"TKL":0,"TON":23.460754,"TTO":53.92536,"TUN":66.91919,"TUR":71.00287,"TKM":46.939754,"TCA":90.73129,"TUV":56.042877,"UGA":20.056103,"UKR":68.72343,"ARE":83.5695,"GBR":81.13597,"USA":80.695755,"VIR":94.65536,"URY":94.60368,"UZB":51.33955,"VUT":24.786163,"VAT":100,"VEN":88.80793,"VNM":30.699604,"WLF":0,"ESH":86.35922,"YEM":30.923738,"ZMB":40.36845,"ZWE":32.75673}