{"AFG":23.34344,"ALB":53.863754,"DZA":68.342125,"ASM":85.71612,"AND":88.6291,"AGO":61.51142,"AIA":100,"ATG":25.455563,"ARG":91.204124,"ARM":64.326836,"ABW":63.825207,"AUS":86.44513,"AUT":67.20859,"AZE":53.807644,"BHS":82.394745,"BHR":100,"BGD":28.478798,"BRB":59.237217,"BLR":75.52811,"BEL":85.49154,"BLZ":44.690308,"BEN":44.04751,"BMU":100,"BTN":35.018864,"BOL":67.25815,"BES":74.73,"BIH":46.365566,"BWA":64.39932,"BRA":84.897385,"VGB":47.535248,"BRN":75.27142,"BGR":72.768486,"BFA":24.800192,"BDI":12.22446,"KHM":23.941105,"CMR":51.58871,"CAN":81.15135,"CPV":63.726044,"CYM":100,"CAF":39.03017,"TCD":22.10619,"CHL":87.0825,"CHN":53.10031,"COL":76.942215,"COM":29.397951,"COG":62.718716,"COK":73.7633,"CRI":73.3895,"CIV":48.124252,"HRV":55.304287,"CUB":76.777695,"CUW":91.27913,"CYP":67.301025,"CZE":73.22492,"COD":40.17704,"DNK":87.23362,"DJI":70.72663,"DMA":68.75461,"DOM":74.23987,"TLS":29.613607,"ECU":62.840874,"EGY":42.81185,"SLV":67.22327,"GNQ":59.010693,"ERI":35.682426,"EST":67.96296,"SWZ":22.623772,"ETH":18.206137,"FLK":74.69148,"FRO":37.324497,"FJI":53.038322,"FIN":70.366135,"FRA":77.16695,"GUF":87.609116,"PYF":61.528652,"GAB":86.883865,"GMB":57.320732,"GEO":56.168354,"DEU":80.39345,"GHA":51.919792,"GIB":100,"GRC":76.86798,"GRL":84.88646,"GRD":35.865276,"GLP":98.472336,"GUM":94.07773,"GTM":52.352337,"GGY":29.403429,"GIN":34.331394,"GNB":40.868603,"GUY":26.4,"HTI":47.431484,"HND":52.664154,"HKG":100,"HUN":69.57723,"ISL":93.51489,"IND":31.589893,"IDN":51.159393,"IRN":71.76337,"IRQ":69.22222,"IRL":62.252934,"IMN":52.05553,"ISR":91.72765,"ITA":68.76088,"JAM":54.247883,"JPN":91.02653,"JEY":34.341312,"JOR":84.95927,"KAZ":54.69208,"KEN":31.855812,"KIR":49.58008,"KWT":100,"KGZ":35.218918,"LAO":31.742281,"LVA":67.83316,"LBN":88.01951,"LSO":29.897034,"LBR":49.177326,"LBY":88.07279,"LIE":14.412455,"LTU":66.853676,"LUX":89.440575,"MAC":100,"MDG":28.398804,"MWI":15.625314,"MYS":71.96801,"MDV":37.475964,"MLI":24.160618,"MLT":94.362625,"MHL":74.270515,"MTQ":96.63896,"MRT":48.273243,"MUS":40.036953,"MYT":95.459076,"MEX":76.65852,"FSM":22.294256,"MDA":39.36142,"MCO":100,"MNG":67.95228,"MNE":64.5244,"MSR":9.034045,"MAR":59.434856,"MOZ":31.431524,"MMR":29.39563,"NAM":43.38041,"NRU":100,"NPL":63.65584,"NLD":88.53425,"NCL":66.74171,"NZL":85.7777,"NIC":57.231686,"NER":16.214128,"NGA":53.302116,"NIU":39.33758,"PRK":60.678116,"MKD":58.39242,"MNP":91.1012,"NOR":79.49059,"OMN":76.08816,"PAK":35.216022,"PLW":81.12856,"PSE":84.54652,"PAN":65.28294,"PNG":13.0143795,"PRY":59.92129,"PER":78.6488,"PHL":47.918278,"POL":60.634163,"PRT":61.14098,"PRI":93.76308,"QAT":98.7428,"REU":98.512665,"ROU":53.95631,"RUS":73.97266,"RWA":16.941025,"BLM":100,"SHN":38.183956,"KNA":31.203514,"LCA":18.619308,"MAF":100,"SPM":89.8943,"VCT":46.306313,"WSM":19.478718,"SMR":97.1,"STP":67.03359,"SAU":82.43119,"SEN":44.535976,"SRB":59.346844,"SYC":42.726177,"SLE":39.46441,"SGP":100,"SXM":100,"SVK":54.27645,"SVN":49.761948,"SLB":21.390696,"SOM":40.272274,"ZAF":62.961655,"KOR":81.90879,"SSD":18.032188,"ESP":78.845566,"LKA":18.261768,"SDN":33.142555,"SUR":66.313255,"SWE":85.62507,"CHE":73.752266,"SYR":65.08967,"TWN":80.45893,"TJK":26.410225,"TZA":29.487877,"THA":45.373566,"TGO":38.419437,"TKL":0,"TON":23.458906,"TTO":53.925404,"TUN":67.20989,"TUR":73.77887,"TKM":46.9603,"TCA":91.03526,"TUV":56.896492,"UGA":21.37237,"UKR":68.824196,"ARE":83.76433,"GBR":81.290565,"USA":80.68375,"VIR":94.73536,"URY":94.76066,"UZB":51.335968,"VUT":24.818356,"VAT":100,"VEN":88.84019,"VNM":31.122278,"WLF":0,"ESH":86.394684,"YEM":31.203184,"ZMB":40.769855,"ZWE":32.793175}