{"AFG":23.807714,"ALB":54.297966,"DZA":68.94638,"ASM":85.38464,"AND":88.58094,"AGO":62.13331,"AIA":100,"ATG":25.247566,"ARG":91.30145,"ARM":64.358406,"ABW":63.63829,"AUS":86.57405,"AUT":67.298134,"AZE":54.18211,"BHS":82.36358,"BHR":100,"BGD":28.840704,"BRB":59.238537,"BLR":75.94971,"BEL":85.74154,"BLZ":44.438053,"BEN":44.650288,"BMU":100,"BTN":35.574,"BOL":67.66971,"BES":75.155815,"BIH":46.695423,"BWA":64.75797,"BRA":85.167656,"VGB":48.16398,"BRN":75.17569,"BGR":72.96328,"BFA":25.106115,"BDI":12.967096,"KHM":25.764473,"CMR":51.94756,"CAN":81.18344,"CPV":64.74862,"CYM":100,"CAF":39.304295,"TCD":22.297592,"CHL":87.18278,"CHN":54.49,"COL":77.0316,"COM":29.704348,"COG":62.868282,"COK":73.99198,"CRI":73.94318,"CIV":48.570232,"HRV":55.365948,"CUB":76.81641,"CUW":91.29388,"CYP":67.210236,"CZE":73.16222,"COD":40.567528,"DNK":87.543655,"DJI":70.796936,"DMA":69.119705,"DOM":74.225136,"TLS":29.58369,"ECU":62.883728,"EGY":42.751427,"SLV":68.08785,"GNQ":62.212006,"ERI":35.671333,"EST":68.09235,"SWZ":22.812164,"ETH":18.615515,"FLK":74.83908,"FRO":37.74148,"FJI":53.55527,"FIN":70.67421,"FRA":77.24407,"GUF":87.31819,"PYF":61.61305,"GAB":87.14825,"GMB":57.970306,"GEO":56.618214,"DEU":80.47323,"GHA":52.49858,"GIB":100,"GRC":77.0952,"GRL":85.37259,"GRD":35.879223,"GLP":98.48332,"GUM":94.07828,"GTM":52.780983,"GGY":29.547003,"GIN":34.581276,"GNB":41.297638,"GUY":26.400389,"HTI":48.104942,"HND":53.35638,"HKG":100,"HUN":69.927765,"ISL":93.61668,"IND":31.90968,"IDN":51.83075,"IRN":72.303085,"IRQ":69.44445,"IRL":62.404716,"IMN":52.08041,"ISR":91.722786,"ITA":69.307396,"JAM":54.54882,"JPN":91.15166,"JEY":34.406155,"JOR":86.46271,"KAZ":55.077976,"KEN":31.832445,"KIR":49.968704,"KWT":100,"KGZ":35.185055,"LAO":32.226402,"LVA":67.847336,"LBN":88.216545,"LSO":31.240746,"LBR":49.6978,"LBY":88.04514,"LIE":14.420176,"LTU":67.00921,"LUX":89.941376,"MAC":100,"MDG":28.660463,"MWI":15.696617,"MYS":72.48827,"MDV":37.825706,"MLI":24.703363,"MLT":94.390656,"MHL":74.67906,"MTQ":96.6176,"MRT":49.355396,"MUS":39.910885,"MYT":95.464645,"MEX":76.79558,"FSM":22.298632,"MDA":39.42755,"MCO":100,"MNG":67.97768,"MNE":64.6253,"MSR":8.92854,"MAR":59.908348,"MOZ":31.661915,"MMR":29.510395,"NAM":44.110676,"NRU":100,"NPL":64.131454,"NLD":89.174995,"NCL":66.758415,"NZL":85.708015,"NIC":57.42743,"NER":16.216259,"NGA":54.113087,"NIU":38.38579,"PRK":60.884308,"MKD":58.578693,"MNP":91.17649,"NOR":79.9724,"OMN":76.491425,"PAK":35.431534,"PLW":81.07569,"PSE":84.81785,"PAN":65.37098,"PNG":13.058248,"PRY":60.23753,"PER":79.310555,"PHL":49.13137,"POL":60.533318,"PRT":61.14053,"PRI":93.76983,"QAT":98.83576,"REU":98.52398,"ROU":53.910175,"RUS":74.076294,"RWA":17.07422,"BLM":100,"SHN":37.813255,"KNA":31.213148,"LCA":18.925837,"MAF":100,"SPM":89.89136,"VCT":46.431934,"WSM":19.386595,"SMR":97.1,"STP":67.13067,"SAU":82.607185,"SEN":45.039875,"SRB":59.611107,"SYC":42.81507,"SLE":39.891644,"SGP":100,"SXM":100,"SVK":54.1384,"SVN":50.046658,"SLB":22.102726,"SOM":41.259346,"ZAF":63.052402,"KOR":81.826935,"SSD":18.2869,"ESP":78.98581,"LKA":18.432314,"SDN":33.42648,"SUR":66.26836,"SWE":85.92498,"CHE":74.11214,"SYR":73.06205,"TWN":80.078575,"TJK":26.488316,"TZA":30.072512,"THA":45.832134,"TGO":38.851677,"TKL":0,"TON":23.41708,"TTO":53.92558,"TUN":67.499954,"TUR":78.521835,"TKM":46.978844,"TCA":91.316895,"TUV":57.631435,"UGA":22.736767,"UKR":68.93263,"ARE":83.95581,"GBR":81.457375,"USA":80.66089,"VIR":94.81059,"URY":94.884476,"UZB":51.127697,"VUT":24.840736,"VAT":100,"VEN":88.878685,"VNM":31.53342,"WLF":0,"ESH":86.43144,"YEM":31.442719,"ZMB":41.16823,"ZWE":32.901936}