{"AFG":24.191017,"ALB":54.732582,"DZA":69.546875,"ASM":85.03514,"AND":88.544044,"AGO":62.723114,"AIA":100,"ATG":25.089973,"ARG":91.39754,"ARM":64.41429,"ABW":63.439255,"AUS":86.72213,"AUT":67.415436,"AZE":54.631916,"BHS":82.31809,"BHR":100,"BGD":29.194445,"BRB":59.24103,"BLR":76.34052,"BEL":85.98483,"BLZ":44.185017,"BEN":45.28805,"BMU":100,"BTN":36.13266,"BOL":68.03742,"BES":75.66343,"BIH":47.130783,"BWA":65.09651,"BRA":85.433136,"VGB":48.814365,"BRN":75.05727,"BGR":73.08449,"BFA":25.381416,"BDI":13.783978,"KHM":27.817955,"CMR":52.299393,"CAN":81.21118,"CPV":65.80851,"CYM":100,"CAF":39.622654,"TCD":22.529451,"CHL":87.31337,"CHN":55.750256,"COL":77.10584,"COM":30.03029,"COG":63.00754,"COK":74.21258,"CRI":74.486694,"CIV":49.017315,"HRV":55.459183,"CUB":76.844246,"CUW":91.308205,"CYP":67.123055,"CZE":73.099594,"COD":40.956387,"DNK":87.682396,"DJI":70.8899,"DMA":69.49078,"DOM":74.19315,"TLS":29.546309,"ECU":62.923244,"EGY":42.682552,"SLV":68.916664,"GNQ":65.559326,"ERI":35.63972,"EST":68.26684,"SWZ":23.02685,"ETH":19.026287,"FLK":74.93635,"FRO":37.90939,"FJI":54.083828,"FIN":70.987915,"FRA":77.35243,"GUF":86.80308,"PYF":61.68248,"GAB":87.623604,"GMB":58.61418,"GEO":57.02376,"DEU":80.57574,"GHA":53.06634,"GIB":100,"GRC":77.31305,"GRL":85.67724,"GRD":35.901463,"GLP":98.489975,"GUM":94.07875,"GTM":53.145847,"GGY":29.651728,"GIN":34.81779,"GNB":41.7272,"GUY":26.401815,"HTI":48.772392,"HND":53.87681,"HKG":100,"HUN":70.307106,"ISL":93.619675,"IND":32.228825,"IDN":52.500214,"IRN":72.832405,"IRQ":69.666664,"IRL":62.5354,"IMN":52.099792,"ISR":91.715195,"ITA":69.580765,"JAM":54.86604,"JPN":91.2549,"JEY":34.46683,"JOR":88.03718,"KAZ":55.552437,"KEN":31.793154,"KIR":50.39093,"KWT":100,"KGZ":35.14555,"LAO":32.663822,"LVA":67.86861,"LBN":88.41826,"LSO":32.64044,"LBR":50.219814,"LBY":88.014206,"LIE":14.433699,"LTU":67.1515,"LUX":90.45778,"MAC":100,"MDG":28.918589,"MWI":15.766154,"MYS":72.98022,"MDV":38.193886,"MLI":25.265673,"MLT":94.41251,"MHL":75.079056,"MTQ":96.57977,"MRT":50.46948,"MUS":39.788757,"MYT":95.41533,"MEX":76.97414,"FSM":22.304619,"MDA":39.62985,"MCO":100,"MNG":67.99413,"MNE":64.72321,"MSR":8.808992,"MAR":60.303047,"MOZ":31.897224,"MMR":29.616434,"NAM":44.821426,"NRU":100,"NPL":64.56409,"NLD":89.83648,"NCL":66.78464,"NZL":85.50767,"NIC":57.622265,"NER":16.245043,"NGA":54.923244,"NIU":37.099552,"PRK":61.094093,"MKD":58.803368,"MNP":91.251236,"NOR":80.61172,"OMN":76.88926,"PAK":35.659554,"PLW":80.733864,"PSE":85.043335,"PAN":65.45312,"PNG":13.13164,"PRY":60.710197,"PER":79.994545,"PHL":50.23924,"POL":60.434006,"PRT":61.139454,"PRI":93.7813,"QAT":98.90163,"REU":98.53,"ROU":53.826717,"RUS":74.17765,"RWA":17.502071,"BLM":100,"SHN":37.5187,"KNA":31.229002,"LCA":19.391544,"MAF":100,"SPM":89.89,"VCT":46.557995,"WSM":19.312668,"SMR":97.1,"STP":67.26067,"SAU":82.78226,"SEN":45.60209,"SRB":59.877937,"SYC":42.938625,"SLE":40.32724,"SGP":100,"SXM":100,"SVK":54.002914,"SVN":50.98347,"SLB":22.861279,"SOM":42.351517,"ZAF":63.13523,"KOR":81.73157,"SSD":18.545918,"ESP":79.119675,"LKA":18.615387,"SDN":33.76246,"SUR":66.22493,"SWE":86.256386,"CHE":74.740265,"SYR":76,"TWN":79.8,"TJK":26.563374,"TZA":30.644308,"THA":46.31388,"TGO":39.28395,"TKL":0,"TON":23.343103,"TTO":53.92597,"TUN":67.752464,"TUR":83.602486,"TKM":46.995407,"TCA":91.59712,"TUV":58.29996,"UGA":24.19385,"UKR":69.055435,"ARE":84.14388,"GBR":81.635574,"USA":80.62422,"VIR":94.87971,"URY":94.989784,"UZB":50.88687,"VUT":24.854963,"VAT":100,"VEN":88.91639,"VNM":31.948027,"WLF":0,"ESH":86.47,"YEM":31.862616,"ZMB":41.563473,"ZWE":33.162807}