{"AFG":24.464912,"ALB":55.15793,"DZA":70.14331,"ASM":84.66867,"AND":88.51808,"AGO":63.51568,"AIA":100,"ATG":25,"ARG":91.4923,"ARM":64.492966,"ABW":63.228836,"AUS":86.87786,"AUT":67.55762,"AZE":55.157047,"BHS":82.25686,"BHR":100,"BGD":29.53951,"BRB":59.24507,"BLR":76.62639,"BEL":86.22129,"BLZ":43.931183,"BEN":45.94074,"BMU":100,"BTN":36.698338,"BOL":68.395805,"BES":76.25525,"BIH":47.571163,"BWA":65.41036,"BRA":85.69357,"VGB":49.486397,"BRN":74.94846,"BGR":73.10306,"BFA":25.621433,"BDI":14.669509,"KHM":30.066923,"CMR":52.644085,"CAN":81.24657,"CPV":66.90451,"CYM":100,"CAF":39.98244,"TCD":22.801126,"CHL":87.46533,"CHN":57.329784,"COL":77.16363,"COM":30.373201,"COG":63.135593,"COK":74.42456,"CRI":75.01982,"CIV":49.46949,"HRV":55.58126,"CUB":76.870285,"CUW":91.322044,"CYP":67.040245,"CZE":73.03704,"COD":41.34358,"DNK":87.7254,"DJI":71.00688,"DMA":69.86791,"DOM":74.13723,"TLS":29.504332,"ECU":62.95919,"EGY":42.605633,"SLV":69.69821,"GNQ":68.95127,"ERI":35.591007,"EST":68.47966,"SWZ":23.266026,"ETH":19.451567,"FLK":75.03702,"FRO":38.14315,"FJI":54.62342,"FIN":71.3055,"FRA":77.76109,"GUF":86.44147,"PYF":61.737473,"GAB":88.08531,"GMB":59.24585,"GEO":57.38038,"DEU":80.69743,"GHA":53.622643,"GIB":100,"GRC":77.51944,"GRL":86.04626,"GRD":35.93195,"GLP":98.33648,"GUM":94.07915,"GTM":53.441105,"GGY":29.712135,"GIN":35.03732,"GNB":42.156815,"GUY":26.404392,"HTI":49.43347,"HND":54.382847,"HKG":100,"HUN":70.48477,"ISL":93.72792,"IND":32.5473,"IDN":53.172077,"IRN":73.35614,"IRQ":69.920525,"IRL":62.639214,"IMN":52.116486,"ISR":91.70429,"ITA":69.61,"JAM":55.199524,"JPN":91.353264,"JEY":34.52231,"JOR":89.88814,"KAZ":56.110603,"KEN":31.733803,"KIR":50.954197,"KWT":100,"KGZ":35.100895,"LAO":33.12402,"LVA":67.89654,"LBN":88.62469,"LSO":34.09039,"LBR":50.74344,"LBY":87.81591,"LIE":14.453559,"LTU":67.22825,"LUX":90.989365,"MAC":100,"MDG":29.173107,"MWI":15.833851,"MYS":73.43879,"MDV":38.577152,"MLI":25.847015,"MLT":94.43877,"MHL":75.47026,"MTQ":96.55396,"MRT":51.668034,"MUS":39.67096,"MYT":95.270706,"MEX":77.190384,"FSM":22.312233,"MDA":39.695404,"MCO":100,"MNG":68,"MNE":64.81817,"MSR":8.688575,"MAR":60.641712,"MOZ":32.137283,"MMR":29.716682,"NAM":45.510357,"NRU":100,"NPL":64.95101,"NLD":90.27877,"NCL":66.827805,"NZL":85.15188,"NIC":57.814987,"NER":16.30356,"NGA":55.732567,"NIU":35.833336,"PRK":61.324757,"MKD":59.070038,"MNP":91.32541,"NOR":81.23782,"OMN":77.302536,"PAK":35.901733,"PLW":80.388245,"PSE":85.218216,"PAN":65.528725,"PNG":13.234136,"PRY":61.330276,"PER":80.69828,"PHL":51.154903,"POL":60.33629,"PRT":61.13747,"PRI":93.79871,"QAT":98.93824,"REU":98.50722,"ROU":53.707184,"RUS":74.27592,"RWA":18.195314,"BLM":100,"SHN":37.34204,"KNA":31.251392,"LCA":20.02043,"MAF":100,"SPM":89.89235,"VCT":46.684563,"WSM":19.23401,"SMR":97.1,"STP":67.39157,"SAU":82.956276,"SEN":46.27477,"SRB":60.13881,"SYC":43.094803,"SLE":40.766956,"SGP":100,"SXM":100,"SVK":53.870064,"SVN":53.661217,"SLB":23.66305,"SOM":43.861813,"ZAF":63.209637,"KOR":81.63949,"SSD":18.809261,"ESP":79.24549,"LKA":18.796257,"SDN":34.09144,"SUR":66.182884,"SWE":86.61587,"CHE":75.6045,"SYR":75.75291,"TWN":79.850006,"TJK":26.478832,"TZA":31.206156,"THA":46.952103,"TGO":39.716255,"TKL":0,"TON":23.243443,"TTO":53.926666,"TUN":67.88079,"TUR":87.21671,"TKM":47.010017,"TCA":91.873795,"TUV":58.914852,"UGA":24.977785,"UKR":69.15873,"ARE":84.32844,"GBR":81.82438,"USA":80.5708,"VIR":94.94133,"URY":95.08,"UZB":50.659733,"VUT":24.862694,"VAT":100,"VEN":88.95398,"VNM":32.381096,"WLF":0,"ESH":86.50904,"YEM":32.388317,"ZMB":41.95551,"ZWE":33.561264}