{"AFG":24.658834,"ALB":55.57387,"DZA":70.735374,"ASM":84.286285,"AND":88.50275,"AGO":64.29923,"AIA":100,"ATG":24.92398,"ARG":91.58568,"ARM":64.59287,"ABW":63.00779,"AUS":87.01663,"AUT":67.72181,"AZE":55.75748,"BHS":82.17844,"BHR":100,"BGD":29.875391,"BRB":59.251026,"BLR":76.84587,"BEL":86.45078,"BLZ":43.67655,"BEN":46.609455,"BMU":100,"BTN":37.274525,"BOL":68.74464,"BES":76.93368,"BIH":48.024883,"BWA":65.69493,"BRA":85.94871,"VGB":50.18006,"BRN":74.88161,"BGR":73.175,"BFA":25.82151,"BDI":15.618091,"KHM":32.47674,"CMR":52.981503,"CAN":81.3023,"CPV":68.03541,"CYM":100,"CAF":40.38087,"TCD":23.111973,"CHL":87.63063,"CHN":58.839924,"COL":77.20363,"COM":30.730501,"COG":63.251534,"COK":74.62159,"CRI":75.54231,"CIV":49.929993,"HRV":55.72944,"CUB":76.91158,"CUW":91.33536,"CYP":66.96256,"CZE":72.97458,"COD":41.72905,"DNK":87.7,"DJI":71.14922,"DMA":70.25116,"DOM":74.050674,"TLS":29.446291,"ECU":62.991337,"EGY":42.521072,"SLV":70.39902,"GNQ":69.25327,"ERI":35.52543,"EST":68.72404,"SWZ":23.527887,"ETH":19.876362,"FLK":75.19278,"FRO":38.320023,"FJI":55.173473,"FIN":71.61584,"FRA":78.599915,"GUF":86.44194,"PYF":61.774437,"GAB":88.544586,"GMB":59.865246,"GEO":57.698402,"DEU":80.834785,"GHA":54.167053,"GIB":100,"GRC":77.712296,"GRL":86.226105,"GRD":35.9706,"GLP":97.53933,"GUM":94.07947,"GTM":53.660923,"GGY":29.751995,"GIN":35.310028,"GNB":42.58611,"GUY":26.408089,"HTI":50.087822,"HND":54.88684,"HKG":100,"HUN":70.47338,"ISL":93.782265,"IND":32.865078,"IDN":53.812557,"IRN":73.87961,"IRQ":69.91238,"IRL":62.72294,"IMN":52.133152,"ISR":91.68946,"ITA":69.596924,"JAM":55.54926,"JPN":91.454124,"JEY":34.571552,"JOR":90.56273,"KAZ":56.747627,"KEN":31.650251,"KIR":51.771057,"KWT":100,"KGZ":35.051575,"LAO":33.826744,"LVA":67.93071,"LBN":88.83589,"LSO":35.507793,"LBR":51.26873,"LBY":87.816,"LIE":14.480292,"LTU":67.18942,"LUX":91.535706,"MAC":100,"MDG":29.423946,"MWI":15.899633,"MYS":73.858894,"MDV":38.95609,"MLI":26.44686,"MLT":94.48,"MHL":75.852425,"MTQ":96.55855,"MRT":52.918564,"MUS":39.557888,"MYT":94.9794,"MEX":77.440506,"FSM":22.32149,"MDA":39.737324,"MCO":100,"MNG":67.97768,"MNE":64.91017,"MSR":8.5804615,"MAR":60.965767,"MOZ":32.381924,"MMR":29.812916,"NAM":46.17517,"NRU":100,"NPL":65.28952,"NLD":90.58032,"NCL":66.890205,"NZL":84.69137,"NIC":58.004387,"NER":16.389828,"NGA":56.54104,"NIU":34.941616,"PRK":61.568134,"MKD":59.38231,"MNP":91.399,"NOR":81.68,"OMN":77.75214,"PAK":36.159718,"PLW":80.10893,"PSE":85.33774,"PAN":65.59715,"PNG":13.365365,"PRY":62.08276,"PER":81.419235,"PHL":51.911476,"POL":60.240227,"PRT":61.1343,"PRI":93.82327,"QAT":98.98553,"REU":98.37591,"ROU":53.55282,"RUS":74.370316,"RWA":19.121395,"BLM":100,"SHN":37.310123,"KNA":31.280617,"LCA":20.816488,"MAF":100,"SPM":89.89937,"VCT":46.81166,"WSM":19.126463,"SMR":97.1,"STP":67.52189,"SAU":83.12913,"SEN":47.05536,"SRB":60.385387,"SYC":43.281563,"SLE":41.229412,"SGP":100,"SXM":100,"SVK":53.739933,"SVN":53.647274,"SLB":24.504742,"SOM":45.942844,"ZAF":63.275097,"KOR":81.55592,"SSD":19.076948,"ESP":79.361595,"LKA":18.974768,"SDN":34.188194,"SUR":66.14265,"SWE":87,"CHE":76.67267,"SYR":75.15401,"TWN":79.816666,"TJK":26.371851,"TZA":31.75773,"THA":47.880108,"TGO":40.148586,"TKL":0,"TON":23.127705,"TTO":53.927753,"TUN":68.06233,"TUR":88.1021,"TKM":47.0227,"TCA":92.14669,"TUV":59.474476,"UGA":25.695356,"UKR":69.21023,"ARE":84.5094,"GBR":82.023,"USA":80.497665,"VIR":94.99411,"URY":95.15854,"UZB":50.65722,"VUT":24.865488,"VAT":100,"VEN":88.99144,"VNM":32.84762,"WLF":0,"ESH":86.54691,"YEM":32.951202,"ZMB":42.344246,"ZWE":34.079945}