{"AFG":24.835281,"ALB":55.980278,"DZA":71.32279,"ASM":83.88904,"AND":88.4977,"AGO":65.08505,"AIA":100,"ATG":24.850027,"ARG":91.677605,"ARM":64.712494,"ABW":62.776848,"AUS":87.12809,"AUT":67.90512,"AZE":56.43319,"BHS":82.081406,"BHR":100,"BGD":30.20158,"BRB":59.25927,"BLR":77.02082,"BEL":86.67317,"BLZ":43.42111,"BEN":47.294277,"BMU":100,"BTN":37.864555,"BOL":69.0838,"BES":77.70112,"BIH":48.49184,"BWA":65.94564,"BRA":86.19829,"VGB":50.895355,"BRN":74.84764,"BGR":73.39046,"BFA":25.976992,"BDI":16.624128,"KHM":35.01279,"CMR":53.311516,"CAN":81.40189,"CPV":69.2,"CYM":100,"CAF":40.815144,"TCD":23.46135,"CHL":87.800026,"CHN":60.24027,"COL":77.22452,"COM":31.099655,"COG":63.354454,"COK":74.848625,"CRI":76.053925,"CIV":50.39773,"HRV":55.90099,"CUB":76.96033,"CUW":91.34807,"CYP":66.89075,"CZE":72.912186,"COD":42.11276,"DNK":88.0162,"DJI":71.31826,"DMA":70.64059,"DOM":73.9268,"TLS":29.3601,"ECU":63.01946,"EGY":42.4486,"SLV":71.08567,"GNQ":69.551605,"ERI":35.442715,"EST":68.993195,"SWZ":23.8052,"ETH":20.308485,"FLK":75.540306,"FRO":38.33247,"FJI":55.740833,"FIN":71.95631,"FRA":78.64678,"GUF":86.44378,"PYF":61.789696,"GAB":89.00098,"GMB":60.471714,"GEO":57.999683,"DEU":80.98425,"GHA":54.699142,"GIB":100,"GRC":77.889534,"GRL":86.391556,"GRD":36.01733,"GLP":96.4,"GUM":94.07971,"GTM":53.799473,"GGY":29.783318,"GIN":35.582733,"GNB":43.01558,"GUY":26.412905,"HTI":50.735085,"HND":55.387733,"HKG":100,"HUN":70.454254,"ISL":93.7719,"IND":33.182133,"IDN":54.4541,"IRN":74.401184,"IRQ":69.89445,"IRL":62.90352,"IMN":52.14984,"ISR":91.670105,"ITA":69.51808,"JAM":55.915226,"JPN":91.54984,"JEY":34.613537,"JOR":90.87646,"KAZ":57.458645,"KEN":31.538364,"KIR":52.97347,"KWT":100,"KGZ":34.99808,"LAO":34.511536,"LVA":67.97069,"LBN":89.051926,"LSO":36.528366,"LBR":51.795757,"LBY":87.81667,"LIE":14.514433,"LTU":67.101295,"LUX":92.096375,"MAC":100,"MDG":29.671034,"MWI":15.9634285,"MYS":74.23548,"MDV":39.327877,"MLI":27.06467,"MLT":94.56918,"MHL":76.2253,"MTQ":96.568245,"MRT":54.197044,"MUS":39.449936,"MYT":94.405556,"MEX":77.720695,"FSM":22.332401,"MDA":39.973656,"MCO":100,"MNG":67.926056,"MNE":64.999245,"MSR":8.497826,"MAR":61.276104,"MOZ":32.62744,"MMR":29.905172,"NAM":46.81358,"NRU":100,"NPL":65.57689,"NLD":91.12197,"NCL":66.96834,"NZL":84.170105,"NIC":58.18926,"NER":16.503698,"NGA":57.348633,"NIU":34.731274,"PRK":61.820606,"MKD":59.74377,"MNP":91.47202,"NOR":81.96998,"OMN":78.314224,"PAK":36.435154,"PLW":79.82846,"PSE":85.37823,"PAN":65.65777,"PNG":13.524964,"PRY":62.95264,"PER":82.19317,"PHL":52.601048,"POL":60.14589,"PRT":61.129673,"PRI":93.85619,"QAT":99.03101,"REU":98.13124,"ROU":53.364864,"RUS":74.46004,"RWA":20.247757,"BLM":100,"SHN":37.31131,"KNA":31.316965,"LCA":21.78372,"MAF":100,"SPM":89.91105,"VCT":46.93929,"WSM":18.96572,"SMR":97.1,"STP":67.652,"SAU":83.30069,"SEN":47.933834,"SRB":60.62121,"SYC":43.496864,"SLE":41.710667,"SGP":100,"SXM":100,"SVK":53.612602,"SVN":55.245113,"SLB":25.383053,"SOM":48.363964,"ZAF":63.33111,"KOR":81.47103,"SSD":19.348993,"ESP":79.466324,"LKA":19.15077,"SDN":34.287224,"SUR":66.104645,"SWE":87.23737,"CHE":77.91263,"SYR":74.53956,"TWN":79.65417,"TJK":26.273151,"TZA":32.298702,"THA":49.231197,"TGO":40.580948,"TKL":0,"TON":22.97113,"TTO":53.929317,"TUN":68.28778,"TUR":88.03205,"TKM":47.033485,"TCA":92.41559,"TUV":59.95313,"UGA":26.413925,"UKR":69.26331,"ARE":84.686676,"GBR":82.23066,"USA":80.40187,"VIR":95.03668,"URY":95.22882,"UZB":50.678738,"VUT":24.764444,"VAT":100,"VEN":89.02877,"VNM":33.362595,"WLF":0,"ESH":86.58363,"YEM":33.558693,"ZMB":42.7296,"ZWE":34.701496}