{"AFG":24.999165,"ALB":56.377,"DZA":71.90525,"ASM":83.478,"AND":88.5081,"AGO":65.873215,"AIA":100,"ATG":24.778143,"ARG":91.768,"ARM":64.85028,"ABW":62.536762,"AUS":87.22677,"AUT":68.104675,"AZE":57.184155,"BHS":81.96432,"BHR":100,"BGD":30.517565,"BRB":59.270176,"BLR":77.21327,"BEL":86.88834,"BLZ":43.16485,"BEN":47.99528,"BMU":100,"BTN":38.46619,"BOL":69.41339,"BES":78.55999,"BIH":48.971928,"BWA":66.15792,"BRA":86.44207,"VGB":51.632267,"BRN":74.817245,"BGR":73.60021,"BFA":26.08322,"BDI":17.682022,"KHM":37.640434,"CMR":53.633987,"CAN":81.55003,"CPV":70.39707,"CYM":100,"CAF":41.282467,"TCD":23.848608,"CHL":87.96205,"CHN":61.5002,"COL":77.28048,"COM":31.407364,"COG":63.44346,"COK":75.09616,"CRI":76.55443,"CIV":50.87185,"HRV":56.09317,"CUB":77.01563,"CUW":91.36013,"CYP":66.825554,"CZE":72.84988,"COD":42.49466,"DNK":88.10598,"DJI":71.51534,"DMA":71.036255,"DOM":73.75893,"TLS":29.248617,"ECU":63.043327,"EGY":42.457718,"SLV":71.75772,"GNQ":69.83966,"ERI":35.345104,"EST":69.28035,"SWZ":24.05793,"ETH":20.78381,"FLK":76.266945,"FRO":38.405884,"FJI":56.232834,"FIN":72.34235,"FRA":78.67144,"GUF":86.447876,"PYF":61.788803,"GAB":89.453995,"GMB":61.064587,"GEO":58.303818,"DEU":81.1423,"GHA":55.21848,"GIB":100,"GRC":78.049065,"GRL":86.7251,"GRD":36.07204,"GLP":96.40009,"GUM":94.07989,"GTM":53.845963,"GGY":29.8,"GIN":35.85544,"GNB":43.44491,"GUY":26.418839,"HTI":51.374897,"HND":55.885258,"HKG":100,"HUN":70.471176,"ISL":93.85267,"IND":33.498436,"IDN":55.095684,"IRN":74.80343,"IRQ":69.87652,"IRL":63.08445,"IMN":52.165188,"ISR":91.64562,"ITA":69.48,"JAM":56.297413,"JPN":91.63773,"JEY":34.64723,"JOR":91.20089,"KAZ":58.238804,"KEN":31.394005,"KIR":54.5004,"KWT":100,"KGZ":34.9409,"LAO":35.205006,"LVA":68.01604,"LBN":89.272835,"LSO":37.56909,"LBR":52.32458,"LBY":87.81848,"LIE":14.556519,"LTU":67.14648,"LUX":92.670944,"MAC":100,"MDG":29.918112,"MWI":16.022148,"MYS":74.56346,"MDV":39.692337,"MLI":27.699919,"MLT":94.724236,"MHL":76.58867,"MTQ":96.58277,"MRT":55.13051,"MUS":39.347492,"MYT":94.37593,"MEX":78.02712,"FSM":22.344982,"MDA":40.32581,"MCO":100,"MNG":67.86835,"MNE":65.0854,"MSR":8.454982,"MAR":61.569584,"MOZ":32.990257,"MMR":29.993574,"NAM":47.423283,"NRU":100,"NPL":65.810425,"NLD":92.60625,"NCL":67.05888,"NZL":83.80179,"NIC":58.368385,"NER":16.644901,"NGA":58.155334,"NIU":34.7492,"PRK":62.08261,"MKD":60.15803,"MNP":91.54445,"NOR":82.24521,"OMN":78.96558,"PAK":36.747852,"PLW":79.552086,"PSE":85.53511,"PAN":65.70993,"PNG":13.712572,"PRY":63.9249,"PER":82.68549,"PHL":53.20889,"POL":60.05333,"PRT":61.123306,"PRI":93.8987,"QAT":99.07557,"REU":97.80779,"ROU":53.14457,"RUS":74.5443,"RWA":21.541845,"BLM":100,"SHN":37.316616,"KNA":31.360723,"LCA":22.926125,"MAF":100,"SPM":89.92736,"VCT":47.06747,"WSM":18.724127,"SMR":97.1,"STP":67.78288,"SAU":83.47084,"SEN":48.90017,"SRB":60.84336,"SYC":43.738667,"SLE":42.201103,"SGP":100,"SXM":100,"SVK":53.48815,"SVN":55.19134,"SLB":26.294683,"SOM":50.950623,"ZAF":63.377155,"KOR":81.382355,"SSD":19.625414,"ESP":79.55801,"LKA":19.324108,"SDN":34.382053,"SUR":66.069305,"SWE":87.47374,"CHE":79.29222,"SYR":74.061264,"TWN":79.32916,"TJK":26.233875,"TZA":32.828743,"THA":54.584373,"TGO":41.01333,"TKL":0,"TON":22.701714,"TTO":53.931454,"TUN":68.54852,"TUR":88.16557,"TKM":47.042397,"TCA":92.68026,"TUV":60.559643,"UGA":27.128048,"UKR":69.315796,"ARE":84.86018,"GBR":82.44656,"USA":80.28046,"VIR":95.06768,"URY":95.29426,"UZB":50.581497,"VUT":24.272972,"VAT":100,"VEN":89.06596,"VNM":33.94102,"WLF":0,"ESH":86.619225,"YEM":34.210606,"ZMB":43.111473,"ZWE":35.408554}