{"AFG":25.143726,"ALB":56.76391,"DZA":72.48245,"ASM":83.054214,"AND":88.53918,"AGO":66.66378,"AIA":100,"ATG":24.708338,"ARG":91.85678,"ARM":65.0047,"ABW":62.288277,"AUS":87.30196,"AUT":68.317604,"AZE":58.130817,"BHS":81.825745,"BHR":100,"BGD":30.82284,"BRB":59.284115,"BLR":77.45508,"BEL":87.09616,"BLZ":42.90776,"BEN":48.71255,"BMU":100,"BTN":39.074684,"BOL":69.7335,"BES":79.51268,"BIH":49.465042,"BWA":66.32717,"BRA":86.6798,"VGB":52.39079,"BRN":74.79233,"BGR":73.71623,"BFA":26.118725,"BDI":18.786179,"KHM":39.583023,"CMR":53.94879,"CAN":81.73637,"CPV":71.62543,"CYM":100,"CAF":41.780045,"TCD":24.273106,"CHL":88.127365,"CHN":62.709915,"COL":77.45956,"COM":31.728758,"COG":63.51764,"COK":75.34431,"CRI":77.04359,"CIV":51.35148,"HRV":56.30325,"CUB":77.07282,"CUW":91.37149,"CYP":66.76774,"CZE":72.78764,"COD":42.87471,"DNK":88.20965,"DJI":71.74181,"DMA":71.438225,"DOM":73.540344,"TLS":29.114876,"ECU":63.062714,"EGY":42.4812,"SLV":72.414894,"GNQ":70.11754,"ERI":35.235233,"EST":69.57874,"SWZ":24.345955,"ETH":21.24867,"FLK":77.3086,"FRO":38.394566,"FJI":56.709896,"FIN":72.74312,"FRA":78.68908,"GUF":86.45514,"PYF":61.782413,"GAB":89.90318,"GMB":61.64321,"GEO":58.63041,"DEU":81.3054,"GHA":55.72463,"GIB":100,"GRC":78.18881,"GRL":87.02179,"GRD":36.134647,"GLP":96.40076,"GUM":94.07998,"GTM":54.18823,"GGY":29.795914,"GIN":36.128155,"GNB":43.874557,"GUY":26.425884,"HTI":52.006905,"HND":56.379158,"HKG":100,"HUN":70.45653,"ISL":93.97708,"IND":33.813957,"IDN":55.738205,"IRN":75.20389,"IRQ":69.86834,"IRL":63.2737,"IMN":52.17899,"ISR":91.6154,"ITA":69.505005,"JAM":56.695797,"JPN":91.71642,"JEY":34.671597,"JOR":91.51597,"KAZ":59.08325,"KEN":31.189556,"KIR":56.28467,"KWT":100,"KGZ":34.88052,"LAO":35.907288,"LVA":68.06632,"LBN":89.49867,"LSO":38.60409,"LBR":52.855263,"LBY":87.822014,"LIE":14.607083,"LTU":67.245735,"LUX":93.25899,"MAC":100,"MDG":30.304697,"MWI":16.138374,"MYS":74.83777,"MDV":40.04928,"MLI":28.352072,"MLT":94.933205,"MHL":76.94227,"MTQ":96.60217,"MRT":56.05962,"MUS":39.25095,"MYT":94.37672,"MEX":78.35599,"FSM":22.359245,"MDA":40.77229,"MCO":100,"MNG":67.82773,"MNE":65.16868,"MSR":8.460215,"MAR":61.843044,"MOZ":33.417725,"MMR":30.078243,"NAM":48.00198,"NRU":100,"NPL":65.9874,"NLD":93.8898,"NCL":67.15747,"NZL":83.80496,"NIC":58.540565,"NER":16.813147,"NGA":58.961117,"NIU":34.835155,"PRK":62.35422,"MKD":60.628685,"MNP":91.61629,"NOR":82.49359,"OMN":79.578,"PAK":37.10916,"PLW":79.28038,"PSE":85.813614,"PAN":65.75298,"PNG":13.927827,"PRY":64.98453,"PER":83.1033,"PHL":53.715786,"POL":59.96262,"PRT":61.114925,"PRI":93.95199,"QAT":99.11917,"REU":97.435005,"ROU":52.893185,"RUS":74.622284,"RWA":22.971102,"BLM":100,"SHN":37.328823,"KNA":31.412182,"LCA":24.247698,"MAF":100,"SPM":89.94828,"VCT":47.19621,"WSM":18.414734,"SMR":97.1,"STP":67.912994,"SAU":83.639465,"SEN":49.944332,"SRB":61.049225,"SYC":44.00493,"SLE":42.701843,"SGP":100,"SXM":100,"SVK":53.366657,"SVN":55.452328,"SLB":27.275106,"SOM":51.642117,"ZAF":63.412727,"KOR":81.29011,"SSD":19.906229,"ESP":79.63498,"LKA":19.494633,"SDN":34.472767,"SUR":66.03705,"SWE":87.70884,"CHE":80.77929,"SYR":73.82488,"TWN":79.175,"TJK":26.130074,"TZA":33.347527,"THA":55.926617,"TGO":41.445732,"TKL":0,"TON":22.328815,"TTO":53.93424,"TUN":68.82064,"TUR":88.66181,"TKM":47.049458,"TCA":92.94048,"TUV":61.240654,"UGA":27.836979,"UKR":69.35277,"ARE":85.02982,"GBR":82.669945,"USA":80.13048,"VIR":95.08575,"URY":95.34793,"UZB":50.59201,"VUT":23.502466,"VAT":100,"VEN":89.10301,"VNM":34.623913,"WLF":0,"ESH":86.6537,"YEM":34.906757,"ZMB":43.489788,"ZWE":36.183765}