{"AFG":25.26221,"ALB":57.140858,"DZA":73.054115,"ASM":82.62408,"AND":88.590775,"AGO":67.456825,"AIA":100,"ATG":24.640615,"ARG":91.9439,"ARM":65.17422,"ABW":62.002884,"AUS":87.27135,"AUT":68.541016,"AZE":58.29347,"BHS":81.66426,"BHR":100,"BGD":31.116892,"BRB":59.301456,"BLR":77.78904,"BEL":87.2965,"BLZ":42.64984,"BEN":49.446156,"BMU":100,"BTN":39.688885,"BOL":70.044266,"BES":80.5616,"BIH":49.971085,"BWA":66.448814,"BRA":86.91122,"VGB":53.170906,"BRN":74.77481,"BGR":73.32399,"BFA":26.357838,"BDI":19.930998,"KHM":39.832657,"CMR":54.255795,"CAN":81.95099,"CPV":72.88385,"CYM":100,"CAF":42.30508,"TCD":24.734192,"CHL":88.29535,"CHN":63.523422,"COL":77.63825,"COM":32.06381,"COG":63.57609,"COK":75.59529,"CRI":77.52116,"CIV":51.835766,"HRV":56.52849,"CUB":77.10803,"CUW":91.38209,"CYP":66.71805,"CZE":72.72549,"COD":43.25286,"DNK":88.23945,"DJI":71.999016,"DMA":71.84658,"DOM":73.26438,"TLS":28.961905,"ECU":63.07739,"EGY":42.518154,"SLV":73.05702,"GNQ":70.38533,"ERI":35.11614,"EST":69.88158,"SWZ":24.66528,"ETH":21.626005,"FLK":78.587265,"FRO":38.669,"FJI":57.186684,"FIN":73.084946,"FRA":78.711914,"GUF":86.46647,"PYF":61.76731,"GAB":90.348076,"GMB":62.206924,"GEO":58.999054,"DEU":81.47001,"GHA":56.217163,"GIB":100,"GRC":78.30669,"GRL":87.28409,"GRD":36.20505,"GLP":96.402565,"GUM":94.0805,"GTM":54.548317,"GGY":29.783592,"GIN":36.48022,"GNB":44.303833,"GUY":26.43404,"HTI":52.63075,"HND":56.869164,"HKG":100,"HUN":70.29173,"ISL":94.13671,"IND":34.128674,"IDN":56.27853,"IRN":75.59864,"IRQ":69.86832,"IRL":63.471336,"IMN":52.190952,"ISR":91.57884,"ITA":69.51875,"JAM":57.110363,"JPN":91.78099,"JEY":34.685608,"JOR":91.82167,"KAZ":59.987118,"KEN":31.20635,"KIR":58.412373,"KWT":100,"KGZ":34.817432,"LAO":36.618504,"LVA":68.121124,"LBN":89.7295,"LSO":39.63293,"LBR":53.387867,"LBY":87.82783,"LIE":14.666662,"LTU":67.42546,"LUX":93.86007,"MAC":100,"MDG":30.701948,"MWI":16.296146,"MYS":75.05119,"MDV":40.398514,"MLI":29.020597,"MLT":95.184105,"MHL":77.285866,"MTQ":96.626495,"MRT":56.98367,"MUS":39.160706,"MYT":94.37905,"MEX":78.67796,"FSM":22.375206,"MDA":41.336853,"MCO":100,"MNG":68.08948,"MNE":65.24907,"MSR":8.515897,"MAR":62.09334,"MOZ":33.9044,"MMR":30.159306,"NAM":48.547382,"NRU":100,"NPL":66.10509,"NLD":94.25323,"NCL":67.27473,"NZL":83.813896,"NIC":58.704594,"NER":17.008142,"NGA":59.765965,"NIU":35.039238,"PRK":62.635513,"MKD":61.15933,"MNP":91.690834,"NOR":82.70299,"OMN":80.01764,"PAK":37.50802,"PLW":79.07969,"PSE":86.07412,"PAN":65.7863,"PNG":14.170368,"PRY":66.11652,"PER":83.52674,"PHL":54.107773,"POL":59.873814,"PRT":61.104256,"PRI":94.01161,"QAT":99.16179,"REU":97.23933,"ROU":52.611946,"RUS":74.69322,"RWA":24.502975,"BLM":100,"SHN":37.350815,"KNA":31.471628,"LCA":25.75244,"MAF":100,"SPM":89.97379,"VCT":47.325516,"WSM":18.05166,"SMR":97.1,"STP":68.04367,"SAU":83.806435,"SEN":51.056293,"SRB":61.2232,"SYC":44.293613,"SLE":43.212967,"SGP":100,"SXM":100,"SVK":53.2482,"SVN":55.38439,"SLB":28.032755,"SOM":52.28632,"ZAF":63.43731,"KOR":81.17596,"SSD":20.191456,"ESP":79.695564,"LKA":19.66219,"SDN":34.559444,"SUR":66.0083,"SWE":87.942406,"CHE":82.34168,"SYR":73.412506,"TWN":79.425,"TJK":26.192545,"TZA":33.854725,"THA":57.235878,"TGO":41.87815,"TKL":0,"TON":21.876621,"TTO":53.93777,"TUN":69.10432,"TUR":88.93031,"TKM":47.054695,"TCA":93.19604,"TUV":61.92126,"UGA":28.539976,"UKR":69.38391,"ARE":85.195526,"GBR":82.9,"USA":79.99745,"VIR":95.097404,"URY":95.399765,"UZB":50.76704,"VUT":22.418686,"VAT":100,"VEN":89.13991,"VNM":35.570667,"WLF":0,"ESH":86.68708,"YEM":35.70256,"ZMB":43.86445,"ZWE":37.009766}