{"AFG":25.347862,"ALB":57.507717,"DZA":73.61992,"ASM":82.21271,"AND":88.662735,"AGO":68.25242,"AIA":100,"ATG":24.574984,"ARG":92.029274,"ARM":65.357285,"ABW":61.927532,"AUS":87.235344,"AUT":68.773605,"AZE":58.365997,"BHS":81.478424,"BHR":100,"BGD":31.399216,"BRB":59.322037,"BLR":78.13109,"BEL":87.43056,"BLZ":42.391083,"BEN":50.196182,"BMU":100,"BTN":40.30752,"BOL":70.34504,"BES":81.12284,"BIH":50.48995,"BWA":66.51828,"BRA":87.13608,"VGB":53.97262,"BRN":74.76673,"BGR":73.34676,"BFA":26.81143,"BDI":21.110886,"KHM":40.109184,"CMR":54.554867,"CAN":82.177925,"CPV":74.16079,"CYM":100,"CAF":42.85478,"TCD":25.231224,"CHL":88.46605,"CHN":64.72108,"COL":77.833954,"COM":32.412445,"COG":63.617912,"COK":75.84918,"CRI":77.98689,"CIV":52.318348,"HRV":56.76835,"CUB":77.09877,"CUW":91.39187,"CYP":66.67184,"CZE":72.68106,"COD":43.629066,"DNK":88.26164,"DJI":72.28829,"DMA":72.26136,"DOM":72.92433,"TLS":28.792738,"ECU":63.087128,"EGY":42.568607,"SLV":73.68385,"GNQ":70.64312,"ERI":34.987114,"EST":70.17773,"SWZ":25.015617,"ETH":22.106709,"FLK":80.19297,"FRO":38.808376,"FJI":57.661835,"FIN":73.371025,"FRA":78.73646,"GUF":86.482765,"PYF":61.739983,"GAB":90.7882,"GMB":62.75507,"GEO":59.429356,"DEU":81.63258,"GHA":56.695255,"GIB":100,"GRC":78.38849,"GRL":87.545204,"GRD":36.28316,"GLP":96.406075,"GUM":94.08843,"GTM":54.90471,"GGY":29.762947,"GIN":36.85022,"GNB":44.733414,"GUY":26.443304,"HTI":53.246063,"HND":57.355022,"HKG":100,"HUN":70.205925,"ISL":94.21082,"IND":34.44255,"IDN":56.87617,"IRN":75.99264,"IRQ":69.86827,"IRL":63.67742,"IMN":52.199955,"ISR":91.535355,"ITA":69.48125,"JAM":57.541103,"JPN":91.87411,"JEY":34.687794,"JOR":92.11797,"KAZ":61.030254,"KEN":31.287933,"KIR":59.636463,"KWT":100,"KGZ":34.75212,"LAO":37.33878,"LVA":68.18088,"LBN":89.96536,"LSO":40.655174,"LBR":53.922462,"LBY":87.8365,"LIE":14.6989155,"LTU":68.191216,"LUX":94.586174,"MAC":100,"MDG":31.113712,"MWI":16.488194,"MYS":75.508865,"MDV":40.739864,"MLI":29.704964,"MLT":95.514534,"MHL":77.61632,"MTQ":96.65576,"MRT":57.901535,"MUS":39.07715,"MYT":94.383804,"MEX":78.9324,"FSM":22.392876,"MDA":41.811543,"MCO":100,"MNG":69.215324,"MNE":65.32661,"MSR":8.614164,"MAR":62.31733,"MOZ":34.449924,"MMR":30.236881,"NAM":49.05719,"NRU":100,"NPL":66.14423,"NLD":94.62948,"NCL":67.41308,"NZL":83.82994,"NIC":58.859253,"NER":17.229593,"NGA":60.569855,"NIU":35.412563,"PRK":62.92656,"MKD":61.684196,"MNP":91.78421,"NOR":82.86129,"OMN":80.12399,"PAK":37.93334,"PLW":79.08908,"PSE":86.33495,"PAN":65.80923,"PNG":14.439835,"PRY":67.30586,"PER":83.94801,"PHL":54.45041,"POL":59.80965,"PRT":61.095123,"PRI":94.05507,"QAT":99.20341,"REU":97.2396,"ROU":52.23215,"RUS":74.751686,"RWA":26.10491,"BLM":100,"SHN":37.368526,"KNA":31.539352,"LCA":27.444345,"MAF":100,"SPM":90.00386,"VCT":47.45541,"WSM":17.567244,"SMR":97.10357,"STP":68.1739,"SAU":83.971634,"SEN":52.22603,"SRB":61.3639,"SYC":44.60268,"SLE":43.73454,"SGP":100,"SXM":100,"SVK":53.190147,"SVN":55.30463,"SLB":28.68894,"SOM":52.906063,"ZAF":63.450394,"KOR":81.16165,"SSD":20.481112,"ESP":79.78462,"LKA":19.826628,"SDN":34.642155,"SUR":65.9854,"SWE":88.174164,"CHE":84.200645,"SYR":73.012505,"TWN":79.200005,"TJK":26.199152,"TZA":34.35001,"THA":58.508778,"TGO":42.31059,"TKL":0,"TON":21.258003,"TTO":53.942127,"TUN":69.39975,"TUR":89.17621,"TKM":47.05814,"TCA":93.4467,"TUV":62.60983,"UGA":29.236296,"UKR":69.4027,"ARE":85.35719,"GBR":82.98864,"USA":80.00748,"VIR":95.16043,"URY":95.449715,"UZB":50.92699,"VUT":22.250183,"VAT":100,"VEN":89.17664,"VNM":36.654064,"WLF":0,"ESH":86.71938,"YEM":36.070496,"ZMB":44.235374,"ZWE":37.869205}