{"AFG":25.393925,"ALB":57.86435,"DZA":74.17959,"ASM":81.7948,"AND":88.754875,"AGO":69.05062,"AIA":100,"ATG":24.511448,"ARG":92.11284,"ARM":65.56245,"ABW":61.881165,"AUS":87.33433,"AUT":68.998085,"AZE":58.438282,"BHS":81.32007,"BHR":100,"BGD":31.673735,"BRB":59.35385,"BLR":78.47328,"BEL":87.4892,"BLZ":42.137325,"BEN":50.9627,"BMU":100,"BTN":40.936516,"BOL":70.63526,"BES":81.12215,"BIH":51.02153,"BWA":66.58898,"BRA":87.349556,"VGB":54.79591,"BRN":74.77727,"BGR":73.47992,"BFA":27.279137,"BDI":22.320244,"KHM":40.374615,"CMR":54.845875,"CAN":82.35009,"CPV":75.03374,"CYM":100,"CAF":43.275196,"TCD":25.763556,"CHL":88.639534,"CHN":65.217636,"COL":78.04646,"COM":32.774605,"COG":63.6422,"COK":76.10607,"CRI":78.44057,"CIV":52.849255,"HRV":56.997757,"CUB":77.105606,"CUW":91.40077,"CYP":66.66948,"CZE":72.69676,"COD":44.00329,"DNK":88.38802,"DJI":72.61099,"DMA":72.68265,"DOM":72.42032,"TLS":28.58573,"ECU":63.090183,"EGY":42.63251,"SLV":74.1465,"GNQ":70.89101,"ERI":34.846928,"EST":70.489235,"SWZ":25.396683,"ETH":22.736769,"FLK":80.66825,"FRO":38.995983,"FJI":58.13527,"FIN":73.69676,"FRA":78.75919,"GUF":86.50493,"PYF":61.69138,"GAB":91.224335,"GMB":63.286987,"GEO":60.010162,"DEU":81.78679,"GHA":57.25061,"GIB":100,"GRC":78.55022,"GRL":87.80494,"GRD":36.368885,"GLP":96.41186,"GUM":94.10683,"GTM":55.25812,"GGY":29.733898,"GIN":37.238495,"GNB":45.162716,"GUY":26.453674,"HTI":53.852493,"HND":57.836468,"HKG":100,"HUN":70.15851,"ISL":94.17871,"IND":34.755566,"IDN":57.49347,"IRN":76.33422,"IRQ":69.868286,"IRL":63.892025,"IMN":52.19556,"ISR":91.497986,"ITA":69.48398,"JAM":57.98799,"JPN":91.97765,"JEY":34.67513,"JOR":92.40484,"KAZ":61.444157,"KEN":31.430782,"KIR":60.573914,"KWT":100,"KGZ":34.700306,"LAO":38.068237,"LVA":68.25702,"LBN":90.206314,"LSO":41.670395,"LBR":54.459106,"LBY":87.84861,"LIE":14.692307,"LTU":68.286644,"LUX":94.760544,"MAC":100,"MDG":31.539782,"MWI":16.714603,"MYS":75.97414,"MDV":41.06418,"MLI":30.401571,"MLT":95.60032,"MHL":77.985596,"MTQ":96.69,"MRT":58.8121,"MUS":39.00001,"MYT":94.39182,"MEX":79.199684,"FSM":22.41227,"MDA":42.404884,"MCO":100,"MNG":69.783806,"MNE":65.4013,"MSR":8.748356,"MAR":62.51185,"MOZ":35.053665,"MMR":30.311096,"NAM":49.529102,"NRU":100,"NPL":66.29929,"NLD":94.98562,"NCL":67.57203,"NZL":83.85473,"NIC":58.995438,"NER":17.477207,"NGA":61.372765,"NIU":36.081944,"PRK":63.227436,"MKD":61.953056,"MNP":91.87858,"NOR":82.95637,"OMN":80.0117,"PAK":38.374043,"PLW":79.11348,"PSE":86.596146,"PAN":65.82114,"PNG":14.735866,"PRY":68.639656,"PER":84.366356,"PHL":54.790234,"POL":59.83155,"PRT":61.125927,"PRI":94.11109,"QAT":99.243996,"REU":97.24066,"ROU":52.163483,"RUS":74.85449,"RWA":27.78067,"BLM":100,"SHN":37.356388,"KNA":31.61564,"LCA":29.09768,"MAF":100,"SPM":90.038475,"VCT":47.5859,"WSM":17.500795,"SMR":97.11419,"STP":68.37209,"SAU":84.13494,"SEN":53.443504,"SRB":61.901382,"SYC":44.91082,"SLE":44.266636,"SGP":100,"SXM":100,"SVK":53.190285,"SVN":55.33778,"SLB":29.35117,"SOM":53.50101,"ZAF":63.47667,"KOR":81.16249,"SSD":20.775211,"ESP":79.95488,"LKA":19.987793,"SDN":34.720985,"SUR":65.898544,"SWE":88.403854,"CHE":84.92062,"SYR":72.612495,"TWN":78.90015,"TJK":26.195713,"TZA":34.823475,"THA":59.742374,"TGO":42.733234,"TKL":0,"TON":21.147219,"TTO":53.947403,"TUN":69.70714,"TUR":89.03812,"TKM":47.05921,"TCA":93.692245,"TUV":63.306576,"UGA":29.925198,"UKR":69.42346,"ARE":85.51473,"GBR":83.0754,"USA":80.0325,"VIR":95.21715,"URY":95.49774,"UZB":50.98474,"VUT":22.254126,"VAT":100,"VEN":89.21322,"VNM":37.54785,"WLF":0,"ESH":86.75062,"YEM":36.32263,"ZMB":44.59885,"ZWE":38.70552}