{"AFG":25.473053,"ALB":58.21061,"DZA":74.73281,"ASM":81.372154,"AND":88.82016,"AGO":69.8515,"AIA":100,"ATG":24.450016,"ARG":92.19451,"ARM":65.69569,"ABW":61.835148,"AUS":87.486694,"AUT":69.22654,"AZE":58.507534,"BHS":81.32138,"BHR":100,"BGD":32.15785,"BRB":59.423573,"BLR":78.814644,"BEL":87.55149,"BLZ":41.945942,"BEN":51.745792,"BMU":100,"BTN":41.735245,"BOL":70.91514,"BES":81.11946,"BIH":51.565723,"BWA":67.02126,"BRA":87.615974,"VGB":55.640778,"BRN":74.819916,"BGR":73.73227,"BFA":27.787249,"BDI":23.553476,"KHM":40.629078,"CMR":55.12869,"CAN":82.525055,"CPV":75.906425,"CYM":100,"CAF":43.698368,"TCD":26.33054,"CHL":88.815865,"CHN":65.53014,"COL":78.27557,"COM":33.15022,"COG":63.662674,"COK":76.36602,"CRI":78.88194,"CIV":53.40752,"HRV":57.243156,"CUB":77.125984,"CUW":91.4081,"CYP":66.67395,"CZE":72.73524,"COD":44.375473,"DNK":88.552635,"DJI":72.84083,"DMA":73.110504,"DOM":72.357796,"TLS":28.595472,"ECU":63.13077,"EGY":42.709812,"SLV":74.60807,"GNQ":71.12907,"ERI":34.696404,"EST":70.67701,"SWZ":25.808187,"ETH":23.058647,"FLK":80.96146,"FRO":39.19753,"FJI":58.606903,"FIN":74.006256,"FRA":78.78043,"GUF":86.533875,"PYF":61.696712,"GAB":91.637596,"GMB":63.802017,"GEO":60.752308,"DEU":81.903435,"GHA":57.807472,"GIB":100,"GRC":78.77463,"GRL":88.06312,"GRD":36.462128,"GLP":96.420494,"GUM":94.13493,"GTM":55.60823,"GGY":29.69636,"GIN":37.64541,"GNB":45.592384,"GUY":26.465145,"HTI":54.44968,"HND":58.31324,"HKG":100,"HUN":70.292305,"ISL":94.151825,"IND":35.06769,"IDN":58.117935,"IRN":76.67596,"IRQ":69.86828,"IRL":64.11521,"IMN":52.183258,"ISR":91.50896,"ITA":69.538155,"JAM":58.451015,"JPN":92.08269,"JEY":34.644363,"JOR":92.682236,"KAZ":61.756092,"KEN":31.633034,"KIR":61.524467,"KWT":100,"KGZ":34.70644,"LAO":38.80701,"LVA":68.358635,"LBN":90.45241,"LSO":42.678158,"LBR":54.997864,"LBY":87.86472,"LIE":14.678376,"LTU":68.575455,"LUX":94.80153,"MAC":100,"MDG":31.979944,"MWI":16.974874,"MYS":76.443474,"MDV":41.50968,"MLI":31.00319,"MLT":95.62723,"MHL":78.35939,"MTQ":96.72925,"MRT":59.714245,"MUS":39.00399,"MYT":94.40397,"MEX":79.473495,"FSM":22.433401,"MDA":43.001183,"MCO":100,"MNG":70.44645,"MNE":65.47317,"MSR":8.948344,"MAR":62.67375,"MOZ":35.714977,"MMR":30.382072,"NAM":49.954582,"NRU":100,"NPL":66.5433,"NLD":95.32217,"NCL":67.751526,"NZL":83.8899,"NIC":59.125095,"NER":17.750687,"NGA":62.174675,"NIU":36.50864,"PRK":63.538216,"MKD":62.25183,"MNP":91.97541,"NOR":83.07185,"OMN":79.5703,"PAK":38.819187,"PLW":79.1532,"PSE":86.85769,"PAN":65.86013,"PNG":15.058102,"PRY":69.34661,"PER":84.78103,"PHL":55.12427,"POL":59.885956,"PRT":61.204865,"PRI":94.17744,"QAT":99.28353,"REU":97.24302,"ROU":52.164574,"RUS":74.98051,"RWA":28.855532,"BLM":100,"SHN":37.329178,"KNA":31.70078,"LCA":29.097631,"MAF":100,"SPM":90.07761,"VCT":47.71699,"WSM":17.50128,"SMR":97.13173,"STP":68.60439,"SAU":84.29624,"SEN":54.699226,"SRB":62.143463,"SYC":45.097107,"SLE":44.809326,"SGP":100,"SXM":100,"SVK":53.190804,"SVN":55.53789,"SLB":30.008883,"SOM":54.07144,"ZAF":63.58237,"KOR":81.16456,"SSD":21.073776,"ESP":80.128494,"LKA":20.145535,"SDN":34.79601,"SUR":65.75624,"SWE":88.63122,"CHE":85.185425,"SYR":72.16738,"TWN":78.90182,"TJK":26.189013,"TZA":35.4748,"THA":60.934193,"TGO":43.249687,"TKL":0,"TON":21.147945,"TTO":53.953686,"TUN":70.02667,"TUR":89.02184,"TKM":47.067886,"TCA":93.93245,"TUV":64.01172,"UGA":30.605936,"UKR":69.47545,"ARE":85.66807,"GBR":83.160194,"USA":80.07156,"VIR":95.27408,"URY":95.54396,"UZB":50.996483,"VUT":22.265196,"VAT":100,"VEN":89.249626,"VNM":38.12989,"WLF":0,"ESH":86.78081,"YEM":36.570797,"ZMB":45.028584,"ZWE":39.29194}