{"AFG":25.700735,"ALB":58.546364,"DZA":75.27929,"ASM":80.9447,"AND":88.885,"AGO":70.655136,"AIA":100,"ATG":24.390692,"ARG":92.27423,"ARM":65.81137,"ABW":61.79094,"AUS":87.60215,"AUT":69.46582,"AZE":58.573795,"BHS":81.32493,"BHR":100,"BGD":32.678318,"BRB":59.539703,"BLR":79.1551,"BEL":87.612656,"BLZ":41.753212,"BEN":52.545536,"BMU":100,"BTN":42.564526,"BOL":71.236145,"BES":81.11347,"BIH":52.12243,"BWA":67.46236,"BRA":87.89586,"VGB":56.507206,"BRN":74.898315,"BGR":73.949936,"BFA":28.33525,"BDI":24.830284,"KHM":40.872704,"CMR":55.403175,"CAN":82.70026,"CPV":76.77215,"CYM":100,"CAF":44.124355,"TCD":26.93153,"CHL":88.995094,"CHN":65.8947,"COL":78.52108,"COM":33.539223,"COG":63.886612,"COK":76.62912,"CRI":79.31077,"CIV":53.973312,"HRV":57.5159,"CUB":77.1665,"CUW":91.43218,"CYP":66.68243,"CZE":72.7948,"COD":44.74558,"DNK":88.69605,"DJI":72.905266,"DMA":73.54498,"DOM":72.412186,"TLS":28.664108,"ECU":63.237694,"EGY":42.800438,"SLV":75.06749,"GNQ":71.35741,"ERI":34.536552,"EST":70.69811,"SWZ":26.249846,"ETH":23.622284,"FLK":81.25182,"FRO":39.41323,"FJI":59.07666,"FIN":74.26372,"FRA":78.79997,"GUF":86.570496,"PYF":61.7192,"GAB":91.86321,"GMB":64.29941,"GEO":61.07896,"DEU":82.02114,"GHA":58.365486,"GIB":100,"GRC":78.99679,"GRL":88.319534,"GRD":36.5628,"GLP":96.43255,"GUM":94.17264,"GTM":55.954704,"GGY":29.65025,"GIN":38.071304,"GNB":46.113205,"GUY":26.477718,"HTI":55.037266,"HND":58.785072,"HKG":100,"HUN":70.49183,"ISL":94.18191,"IND":35.3789,"IDN":58.750965,"IRN":77.02013,"IRQ":69.88615,"IRL":64.34704,"IMN":52.16334,"ISR":91.53619,"ITA":69.60475,"JAM":58.930157,"JPN":92.19017,"JEY":34.596874,"JOR":92.95014,"KAZ":62.072533,"KEN":31.893784,"KIR":62.462044,"KWT":100,"KGZ":34.721996,"LAO":39.555214,"LVA":68.48395,"LBN":90.7037,"LSO":43.678032,"LBR":55.5388,"LBY":87.88541,"LIE":14.657585,"LTU":68.82858,"LUX":94.84387,"MAC":100,"MDG":32.43399,"MWI":17.268503,"MYS":76.91703,"MDV":41.998215,"MLI":31.607563,"MLT":95.654625,"MHL":78.73257,"MTQ":96.77352,"MRT":60.606857,"MUS":39.016216,"MYT":94.42109,"MEX":79.75388,"FSM":22.456284,"MDA":43.51647,"MCO":100,"MNG":70.956604,"MNE":65.54223,"MSR":8.98,"MAR":62.799812,"MOZ":36.433235,"MMR":30.44991,"NAM":50.408802,"NRU":100,"NPL":66.77235,"NLD":95.63965,"NCL":67.95147,"NZL":83.937065,"NIC":59.26284,"NER":18.04974,"NGA":62.975567,"NIU":36.84177,"PRK":63.858974,"MKD":62.564537,"MNP":92.07472,"NOR":83.32938,"OMN":79.44403,"PAK":39.173435,"PLW":79.2095,"PSE":87.1196,"PAN":65.99584,"PNG":15.406181,"PRY":69.86226,"PER":85.19128,"PHL":55.4521,"POL":59.970547,"PRT":61.32819,"PRI":94.25395,"QAT":99.32199,"REU":97.2472,"ROU":52.167477,"RUS":75.111916,"RWA":29.884972,"BLM":100,"SHN":37.28805,"KNA":31.795061,"LCA":29.097336,"MAF":100,"SPM":90.12124,"VCT":47.848705,"WSM":17.50291,"SMR":97.15606,"STP":68.87102,"SAU":84.4554,"SEN":55.236816,"SRB":62.383003,"SYC":45.289864,"SLE":45.362682,"SGP":100,"SXM":100,"SVK":53.19197,"SVN":55.75777,"SLB":30.661718,"SOM":54.617645,"ZAF":63.6918,"KOR":81.16825,"SSD":21.37682,"ESP":80.3152,"LKA":20.2997,"SDN":34.867302,"SUR":65.76418,"SWE":88.85597,"CHE":85.46154,"SYR":72.07613,"TWN":78.908264,"TJK":26.178806,"TZA":36.168446,"THA":61.868935,"TGO":43.81485,"TKL":0,"TON":21.150528,"TTO":53.961056,"TUN":70.358536,"TUR":89.344315,"TKM":47.087524,"TCA":94.16709,"TUV":64.72548,"UGA":31.27777,"UKR":69.53156,"ARE":85.81711,"GBR":83.24296,"USA":80.12478,"VIR":95.33122,"URY":95.5982,"UZB":50.99867,"VUT":22.286694,"VAT":100,"VEN":89.28586,"VNM":38.49007,"WLF":0,"ESH":86.80995,"YEM":36.80775,"ZMB":45.470383,"ZWE":39.89337}