{"AFG":25.940165,"ALB":58.871475,"DZA":75.81873,"ASM":80.51235,"AND":88.949265,"AGO":71.46159,"AIA":100,"ATG":24.333483,"ARG":92.35192,"ARM":65.9287,"ABW":61.748524,"AUS":87.71927,"AUT":69.71522,"AZE":58.637104,"BHS":81.33092,"BHR":100,"BGD":33.239586,"BRB":59.699623,"BLR":79.49458,"BEL":87.67261,"BLZ":41.562145,"BEN":53.362007,"BMU":100,"BTN":43.430183,"BOL":71.5631,"BES":81.10287,"BIH":52.691544,"BWA":67.955956,"BRA":88.1773,"VGB":57.39519,"BRN":75.01099,"BGR":74.17275,"BFA":28.922636,"BDI":25.68702,"KHM":41.105618,"CMR":55.669205,"CAN":82.8757,"CPV":77.630066,"CYM":100,"CAF":44.553215,"TCD":27.565878,"CHL":89.177284,"CHN":66.342995,"COL":78.78279,"COM":33.941547,"COG":64.12366,"COK":76.89544,"CRI":79.726814,"CIV":54.54895,"HRV":57.814453,"CUB":77.22707,"CUW":91.47277,"CYP":66.69503,"CZE":72.875435,"COD":45.113564,"DNK":88.84584,"DJI":72.97587,"DMA":73.98616,"DOM":72.51769,"TLS":28.786432,"ECU":63.39182,"EGY":42.90432,"SLV":75.52371,"GNQ":71.5761,"ERI":34.54045,"EST":70.720856,"SWZ":26.72137,"ETH":24.109695,"FLK":81.529785,"FRO":39.643322,"FJI":59.544456,"FIN":74.52479,"FRA":78.84496,"GUF":86.61569,"PYF":61.758377,"GAB":92.08767,"GMB":64.98849,"GEO":61.178135,"DEU":82.13822,"GHA":58.924686,"GIB":100,"GRC":79.22461,"GRL":88.57401,"GRD":36.670807,"GLP":96.448586,"GUM":94.21975,"GTM":56.297203,"GGY":29.595486,"GIN":38.516533,"GNB":46.65103,"GUY":26.491388,"HTI":55.614887,"HND":59.25171,"HKG":100,"HUN":70.69368,"ISL":94.21793,"IND":35.689156,"IDN":59.392906,"IRN":77.37615,"IRQ":69.939674,"IRL":64.58758,"IMN":52.135807,"ISR":91.57831,"ITA":69.68086,"JAM":59.425404,"JPN":92.30015,"JEY":34.5327,"JOR":93.20851,"KAZ":62.385555,"KEN":32.21212,"KIR":63.385086,"KWT":100,"KGZ":34.746353,"LAO":40.312984,"LVA":68.63257,"LBN":90.96023,"LSO":44.669586,"LBR":56.081974,"LBY":87.91124,"LIE":14.6299,"LTU":69.081635,"LUX":94.88417,"MAC":100,"MDG":32.901707,"MWI":17.594986,"MYS":77.39488,"MDV":42.506157,"MLI":32.212715,"MLT":95.68059,"MHL":79.10551,"MTQ":96.822845,"MRT":61.48882,"MUS":39.03697,"MYT":94.44405,"MEX":80.04089,"FSM":22.480928,"MDA":43.733624,"MCO":100,"MNG":71.14507,"MNE":65.608505,"MSR":8.98,"MAR":63.12786,"MOZ":37.207794,"MMR":30.58369,"NAM":50.8667,"NRU":100,"NPL":66.99943,"NLD":95.93859,"NCL":68.17179,"NZL":83.99785,"NIC":59.44359,"NER":18.37407,"NGA":63.775417,"NIU":37.19355,"PRK":64.18979,"MKD":62.890987,"MNP":92.17654,"NOR":83.57058,"OMN":79.47814,"PAK":39.5256,"PLW":79.28359,"PSE":87.3819,"PAN":66.1501,"PNG":15.779745,"PRY":70.38976,"PER":85.59635,"PHL":55.773293,"POL":60.085335,"PRT":61.49532,"PRI":94.340485,"QAT":99.359344,"REU":97.25372,"ROU":52.17289,"RUS":75.25066,"RWA":30.913383,"BLM":100,"SHN":37.23301,"KNA":31.898771,"LCA":29.096571,"MAF":100,"SPM":90.169334,"VCT":47.98105,"WSM":17.506388,"SMR":97.18703,"STP":69.17219,"SAU":84.61231,"SEN":55.76725,"SRB":62.63799,"SYC":45.482838,"SLE":45.926777,"SGP":100,"SXM":100,"SVK":53.194035,"SVN":55.9907,"SLB":31.309319,"SOM":55.139908,"ZAF":63.815403,"KOR":81.17403,"SSD":21.68436,"ESP":80.51492,"LKA":20.450136,"SDN":34.934944,"SUR":65.78868,"SWE":89.077866,"CHE":85.72722,"SYR":72.083626,"TWN":78.92265,"TJK":26.164762,"TZA":36.883312,"THA":62.79934,"TGO":44.39499,"TKL":0,"TON":21.156141,"TTO":53.96961,"TUN":70.702934,"TUR":89.49406,"TKM":47.105362,"TCA":94.39594,"TUV":65.448074,"UGA":31.939957,"UKR":69.59549,"ARE":85.96176,"GBR":83.32361,"USA":80.19218,"VIR":95.38858,"URY":95.65372,"UZB":51.01735,"VUT":22.32199,"VAT":100,"VEN":89.321915,"VNM":38.829918,"WLF":0,"ESH":86.88352,"YEM":37.033665,"ZMB":45.917152,"ZWE":40.49513}