{"AFG":11.483052,"ALB":49.13832,"DZA":69.49311,"ASM":81.90922,"AND":90.64,"ARM":82.65596,"AUT":96.87254,"AZE":48.81638,"BHR":98.69526,"BGD":55.30866,"BLR":81.93724,"BEL":99.75394,"BEN":14.208856,"BTN":28.440275,"BES":83.55975,"BIH":87.47027,"BWA":59.196995,"BRA":75.78449,"BGR":89.59609,"KHM":17.1456,"CAN":99.04074,"CAF":8.530865,"TCD":5.520874,"CHL":91.47526,"COL":67.73082,"COG":27.90191,"CRI":76.55743,"CIV":25.353697,"HRV":85.10822,"CYP":96.31784,"CZE":94.70721,"COD":12.21198,"DNK":94.60386,"DOM":42.05519,"ECU":61.55963,"EGY":65.30305,"EST":91.727455,"SWZ":27.408157,"ETH":5.356496,"FJI":39.23305,"FIN":94.3757,"FRA":97.35587,"PYF":90.448715,"GMB":23.296648,"GEO":59.437145,"DEU":99.8429,"GHA":14.361613,"GIB":100,"GRC":99.37369,"GRD":78.71873,"GUM":99.47356,"GTM":49.84414,"GNB":17.692846,"GUY":62.737007,"HND":41.771423,"HKG":98.36695,"HUN":82.848595,"ISL":90.1556,"IND":37.640007,"IDN":23.513695,"IRN":90.39268,"IRQ":50.240936,"IRL":75.39162,"ISR":99.76122,"ITA":94.76838,"JPN":97.86876,"JOR":55.52078,"KAZ":63.195927,"KIR":9.50398,"KWT":100,"KGZ":46.415993,"LAO":5.142677,"LVA":92.51835,"LBN":43.433365,"LSO":8.687828,"LIE":100,"LTU":69.827965,"LUX":99.831566,"MAC":99.974915,"MDG":7.3346024,"MWI":6.945435,"MYS":91.83442,"MLT":100,"MTQ":99.19636,"MEX":40.014584,"MDA":40.373516,"MCO":100,"MNG":17.716772,"MAR":40.68927,"MOZ":8.947469,"MMR":27.134047,"NRU":18.648062,"NPL":26.805544,"NLD":99.997345,"NCL":87.04396,"NZL":84.39357,"NGA":12.611869,"NIU":98.36387,"PRK":68.999466,"MKD":80.37549,"MNP":79.64351,"NOR":99.678024,"OMN":83.89833,"PAK":42.579227,"PLW":65.42259,"PSE":74.55466,"PRY":49.851448,"PER":45.000927,"PHL":41.72815,"PRT":93.69601,"PRI":75.13195,"QAT":96.34022,"REU":97.31832,"ROU":81.65202,"RUS":75.34923,"BLM":99.19419,"MAF":96.7,"WSM":60.159733,"SMR":100,"STP":25.9473,"SEN":20.03324,"SRB":74.41925,"SYC":61.947414,"SLE":5.167969,"SGP":100,"SVK":92.17965,"SVN":91.835625,"ZAF":63.24773,"ESP":99.35961,"LKA":45.186985,"SUR":51.580395,"SWE":99.40172,"CHE":96.700005,"TJK":35.5048,"TZA":1.2839584,"TGO":10.026217,"TON":29.224987,"TUN":76.76374,"TKM":68.60978,"TUV":7.685772,"UGA":2.6111693,"UKR":66.34534,"ARE":98.19269,"GBR":100,"VIR":97.364685,"UZB":53.767487,"VUT":17.366804,"VNM":45.65765,"WLF":69.13153,"ZWE":29.39526}