{"AFG":11.495201,"ALB":49.0812,"DZA":69.98859,"ASM":82.58782,"AND":90.64,"ARM":82.72642,"AUT":97.02524,"AZE":49.177975,"BHR":98.72941,"BGD":55.31502,"BLR":82.07007,"BEL":99.75394,"BEN":14.312766,"BTN":28.84912,"BES":84.33308,"BIH":87.56001,"BWA":59.602856,"BRA":76.32582,"BGR":90.12666,"KHM":17.611435,"CAN":99.0501,"CAF":8.396017,"TCD":5.5543633,"CHL":91.95937,"COL":68.04472,"COG":28.057352,"CRI":76.88052,"CIV":25.856947,"HRV":85.16076,"CYP":96.31771,"CZE":94.698685,"COD":12.212948,"DNK":94.60386,"DOM":42.19297,"ECU":61.99997,"EGY":65.26704,"EST":92.0493,"SWZ":27.900997,"ETH":5.5016994,"FJI":39.331947,"FIN":94.70998,"FRA":97.352356,"GUF":88.87286,"PYF":90.448715,"GMB":24.328266,"GEO":59.40507,"DEU":99.8429,"GHA":14.635947,"GIB":100,"GRC":99.41609,"GRD":79.61002,"GLP":97.5017,"GUM":99.47609,"GTM":49.85119,"GNB":17.990059,"GUY":62.931396,"HND":42.011456,"HKG":98.45297,"HUN":83.11107,"ISL":90.69081,"IND":39.102863,"IDN":23.854189,"IRN":90.615074,"IRQ":50.717648,"IRL":75.483376,"ISR":99.76138,"ITA":94.98711,"JPN":97.86876,"JOR":55.537083,"KAZ":63.450394,"KIR":9.718902,"KWT":100,"KGZ":46.414886,"LAO":6.732693,"LVA":92.49957,"LBN":43.66932,"LSO":9.590057,"LIE":100,"LTU":70.18007,"LUX":99.830315,"MAC":99.974915,"MDG":7.8237123,"MWI":7.3151164,"MYS":91.997665,"MLT":100,"MTQ":99.19636,"MEX":40.159225,"MDA":42.281216,"MCO":100,"MNG":18.760046,"MAR":41.267014,"MOZ":9.00251,"MMR":28.642832,"NRU":18.648691,"NPL":27.09165,"NLD":99.995766,"NCL":87.04396,"NZL":84.39357,"NGA":12.976515,"NIU":98.36387,"PRK":69.01835,"MKD":80.35358,"MNP":79.79964,"NOR":99.67802,"OMN":83.89375,"PAK":42.69305,"PLW":66.30465,"PSE":74.955475,"PRY":50.71573,"PER":45.388588,"PHL":41.838123,"PRT":93.730415,"PRI":75.24593,"QAT":96.34022,"REU":97.31832,"ROU":81.609,"RUS":75.34817,"BLM":99.19419,"MAF":96.7,"WSM":60.18576,"SMR":100,"STP":26.382078,"SEN":20.263496,"SRB":74.44541,"SYC":62.0622,"SLE":5.283256,"SGP":100,"SVK":92.177986,"SVN":91.83103,"ZAF":63.698074,"ESP":99.360344,"LKA":45.290257,"SUR":51.815754,"SWE":99.41372,"CHE":96.7,"TJK":36.618835,"TZA":1.3207551,"TGO":10.439618,"TON":29.232796,"TUN":77.04618,"TKM":69.644196,"TUV":7.706445,"UGA":3.0959945,"UKR":66.36515,"ARE":98.19451,"GBR":100,"VIR":97.43755,"UZB":55.11487,"VUT":17.438667,"VNM":46.210007,"WLF":69.13153,"ZWE":29.545853}