{"AFG":12.2981,"ALB":48.984764,"DZA":70.47035,"ASM":83.26878,"AND":90.64,"ARM":82.802956,"AUT":97.17794,"AZE":49.537865,"BHR":98.76355,"BGD":55.29361,"BLR":82.19705,"BEL":99.75394,"BEN":14.431884,"BTN":29.256947,"BES":85.10735,"BIH":87.649216,"BWA":59.82907,"BRA":76.849236,"BGR":90.65758,"KHM":18.077368,"CAN":99.0523,"CAF":8.2617035,"TCD":5.586597,"CHL":92.416626,"COL":68.35502,"COG":28.25072,"CRI":77.18986,"CIV":26.35859,"HRV":85.280815,"CYP":96.317795,"CZE":94.960396,"COD":12.208426,"DNK":94.60387,"DOM":42.328396,"ECU":62.400196,"EGY":65.87007,"EST":92.37476,"SWZ":28.39426,"ETH":5.663094,"FJI":39.43084,"FIN":95.04425,"FRA":97.34888,"GUF":88.87286,"PYF":90.448715,"GMB":25.37888,"GEO":59.484524,"DEU":99.8429,"GHA":15.666512,"GIB":100,"GRC":99.46122,"GRD":80.504776,"GLP":97.5017,"GUM":99.44454,"GTM":49.854,"GNB":18.28805,"GUY":63.126183,"HND":42.259678,"HKG":98.539024,"HUN":83.414635,"ISL":91.226006,"IND":40.608547,"IDN":24.192856,"IRN":90.83291,"IRQ":51.1935,"IRL":75.57695,"ISR":99.74846,"ITA":95.20594,"JPN":97.86876,"JOR":55.55337,"KAZ":64.98845,"KIR":9.877491,"KWT":100,"KGZ":46.690453,"LAO":7.9647045,"LVA":92.51412,"LBN":43.905273,"LSO":10.511764,"LIE":100,"LTU":70.5294,"LUX":99.82941,"MAC":99.974915,"MDG":8.328023,"MWI":7.693562,"MYS":92.15774,"MLT":100,"MTQ":99.19636,"MEX":40.302227,"MDA":44.234497,"MCO":100,"MNG":19.828382,"MAR":41.842068,"MOZ":9.368226,"MMR":30.18471,"NRU":18.64932,"NPL":27.344599,"NLD":99.994194,"NCL":87.04396,"NZL":84.39357,"NGA":13.78858,"NIU":98.36387,"PRK":69.03723,"MKD":80.331665,"MNP":79.955765,"NOR":99.67802,"OMN":83.889175,"PAK":42.80643,"PLW":67.181,"PSE":75.355354,"PRY":51.568085,"PER":45.772564,"PHL":42.94722,"PRT":93.76469,"PRI":75.35992,"QAT":96.34022,"REU":97.31832,"ROU":81.58862,"RUS":75.35994,"BLM":99.19419,"SHN":80.866425,"MAF":96.7,"WSM":60.149437,"SMR":100,"STP":26.851744,"SEN":20.492983,"SRB":74.4717,"SYC":62.176983,"SLE":5.467281,"SGP":100,"SVK":92.813324,"SVN":91.82645,"ZAF":64.508026,"KOR":97.230316,"ESP":99.3946,"LKA":45.39306,"SUR":52.05073,"SWE":99.425865,"CHE":96.700005,"TJK":37.762196,"TZA":1.3583549,"TGO":10.85721,"TON":29.240335,"TUN":77.32488,"TKM":70.68507,"TUV":7.727126,"UGA":3.599884,"UKR":66.438194,"ARE":98.21883,"GBR":100,"VIR":97.510445,"UZB":56.456253,"VUT":17.511047,"VNM":46.762695,"WLF":69.120476,"ZWE":29.760683}