{"AFG":13.10075,"ALB":48.88544,"DZA":70.93791,"ASM":83.952095,"AND":90.64,"ARM":82.88185,"AUT":97.330635,"AZE":49.89707,"BHR":98.79769,"BGD":55.26868,"BLR":82.32479,"BEL":99.75394,"BEN":14.576163,"BTN":29.66353,"BES":85.88258,"BIH":87.73781,"BWA":60.028244,"BRA":77.365005,"BGR":91.188705,"KHM":18.543394,"CAN":99.054535,"CAF":8.127789,"TCD":5.6178207,"CHL":92.79445,"COL":68.661736,"COG":28.443996,"CRI":77.48557,"CIV":26.858252,"HRV":85.400536,"CYP":96.31428,"CZE":95.223076,"COD":12.198289,"DNK":94.60387,"DOM":42.517082,"ECU":62.77393,"EGY":66.47251,"EST":92.703705,"SWZ":28.887936,"ETH":5.8395114,"FJI":39.53002,"FIN":95.37853,"FRA":97.345406,"GUF":88.87286,"PYF":90.448715,"GMB":26.432375,"GEO":59.699707,"DEU":99.8429,"GHA":16.717497,"GIB":100,"GRC":99.5054,"GRD":81.402985,"GLP":97.5017,"GUM":99.386406,"GTM":49.84767,"GNB":18.585863,"GUY":63.301033,"HND":43.60762,"HKG":98.62511,"HUN":83.71537,"ISL":91.7612,"IND":42.126705,"IDN":24.529545,"IRN":91.04622,"IRQ":51.6685,"IRL":75.678635,"ISR":99.73553,"ITA":95.424866,"JPN":97.86876,"JOR":55.56973,"KAZ":66.54316,"KIR":10.036241,"KWT":100,"KGZ":46.965466,"LAO":8.3297825,"LVA":92.53678,"LBN":44.141228,"LSO":11.452729,"LIE":100,"LTU":70.88001,"LUX":99.82851,"MAC":99.974915,"MDG":8.84731,"MWI":8.081112,"MYS":92.314804,"MLT":100,"MTQ":99.19636,"MEX":40.443604,"MDA":46.23393,"MCO":100,"MNG":20.920639,"MAR":42.413246,"MOZ":9.742881,"MMR":31.75992,"NRU":18.64995,"NPL":27.596975,"NLD":99.992615,"NCL":87.70611,"NZL":84.39357,"NGA":14.625085,"NIU":98.36387,"PRK":69.05587,"MKD":80.309746,"MNP":80.11189,"NOR":99.65004,"OMN":83.8846,"PAK":42.919296,"PLW":68.05161,"PSE":75.75414,"PRY":52.31498,"PER":46.153305,"PHL":44.073166,"PRT":93.80024,"PRI":75.47389,"QAT":96.34022,"REU":97.31832,"ROU":81.625984,"RUS":75.381584,"BLM":99.19419,"SHN":80.866425,"MAF":96.7,"WSM":60.079945,"SMR":100,"STP":27.329924,"SEN":20.768238,"SRB":74.49798,"SYC":62.291767,"SLE":5.6569557,"SGP":100,"SVK":93.44967,"SVN":91.82185,"ZAF":65.32522,"KOR":97.230316,"ESP":99.42956,"LKA":45.496407,"SUR":52.284714,"SWE":99.43797,"CHE":96.7,"TJK":38.934864,"TZA":1.4082193,"TGO":11.278875,"TON":29.248144,"TUN":77.60017,"TKM":71.73221,"TUV":7.7683825,"UGA":4.122992,"UKR":66.54891,"ARE":98.24333,"GBR":100,"VIR":97.58337,"UZB":57.790806,"VUT":17.584452,"VNM":47.314182,"WLF":69.10941,"ZWE":29.818277}