{"AFG":13.910267,"ALB":50.717678,"DZA":71.39134,"ASM":84.63776,"AND":90.64,"ARM":82.961136,"AUT":97.48334,"AZE":50.25508,"BHR":98.83183,"BGD":55.24038,"BLR":83.3861,"BEL":99.75394,"BEN":14.720905,"BTN":30.06881,"BES":86.658775,"BIH":87.82586,"BWA":60.226437,"BRA":77.78534,"BGR":91.72007,"KHM":19.00988,"CAN":99.05673,"CAF":7.994275,"TCD":5.6479144,"CHL":93.17365,"COL":68.964424,"COG":29.997093,"CRI":77.76771,"CIV":27.356083,"HRV":85.516235,"CYP":96.51368,"CZE":95.48682,"COD":12.182402,"DNK":94.927055,"DOM":42.72422,"ECU":63.146828,"EGY":67.07436,"EST":93.03631,"SWZ":29.380873,"ETH":6.0312095,"FJI":39.629562,"FIN":95.7128,"FRA":97.46617,"GUF":88.87286,"PYF":90.448715,"GMB":27.44213,"GEO":59.91403,"DEU":99.84935,"GHA":17.78912,"GIB":100,"GRC":99.548676,"GRD":82.30465,"GLP":97.5017,"GUM":99.32826,"GTM":49.834343,"GNB":18.88363,"GUY":63.471626,"HND":44.98727,"HKG":98.71123,"HUN":84.01355,"ISL":92.296394,"IND":43.657413,"IDN":24.8645,"IRN":91.25493,"IRQ":52.14264,"IRL":75.78056,"ISR":99.72259,"ITA":95.54188,"JPN":97.86876,"JOR":55.586002,"KAZ":68.11441,"KIR":10.195038,"KWT":100,"KGZ":47.24104,"LAO":8.6978,"LVA":92.58324,"LBN":44.377182,"LSO":12.41411,"LIE":100,"LTU":72.4807,"LUX":99.827644,"MAC":99.97654,"MDG":9.381717,"MWI":8.477394,"MYS":92.46887,"MLT":100,"MTQ":99.19636,"MEX":40.583435,"MDA":48.280598,"MCO":100,"MNG":22.03566,"MAR":42.98115,"MOZ":10.213638,"MMR":33.36836,"NRU":18.65058,"NPL":27.848747,"NLD":99.991035,"NCL":88.37045,"NZL":84.39357,"NGA":15.486244,"NIU":98.36387,"PRK":69.036316,"MKD":80.28773,"MNP":80.1973,"NOR":99.62206,"OMN":83.957375,"PAK":43.03168,"PLW":69.123634,"PSE":76.152,"PRY":53.037556,"PER":46.530415,"PHL":44.62164,"PRT":93.837074,"PRI":75.587875,"QAT":96.34022,"REU":97.31832,"ROU":81.66306,"RUS":75.406746,"BLM":99.19419,"SHN":80.866425,"MAF":96.7,"WSM":60.01102,"SMR":100,"STP":27.811357,"SEN":21.078928,"SRB":74.52469,"SYC":62.40655,"SLE":5.8522043,"SGP":100,"SVK":94.08702,"SVN":91.81726,"ZAF":66.137665,"KOR":97.230316,"ESP":99.46471,"LKA":45.599785,"SUR":52.51801,"SWE":99.45002,"CHE":96.700005,"TJK":40.13629,"TZA":2.1407638,"TGO":11.704692,"TON":29.255953,"TUN":77.86713,"TKM":72.785774,"TUV":7.820132,"UGA":4.665668,"UKR":69.34004,"ARE":98.268036,"GBR":100,"VIR":97.65632,"UZB":59.117764,"VUT":17.658371,"VNM":47.865467,"WLF":69.09836,"ZWE":29.847073}