{"AFG":14.726554,"ALB":52.578335,"DZA":71.830215,"ASM":85.32577,"AND":90.64001,"ARM":83.04078,"AUT":97.63604,"AZE":50.61139,"BHR":98.865974,"BGD":55.209023,"BLR":84.43014,"BEL":99.753944,"BEN":14.865664,"BTN":30.465115,"BES":87.43591,"BIH":87.91327,"BWA":60.422066,"BRA":78.04189,"BGR":92.251656,"KHM":19.476826,"CAN":98.944374,"CAF":7.8637824,"TCD":5.6768794,"CHL":93.55305,"COL":69.26312,"COG":31.571962,"CRI":78.03625,"CIV":27.851223,"HRV":85.63135,"CYP":96.70981,"CZE":95.75162,"COD":12.161865,"DNK":95.25025,"DOM":42.92473,"ECU":63.518684,"EGY":67.67562,"EST":93.37261,"SWZ":29.874763,"ETH":6.238087,"FJI":39.728718,"FIN":96.04708,"FRA":97.58779,"GUF":88.87286,"PYF":90.448715,"GMB":28.467169,"GEO":60.127483,"DEU":99.85583,"GHA":18.879908,"GIB":100,"GRC":99.59101,"GRD":83.20976,"GLP":97.5017,"GUM":99.27012,"GTM":49.816856,"GNB":19.180431,"GUY":63.643494,"HND":46.398273,"HKG":98.79737,"HUN":84.31692,"ISL":92.83159,"IND":45.199627,"IDN":25.197056,"IRN":91.458954,"IRQ":52.615925,"IRL":76.994415,"ISR":99.70963,"ITA":95.61492,"JPN":97.91387,"JOR":55.516163,"KAZ":69.702126,"KIR":10.353763,"KWT":100,"KGZ":49.00453,"LAO":9.0438595,"LVA":92.62953,"LBN":44.613136,"LSO":13.394268,"LIE":100,"LTU":74.106064,"LUX":99.826805,"MAC":99.978165,"MDG":9.994085,"MWI":8.882755,"MYS":92.619514,"MLT":100,"MTQ":99.19636,"MEX":40.72163,"MDA":50.465126,"MCO":100,"MNG":23.17097,"MAR":43.663147,"MOZ":10.797563,"MMR":35.00994,"NRU":18.651209,"NPL":28.099888,"NLD":99.989456,"NCL":89.036995,"NZL":84.39357,"NGA":16.37212,"NIU":98.302284,"PRK":68.82841,"MKD":80.290565,"MNP":80.28243,"NOR":99.594086,"OMN":84.32566,"PAK":43.14355,"PLW":70.210335,"PSE":76.548775,"PRY":53.75417,"PER":46.90352,"PHL":44.75248,"POL":91.14339,"PRT":93.87491,"PRI":75.70186,"QAT":96.34022,"REU":97.31832,"ROU":81.700134,"RUS":75.431946,"BLM":99.25071,"SHN":80.866425,"MAF":96.7,"WSM":60.10996,"SMR":100,"STP":28.294924,"SEN":21.388327,"SRB":74.55122,"SYC":62.521336,"SLE":6.0591483,"SGP":100,"SVK":94.72538,"SVN":91.81267,"ZAF":66.94336,"KOR":97.230316,"ESP":99.500046,"LKA":45.7027,"SUR":52.712658,"SWE":99.462006,"CHE":96.7,"TJK":41.3676,"TZA":2.9257302,"TGO":12.134527,"TON":29.28032,"TTO":69.35959,"TUN":78.10895,"TKM":74.30983,"TUV":7.8717203,"UGA":5.2272425,"UKR":71.95431,"ARE":98.2929,"GBR":99.994286,"USA":95.35509,"VIR":97.729294,"UZB":60.436913,"VUT":17.766691,"VNM":48.41539,"WLF":69.087296,"ZWE":29.627148}