{"AFG":15.542417,"ALB":54.467083,"DZA":72.255196,"ASM":86.016136,"AND":90.64,"ARM":83.12084,"AUT":97.788734,"AZE":50.96651,"BHR":98.900116,"BGD":55.17405,"BLR":85.46151,"BEL":99.753944,"BEN":15.010659,"BTN":30.794453,"BES":88.21401,"BIH":88.00005,"BWA":61.690678,"BRA":78.293434,"BGR":92.78348,"KHM":19.943867,"CAN":98.83219,"CAF":7.736172,"TCD":5.704718,"CHL":93.93375,"COL":69.557846,"COG":33.168354,"CRI":78.29167,"CIV":28.344093,"HRV":85.745865,"CYP":96.905014,"CZE":96.01748,"COD":12.137095,"DNK":95.57345,"DOM":43.1192,"ECU":63.88951,"EGY":68.27628,"EST":93.71249,"SWZ":30.368456,"ETH":6.4603963,"FJI":39.82823,"FIN":96.381355,"FRA":97.710205,"GUF":89.05826,"PYF":90.448715,"GMB":29.507462,"GEO":60.340477,"DEU":99.862335,"GHA":19.990732,"GIB":100,"GRC":99.63244,"GRD":84.11833,"GLP":97.54314,"GUM":99.21197,"GTM":49.7954,"GNB":19.477068,"GUY":63.81678,"HND":47.841297,"HKG":98.88356,"HUN":84.62482,"ISL":93.36679,"IND":46.753426,"IDN":25.527596,"IRN":91.65836,"IRQ":53.088074,"IRL":78.18999,"ISR":99.69667,"ITA":95.68799,"JPN":97.958984,"JOR":57.113037,"KAZ":71.3062,"KIR":10.568023,"KWT":100,"KGZ":50.798252,"LAO":9.343034,"LVA":92.69843,"LBN":44.84909,"LSO":14.394824,"LIE":100,"LTU":75.75525,"LUX":99.82598,"MAC":99.97978,"MDG":10.624836,"MWI":9.296816,"MYS":92.76711,"MLT":100,"MTQ":99.18449,"MYT":79.365685,"MEX":40.85826,"MDA":52.77547,"MCO":100,"MNG":24.326986,"MNE":83.86273,"MAR":45.3949,"MOZ":11.423537,"MMR":36.684227,"NRU":18.651836,"NPL":28.350365,"NLD":99.987885,"NCL":89.705734,"NZL":85.37429,"NGA":17.283138,"NIU":98.2407,"PRK":68.62117,"MKD":80.29671,"MNP":80.367294,"NOR":99.56611,"OMN":84.69062,"PAK":43.254932,"PLW":71.31191,"PSE":76.94456,"PRY":54.464474,"PER":47.27346,"PHL":44.883514,"POL":91.52086,"PRT":93.91408,"PRI":75.81584,"QAT":96.34022,"REU":97.32463,"ROU":81.73721,"RUS":75.45719,"BLM":99.307236,"SHN":80.866425,"MAF":96.7,"WSM":60.208427,"SMR":100,"STP":28.781055,"SEN":21.697052,"SRB":74.5779,"SYC":62.63612,"SLE":6.275896,"SGP":100,"SVK":95.36474,"SVN":91.808075,"ZAF":67.3856,"KOR":97.230316,"ESP":99.53556,"LKA":45.882996,"SUR":52.90432,"SWE":99.4744,"CHE":96.700005,"TJK":42.628216,"TZA":4.0324945,"TGO":12.568663,"TON":29.30498,"TTO":69.344475,"TUN":78.34843,"TKM":75.84673,"TUV":7.9232507,"UGA":5.808866,"UKR":74.53527,"ARE":98.317955,"GBR":99.98527,"USA":95.364395,"VIR":97.80229,"UZB":61.748505,"VUT":17.87582,"VNM":48.964584,"WLF":69.07624,"ZWE":29.40307}