{"AFG":16.65025,"ALB":56.383842,"DZA":72.66588,"ASM":86.70885,"AND":90.64,"ARM":83.20126,"AUT":97.94143,"AZE":51.32094,"BHR":98.92892,"BGD":55.135597,"BLR":86.49585,"BEL":99.75394,"BEN":15.156113,"BTN":31.121298,"BES":88.993065,"BIH":88.086296,"BWA":63.508972,"BRA":78.54003,"BGR":93.315544,"KHM":20.41137,"CAN":98.72191,"CAF":7.6114297,"TCD":5.73156,"CHL":94.315,"COL":69.858955,"COG":34.786396,"CRI":78.53414,"CIV":28.834597,"HRV":85.85978,"CYP":97.10017,"CZE":96.28436,"COD":12.107881,"DNK":95.89664,"DOM":43.307346,"ECU":64.25972,"EGY":68.8744,"EST":94.05609,"SWZ":30.88976,"ETH":6.703368,"FJI":39.92786,"FIN":96.71563,"FRA":97.83345,"GUF":89.24384,"PYF":90.448715,"GMB":30.56298,"GEO":60.552994,"DEU":99.86888,"GHA":21.121117,"GIB":100,"GRC":99.67297,"GRD":85.03035,"GLP":97.58457,"GUM":99.15382,"GTM":49.77014,"GNB":19.772625,"GUY":63.991318,"HND":49.316257,"HKG":98.96977,"HUN":84.929085,"ISL":93.90199,"IND":48.318836,"IDN":25.855852,"IRN":91.84716,"IRQ":53.55965,"IRL":79.35814,"ISR":99.6837,"ITA":95.76108,"JPN":98.0041,"JEY":91.49299,"JOR":58.74078,"KAZ":72.92653,"KIR":10.826878,"KWT":100,"KGZ":52.62113,"LAO":9.642312,"LVA":92.947624,"LBN":45.085045,"LSO":15.367782,"LIE":100,"LTU":77.4165,"LUX":99.82519,"MAC":99.98141,"MDG":11.273715,"MWI":9.719929,"MYS":92.9116,"MLT":100,"MTQ":99.17262,"MYT":79.365685,"MEX":40.9933,"MDA":55.11695,"MCO":100,"MNG":25.502197,"MNE":84.01289,"MAR":47.168823,"MOZ":12.090357,"MMR":38.391457,"NRU":18.652466,"NPL":28.60026,"NLD":99.98631,"NCL":90.37666,"NZL":86.354996,"NGA":18.219608,"NIU":98.17911,"PRK":68.41413,"MKD":80.30609,"MNP":80.45187,"NOR":99.538124,"OMN":85.05205,"PAK":43.365826,"PLW":72.42753,"PSE":77.33943,"PRY":55.168503,"PER":47.63946,"PHL":45.01475,"POL":91.89994,"PRT":93.95437,"PRI":75.92982,"QAT":96.34022,"REU":97.33095,"ROU":81.77429,"RUS":75.48248,"BLM":99.36378,"SHN":80.862236,"MAF":96.7,"SPM":80.62569,"WSM":60.307613,"SMR":100,"STP":29.269617,"SEN":22.004786,"SRB":74.604866,"SYC":62.750904,"SLE":6.497539,"SGP":100,"SVK":96.005104,"SVN":91.80349,"ZAF":67.6639,"KOR":97.375626,"ESP":99.571266,"LKA":46.062714,"SUR":53.096325,"SWE":99.48712,"CHE":96.7,"TJK":43.91814,"TZA":5.6102347,"TGO":13.007179,"TON":29.33345,"TTO":69.329285,"TUN":78.585014,"TKM":77.39616,"TUV":7.974671,"UGA":6.410041,"UKR":77.09302,"ARE":98.34315,"GBR":99.97625,"USA":95.37364,"VIR":97.87532,"UZB":63.051826,"VUT":17.985506,"VNM":49.512966,"WLF":69.065186,"ZWE":29.175194}