{"AFG":17.554295,"ALB":58.32848,"DZA":73.06289,"ASM":87.403915,"AND":90.64,"ARM":83.28209,"AUT":98.09413,"AZE":51.673676,"BHR":98.927,"BGD":55.09382,"BLR":87.53245,"BEL":99.75394,"BEN":15.3018,"BTN":31.445564,"BES":89.77307,"BIH":88.17192,"BWA":65.30496,"BRA":78.78177,"BGR":93.84785,"KHM":20.89281,"CAN":98.61107,"CAF":7.4892926,"TCD":5.7571507,"CHL":94.69743,"COL":70.156296,"COG":36.42668,"CRI":78.76404,"CIV":29.322624,"HRV":85.973114,"CYP":97.295265,"CZE":96.552345,"COD":12.073408,"DNK":96.21983,"DOM":43.489243,"ECU":64.6289,"EGY":69.47055,"EST":94.40347,"SWZ":31.589178,"ETH":7.0232906,"FJI":40.051903,"FIN":97.04991,"FRA":97.95746,"GUF":89.429596,"PYF":90.448715,"GMB":31.634176,"GEO":60.764656,"DEU":99.87546,"GHA":22.270924,"GIB":100,"GRC":99.707016,"GRD":85.94583,"GLP":97.626,"GUM":99.09566,"GTM":49.74105,"GNB":20.067202,"GUY":64.16711,"HND":50.82352,"HKG":99.05602,"HUN":85.22977,"ISL":94.43719,"IND":49.89553,"IDN":26.182074,"IRN":92.028885,"IRQ":54.030376,"IRL":80.515526,"ISR":99.670715,"ITA":95.83419,"JPN":98.049225,"JEY":91.49299,"JOR":60.397026,"KAZ":74.56303,"KIR":11.088167,"KWT":100,"KGZ":54.473724,"LAO":9.942042,"LVA":93.19816,"LBN":45.321,"LSO":16.358568,"LIE":100,"LTU":79.08975,"LUX":99.824394,"MAC":99.98303,"MDG":11.941064,"MWI":10.151706,"MYS":93.05299,"MLT":100,"MTQ":99.160835,"MYT":79.365685,"MEX":41.126873,"MDA":57.48961,"MCO":100,"MNG":26.695759,"MNE":84.137764,"MAR":48.98268,"MOZ":12.903996,"MMR":40.13154,"NRU":18.653095,"NPL":28.849428,"NLD":99.98473,"NCL":91.04979,"NZL":87.33572,"NGA":19.18184,"NIU":98.11752,"PRK":68.207535,"MKD":80.31868,"MNP":80.53619,"NOR":99.51014,"OMN":85.40999,"PAK":43.476196,"PLW":73.55722,"PSE":77.733246,"PRY":55.866604,"PER":47.949856,"PHL":45.14619,"POL":92.28065,"PRT":93.99584,"PRI":76.0438,"QAT":96.34022,"REU":97.33726,"ROU":81.81137,"RUS":75.50782,"BLM":99.42034,"SHN":80.85805,"MAF":96.7,"SPM":80.62569,"WSM":60.407257,"SMR":100,"STP":29.760468,"SEN":22.311522,"SRB":74.63181,"SYC":62.86569,"SLE":6.7239513,"SGP":100,"SVK":96.64649,"SVN":91.7989,"ZAF":67.92725,"KOR":97.521034,"ESP":99.60715,"LKA":46.242867,"SUR":53.28897,"SWE":99.49971,"CHE":96.7,"TJK":45.23737,"TZA":7.2952023,"TGO":13.450374,"TON":29.364939,"TTO":69.31418,"TUN":78.819,"TKM":78.956856,"TUV":8.025983,"UGA":7.0313387,"UKR":79.62804,"ARE":98.36848,"GBR":99.96723,"USA":95.382835,"VIR":97.94837,"UZB":64.34665,"VUT":18.096003,"VNM":50.0601,"WLF":69.05412,"ZWE":28.943127}