{"AFG":18.389793,"ALB":60.300907,"DZA":73.44309,"ASM":87.96088,"AND":90.64,"ARM":83.21591,"AUT":98.246826,"AZE":52.02522,"BHR":98.92508,"BGD":55.048862,"BLR":88.53946,"BEL":99.75394,"BEN":15.44728,"BTN":31.766724,"BES":90.55403,"BIH":88.25693,"BWA":67.07313,"BRA":79.01825,"BGR":94.38039,"KHM":21.447674,"CAN":98.49966,"CAF":7.369628,"TCD":5.781619,"CHL":95.080376,"COL":70.44988,"COG":38.089073,"CRI":78.98136,"CIV":29.807646,"HRV":86.085846,"CYP":97.4903,"CZE":96.82137,"COD":12.034064,"DNK":96.54303,"DOM":43.664013,"ECU":64.99705,"EGY":70.06597,"EST":94.75463,"SWZ":32.228165,"ETH":7.3589864,"FJI":40.181908,"FIN":97.384186,"FRA":98.08225,"GUF":89.615524,"PYF":90.448715,"GMB":32.719105,"GEO":60.975468,"DEU":99.87845,"GHA":23.438925,"GIB":100,"GRC":99.52658,"GRD":86.86475,"GLP":97.667435,"GUM":99.0375,"GTM":49.70764,"GNB":20.359922,"GUY":64.344284,"HND":52.36262,"HKG":99.1423,"HUN":85.52678,"ISL":94.97238,"IND":51.482533,"IDN":26.50575,"IRN":92.206665,"IRQ":54.49998,"IRL":81.6624,"IMN":96.66723,"ISR":99.65772,"ITA":95.90733,"JPN":98.09436,"JEY":91.49299,"JOR":62.0799,"KAZ":76.21558,"KIR":11.351534,"KWT":100,"KGZ":56.356495,"LAO":10.241737,"LVA":93.456276,"LBN":45.556953,"LSO":17.365833,"LIE":100,"LTU":80.76601,"LUX":99.82365,"MAC":99.98466,"MDG":12.625806,"MWI":10.596716,"MYS":93.19099,"MLT":99.992424,"MTQ":99.149055,"MYT":79.1273,"MEX":41.258904,"MDA":59.893494,"MCO":100,"MNG":27.904755,"MNE":84.261475,"MAR":50.834274,"MOZ":13.773136,"MMR":41.90402,"NRU":18.653725,"NPL":29.097841,"NLD":99.983154,"NCL":91.72511,"NZL":88.31643,"NGA":20.169506,"NIU":98.05594,"PRK":68.020874,"MKD":80.33453,"MNP":80.62022,"NOR":99.48216,"OMN":85.76403,"PAK":43.58605,"PLW":74.69985,"PSE":78.12658,"PRY":56.558468,"PER":48.234936,"PHL":45.27811,"POL":92.663246,"PRT":94.03827,"PRI":78.83245,"QAT":96.68584,"REU":97.34357,"ROU":81.84844,"RUS":75.532936,"BLM":99.47691,"SHN":80.85386,"MAF":96.7,"SPM":80.62569,"WSM":60.5065,"SMR":100,"STP":30.252869,"SEN":22.616959,"SRB":74.65889,"SYC":62.980473,"SLE":6.954936,"SGP":100,"SVK":97.28888,"SVN":91.794304,"ZAF":68.17341,"KOR":97.66656,"ESP":99.6432,"LKA":46.422955,"SUR":53.482536,"SWE":99.51216,"CHE":96.700005,"TJK":46.5859,"TZA":9.086988,"TGO":13.897448,"TON":29.39647,"TTO":69.29899,"TUN":79.050415,"TKM":80.52886,"TUV":8.076931,"UGA":7.672416,"UKR":82.139854,"ARE":98.39394,"GBR":99.95821,"USA":95.391975,"VIR":98.021454,"UZB":65.632355,"VUT":18.207312,"VNM":50.60659,"WLF":69.04307,"ZWE":28.70723}