{"AFG":19.224722,"ALB":62.30063,"DZA":73.80806,"ASM":88.17402,"AND":90.64,"ARM":83.149826,"AUT":98.39953,"AZE":52.38341,"BHR":98.923164,"BGD":55.00033,"BLR":89.51802,"BEL":99.74015,"BEN":15.592993,"BTN":32.08501,"BES":91.335945,"BIH":88.34131,"BWA":68.81618,"BRA":79.25004,"BGR":94.913185,"KHM":22.004652,"CAN":98.387695,"CAF":7.2524133,"TCD":5.807365,"CHL":95.46384,"COL":70.7393,"COG":39.77385,"CRI":79.18679,"CIV":30.290022,"HRV":86.19799,"CYP":97.68529,"CZE":97.0915,"COD":11.989051,"DNK":96.86623,"DOM":43.832607,"ECU":65.36439,"EGY":70.66055,"EST":95.10949,"SWZ":32.76984,"ETH":7.7112865,"FJI":40.312313,"FIN":97.71847,"FRA":98.20785,"GUF":89.801636,"PYF":90.448715,"GMB":33.819145,"GEO":61.185806,"DEU":99.88153,"GHA":24.626406,"GIB":100,"GRC":99.34576,"GRD":87.78714,"GLP":97.70887,"GUM":98.97934,"GTM":49.670544,"GNB":20.65182,"GUY":64.52269,"HND":53.934322,"HKG":99.228615,"HUN":85.81358,"ISL":95.507576,"IND":53.079865,"IDN":26.824707,"IRN":92.380684,"IRQ":54.98614,"IRL":82.79859,"IMN":96.66723,"ISR":99.64474,"ITA":95.9805,"JPN":98.1395,"JEY":91.49299,"JOR":63.78693,"KAZ":77.883804,"KIR":11.6171055,"KWT":100,"KGZ":58.27948,"LAO":10.541622,"LVA":93.72129,"LBN":45.79291,"LSO":18.391222,"LIE":100,"LTU":82.44637,"LUX":99.82291,"MAC":99.98628,"MDG":13.3282585,"MWI":11.055065,"MYS":93.32586,"MLT":99.981384,"MTQ":99.13727,"MYT":79.1273,"MEX":41.389454,"MDA":62.328648,"MCO":100,"MNG":29.130398,"MNE":84.38418,"MAR":52.723644,"MOZ":14.516313,"MMR":43.709496,"NRU":18.654354,"NPL":29.345469,"NLD":99.981575,"NCL":92.40263,"NZL":89.29714,"NGA":21.183344,"NIU":97.994354,"PRK":67.842,"MKD":80.3535,"MNP":80.70397,"NOR":99.454185,"OMN":86.11466,"PAK":43.6954,"PLW":75.85548,"PSE":78.51945,"PRY":57.244118,"PER":48.51908,"PHL":45.422997,"POL":92.55566,"PRT":94.15696,"PRI":81.62911,"QAT":97.0315,"REU":97.349884,"ROU":81.88552,"RUS":75.55836,"BLM":99.53349,"SHN":80.84968,"MAF":96.69789,"SPM":80.62569,"WSM":60.60536,"SMR":100,"STP":30.74725,"SEN":22.921692,"SRB":74.68594,"SYC":63.095257,"SLE":7.190372,"SGP":100,"SVK":97.93309,"SVN":92.362816,"ZAF":68.40385,"KOR":97.81218,"ESP":99.657936,"LKA":46.60245,"SUR":53.676456,"SWE":99.53135,"CHE":96.7,"TJK":47.96373,"TZA":10.98667,"TGO":14.349357,"TON":29.428043,"TTO":69.29204,"TUN":79.27899,"TKM":82.01939,"TUV":8.127617,"UGA":8.333869,"UKR":84.61242,"ARE":98.41953,"GBR":99.949196,"USA":95.55789,"VIR":98.09456,"UZB":66.90957,"VUT":18.286528,"VNM":51.156002,"WLF":69.03201,"ZWE":28.467104}