{"AFG":20.059193,"ALB":64.3274,"DZA":74.157486,"ASM":88.38715,"AND":90.64,"ARM":83.08385,"AUT":98.55223,"AZE":52.747623,"BHR":98.92124,"BGD":54.94857,"BLR":90.489296,"BEL":99.726364,"BEN":15.738938,"BTN":34.843407,"BES":92.11881,"BIH":88.42512,"BWA":70.53226,"BRA":79.47928,"BGR":95.446236,"KHM":22.563757,"CAN":98.2749,"CAF":7.137399,"TCD":5.8344636,"CHL":95.84834,"COL":71.024574,"COG":41.480038,"CRI":79.38052,"CIV":30.76965,"HRV":86.30931,"CYP":97.880226,"CZE":97.36267,"COD":11.938725,"DNK":97.18942,"DOM":43.98236,"ECU":65.7244,"EGY":71.254395,"EST":95.46818,"SWZ":33.31228,"ETH":8.079246,"FJI":40.44261,"FIN":98.05274,"FRA":98.33426,"GUF":89.98793,"PYF":90.448715,"GMB":34.933266,"GEO":61.395283,"DEU":99.884705,"GHA":25.832117,"GIB":100,"GRC":99.164536,"GRD":88.712975,"GLP":97.750305,"GUM":98.92117,"GTM":49.629284,"GNB":20.941998,"GUY":64.70231,"HND":55.53804,"HKG":99.314964,"HUN":86.09728,"ISL":96.04278,"IND":54.687508,"IDN":27.129461,"IRN":92.55086,"IRQ":55.48045,"IRL":83.9243,"IMN":96.66723,"ISR":99.63174,"ITA":96.05369,"JPN":98.184654,"JEY":91.49299,"JOR":65.51616,"KAZ":79.56824,"KIR":11.884889,"KWT":100,"KGZ":60.241966,"LAO":10.841687,"LVA":93.98649,"LBN":46.028866,"LSO":19.434381,"LIE":100,"LTU":84.14775,"LUX":99.82219,"MAC":99.9879,"MDG":14.048129,"MWI":11.527241,"MYS":93.44333,"MLT":99.97034,"MTQ":99.12548,"MYT":81.47008,"MEX":41.518715,"MDA":64.79511,"MCO":100,"MNG":30.166286,"MNE":84.505974,"MAR":54.647514,"MOZ":15.25164,"MMR":45.34767,"NRU":18.654984,"NPL":29.592384,"NLD":99.98,"NCL":93.08235,"NZL":90.277855,"NGA":22.221535,"NIU":97.82136,"PRK":67.66362,"MKD":80.37563,"MNP":80.78746,"NOR":99.42621,"OMN":86.56857,"PAK":43.804253,"PLW":77.02314,"PSE":78.91174,"PRY":57.92358,"PER":48.8015,"PHL":45.632675,"POL":92.441154,"PRT":94.27432,"PRI":84.43378,"QAT":97.14476,"REU":97.21172,"ROU":81.92261,"RUS":75.58383,"BLM":99.590096,"SHN":80.84549,"MAF":96.69232,"SPM":80.62569,"WSM":60.70355,"SMR":100,"STP":31.243156,"SEN":23.225418,"SRB":74.713295,"SYC":63.21004,"SLE":7.4302063,"SGP":100,"SVK":98.57904,"SVN":92.931274,"ZAF":68.617935,"KOR":97.95792,"ESP":99.66085,"LKA":46.7824,"SUR":53.871014,"SWE":99.55105,"CHE":96.7,"TJK":49.370373,"TZA":12.993897,"TGO":14.810775,"TON":29.459665,"TTO":69.28502,"TUN":79.50528,"TKM":83.6168,"TUV":8.178043,"UGA":9.01557,"UKR":87.077774,"ARE":98.445244,"GBR":99.94018,"USA":95.72309,"VIR":98.16769,"UZB":68.06669,"VUT":18.345966,"VNM":51.703846,"WLF":69.02095,"ZWE":28.223124}