{"AFG":20.89308,"ALB":66.38085,"DZA":74.492,"ASM":88.60029,"AND":90.64,"ARM":83.01797,"AUT":98.704926,"AZE":53.117718,"BHR":98.91933,"BGD":55.296654,"BLR":91.43805,"BEL":99.71258,"BEN":15.885113,"BTN":37.589268,"BES":92.90263,"BIH":88.50832,"BWA":70.44698,"BRA":79.70387,"BGR":95.979576,"KHM":23.124992,"CAN":98.15993,"CAF":7.024562,"TCD":5.86313,"CHL":96.23334,"COL":71.30619,"COG":42.471806,"CRI":79.562325,"CIV":31.89941,"HRV":86.42389,"CYP":98.0751,"CZE":97.635574,"COD":11.882306,"DNK":97.51262,"DOM":44.118214,"ECU":66.07921,"EGY":71.84551,"EST":95.84225,"SWZ":33.6922,"ETH":8.463319,"FJI":40.57331,"FIN":98.38702,"FRA":98.461494,"GUF":90.17439,"PYF":90.448715,"GMB":36.062412,"GEO":61.60431,"DEU":99.88772,"GHA":27.055521,"GIB":100,"GRC":98.98293,"GRD":89.48485,"GLP":97.79173,"GUM":98.86301,"GTM":49.584156,"GNB":21.230503,"GUY":64.91689,"HND":57.17467,"HKG":99.401344,"HUN":86.36535,"ISL":96.577965,"IND":56.307568,"IDN":27.432158,"IRN":92.715904,"IRQ":55.97191,"IRL":85.039505,"IMN":96.66723,"ISR":99.61873,"ITA":96.1269,"JPN":98.22981,"JEY":91.62786,"JOR":67.265564,"KAZ":81.26844,"KIR":12.154892,"KWT":100,"KGZ":62.24312,"LAO":11.142037,"LVA":94.25175,"LBN":46.26482,"LSO":20.429005,"LIE":100,"LTU":85.87567,"LUX":99.789246,"MAC":99.989525,"MDG":14.785324,"MWI":12.012957,"MYS":93.55598,"MLT":99.9593,"MTQ":99.11369,"MYT":83.81269,"MEX":41.646564,"MDA":67.29294,"MCO":100,"MNG":31.098604,"MNE":84.62684,"MAR":56.60482,"MOZ":16.019884,"MMR":46.79631,"NRU":18.655613,"NPL":29.83895,"NLD":99.978424,"NCL":93.76426,"NZL":91.25857,"NGA":23.189423,"NIU":97.444725,"PRK":67.48652,"MKD":80.400795,"MNP":80.87067,"NOR":99.39823,"OMN":87.09616,"PAK":43.912598,"PLW":78.20323,"PSE":79.30344,"PRY":58.59717,"PER":49.082993,"PHL":45.841904,"POL":92.31812,"PRT":94.39032,"PRI":87.24645,"QAT":96.99539,"REU":97.07354,"ROU":81.92657,"RUS":75.61315,"BLM":99.64671,"SHN":82.7942,"MAF":96.68675,"SPM":82.27168,"WSM":60.797115,"SMR":100,"STP":31.740715,"SEN":23.52783,"SRB":74.728455,"SYC":63.32482,"SLE":7.6743097,"SGP":100,"SVK":98.87783,"SVN":93.49968,"ZAF":68.81603,"KOR":98.10377,"ESP":99.64992,"LKA":46.962273,"SUR":54.06621,"SWE":99.5711,"CHE":96.700005,"TJK":50.817223,"TZA":15.109415,"TGO":15.279904,"TON":29.47443,"TTO":69.27994,"TUN":79.50197,"TKM":85.22355,"TUV":8.228209,"UGA":9.717891,"UKR":89.386604,"ARE":98.47107,"GBR":99.93116,"USA":95.88738,"VIR":98.240845,"UZB":69.11726,"VUT":18.405678,"VNM":52.250366,"WLF":69.009895,"ZWE":27.974873}