{"AFG":21.72638,"ALB":68.45983,"DZA":74.81179,"ASM":88.81343,"AND":90.64001,"ARM":82.95256,"AUT":98.85762,"AZE":53.49405,"BHR":98.917404,"BGD":55.660675,"BLR":92.36549,"BEL":99.69879,"BEN":16.031076,"BTN":40.321358,"BES":93.687416,"BIH":88.59088,"BWA":69.875435,"BRA":80.46634,"BGR":96.51322,"KHM":23.687996,"CAN":98.0449,"CAF":6.9137635,"TCD":5.893311,"CHL":96.61903,"COL":71.58374,"COG":43.006,"CRI":79.73296,"CIV":33.03745,"HRV":86.541405,"CYP":98.26991,"CZE":97.90711,"COD":11.819583,"DNK":97.83581,"DOM":44.248856,"ECU":66.43344,"EGY":72.4358,"EST":96.228134,"SWZ":34.069847,"ETH":8.856631,"FJI":40.703392,"FIN":98.72129,"FRA":98.589554,"GUF":90.36104,"PYF":90.448715,"GMB":37.203968,"GEO":62.634277,"DEU":99.89073,"GHA":28.295662,"GIB":100,"GRC":98.80095,"GRD":89.775986,"GLP":97.68881,"GUM":98.80483,"GTM":49.536587,"GNB":21.516773,"GUY":65.13148,"HND":58.84318,"HKG":99.487755,"HUN":87.714325,"ISL":97.11317,"IND":57.93908,"IDN":27.73256,"IRN":92.876396,"IRQ":56.46054,"IRL":86.14414,"IMN":96.66723,"ISR":99.60571,"ITA":96.20014,"JPN":98.27498,"JEY":91.76281,"JOR":69.03332,"KAZ":82.98432,"KIR":12.426605,"KWT":100,"KGZ":64.280754,"LAO":11.442193,"LVA":94.51705,"LBN":46.500774,"LSO":21.34535,"LIE":100,"LTU":87.61463,"LUX":99.75829,"MAC":99.99115,"MDG":15.539529,"MWI":12.51309,"MYS":93.66612,"MLT":99.94825,"MTQ":99.10191,"MYT":86.11317,"MEX":41.773087,"MDA":69.82217,"MCO":100,"MNG":32.042698,"MNE":84.74686,"MAR":58.59346,"MOZ":16.820309,"MMR":48.26599,"NRU":18.656242,"NPL":28.406668,"NLD":99.97685,"NCL":94.448364,"NZL":92.23929,"NGA":23.774536,"NIU":97.06848,"PRK":67.31016,"MKD":80.42902,"MNP":80.9536,"NOR":99.37025,"OMN":87.60554,"PAK":44.0204,"PLW":79.394165,"PSE":79.69448,"PRY":59.255825,"PER":49.362774,"PHL":46.05097,"POL":92.1882,"PRT":94.47106,"PRI":90.06713,"QAT":96.84601,"REU":96.93534,"ROU":81.91609,"RUS":75.646065,"BLM":99.70334,"SHN":84.742714,"MAF":96.68118,"SPM":83.93431,"WSM":60.88783,"SMR":100,"STP":32.23503,"SEN":23.82923,"SRB":74.73943,"SYC":63.439606,"SLE":7.9224267,"SGP":100,"SVK":98.935646,"SVN":94.06802,"ZAF":68.99671,"KOR":98.24972,"ESP":99.62333,"LKA":47.150993,"SUR":54.26205,"SWE":99.59086,"CHE":96.700005,"TJK":52.302025,"TZA":17.332668,"TGO":15.753651,"TON":29.476906,"TTO":69.27679,"TUN":79.49639,"TKM":86.83892,"TUV":8.277811,"UGA":10.440123,"UKR":89.051186,"ARE":98.497,"GBR":99.92214,"USA":96.050804,"VIR":98.28451,"UZB":70.178894,"VUT":18.465403,"VNM":52.794186,"WLF":68.99883,"ZWE":27.722734}