{"AFG":22.55909,"ALB":70.563255,"DZA":75.11766,"ASM":89.026566,"AND":90.64001,"ARM":82.8875,"AUT":98.91103,"AZE":53.87598,"BHR":98.91549,"BGD":56.040234,"BLR":92.46306,"BEL":99.685005,"BEN":16.17837,"BTN":43.7054,"BES":94.473145,"BIH":88.672844,"BWA":69.30036,"BRA":81.227776,"BGR":97.03682,"KHM":24.25351,"CAN":97.92982,"CAF":6.804762,"TCD":5.9250875,"CHL":96.919205,"COL":71.85723,"COG":43.54032,"CRI":79.89322,"CIV":34.183685,"HRV":86.5901,"CYP":98.46467,"CZE":98.111725,"COD":11.750613,"DNK":98.15901,"DOM":44.374607,"ECU":66.78692,"EGY":73.02514,"EST":96.61296,"SWZ":34.444607,"ETH":9.265252,"FJI":40.83362,"FIN":99.055565,"FRA":98.718445,"GUF":90.54786,"PYF":90.448715,"GMB":38.35726,"GEO":63.675575,"DEU":99.89375,"GHA":29.552328,"GIB":100,"GRC":98.61861,"GRD":89.91768,"GLP":97.58577,"GUM":98.74666,"GTM":49.486355,"GNB":21.800835,"GUY":65.34802,"HND":60.544533,"HKG":99.5742,"HUN":89.065125,"ISL":97.64836,"IND":59.581604,"IDN":28.031023,"IRN":93.03353,"IRQ":56.946587,"IRL":87.238304,"IMN":97.00307,"ISR":99.5927,"ITA":96.27341,"JPN":98.320145,"JEY":91.89784,"JOR":70.81758,"KAZ":84.7156,"KIR":12.700414,"KWT":100,"KGZ":66.35393,"LAO":11.742497,"LVA":94.7823,"LBN":46.73673,"LSO":22.200298,"LIE":100,"LTU":89.36464,"LUX":99.72919,"MAC":99.992775,"MDG":16.305365,"MWI":13.026946,"MYS":93.77412,"MLT":99.9372,"MTQ":99.090126,"MYT":88.35107,"MEX":41.898285,"MDA":72.38284,"MCO":100,"MNG":32.998158,"MNE":84.86602,"MAR":60.612392,"MOZ":17.652166,"MMR":49.757114,"NRU":18.65687,"NPL":26.949554,"NLD":99.97527,"NCL":95.134674,"NZL":93.22,"NGA":24.357494,"NIU":96.69264,"PRK":67.1348,"MKD":80.46029,"MNP":81.036255,"NOR":99.34227,"OMN":88.09872,"PAK":44.12769,"PLW":80.59607,"PSE":80.084854,"PRY":59.905758,"PER":49.641254,"PHL":46.259304,"POL":92.0511,"PRT":94.549736,"PRI":92.89581,"QAT":96.6966,"REU":96.79713,"ROU":81.905624,"RUS":75.68314,"BLM":99.75998,"SHN":86.69102,"MAF":96.67561,"SPM":85.61356,"WSM":61.07641,"SMR":100,"STP":32.726734,"SEN":24.129606,"SRB":74.750626,"SYC":63.55439,"SLE":8.174562,"SGP":100,"SVK":98.993454,"SVN":94.63631,"ZAF":69.16122,"KOR":98.39578,"ESP":99.596596,"LKA":47.34924,"SUR":54.46284,"SWE":99.61033,"CHE":96.7,"TJK":53.82487,"TZA":19.603106,"TGO":16.232557,"TON":29.479063,"TTO":69.27557,"TUN":78.43878,"TKM":88.46188,"TUV":8.325941,"UGA":11.183448,"UKR":88.61311,"ARE":98.52303,"GBR":99.91313,"USA":96.213264,"VIR":98.32817,"UZB":71.251625,"VUT":18.52514,"VNM":53.336533,"WLF":68.98778,"ZWE":27.478418}