{"AFG":23.391308,"ALB":70.59197,"DZA":75.409615,"ASM":89.23971,"AND":90.64,"ARM":82.82264,"AUT":98.909424,"AZE":54.263397,"BHR":98.91357,"BGD":56.436035,"BLR":92.538086,"BEL":99.67121,"BEN":16.326546,"BTN":47.101536,"BES":95.259834,"BIH":88.74331,"BWA":68.72162,"BRA":81.98774,"BGR":96.951225,"KHM":24.82117,"CAN":97.8147,"CAF":6.697531,"TCD":5.958684,"CHL":96.989845,"COL":72.127174,"COG":44.074524,"CRI":80.04385,"CIV":35.340057,"HRV":86.642166,"CYP":98.65937,"CZE":98.14423,"COD":11.674906,"DNK":98.48221,"DOM":44.49566,"ECU":67.139595,"EGY":73.61359,"EST":96.99677,"SWZ":34.817024,"ETH":9.688573,"FJI":40.963993,"FIN":99.38985,"FRA":98.8482,"GUF":90.734856,"PYF":90.448715,"GMB":39.521584,"GEO":64.72778,"DEU":99.896774,"GHA":30.82531,"GIB":100,"GRC":98.43588,"GRD":89.91768,"GLP":97.482605,"GUM":98.68848,"GTM":49.433464,"GNB":22.082407,"GUY":65.56629,"HND":61.911144,"HKG":99.66068,"HUN":90.41763,"ISL":98.18356,"IND":61.234398,"IDN":28.327202,"IRN":93.18714,"IRQ":57.43005,"IRL":88.32198,"IMN":97.339455,"ISR":99.57967,"ITA":96.321915,"JPN":98.365326,"JEY":92.03294,"JOR":72.61128,"KAZ":86.46258,"KIR":12.976188,"KWT":100,"KGZ":68.461205,"LAO":12.042822,"LVA":95.047714,"LBN":46.972683,"LSO":23.0646,"LIE":100,"LTU":91.125595,"LUX":99.70179,"MAC":99.9944,"MDG":16.852537,"MWI":13.555808,"MYS":93.879654,"MLT":99.92616,"MTQ":99.07834,"MYT":90.58332,"MEX":42.02209,"MDA":72.69872,"MCO":100,"MNG":33.965664,"MNE":84.98432,"MAR":62.659554,"MOZ":18.514702,"MMR":51.27312,"NRU":18.6575,"NPL":25.46765,"NLD":99.973694,"NCL":95.50278,"NZL":94.200714,"NGA":24.938131,"NIU":96.31719,"PRK":66.96019,"MKD":80.49434,"MNP":81.11864,"NOR":99.314285,"OMN":88.575356,"PAK":44.234474,"PLW":81.808495,"PSE":80.35819,"PRY":60.550396,"PER":49.918823,"PHL":46.467472,"POL":91.90697,"PRT":94.6263,"PRI":95.732506,"QAT":96.54718,"REU":96.65889,"ROU":81.90194,"RUS":75.723854,"BLM":99.816635,"SHN":88.63913,"MAF":96.670044,"SPM":87.30945,"WSM":61.262623,"SMR":100,"STP":33.21555,"SEN":24.431303,"SRB":74.76174,"SYC":63.669174,"SLE":8.430527,"SGP":100,"SVK":99.05126,"SVN":95.20454,"ZAF":69.30901,"KOR":98.52415,"ESP":99.59935,"LKA":47.557175,"SUR":54.668613,"SWE":99.62954,"CHE":96.700005,"TJK":55.38439,"TZA":21.039103,"TGO":16.716713,"TON":29.481451,"TTO":69.27621,"TUN":77.14502,"TKM":90.091995,"TUV":8.372551,"UGA":11.947415,"UKR":88.54608,"ARE":98.549164,"GBR":99.90411,"USA":96.37472,"VIR":98.37183,"UZB":72.33551,"VUT":18.584894,"VNM":53.87701,"WLF":68.97672,"ZWE":27.242687}