{"AFG":24.222923,"ALB":70.61651,"DZA":74.78149,"ASM":89.45284,"AND":90.64,"ARM":82.757835,"AUT":98.907814,"AZE":54.656155,"BHR":98.91165,"BGD":56.847847,"BLR":92.598946,"BEL":99.657425,"BEN":16.475605,"BTN":50.508705,"BES":96.04748,"BIH":88.76248,"BWA":68.139305,"BRA":82.73408,"BGR":96.86622,"KHM":25.390985,"CAN":97.699524,"CAF":6.5920353,"TCD":5.994189,"CHL":97.060265,"COL":72.39358,"COG":44.608337,"CRI":80.18558,"CIV":36.506176,"HRV":86.697815,"CYP":98.85402,"CZE":98.15069,"COD":11.592245,"DNK":98.8054,"DOM":44.611965,"ECU":67.4924,"EGY":74.2012,"EST":97.37957,"SWZ":35.19105,"ETH":10.12667,"FJI":41.094257,"FIN":99.631874,"FRA":98.9788,"GUF":90.922035,"PYF":90.448715,"GMB":40.69566,"GEO":65.79487,"DEU":99.89984,"GHA":32.114395,"GIB":100,"GRC":98.25151,"GRD":89.91768,"GLP":97.37932,"GUM":98.6303,"GTM":49.377296,"GNB":22.36094,"GUY":65.78635,"HND":62.34144,"HKG":99.74719,"HUN":91.772224,"ISL":98.718765,"IND":62.8967,"IDN":28.621105,"IRN":93.337395,"IRQ":57.912933,"IRL":89.92703,"IMN":97.67641,"ISR":99.566635,"ITA":96.370415,"JPN":98.410515,"JEY":92.16813,"JOR":74.409904,"KAZ":88.14632,"KIR":13.251945,"KWT":100,"KGZ":70.60143,"LAO":14.268787,"LVA":95.314445,"LBN":47.208637,"LSO":23.937141,"LIE":100,"LTU":92.89839,"LUX":99.67598,"MAC":99.99602,"MDG":17.411808,"MWI":14.098557,"MYS":93.982994,"MLT":99.915115,"MTQ":99.06655,"MYT":92.80995,"MEX":42.14458,"MDA":73.02174,"MCO":100,"MNG":34.944828,"MNE":85.09076,"MAR":64.73392,"MOZ":19.40714,"MMR":52.813416,"NRU":18.658129,"NPL":23.9614,"NLD":99.972115,"NCL":95.72986,"NZL":95.18143,"NGA":25.515785,"NIU":95.94215,"PRK":66.79067,"MKD":80.53133,"MNP":81.200745,"NOR":99.28631,"OMN":89.036385,"PAK":44.340736,"PLW":83.026634,"PSE":80.518684,"PRY":61.190014,"PER":50.194717,"PHL":46.67519,"POL":91.75837,"PRT":94.70077,"PRI":98.5772,"QAT":96.397736,"REU":96.52064,"ROU":81.90562,"RUS":75.76849,"BLM":99.87331,"SHN":90.58703,"MAF":96.664474,"SPM":89.02197,"WSM":61.446793,"SMR":100,"STP":33.70151,"SEN":24.733988,"SRB":74.77307,"SYC":63.712048,"SLE":8.690249,"SGP":100,"SVK":99.10907,"SVN":95.772705,"ZAF":69.440025,"KOR":98.61637,"ESP":99.583885,"LKA":47.774426,"SUR":54.878853,"SWE":99.64847,"CHE":96.7,"TJK":56.98007,"TZA":22.514977,"TGO":17.207191,"TON":29.483795,"TTO":69.278854,"TUN":75.84017,"TKM":91.455284,"TCA":47.224438,"TUV":8.417598,"UGA":12.731503,"UKR":88.47891,"ARE":98.57538,"GBR":99.89509,"USA":96.53507,"VIR":98.4155,"UZB":73.430595,"VUT":18.644917,"VNM":54.415222,"WLF":68.96566,"ZWE":27.015501}