{"AFG":25.055178,"ALB":70.63694,"DZA":74.068275,"ASM":89.665985,"AND":90.64,"ARM":82.69294,"AUT":98.9062,"AZE":55.054123,"BHR":98.90973,"BGD":57.275997,"BLR":92.6503,"BEL":99.64365,"BEN":16.625542,"BTN":53.926003,"BES":96.83607,"BIH":88.85571,"BWA":67.55308,"BRA":83.50288,"BGR":96.78181,"KHM":25.962595,"CAN":97.58436,"CAF":6.4879375,"TCD":6.031694,"CHL":97.13048,"COL":72.65604,"COG":45.14152,"CRI":80.319084,"CIV":37.68232,"HRV":86.757065,"CYP":99.04862,"CZE":98.15016,"COD":11.502164,"DNK":99.12859,"DOM":44.72326,"ECU":67.845604,"EGY":74.789566,"EST":97.69471,"SWZ":35.565945,"ETH":10.578583,"FJI":41.22416,"FIN":99.633125,"FRA":99.110245,"GUF":91.10939,"PYF":90.448715,"GMB":41.87979,"GEO":66.8758,"DEU":99.90295,"GHA":33.41898,"GIB":100,"GRC":98.05584,"GRD":89.91768,"GLP":97.27591,"GUM":98.57211,"GTM":49.317867,"GNB":22.636175,"GUY":66.00821,"HND":62.768047,"HKG":99.83374,"HUN":93.128494,"ISL":99.25396,"IND":64.56795,"IDN":28.912302,"IRN":93.48412,"IRQ":58.395195,"IRL":91.52464,"IMN":98.013916,"ISR":99.55359,"ITA":96.418915,"JPN":98.4557,"JEY":92.30338,"JOR":76.21322,"KAZ":89.82896,"KIR":13.527098,"KWT":100,"KGZ":72.35932,"LAO":16.588089,"LVA":95.582245,"LBN":47.44459,"LSO":24.818441,"LIE":100,"LTU":94.48448,"LUX":99.65163,"MAC":99.99764,"MDG":17.983173,"MWI":14.656486,"MYS":94.082985,"MLT":99.904076,"MTQ":99.05477,"MYT":94.31672,"MEX":42.265697,"MDA":73.351074,"MCO":100,"MNG":35.93521,"MNE":85.17541,"MAR":66.833466,"MOZ":20.328337,"MMR":54.37705,"NRU":18.658758,"NPL":22.43097,"NLD":99.97054,"NCL":95.95695,"NZL":96.16214,"NGA":26.090652,"NIU":95.56749,"PRK":66.625824,"MKD":80.571106,"MNP":81.28258,"NOR":99.25834,"OMN":89.47487,"PAK":44.44647,"PLW":84.24961,"PSE":80.533264,"PRY":61.82413,"PER":50.469326,"PHL":46.886868,"POL":91.60542,"PRT":94.77318,"PRI":99.446144,"QAT":96.248276,"REU":96.38236,"ROU":81.9158,"RUS":75.817085,"BLM":99.92999,"SHN":92.53474,"MAF":96.6589,"SPM":90.751114,"WSM":61.629604,"SMR":99.99999,"STP":34.184654,"SEN":25.038202,"SRB":74.78725,"SYC":63.716362,"SLE":8.95396,"SGP":100,"SVK":99.166885,"SVN":96.34082,"ZAF":69.55383,"KOR":98.708626,"ESP":99.56837,"LKA":48.001682,"SUR":55.09333,"SWE":99.66714,"CHE":96.700005,"TJK":58.610863,"TZA":24.029127,"TGO":17.703875,"TON":29.486095,"TTO":69.283424,"TUN":74.52404,"TKM":92.68885,"TCA":47.197113,"TUV":8.461034,"UGA":13.535739,"UKR":88.41161,"ARE":98.60169,"GBR":99.88607,"USA":96.69435,"VIR":98.45917,"UZB":74.53692,"VUT":18.704954,"VNM":54.949547,"WLF":68.954605,"ZWE":26.797232}