{"AFG":25.888214,"ALB":70.65335,"DZA":73.326546,"ASM":89.87912,"AND":90.64,"ARM":82.57941,"AUT":98.90448,"AZE":55.457165,"BHR":98.907814,"BGD":57.720623,"BLR":92.705185,"BEL":99.62985,"BEN":16.776356,"BTN":57.2683,"BES":97.62562,"BIH":88.86462,"BWA":66.96084,"BRA":84.25789,"BGR":96.69797,"KHM":26.538212,"CAN":97.46916,"CAF":6.385207,"TCD":6.071436,"CHL":97.20038,"COL":72.91458,"COG":45.325253,"CRI":80.445015,"CIV":38.234253,"HRV":86.81989,"CYP":99.24317,"CZE":98.14958,"COD":11.404699,"DNK":99.45179,"DOM":44.827927,"ECU":68.20313,"EGY":75.37881,"EST":97.888054,"SWZ":35.942104,"ETH":11.045052,"FJI":41.353947,"FIN":99.63455,"FRA":99.24255,"GUF":91.29692,"PYF":90.448715,"GMB":43.073196,"GEO":67.97175,"DEU":99.90612,"GHA":34.738846,"GIB":100,"GRC":97.860176,"GLP":97.17237,"GUM":98.51393,"GTM":49.25491,"GNB":22.908096,"GUY":66.23139,"HND":63.190643,"HKG":99.92032,"HUN":94.48628,"ISL":99.78915,"IND":66.24711,"IDN":29.201035,"IRN":93.6272,"IRQ":58.87657,"IRL":93.114006,"IMN":98.35198,"ISR":99.540535,"ITA":96.46742,"JPN":98.50091,"JEY":92.43872,"JOR":78.02099,"KAZ":90.1138,"KIR":13.801849,"KWT":100,"KGZ":73.662834,"LAO":19.000593,"LVA":95.85088,"LBN":47.630707,"LSO":25.71172,"LIE":100,"LTU":94.93565,"LUX":99.62863,"MAC":99.99927,"MDG":18.566841,"MWI":15.229675,"MYS":94.179886,"MLT":99.89303,"MTQ":99.042984,"MYT":93.87686,"MEX":42.38548,"MDA":73.68673,"MCO":100,"MNG":36.943222,"MNE":85.258804,"MAR":68.95673,"MOZ":21.277874,"MMR":55.963284,"NRU":18.659388,"NPL":20.876734,"NLD":99.96897,"NCL":96.18403,"NZL":97.14285,"NGA":26.66228,"NIU":95.19324,"PRK":66.466034,"MKD":80.49716,"MNP":81.36413,"NOR":99.230354,"OMN":89.8931,"PAK":44.55187,"PLW":85.47689,"PSE":80.54807,"PRY":62.455788,"PER":50.745316,"PHL":47.102993,"POL":91.44796,"PRT":94.84349,"PRI":99.7457,"QAT":96.09879,"REU":96.24407,"ROU":81.93336,"RUS":75.86938,"BLM":99.986694,"SHN":94.48223,"MAF":96.65333,"SPM":92.496895,"WSM":61.816605,"SMR":100,"STP":34.66501,"SEN":25.34332,"SRB":74.80426,"SYC":63.72066,"SLE":9.221559,"SGP":100,"SVK":99.2247,"SVN":96.908875,"ZAF":69.65041,"KOR":98.8009,"ESP":99.5528,"LKA":48.139263,"SUR":55.312035,"SWE":99.68554,"CHE":96.7,"TJK":60.275303,"TZA":25.579367,"TGO":18.206884,"TON":29.492477,"TTO":69.289925,"TUN":73.196594,"TKM":93.82402,"TCA":47.171516,"TUV":8.502965,"UGA":14.359512,"UKR":88.344215,"ARE":98.62807,"GBR":99.87706,"USA":96.852425,"VIR":98.50283,"UZB":75.66172,"VUT":18.767582,"VNM":55.480274,"WLF":68.94355,"ZWE":26.588678}