{"AFG":26.721855,"ALB":70.665855,"DZA":72.218796,"ASM":90.092255,"AND":90.64001,"ARM":82.427925,"AUT":98.902626,"AZE":55.864685,"BHR":98.90589,"BGD":58.18171,"BLR":92.77456,"BEL":99.616066,"BEN":16.928041,"BTN":60.592228,"BES":98.41612,"BIH":88.736786,"BWA":66.36296,"BRA":85.01148,"BGR":96.614716,"KHM":27.11748,"CAN":97.35387,"CAF":6.283711,"TCD":6.113368,"CHL":97.3067,"COL":73.169235,"COG":45.508984,"CRI":80.52068,"CIV":38.440422,"HRV":86.8861,"CYP":99.4377,"CZE":98.14893,"COD":11.299389,"DNK":99.77498,"DOM":44.926205,"ECU":68.56562,"EGY":75.96909,"EST":98.07805,"SWZ":36.31935,"ETH":11.525772,"FJI":41.482864,"FIN":99.63615,"FRA":99.37574,"GUF":91.48463,"PYF":90.448715,"GMB":44.275635,"GEO":69.082535,"DEU":99.90935,"GHA":36.073364,"GIB":100,"GRC":97.6645,"GLP":97.06872,"GUM":98.45574,"GTM":49.18799,"GNB":23.176168,"GUY":66.45619,"HND":63.609264,"HKG":99.987755,"HUN":95.845215,"ISL":100,"IND":67.933365,"IDN":29.487108,"IRN":93.76661,"IRQ":59.35663,"IRL":93.68722,"IMN":98.690605,"ISR":99.52747,"ITA":96.51592,"JPN":98.54612,"JEY":92.57413,"JOR":79.83304,"KAZ":90.39898,"KIR":14.076142,"KWT":100,"KGZ":74.977776,"LAO":21.506344,"LVA":96.12012,"LBN":47.7,"LSO":26.616428,"LIE":100,"LTU":95.385796,"LUX":99.63324,"MAC":100,"MDG":19.162521,"MWI":15.817793,"MYS":94.27375,"MLT":99.88199,"MTQ":99.0312,"MYT":93.4378,"MEX":42.503937,"MDA":74.02817,"MCO":100,"MNG":37.968945,"MNE":85.34101,"MAR":71.10181,"MOZ":22.25602,"MMR":57.570816,"NRU":18.660017,"NPL":19.298893,"NLD":99.967384,"NCL":96.41112,"NZL":98.123566,"NGA":27.23039,"NIU":94.819374,"PRK":66.31141,"MKD":80.54299,"MNP":81.454544,"NOR":99.20237,"OMN":90.26776,"PAK":44.65689,"PLW":86.70765,"PSE":80.56321,"PRY":63.084244,"PER":51.022263,"PHL":47.323235,"POL":91.28595,"PRT":94.91181,"PRI":99.85079,"QAT":95.949295,"REU":96.10576,"ROU":81.9577,"RUS":75.925385,"BLM":100,"SHN":96.42953,"MAF":96.64776,"SPM":94.2593,"WSM":62.008923,"SMR":100,"STP":35.142612,"SEN":25.649593,"SRB":74.82414,"SYC":64.12831,"SLE":9.492779,"SGP":100,"SVK":99.2825,"SVN":97.476875,"ZAF":69.729774,"KOR":98.89322,"ESP":99.53721,"LKA":47.87638,"SUR":55.53425,"SWE":99.70368,"CHE":96.7,"TJK":61.97305,"TZA":27.163301,"TGO":18.716347,"TON":29.502684,"TTO":69.29835,"TUN":71.85744,"TKM":94.05085,"TCA":47.147655,"TUV":8.543345,"UGA":15.203772,"UKR":88.2768,"ARE":98.63045,"GBR":99.86804,"USA":97.00933,"VIR":98.54649,"UZB":76.77456,"VUT":18.832544,"VNM":56.007374,"WLF":68.93249,"ZWE":26.389387}