{"AFG":27.555935,"ALB":70.67454,"DZA":70.52516,"ASM":90.3054,"AND":90.64,"ARM":82.27677,"AUT":98.90064,"AZE":56.277016,"BHR":98.90398,"BGD":58.659256,"BLR":92.84445,"BEL":99.60228,"BEN":17.080595,"BTN":63.618935,"BES":99.20759,"BIH":88.15272,"BWA":65.75935,"BRA":85.74191,"BGR":96.53205,"KHM":27.700777,"CAN":97.238434,"CAF":6.183318,"TCD":6.157883,"CHL":97.41251,"COL":73.4205,"COG":45.692314,"CRI":80.51605,"CIV":38.666454,"HRV":86.95589,"CYP":99.63219,"CZE":98.14824,"COD":11.186022,"DNK":99.91883,"DOM":45.018333,"ECU":68.93423,"EGY":76.56056,"EST":98.26823,"SWZ":36.697506,"ETH":12.0201,"FJI":41.61065,"FIN":99.637924,"FRA":99.50979,"GUF":91.672516,"PYF":90.448715,"GMB":45.486855,"GEO":69.45645,"DEU":99.91265,"GHA":37.42272,"GIB":100,"GRC":97.468834,"GLP":96.96494,"GUM":98.30146,"GTM":49.116978,"GNB":23.440123,"GUY":66.68239,"HND":64.023926,"HKG":100,"HUN":97.20508,"ISL":100,"IND":69.62591,"IDN":29.770763,"IRN":93.90253,"IRQ":59.66446,"IRL":94.16463,"IMN":99.02979,"ISR":99.5144,"ITA":96.56442,"JPN":98.59133,"JEY":92.70962,"JOR":81.64908,"KAZ":90.684044,"KIR":14.349642,"KWT":100,"KGZ":76.23637,"LAO":24.105047,"LVA":96.38972,"LBN":47.7,"LSO":27.53365,"LIE":100,"LTU":95.72554,"LUX":99.63761,"MAC":100,"MDG":19.770908,"MWI":16.421732,"MYS":94.36464,"MLT":99.87094,"MTQ":99.01941,"MYT":93.112236,"MEX":42.62107,"MDA":74.37538,"MCO":100,"MNG":39.012436,"MNE":85.42202,"MAR":73.26773,"MOZ":23.261568,"MMR":58.81553,"NRU":18.660646,"NPL":17.697844,"NLD":99.96581,"NCL":96.6382,"NZL":99.10429,"NGA":27.794903,"NIU":94.44591,"PRK":66.3809,"MKD":80.59146,"MNP":81.454544,"NOR":99.1744,"OMN":90.55716,"PAK":44.76146,"PLW":87.94216,"PSE":80.578514,"PRY":63.709457,"PER":51.300503,"PHL":47.54753,"POL":90.75611,"PRT":94.978096,"PRI":99.668686,"QAT":95.799774,"REU":95.96743,"ROU":81.98883,"RUS":75.98512,"BLM":100,"SHN":98.376625,"MAF":96.64219,"SPM":96.03834,"WSM":62.17864,"SMR":100,"STP":35.617504,"SEN":25.956692,"SRB":74.84691,"SYC":64.243095,"SLE":9.767403,"SGP":100,"SVK":99.34032,"SVN":98.044815,"ZAF":69.79218,"KOR":98.985565,"ESP":99.52156,"LKA":47.61727,"SUR":55.760433,"SWE":99.72158,"CHE":96.7,"TJK":62.951138,"TZA":28.56866,"TGO":19.232384,"TON":29.517284,"TTO":69.30869,"TUN":70.506195,"TKM":94.274506,"TCA":47.12534,"TUV":8.58218,"UGA":15.79763,"UKR":88.20942,"ARE":98.63275,"GBR":99.859024,"USA":97.164955,"VIR":98.59016,"UZB":77.788475,"VUT":18.900358,"VNM":56.530823,"WLF":68.92143,"ZWE":26.200596}