{"AFG":28.39068,"ALB":70.705795,"DZA":68.83924,"ASM":90.51853,"AND":90.64001,"ARM":82.125984,"AUT":98.898544,"AZE":56.693115,"BHR":98.90398,"BGD":59.15342,"BLR":92.91306,"BEL":99.58849,"BEN":17.233578,"BTN":66.61621,"BES":100,"BIH":87.56864,"BWA":65.14995,"BRA":86.43459,"BGR":96.44997,"KHM":28.28775,"CAN":97.12281,"CAF":6.083898,"TCD":6.2049384,"CHL":97.517784,"COL":73.66794,"COG":45.874844,"CRI":80.51169,"CIV":38.91307,"HRV":87.028824,"CYP":99.73737,"CZE":98.14748,"COD":11.384091,"DNK":99.91883,"DOM":45.104763,"ECU":69.247856,"EGY":77.15326,"EST":98.441185,"SWZ":37.076385,"ETH":12.5280485,"FJI":41.737556,"FIN":99.6399,"FRA":99.64471,"GUF":91.86058,"PYF":90.448715,"GMB":46.681427,"GEO":69.72071,"DEU":99.91604,"GHA":38.786293,"GIB":100,"GRC":97.27316,"GLP":96.861046,"GUM":97.22666,"GTM":49.041637,"GNB":23.69969,"GUY":66.90988,"HND":64.43433,"HKG":100,"HUN":98.531006,"ISL":100,"IND":71.32402,"IDN":30.0517,"IRN":94.03485,"IRQ":59.702785,"IRL":94.646774,"IMN":99.36953,"ISR":99.50131,"ITA":96.61293,"JPN":98.63656,"JEY":92.84518,"JOR":83.46903,"KAZ":90.96861,"KIR":14.62242,"KWT":100,"KGZ":77.60717,"LAO":26.796556,"LVA":96.659424,"LBN":47.7,"LSO":28.462273,"LIE":100,"LTU":96.05769,"LUX":99.64177,"MAC":100,"MDG":20.391413,"MWI":17.04115,"MYS":94.452705,"MLT":99.85989,"MTQ":99.00763,"MYT":92.786674,"MEX":42.736877,"MDA":74.72807,"MCO":100,"MNG":40.072968,"MNE":85.44174,"MAR":75.45228,"MOZ":24.294355,"MMR":59.50475,"NRU":18.661274,"NPL":16.073812,"NLD":99.96423,"NCL":96.86529,"NZL":99.99999,"NGA":28.355572,"NIU":94.072845,"PRK":66.454315,"MKD":80.64263,"MNP":81.454544,"NOR":99.146416,"OMN":90.710655,"PAK":44.86552,"PLW":89.1793,"PSE":80.594086,"PRY":63.9596,"PER":51.579624,"PHL":47.77582,"POL":90.22955,"PRT":95.04237,"PRI":99.48658,"QAT":95.65024,"REU":95.82909,"ROU":82.02705,"RUS":76.04862,"BLM":100,"SHN":98.49214,"MAF":96.63662,"SPM":96.03834,"WSM":62.288338,"SMR":100,"STP":36.089893,"SEN":26.264862,"SRB":74.87273,"SYC":64.35788,"SLE":10.045208,"SGP":100,"SVK":99.398125,"SVN":98.6127,"ZAF":69.60954,"KOR":99.07794,"ESP":99.50587,"LKA":47.360527,"SUR":55.776257,"SWE":99.739235,"CHE":96.7,"TJK":63.932976,"TZA":29.26125,"TGO":19.554935,"TON":29.535471,"TTO":69.32096,"TUN":69.14287,"TKM":94.49486,"TCA":47.104477,"TUV":8.619523,"UGA":16.366001,"UKR":88.142136,"ARE":98.634995,"GBR":99.850006,"USA":97.319305,"VIR":98.63382,"UZB":78.8126,"VUT":18.97051,"VNM":57.04969,"WLF":68.91037,"ZWE":26.02185}