{"AFG":29.225822,"ALB":70.73607,"DZA":68.90451,"ASM":90.53834,"AND":90.64,"ARM":82.35603,"AUT":98.896324,"AZE":57.091537,"BHR":98.90398,"BGD":59.160107,"BLR":92.98175,"BEL":99.57471,"BEN":17.387426,"BTN":67.78294,"BES":100,"BIH":86.98456,"BWA":64.535515,"BRA":87.12466,"BGR":96.36844,"KHM":28.878777,"CAN":97.00695,"CAF":6.126445,"TCD":6.247049,"CHL":97.62234,"COL":73.91204,"CRI":80.507576,"CIV":37.74107,"HRV":87.10535,"CYP":99.72922,"CZE":98.14667,"COD":11.584737,"DNK":99.91883,"DOM":45.18572,"ECU":69.45637,"EGY":77.747314,"EST":98.608765,"SWZ":37.45633,"ETH":12.865819,"FJI":41.863583,"FIN":99.64203,"FRA":99.70415,"GUF":92.04882,"PYF":90.448715,"GMB":47.25277,"GEO":69.987404,"DEU":99.91641,"GHA":40.163845,"GIB":100,"GRC":97.07749,"GLP":96.75702,"GUM":96.15181,"GTM":48.96174,"GNB":23.7945,"GUY":67.13858,"HND":64.835464,"HKG":100,"HUN":99.658936,"ISL":100,"IND":73.02668,"IDN":30.33016,"IRN":94.16394,"IRQ":59.74263,"IRL":95.13397,"IMN":99.70983,"ISR":99.48822,"ITA":96.66143,"JPN":98.681786,"JEY":92.84518,"JOR":85.292694,"KAZ":91.25233,"KIR":14.894415,"KWT":100,"KGZ":76.89779,"LAO":29.580717,"LVA":96.929016,"LBN":47.7,"LSO":29.403381,"LIE":100,"LTU":96.38711,"LUX":99.64574,"MAC":100,"MDG":21.024744,"MWI":17.676945,"MYS":94.5379,"MLT":99.848854,"MTQ":98.99584,"MYT":92.461105,"MEX":42.851135,"MDA":75.08599,"MCO":100,"MNG":41.151714,"MNE":85.461464,"MAR":77.64265,"MOZ":25.352436,"MMR":59.57404,"NRU":18.661903,"NPL":16.211376,"NLD":99.96266,"NCL":96.86529,"NZL":100,"NGA":28.912338,"NIU":93.70017,"PRK":66.5314,"MKD":80.69626,"MNP":81.454544,"NOR":99.11844,"OMN":90.85175,"PAK":44.968998,"PLW":90.418686,"PSE":80.60988,"PRY":64.16249,"PER":50.9317,"PHL":48.00805,"POL":89.70696,"PRT":95.10468,"PRI":99.304474,"QAT":95.50068,"REU":95.69072,"ROU":82.07233,"RUS":76.115616,"BLM":100,"SHN":98.44321,"MAF":96.63105,"SPM":96.03834,"WSM":62.373013,"SMR":100,"STP":36.373093,"SEN":26.573776,"SRB":74.9013,"SYC":64.472664,"SLE":10.325964,"SGP":100,"SVK":99.45594,"SVN":99.18053,"ZAF":69.08608,"KOR":99.17035,"ESP":99.49012,"LKA":47.104763,"SUR":55.79615,"SWE":99.749916,"CHE":96.700005,"TJK":64.91744,"TZA":29.95176,"TGO":19.87752,"TON":29.558086,"TTO":69.335144,"TUN":67.76727,"TKM":94.71173,"TCA":47.085075,"TUV":8.655329,"UGA":16.93906,"UKR":88.07501,"ARE":98.63717,"GBR":99.84099,"USA":97.46839,"VIR":98.67748,"UZB":79.8453,"VUT":19.04352,"VNM":57.564568,"WLF":68.899315,"ZWE":25.823425}