{"AFG":29.907448,"ALB":70.765396,"DZA":68.967865,"ASM":90.53834,"AND":90.64,"ARM":82.21443,"AUT":98.894,"AZE":57.45046,"BHR":98.90398,"BGD":59.142803,"BLR":93.045746,"BEL":99.56091,"BEN":17.541918,"BTN":66.654076,"BES":100,"BIH":86.400475,"BWA":63.915768,"BRA":87.95283,"BGR":96.28749,"KHM":29.445082,"CAN":96.8908,"CAF":6.1709747,"TCD":6.292295,"CHL":97.7261,"COL":74.152374,"CRI":80.50371,"CIV":36.24813,"HRV":87.18524,"CYP":99.72108,"CZE":98.1458,"COD":11.728221,"DNK":99.91882,"DOM":45.261417,"ECU":69.66892,"EGY":78.34297,"EST":98.77634,"SWZ":37.836094,"ETH":13.205654,"FJI":41.988472,"FIN":99.644325,"FRA":99.708435,"GUF":92.23724,"PYF":90.448715,"GMB":47.71905,"GEO":70.25604,"DEU":99.91683,"GHA":41.540985,"GIB":100,"GRC":96.88182,"GLP":96.65288,"GUM":95.07448,"GTM":48.87698,"GNB":23.889536,"GUY":67.155655,"HND":65.19531,"HKG":100,"HUN":100,"ISL":100,"IND":74.73312,"IDN":30.395876,"IRN":94.28962,"IRQ":59.784176,"IRL":95.6266,"IMN":99.92291,"ISR":99.475105,"ITA":96.70993,"JPN":98.72703,"JEY":92.84518,"JOR":87.11983,"KAZ":91.53485,"KIR":14.992432,"KWT":100,"KGZ":75.401566,"LAO":32.40307,"LVA":96.96994,"LBN":47.7,"LSO":30.35586,"LIE":100,"LTU":96.713394,"LUX":99.64948,"MAC":100,"MDG":21.670252,"MWI":17.925758,"MYS":94.62047,"MLT":99.83781,"MTQ":98.984055,"MYT":92.461105,"MEX":42.90972,"MDA":75.44861,"MCO":100,"MNG":42.247513,"MNE":85.481186,"MAR":79.13958,"MOZ":26.435612,"MMR":59.647182,"NRU":18.662533,"NPL":16.349014,"NLD":99.96109,"NCL":96.86529,"NZL":100,"NGA":29.46514,"NIU":93.327896,"PRK":66.61214,"MKD":80.752396,"MNP":81.454544,"NOR":99.090454,"OMN":90.98166,"PAK":44.971306,"PLW":90.6012,"PSE":80.62584,"PRY":64.291695,"PER":50.185436,"PHL":48.244144,"POL":89.18863,"PRT":95.165054,"PRI":99.12237,"QAT":95.345245,"REU":95.69692,"ROU":82.12412,"RUS":76.18641,"BLM":100,"SHN":98.39427,"MAF":96.62548,"SPM":96.03834,"WSM":62.43378,"SMR":100,"STP":36.530613,"SEN":26.883121,"SRB":74.93281,"SYC":64.58745,"SLE":10.609436,"SGP":100,"SVK":99.51375,"SVN":99.57459,"ZAF":68.55208,"KOR":99.26279,"ESP":99.47432,"LKA":46.848576,"SUR":55.81966,"SWE":99.76024,"CHE":96.7,"TJK":65.008804,"TZA":30.639732,"TGO":20.20038,"TON":29.5846,"TTO":69.35125,"TUN":66.37898,"TKM":94.8349,"TCA":47.06686,"TUV":8.689653,"UGA":17.516197,"UKR":87.98573,"ARE":98.63927,"GBR":99.83197,"USA":97.566185,"VIR":98.67748,"UZB":80.88475,"VUT":19.118872,"VNM":58.074856,"WLF":68.899315,"ZWE":25.63607}