{"AFG":30.554722,"ALB":70.79374,"DZA":69.02918,"ASM":90.53834,"AND":90.64,"ARM":82.07282,"AUT":98.89153,"AZE":57.81183,"BHR":98.90398,"BGD":59.125427,"BLR":93.05975,"BEL":99.547134,"BEN":17.696833,"BTN":65.594215,"BES":100,"BIH":86.40011,"BWA":63.291042,"BRA":88.62396,"BGR":96.20708,"KHM":29.985577,"CAN":96.89032,"CAF":6.217488,"TCD":6.3408265,"CHL":97.817055,"COL":74.3393,"CRI":80.50008,"CIV":36.448936,"HRV":87.26827,"CYP":99.72111,"CZE":98.144875,"COD":11.872648,"DNK":99.91883,"DOM":45.33241,"ECU":69.887,"EGY":78.940155,"EST":98.94391,"SWZ":38.216537,"ETH":13.547201,"FJI":42.11075,"FIN":99.6468,"FRA":99.7127,"GUF":92.23724,"PYF":90.448715,"GMB":48.179005,"GEO":70.52661,"DEU":99.9173,"GHA":42.94139,"GIB":100,"GRC":96.68616,"GLP":96.65288,"GUM":93.997154,"GTM":48.787193,"GNB":23.985016,"GUY":67.17444,"HND":65.51622,"HKG":100,"HUN":100,"ISL":100,"IND":76.44219,"IDN":30.460978,"IRN":94.41221,"IRQ":59.827248,"IRL":96.12501,"IMN":99.9106,"ISR":99.46199,"ITA":96.75844,"JPN":98.72703,"JEY":92.84518,"JOR":88.9503,"KAZ":91.54542,"KIR":15.087941,"KWT":100,"KGZ":73.8813,"LAO":35.18772,"LVA":97.011406,"LBN":47.7,"LSO":31.320242,"LIE":100,"LTU":96.733574,"LUX":99.65305,"MAC":100,"MDG":22.055994,"MWI":18.181654,"MYS":94.70036,"MLT":99.82677,"MTQ":98.984055,"MEX":42.966633,"MDA":75.81589,"MCO":100,"MNG":43.36072,"MNE":85.500916,"MAR":79.981804,"MOZ":27.542946,"MMR":59.723976,"NRU":18.663162,"NPL":16.486885,"NLD":99.9595,"NCL":96.86529,"NZL":100,"NGA":29.904598,"NIU":92.956024,"MKD":80.79054,"MNP":81.454544,"NOR":99.062485,"OMN":91.10117,"PAK":44.973736,"PLW":90.775215,"PSE":80.64201,"PRY":64.36472,"PER":49.4284,"PHL":48.48406,"POL":88.675545,"PRT":95.21735,"PRI":98.94026,"QAT":95.345245,"REU":95.69692,"ROU":82.18299,"RUS":76.26073,"BLM":100,"SHN":98.39427,"MAF":96.62548,"SPM":96.03834,"WSM":62.50194,"SMR":99.99999,"STP":36.68004,"SEN":27.19314,"SRB":74.96726,"SYC":64.70223,"SLE":10.895384,"SGP":100,"SVK":99.571556,"SVN":99.57459,"ZAF":68.00756,"KOR":99.28267,"ESP":99.458466,"LKA":46.932972,"SUR":55.84724,"SWE":99.760796,"CHE":96.7,"TJK":65.10807,"TZA":31.3254,"TGO":20.523235,"TON":29.598454,"TTO":69.36926,"TUN":64.9781,"TKM":94.853546,"TCA":47.04992,"TUV":8.72255,"UGA":18.097122,"UKR":87.86838,"ARE":98.64132,"GBR":99.82295,"USA":97.56769,"VIR":98.67748,"UZB":81.929504,"VUT":19.197084,"VNM":58.580837,"WLF":68.899315,"ZWE":25.460564}