{"AUS":[[2011,0.0061],[2012,0.029],[2013,0.033],[2014,0.15],[2015,0.19],[2016,0.15],[2017,0.25],[2018,0.42],[2019,1.2],[2020,0.98],[2021,2.7],[2022,5.1],[2023,11],[2024,12],[2025,15]],"AUT":[[2013,0.2],[2014,0.57],[2015,0.9],[2016,1.5],[2017,2],[2018,2.6],[2019,3.5],[2020,9.5],[2021,20],[2022,22],[2023,27],[2024,24],[2025,31]],"BEL":[[2010,0.01],[2011,0.052],[2012,0.19],[2013,0.11],[2014,0.41],[2015,0.76],[2016,1.7],[2017,2.6],[2018,2.4],[2019,3.2],[2020,11],[2021,18],[2022,26],[2023,41],[2024,43],[2025,44]],"BRA":[[2010,0.00035],[2011,0.00028],[2012,0.0013],[2013,0.0024],[2014,0.0022],[2015,0.0042],[2016,0.011],[2017,0.023],[2018,0.02],[2019,0.084],[2020,0.16],[2021,0.92],[2022,1.2],[2023,3],[2024,6.4],[2025,9]],"BGR":[[2015,0.09],[2016,0.05],[2017,0.34],[2018,0.64],[2019,0.67],[2021,2.2],[2022,4],[2023,5.8],[2024,5],[2025,6]],"KHM":[[2021,0.059],[2022,0.45],[2023,0.67],[2024,2.9],[2025,5]],"CAN":[[2011,0.041],[2012,0.14],[2013,0.22],[2014,0.35],[2015,0.45],[2016,0.76],[2017,1],[2018,2.8],[2019,3.4],[2020,4.2],[2021,6.4],[2022,9.5],[2023,13],[2024,17],[2025,11]],"CHL":[[2011,0.0024],[2012,0.002],[2013,0.0019],[2014,0.0079],[2015,0.019],[2016,0.015],[2017,0.064],[2018,0.08],[2019,0.14],[2020,0.2],[2021,0.29],[2022,0.6],[2023,0.75],[2024,2.1],[2025,4]],"CHN":[[2010,0.01],[2011,0.034],[2012,0.073],[2013,0.096],[2014,0.41],[2015,1.1],[2016,1.5],[2017,2.4],[2018,4.7],[2019,5],[2020,5.7],[2021,16],[2022,29],[2023,38],[2024,48],[2025,53]],"COL":[[2011,0.00042],[2012,0.011],[2013,0.0096],[2014,0.01],[2015,0.017],[2016,0.025],[2017,0.074],[2018,0.26],[2019,0.56],[2020,0.77],[2021,1.4],[2022,2.2],[2023,3.6],[2024,7.6],[2025,10]],"CRI":[[2015,0.029],[2016,0.22],[2017,0.082],[2018,0.84],[2019,1.2],[2020,2.5],[2021,3.6],[2022,7.6],[2023,10],[2024,15],[2025,17]],"HRV":[[2019,0.41],[2020,1.9],[2021,3.8],[2022,5],[2023,4.6],[2024,4.9],[2025,5.4]],"CYP":[[2019,0.19],[2020,1.4],[2021,1.7],[2022,5.4],[2023,8.8],[2024,12],[2025,15]],"CZE":[[2015,0.13],[2016,0.08],[2017,0.14],[2018,0.38],[2019,0.49],[2020,2.5],[2021,3.1],[2022,3.9],[2023,5.4],[2024,6.8],[2025,10]],"DNK":[[2011,0.25],[2012,0.29],[2013,0.28],[2014,0.91],[2015,2.3],[2016,0.85],[2017,0.6],[2018,2.1],[2019,4.2],[2020,16],[2021,35],[2022,38],[2023,46],[2024,56],[2025,71]],"EST":[[2015,0.16],[2016,0.15],[2017,0.18],[2018,0.46],[2019,0.36],[2020,1.8],[2021,3.2],[2022,5.4],[2023,8.8],[2024,10],[2025,17]],"FIN":[[2011,0.025],[2012,0.17],[2013,0.21],[2014,0.41],[2015,0.6],[2016,1.2],[2017,2.6],[2018,4.7],[2019,6.9],[2020,18],[2021,31],[2022,38],[2023,54],[2024,50],[2025,57]],"FRA":[[2010,0.012],[2011,0.12],[2012,0.33],[2013,0.53],[2014,0.69],[2015,1.2],[2016,1.4],[2017,1.7],[2018,2],[2019,2.7],[2020,11],[2021,17],[2022,20],[2023,25],[2024,24],[2025,26]],"DEU":[[2010,0.0049],[2011,0.052],[2012,0.11],[2013,0.23],[2014,0.45],[2015,0.73],[2016,0.74],[2017,1.6],[2018,2],[2019,3],[2020,14],[2021,26],[2022,31],[2023,24],[2024,20],[2025,30]],"GRC":[[2013,0.0051],[2014,0.055],[2015,0.076],[2016,0.12],[2017,0.22],[2018,0.29],[2019,0.42],[2020,2.7],[2021,6.9],[2022,7.9],[2023,13],[2024,12],[2025,14]],"HUN":[[2015,0.17],[2016,0.36],[2017,1],[2018,1.5],[2019,1.9],[2020,4.7],[2021,7],[2022,8.6],[2023,11],[2024,12],[2025,14]],"ISL":[[2012,0.33],[2013,1.4],[2014,2.4],[2015,3.9],[2016,6.3],[2017,14],[2018,20],[2019,26],[2020,52],[2021,70],[2022,69],[2023,71],[2024,43],[2025,62]],"IND":[[2010,0.021],[2011,0.057],[2012,0.0073],[2013,0.016],[2014,0.038],[2015,0.017],[2016,0.026],[2017,0.031],[2018,0.03],[2019,0.024],[2020,0.12],[2021,0.41],[2022,1.4],[2023,2.1],[2024,2.1],[2025,4]],"IDN":[[2011,0.00034],[2013,0.00024],[2017,0.0032],[2018,0.00023],[2019,0.012],[2020,0.097],[2021,0.12],[2022,1.4],[2023,2.2],[2024,6.8],[2025,15]],"IRL":[[2015,0.47],[2016,0.47],[2017,0.72],[2018,1.6],[2019,4.1],[2020,7.4],[2021,16],[2022,22],[2023,27],[2024,25],[2025,34]],"ISR":[[2011,0.0013],[2012,0.27],[2013,0.21],[2014,0.022],[2015,0.024],[2016,0.022],[2017,0.52],[2018,1.2],[2019,1.6],[2020,2.6],[2021,6.9],[2022,12],[2023,17],[2024,19],[2025,21]],"ITA":[[2010,0.002],[2011,0.0065],[2012,0.033],[2013,0.08],[2014,0.1],[2015,0.14],[2016,0.15],[2017,0.25],[2018,0.5],[2019,0.88],[2020,4.2],[2021,9.1],[2022,8.5],[2023,9.2],[2024,7.5],[2025,13]],"JPN":[[2010,0.058],[2011,0.31],[2012,0.53],[2013,0.63],[2014,0.69],[2015,0.58],[2016,0.6],[2017,1.2],[2018,1.1],[2019,0.9],[2020,0.77],[2021,1.2],[2022,2.8],[2023,3.5],[2024,2.8],[2025,3]],"JOR":[[2017,1.7],[2018,1.4],[2019,2.5],[2020,2.4],[2021,7.6],[2022,7.2],[2023,9.4],[2024,21],[2025,12]],"LAO":[[2022,3.2],[2023,8.5],[2024,25],[2025,36]],"LVA":[[2015,0.19],[2016,0.24],[2017,0.24],[2018,0.53],[2019,0.54],[2020,2.6],[2021,3.9],[2022,8.1],[2023,11],[2024,12],[2025,19]],"LTU":[[2015,0.22],[2016,0.32],[2017,0.2],[2019,0.35],[2020,1.1],[2021,5],[2022,7.9],[2023,11],[2024,12],[2025,18]],"LUX":[[2019,3.5],[2020,11],[2021,20],[2022,24],[2023,32],[2024,36],[2025,35]],"MYS":[[2012,0.0018],[2013,0.00035],[2014,0.0025],[2015,0.0063],[2016,0.021],[2017,1.6],[2018,1.5],[2019,0.46],[2020,0.14],[2021,0.28],[2022,0.49],[2023,1.5],[2024,3.1],[2025,7]],"MEX":[[2011,0.0004],[2012,0.01],[2013,0.0013],[2014,0.005],[2015,0.0086],[2016,0.056],[2017,0.091],[2018,0.15],[2019,0.15],[2020,0.49],[2021,0.78],[2022,0.96],[2023,1.5],[2024,2.2],[2025,7]],"NPL":[[2021,9.9],[2022,29],[2023,64],[2024,74],[2025,68]],"NLD":[[2010,0.025],[2011,0.16],[2012,1],[2013,5.5],[2014,3.9],[2015,3.5],[2016,11],[2017,6.4],[2018,6.2],[2019,15],[2020,25],[2021,29],[2022,35],[2023,44],[2024,48],[2025,58]],"NZL":[[2010,0.015],[2011,0.022],[2012,0.033],[2013,0.041],[2014,0.34],[2015,0.6],[2016,1.7],[2017,3.4],[2018,5],[2019,6.8],[2020,6.6],[2021,9.4],[2022,24],[2023,27],[2024,11],[2025,12]],"NOR":[[2010,0.28],[2011,1.4],[2012,3.1],[2013,5.8],[2014,15],[2015,22],[2016,29],[2017,39],[2018,49],[2019,56],[2020,75],[2021,86],[2022,89],[2023,90],[2024,92],[2025,97]],"PHL":[[2017,0.0057],[2018,0.0016],[2019,0.16],[2020,0.2],[2021,0.17],[2022,0.15],[2023,0.16],[2024,1.3],[2025,10]],"POL":[[2010,0.0048],[2011,0.014],[2012,0.018],[2013,0.013],[2014,0.062],[2015,0.061],[2016,0.12],[2017,0.22],[2018,0.26],[2019,0.48],[2020,1.9],[2021,3.6],[2022,5.9],[2023,6.4],[2024,6.7],[2025,14]],"PRT":[[2010,0.0058],[2011,0.11],[2012,0.088],[2013,0.17],[2014,0.2],[2015,0.62],[2016,0.87],[2017,1.9],[2018,3.6],[2019,5.6],[2020,13],[2021,20],[2022,22],[2023,32],[2024,33],[2025,38]],"ROU":[[2015,0.03],[2016,0.08],[2017,0.18],[2018,0.46],[2019,0.93],[2020,3.1],[2021,5.2],[2022,9],[2023,11],[2024,6.5],[2025,5.6]],"RUS":[[2011,0.0015],[2012,0.0017],[2015,0.01],[2016,0.026],[2017,0.0093],[2018,0.067],[2019,0.073],[2020,0.1],[2021,0.13],[2022,0.13],[2023,0.5],[2024,2.5],[2025,2]],"SYC":[[2015,0.15],[2016,0.63],[2017,2],[2018,2.3],[2019,2.6],[2020,3.3],[2021,4.2],[2022,1.7],[2023,5]],"SGP":[[2016,0.0023],[2017,0.78],[2018,1.2],[2019,2],[2020,2.6],[2021,8.1],[2022,15],[2023,21],[2024,34],[2025,37]],"SVK":[[2015,0.07],[2016,0.07],[2017,0.22],[2018,0.3],[2019,0.36],[2020,2.3],[2021,3],[2022,3.7],[2023,6.1],[2024,4.8],[2025,9.1]],"SVN":[[2016,0.32],[2017,0.64],[2018,0.91],[2019,0.29],[2020,3.1],[2021,3.8],[2022,6.2],[2023,11],[2024,8.1],[2025,15]],"ZAF":[[2013,0.0075],[2014,0.0034],[2015,0.058],[2016,0.1],[2017,0.053],[2018,0.041],[2019,0.064],[2020,0.098],[2021,0.088],[2022,0.17],[2023,0.3],[2024,0.54],[2025,0.88]],"KOR":[[2010,0.005],[2011,0.023],[2012,0.041],[2013,0.048],[2014,0.092],[2015,0.22],[2016,0.33],[2017,0.96],[2018,3.9],[2019,2.4],[2020,2.5],[2021,6.3],[2022,9.6],[2023,8.9],[2024,7.4],[2025,11]],"ESP":[[2010,0.0077],[2011,0.049],[2012,0.076],[2013,0.12],[2014,0.19],[2015,0.2],[2016,0.29],[2017,0.56],[2018,0.81],[2019,1.3],[2020,4.5],[2021,7.3],[2022,8.9],[2023,12],[2024,11],[2025,20]],"SWE":[[2010,0.0013],[2011,0.054],[2012,0.31],[2013,0.53],[2014,1.4],[2015,2.4],[2016,3.4],[2017,5.1],[2018,7.6],[2019,11],[2020,32],[2021,43],[2022,54],[2023,60],[2024,58],[2025,61]],