{"AFG":6.5983005,"DZA":21.96832,"AGO":23.151531,"ARG":92.981705,"AUS":822.12823,"AUT":229.08249,"AZE":38.808098,"BHS":695.09546,"BGD":5.8640227,"BEL":219.16167,"BLZ":172.0301,"BTN":12.771062,"BOL":37.929558,"BIH":10.68445,"BWA":19.39202,"BRA":83.77472,"BGR":47.82331,"BFA":5.3454776,"KHM":22.488617,"CMR":11.309817,"CAN":419.53378,"CPV":285.61826,"CHL":150.72166,"CHN":42.561768,"COL":60.59942,"COG":41.89882,"COK":2754.1123,"CRI":118.31208,"HRV":74.09548,"CUB":80.00828,"CZE":75.43141,"COD":2.3787355,"DNK":396.71283,"DOM":142.80173,"ECU":57.18122,"EGY":29.293135,"GNQ":47.131077,"ERI":11.831799,"EST":77.98062,"ETH":11.4371605,"FJI":334.75812,"FIN":328.31485,"FRA":301.18488,"GAB":78.20652,"GEO":44.54366,"DEU":277.11087,"GHA":18.917028,"GRC":178.41298,"GTM":11.946164,"HTI":9.963201,"HND":14.424337,"ISL":1397.559,"IND":11.264581,"IDN":39.816063,"IRN":22.466904,"IRQ":8.7279,"IRL":387.38812,"ISR":273.63815,"ITA":166.30191,"JAM":191.1939,"JPN":204.35551,"JOR":106.63095,"KAZ":60.823193,"KEN":29.546995,"KGZ":47.48902,"LAO":16.57966,"LBY":63.555153,"MDG":8.422227,"MWI":2.1701238,"MYS":242.35991,"MDV":1435.1584,"MHL":213.04951,"MRT":15.849984,"MUS":557.75684,"MEX":66.68217,"FSM":122.82777,"MNG":60.1867,"MNE":126.07229,"MAR":48.88114,"MOZ":7.963775,"MMR":6.8863916,"NAM":65.04065,"NPL":14.878063,"NLD":463.21674,"NZL":689.95844,"NER":3.1030827,"NGA":9.125805,"MKD":27.655628,"NOR":541.7972,"OMN":250.79199,"PAK":9.105536,"PAN":368.36365,"PNG":28.430513,"PRY":16.450089,"PER":80.353195,"PHL":46.69538,"POL":36.418545,"PRT":293.07895,"ROU":36.047077,"RUS":98.624435,"RWA":7.641826,"KNA":466.9591,"SAU":228.10728,"SEN":33.6149,"SYC":1506.7173,"SVK":13.585384,"SLB":39.817028,"SOM":3.7436893,"ZAF":102.5354,"KOR":213.63939,"ESP":309.59775,"LKA":54.459854,"SDN":9.308139,"SWE":241.48715,"CHE":597.5449,"SYR":2.3080208,"TWN":216.74617,"TJK":26.208017,"TZA":8.631314,"THA":164.27586,"TTO":183.27362,"TUN":65.6872,"TUR":120.74829,"UGA":6.758314,"UKR":21.14184,"ARE":2607.528,"GBR":473.09818,"USA":486.87286,"URY":61.546467,"UZB":19.59761,"VUT":141.99475,"VEN":44.8973,"VNM":35.85995,"YEM":7.351483,"ZMB":14.357104,"ZWE":9.004605}