{"AFG":6.9246964,"DZA":23.437534,"AGO":24.394438,"ARG":92.389084,"AUS":821.4176,"AUT":242.07417,"AZE":39.727646,"BHS":734.4862,"BGD":6.6589613,"BLR":17.58737,"BEL":237.84163,"BLZ":205.67067,"BTN":24.995047,"BOL":41.711098,"BIH":12.891671,"BWA":17.089212,"BRA":85.506424,"BGR":52.304485,"BFA":4.387471,"KHM":27.110807,"CMR":11.711177,"CAN":437.01813,"CPV":286.69885,"CHL":149.18718,"CHN":45.94305,"COL":64.54473,"COG":48.614254,"COK":2788.4114,"CRI":119.960175,"CIV":9.20393,"HRV":78.13453,"CUB":83.513565,"CZE":75.49722,"COD":2.3397934,"DNK":408.07205,"DOM":152.39932,"ECU":58.716602,"EGY":28.533075,"GNQ":41.584164,"ERI":8.811929,"EST":85.20044,"ETH":12.194223,"FJI":339.22232,"FIN":332.83942,"FRA":308.42596,"GAB":70.168236,"GEO":48.86763,"DEU":285.43964,"GHA":20.275805,"GRC":211.64914,"GTM":12.827114,"HTI":11.376659,"HND":13.948526,"ISL":1637.534,"IND":11.627416,"IDN":42.997913,"IRN":24.851274,"IRQ":15.176672,"IRL":424.2674,"ISR":282.60648,"ITA":172.39983,"JAM":213.86432,"JPN":210.48097,"JOR":98.72006,"KAZ":65.33662,"KEN":28.8068,"KGZ":56.057793,"LAO":15.569345,"LBY":60.54305,"MDG":7.80798,"MWI":3.7047355,"MYS":262.01514,"MDV":1542.2737,"MHL":242.33522,"MRT":16.324986,"MUS":586.1883,"MEX":71.21189,"FSM":122.56192,"MNG":48.062828,"MAR":51.887226,"MOZ":7.907381,"MMR":7.178805,"NAM":61.300762,"NPL":17.182981,"NLD":470.80276,"NZL":696.69434,"NER":3.2102075,"NGA":9.455964,"MKD":34.499077,"NOR":549.85266,"OMN":247.81206,"PAK":8.554046,"PAN":414.32043,"PNG":31.732393,"PRY":18.3505,"PER":81.30709,"PHL":47.744476,"POL":37.79331,"PRT":313.3161,"ROU":39.608948,"RUS":103.63118,"RWA":7.7987084,"KNA":490.00995,"SAU":255.17035,"SEN":32.632263,"SYC":1416.0577,"SVK":17.032999,"SLB":36.481987,"SOM":2.810901,"ZAF":102.831406,"KOR":228.0582,"ESP":319.7575,"LKA":58.830387,"SDN":7.7032447,"SWE":253.82536,"CHE":605.2351,"SYR":0.33793125,"TWN":238.09937,"TJK":32.27763,"TZA":8.229997,"THA":168.35567,"TTO":197.39769,"TUN":59.223602,"TUR":135.712,"UGA":6.6879306,"UKR":20.076437,"ARE":2746.218,"GBR":479.5437,"USA":493.7002,"URY":68.53437,"UZB":19.16241,"VUT":133.3017,"VEN":39.824932,"VNM":40.473286,"YEM":7.332932,"ZMB":11.822797,"ZWE":7.9915366}