{"AFG":5.5463686,"DZA":25.615881,"AGO":23.249065,"ATG":1474.9958,"ARG":93.413635,"AUS":815.9813,"AUT":249.49998,"AZE":40.30625,"BHS":721.5354,"BGD":7.7847047,"BLR":19.979702,"BEL":246.93289,"BLZ":206.95848,"BOL":46.751904,"BIH":15.59968,"BWA":17.619696,"BRA":85.28491,"BGR":56.971844,"BFA":3.9898312,"KHM":26.974586,"CMR":12.066034,"CAN":451.477,"CPV":318.46844,"CHL":155.81813,"CHN":50.204155,"COL":72.87471,"COM":26.471588,"COG":54.748055,"COK":2797.4302,"CRI":122.81088,"CIV":9.427232,"HRV":86.506744,"CUB":97.38932,"CYP":627.34766,"CZE":77.60418,"COD":2.5817246,"DNK":428.16266,"DOM":156.0485,"ECU":54.618633,"EGY":29.803383,"GNQ":56.735054,"EST":97.01274,"ETH":14.094599,"FJI":361.89523,"FIN":353.07513,"FRA":310.76025,"GAB":77.50435,"GEO":52.09108,"DEU":293.45633,"GHA":18.790197,"GRC":247.30045,"GTM":12.438073,"HTI":10.471741,"HND":13.256949,"ISL":1949.2819,"IND":12.268905,"IDN":46.163746,"IRN":23.339369,"IRQ":17.1595,"IRL":477.89072,"ISR":287.73798,"ITA":180.5384,"JAM":216.9017,"JPN":215.24585,"JOR":85.77927,"KAZ":66.05209,"KEN":26.014286,"KGZ":49.69207,"LAO":16.206736,"LBY":19.839466,"MDG":7.830306,"MWI":3.335059,"MYS":255.05765,"MDV":1467.2228,"MHL":243.01704,"MRT":15.677239,"MUS":635.782,"MEX":76.741165,"FSM":129.96498,"MNG":35.083767,"MAR":53.022747,"MOZ":8.116447,"MMR":9.423567,"NAM":70.37212,"NPL":16.13092,"NLD":491.47964,"NZL":718.4155,"NER":3.4817405,"NGA":8.866876,"MKD":42.355965,"NOR":545.4569,"OMN":297.9464,"PAK":9.4028425,"PAN":440.71164,"PNG":31.604448,"PRY":15.725402,"PER":84.868935,"PHL":48.97362,"POL":41.329365,"PRT":333.37357,"ROU":44.423668,"RUS":100.86758,"RWA":9.186378,"KNA":500.99448,"WSM":190.93051,"STP":75.27489,"SAU":266.3244,"SEN":27.307367,"SYC":1612.723,"SVK":21.537973,"SLB":45.498024,"SOM":2.6919177,"ZAF":103.82638,"KOR":241.53358,"ESP":339.9797,"LKA":63.00103,"SDN":8.711671,"SWE":263.04034,"CHE":624.1306,"SYR":0.31940603,"TWN":260.38974,"TJK":30.813995,"TZA":9.838012,"THA":185.97876,"TON":175.61176,"TTO":205.59317,"TUN":52.299397,"TUR":152.42514,"TKM":32.21863,"UGA":6.188185,"UKR":20.964678,"ARE":2961.684,"GBR":491.51022,"USA":509.70612,"URY":82.37987,"UZB":17.470606,"VUT":119.92501,"VEN":33.524612,"VNM":45.157272,"YEM":4.45998,"ZMB":10.742744,"ZWE":8.704548}