{"AFG":5.106415,"DZA":27.822367,"AGO":21.734419,"ATG":1572.7277,"ARG":96.94187,"ARM":56.867302,"AUS":858.14813,"AUT":256.89206,"AZE":39.28272,"BHS":720.50183,"BGD":8.07479,"BLR":24.283033,"BEL":235.39044,"BLZ":218.55667,"BTN":18.625734,"BOL":52.287395,"BWA":19.228998,"BRA":76.79948,"BGR":70.03439,"BFA":4.057051,"KHM":28.884407,"CMR":12.564047,"CAN":474.29468,"CPV":392.76508,"CHL":165.15039,"CHN":55.50814,"COL":75.38576,"COM":21.850477,"COG":45.297245,"COK":3188.3796,"CRI":143.74538,"CIV":11.933093,"HRV":100.25122,"CUB":120.19086,"CYP":671.22736,"CZE":90.67612,"COD":2.44777,"DNK":477.96893,"DOM":159.17911,"ECU":55.239742,"EGY":25.722025,"GNQ":50.588207,"EST":103.10533,"ETH":15.661862,"FJI":400.6188,"FIN":359.8561,"FRA":311.43668,"GAB":77.74596,"GEO":58.638958,"DEU":299.99643,"GHA":20.008663,"GRC":272.60947,"GTM":12.850326,"HTI":10.853055,"HND":13.163514,"ISL":2685.024,"IND":13.701257,"IDN":49.79556,"IRN":29.116545,"IRQ":21.168966,"IRL":522.5567,"ISR":298.77542,"ITA":192.20262,"JAM":220.94234,"JPN":219.6883,"JOR":84.97278,"KAZ":66.63883,"KEN":25.985306,"KIR":63.279205,"KGZ":49.95949,"LAO":19.752197,"LBY":21.220093,"MDG":7.190256,"MWI":2.6435566,"MYS":241.45688,"MDV":1489.7373,"MHL":272.63986,"MRT":15.235973,"MUS":704.3872,"MEX":82.748825,"FSM":148.83981,"MNG":33.980473,"MAR":53.7746,"MOZ":7.409928,"MMR":11.503318,"NAM":71.571686,"NPL":16.062588,"NLD":521.3186,"NZL":820.39954,"NIC":16.871765,"NER":3.4756906,"NGA":7.4835286,"NOR":542.9479,"OMN":325.8393,"PAK":10.123716,"PAN":457.02283,"PNG":30.229847,"PRY":19.744757,"PER":92.0025,"PHL":52.965313,"POL":48.487915,"PRT":368.23022,"ROU":53.466816,"RUS":95.55191,"RWA":10.667905,"KNA":516.99774,"STP":65.22825,"SAU":288.9323,"SEN":25.851793,"SYC":1913.946,"SVK":22.110641,"SLB":48.111935,"SOM":2.2849152,"ZAF":105.55035,"KOR":256.53766,"SSD":3.2633557,"ESP":376.54187,"LKA":65.90882,"SDN":9.569901,"SWE":289.99213,"CHE":655.5868,"SYR":2.5098095,"TWN":291.5403,"TJK":26.60044,"TZA":9.679293,"THA":198.90135,"TON":200.16121,"TTO":181.4598,"TUN":44.483864,"TUR":154.19092,"TKM":39.525364,"UGA":5.348645,"UKR":24.123182,"ARE":3068.1558,"GBR":513.2272,"USA":526.3942,"URY":85.90839,"UZB":16.083055,"VUT":106.90162,"VEN":31.033894,"VNM":55.150356,"YEM":2.2531767,"ZMB":11.127701,"ZWE":8.861537}