{"AFG":5.7228227,"DZA":29.153292,"AGO":20.148817,"ARG":103.2977,"AUS":880.13104,"AUT":258.52496,"AZE":42.716797,"BHS":710.50006,"BGD":9.005035,"BLR":25.62636,"BEL":244.68517,"BLZ":241.5018,"BTN":22.496035,"BOL":51.070545,"BWA":17.245789,"BRA":75.41671,"BGR":84.56246,"BFA":4.6327944,"KHM":35.924767,"CMR":10.768012,"CAN":499.34637,"CPV":426.42773,"CHL":175.74968,"CHN":61.255917,"COL":75.305824,"COM":32.776997,"COG":30.180054,"COK":3269.4766,"CRI":138.997,"CIV":13.009572,"HRV":123.59472,"CUB":140.88031,"CYP":737.73926,"CZE":105.28296,"COD":2.3779898,"DNK":482.6706,"DOM":159.10359,"ECU":52.14779,"EGY":26.549026,"GNQ":48.462708,"ERI":9.296228,"EST":119.159645,"ETH":16.50621,"FJI":423.1156,"FIN":376.80695,"FRA":318.2023,"GAB":67.62405,"GEO":80.83123,"DEU":303.72137,"GHA":19.793669,"GRC":293.9946,"GTM":13.15156,"HTI":11.483929,"HND":14.087397,"ISL":3359.4607,"IND":15.185143,"IDN":55.408356,"IRN":36.68631,"IRQ":17.245092,"IRL":576.62384,"ISR":331.06866,"ITA":199.70595,"JAM":230.679,"JPN":223.07408,"JOR":82.712166,"KAZ":74.949036,"KEN":27.598522,"KIR":84.96463,"KGZ":49.661358,"LAO":24.34003,"LVA":157.98875,"LBY":19.2699,"MDG":7.2071843,"MWI":2.8025196,"MYS":253.72319,"MDV":1446.2313,"MHL":333.97205,"MRT":16.05708,"MUS":755.39124,"MEX":89.024704,"FSM":155.60457,"MNG":37.18099,"MAR":58.836723,"MOZ":7.1448226,"MMR":13.120178,"NAM":96.03917,"NPL":19.893295,"NLD":547.2149,"NZL":910.55334,"NIC":17.325068,"NER":3.4650657,"NGA":6.5656285,"NOR":541.6258,"OMN":375.95605,"PAK":10.449101,"PAN":471.09604,"PNG":31.948475,"PRY":23.548508,"PER":95.15618,"PHL":57.01599,"POL":57.968384,"PRT":416.37982,"ROU":62.926376,"RUS":107.537735,"RWA":14.911925,"KNA":504.0068,"STP":56.321457,"SAU":306.30362,"SEN":26.828764,"SYC":2262.8262,"SVK":22.219757,"SLB":45.64484,"SOM":3.8279412,"ZAF":107.576065,"KOR":270.1014,"SSD":2.9572778,"ESP":402.61,"LKA":66.85345,"SDN":10.385612,"SWE":308.08124,"CHE":663.8034,"SYR":3.056771,"TWN":307.40652,"TJK":25.83955,"TZA":9.557543,"THA":207.13193,"TON":223.3271,"TTO":173.91602,"TUN":52.049644,"TUR":152.88225,"TKM":35.527466,"UGA":5.413037,"UKR":28.885494,"ARE":3056.062,"GBR":525.7132,"USA":536.2237,"URY":89.57815,"UZB":16.193407,"VUT":115.756004,"VEN":21.99421,"VNM":61.327347,"YEM":0.39689693,"ZMB":10.98806,"ZWE":9.32225}