{"AFG":6.4244533,"DZA":26.470036,"AGO":19.169874,"ARG":110.69054,"AUS":895.0188,"AUT":286.95853,"AZE":44.05167,"BHS":720.97626,"BGD":9.401077,"BLZ":239.23518,"BEN":7.058908,"BTN":28.087551,"BOL":51.325428,"BWA":18.313354,"BRA":80.14169,"BGR":97.798965,"BFA":4.150532,"KHM":42.876186,"CMR":11.099229,"CAN":515.099,"CPV":503.46854,"TCD":3.2837715,"CHL":186.89064,"CHN":66.45902,"COL":77.62156,"COM":32.903606,"COG":26.28152,"COK":3624.0981,"CRI":147.79002,"CIV":13.784153,"HRV":145.92107,"CUB":124.20953,"CZE":121.2494,"COD":2.4189262,"DNK":511.82764,"DOM":166.67555,"ECU":50.964706,"EGY":28.325893,"GNQ":41.06766,"ERI":15.824499,"EST":127.53317,"ETH":18.546762,"FJI":457.96237,"FIN":426.53223,"FRA":332.41687,"GAB":53.14012,"GEO":106.31013,"DEU":308.3762,"GHA":19.204868,"GRC":341.34213,"GTM":14.280752,"HTI":13.820691,"HND":14.160682,"HUN":96.72305,"ISL":3710.5703,"IND":16.785154,"IDN":57.58338,"IRN":37.34435,"IRQ":17.622654,"IRL":626.95483,"ISR":363.66458,"ITA":215.91713,"JAM":243.35156,"JPN":229.4184,"JOR":85.21542,"KAZ":74.22832,"KEN":28.9614,"KIR":82.80559,"KGZ":42.113228,"LAO":28.900074,"LVA":171.04243,"LBY":15.171927,"MDG":7.645306,"MWI":3.3494287,"MYS":251.72758,"MDV":1451.3832,"MHL":397.9904,"MRT":16.798496,"MUS":763.5428,"MEX":94.76171,"FSM":175.59657,"MNG":38.22714,"MAR":63.54114,"MOZ":7.5786076,"MMR":12.037655,"NAM":98.664185,"NPL":21.988716,"NLD":571.64105,"NZL":932.7599,"NIC":12.82375,"NER":3.6582208,"NGA":7.2348366,"NOR":559.84247,"OMN":395.56125,"PAK":10.3245325,"PAN":482.01804,"PNG":28.939291,"PRY":26.6031,"PER":99.29393,"PHL":59.372437,"POL":68.36719,"PRT":456.21902,"ROU":66.91413,"RUS":121.715706,"RWA":13.758706,"KNA":531.35205,"STP":43.380974,"SAU":311.63556,"SEN":26.57578,"SYC":2286.5852,"SVK":27.559013,"SLB":45.38059,"SOM":3.634324,"ZAF":105.38869,"KOR":283.9497,"SSD":3.1140976,"ESP":422.58694,"LKA":72.53144,"SDN":9.499151,"SWE":312.34195,"CHE":685.0286,"SYR":2.645232,"TWN":320.7208,"TJK":24.392914,"TZA":10.222228,"THA":221.53746,"TON":216.72826,"TTO":160.20763,"TUN":64.52004,"TUR":164.33496,"TKM":38.878033,"UGA":6.393217,"UKR":33.219666,"ARE":2985.975,"GBR":532.5365,"USA":550.2281,"URY":94.1129,"UZB":19.56809,"VUT":128.3401,"VEN":16.59136,"VNM":66.852,"YEM":0.08594211,"ZMB":10.956406,"ZWE":10.628132}