{"AFG":4.2231827,"DZA":21.288647,"AGO":18.989384,"ARG":97.488815,"AUS":866.63745,"AUT":332.73926,"AZE":43.53521,"BHS":938.4727,"BGD":7.9866204,"BEL":277.5854,"BOL":28.424805,"BWA":15.312009,"BRA":72.55298,"BGR":99.74047,"KHM":46.702126,"CMR":8.043411,"CAN":548.16296,"CPV":512.4175,"CHL":165.13474,"CHN":76.64919,"COL":73.34041,"COG":18.736643,"CRI":161.24002,"CIV":6.0755024,"HRV":169.83655,"CUB":103.418846,"CZE":128.16832,"COD":1.7944803,"DNK":510.9769,"DOM":173.06987,"TLS":11.571005,"ECU":51.412945,"EGY":26.870651,"SLV":85.76089,"ETH":19.577232,"FJI":453.7484,"FIN":440.80634,"FRA":341.97116,"GEO":96.31078,"DEU":312.3342,"GRC":363.65564,"GTM":16.441458,"HND":16.317133,"ISL":3342.2502,"IND":16.209051,"IDN":44.28777,"IRN":13.373476,"IRQ":12.40408,"IRL":649.1168,"ISR":380.09753,"ITA":229.45769,"JAM":247.15695,"JPN":237.07857,"JOR":85.16949,"KAZ":66.87598,"KEN":22.143469,"KGZ":37.96679,"LAO":24.04829,"LVA":224.34369,"LBY":11.335519,"LTU":122.22066,"MDG":6.230707,"MYS":251.04901,"MDV":1494.6312,"MHL":848.8596,"MEX":98.4727,"FSM":223.95673,"MAR":65.87663,"MOZ":3.8097441,"MMR":10.831091,"NAM":69.14465,"NLD":582.593,"NZL":908.0283,"NGA":5.571951,"NOR":534.8386,"OMN":393.13516,"PAK":9.404782,"PAN":482.70932,"PRY":21.816257,"PER":86.6792,"PHL":61.45592,"POL":78.80386,"PRT":491.8994,"ROU":68.40125,"RUS":130.7319,"KNA":640.4584,"VCT":188.9555,"SAU":304.4756,"SEN":27.547323,"SGP":2248.9219,"SVK":28.22242,"ZAF":102.586426,"KOR":307.23215,"ESP":436.97015,"SDN":4.6105537,"SWE":300.7452,"CHE":656.15076,"TJK":22.036098,"TZA":7.1278515,"THA":216.15985,"TTO":172.82433,"TUN":66.52478,"TUR":175.26782,"TKM":25.200691,"UKR":29.529102,"ARE":2764.0356,"GBR":531.5201,"USA":596.43823,"UZB":24.168583,"VEN":10.843558,"VNM":78.541954}