{"AFG":2.0285182,"DZA":4.379626,"AGO":5.7158847,"ARG":27.963324,"AUS":358.25885,"AUT":112.806206,"BHS":373.4074,"BGD":3.5066755,"BEL":123.71683,"BOL":13.374177,"BRA":34.838768,"BGR":52.08974,"KHM":12.284823,"CMR":4.20976,"CAN":231.071,"CPV":200.98488,"CHL":79.82707,"CHN":49.499584,"COL":29.414948,"COG":10.295706,"CRI":67.01238,"HRV":51.378887,"CZE":35.806705,"COD":1.0071521,"DNK":175.83466,"DOM":76.86035,"TLS":4.519654,"ECU":24.887709,"EGY":10.458491,"ETH":9.955527,"FJI":128.22787,"FIN":156.3792,"FRA":152.12828,"GEO":24.67771,"DEU":115.62582,"GRC":138.51266,"GTM":6.581955,"HND":6.707863,"ISL":813.9271,"IND":7.551198,"IDN":20.874647,"IRN":5.640096,"IRL":236.18141,"ISR":123.44802,"ITA":75.30427,"JPN":115.7986,"KAZ":38.03372,"KEN":10.891447,"KGZ":23.203165,"LTU":50.262817,"MYS":80.1635,"MHL":401.535,"MEX":55.64648,"FSM":86.92214,"MOZ":2.0820746,"NLD":301.09598,"NZL":433.46594,"NGA":2.5765247,"NOR":255.35187,"OMN":108.17468,"PAK":4.883348,"PAN":156.135,"PRY":6.914758,"PER":29.029676,"PHL":21.967688,"POL":32.562904,"PRT":193.71619,"ROU":30.993309,"RUS":79.7276,"KNA":276.75555,"VCT":141.57706,"SAU":110.66233,"SEN":17.437645,"SGP":737.9043,"SVK":8.05763,"ZAF":37.706085,"KOR":137.08957,"ESP":153.42659,"SWE":98.69482,"CHE":251.53136,"TZA":3.5481336,"THA":79.113205,"TTO":49.03109,"TUN":21.704649,"TUR":70.53754,"UKR":12.8034525,"ARE":1108.188,"GBR":201.30014,"USA":328.1631,"VEN":2.6179197,"VNM":42.275795}