{"DZA":4.4881897,"AGO":4.5431805,"ARG":32.816704,"AUS":304.48166,"AUT":135.40625,"BHS":732.49976,"BGD":5.948499,"BEL":187.78279,"BOL":20.444975,"BWA":6.5350394,"BRA":44.267643,"BGR":60.9078,"KHM":5.17321,"CMR":6.464115,"CAN":222.40181,"CPV":211.3826,"CHL":92.10852,"CHN":50.758522,"COL":51.90112,"COG":14.596852,"COK":755.9583,"CRI":115.76827,"CIV":6.2163424,"HRV":92.58695,"CYP":424.71155,"CZE":40.734802,"COD":1.5874479,"DNK":211.8969,"DOM":132.10846,"ECU":35.190033,"EGY":16.954233,"SLV":61.52648,"ETH":12.643598,"FJI":97.092926,"FIN":151.13016,"FRA":172.96777,"GAB":24.748968,"DEU":132.60547,"GHA":13.61991,"GRC":260.6223,"GTM":13.040848,"HTI":6.9675446,"HND":14.130538,"HUN":40.340034,"ISL":1145.2672,"IND":9.281542,"IDN":16.890772,"IRN":6.79363,"IRQ":6.0938344,"IRL":226.45522,"ISR":151.03859,"ITA":97.29858,"JAM":141.21455,"JPN":107.00057,"JOR":46.35735,"KAZ":55.968155,"KEN":14.480751,"KGZ":41.017487,"LAO":1.8416318,"LBY":12.2259035,"LTU":69.129166,"MDG":1.8084093,"MYS":52.698006,"MDV":1403.1952,"MHL":482.9568,"MRT":10.499761,"MEX":79.23247,"FSM":78.19084,"MAR":25.526495,"MOZ":3.2361264,"MMR":1.721667,"NLD":336.27753,"NZL":317.73114,"NGA":3.7131085,"NOR":270.06363,"OMN":107.30337,"PAK":5.60052,"PAN":252.60416,"PNG":4.910232,"PRY":12.678515,"PER":42.235455,"PHL":19.037483,"POL":42.52242,"PRT":250.39601,"QAT":2508.9128,"ROU":44.554832,"RUS":110.91057,"RWA":6.2031865,"KNA":212.41098,"VCT":180.57495,"SAU":133.62717,"SEN":22.366941,"SRB":43.040607,"SYC":1619.3075,"SVK":10.502885,"ZAF":35.538292,"KOR":135.5219,"ESP":208.85126,"SWE":111.38795,"CHE":282.71503,"TZA":5.0023956,"THA":44.525574,"TTO":37.25262,"TUN":29.548647,"TUR":115.48976,"TKM":4.519771,"UKR":22.759604,"ARE":1204.304,"GBR":175.85825,"USA":431.01904,"URY":41.11773,"UZB":15.733957,"VUT":16.921785,"VEN":3.7393708,"VNM":27.272394}