{"DZA":13.274445,"AGO":9.602897,"ARG":70.74708,"AUS":528.5587,"AUT":228.07559,"AZE":50.39987,"BHS":980.76917,"BGD":9.079183,"BEL":265.09055,"BTN":11.014746,"BOL":27.763252,"BWA":10.84361,"BRA":62.59626,"BGR":83.81443,"KHM":9.8614435,"CMR":7.7373824,"CAN":384.88562,"CPV":555.1054,"CHL":130.3136,"CHN":31.750002,"COL":76.54267,"COG":12.955774,"COK":1983.974,"CRI":148.04565,"CIV":9.302182,"HRV":150.86513,"CUB":52.50581,"CYP":653.31,"CZE":70.755684,"DNK":358.8825,"DOM":165.80623,"TLS":7.020434,"ECU":44.788555,"EGY":25.756569,"SLV":64.38988,"EST":134.18898,"ETH":14.316082,"FJI":282.15454,"FIN":280.02908,"FRA":263.7686,"GAB":40.127502,"DEU":212.4732,"GHA":16.602255,"GRC":396.87692,"GTM":15.871743,"HTI":4.8057284,"HND":12.617272,"HUN":80.93387,"ISL":2300.4888,"IND":13.27786,"IDN":26.201878,"IRN":6.93651,"IRQ":7.796242,"IRL":540.57635,"ISR":267.18222,"ITA":177.71635,"JAM":215.8839,"JPN":142.17679,"JOR":71.81974,"KAZ":71.047806,"KEN":18.131104,"KGZ":60.785427,"LAO":5.192456,"LBY":14.615115,"LTU":112.998215,"MDG":3.994756,"MYS":119.416626,"MDV":1526.1747,"MHL":509.1441,"MRT":13.547906,"MEX":96.78682,"FSM":117.65256,"MAR":48.579006,"MOZ":4.5952,"MMR":2.7430346,"NAM":42.773792,"NPL":19.995182,"NLD":438.63672,"NZL":441.6695,"NGA":4.7321944,"NOR":462.58542,"OMN":203.2285,"PAK":7.9267235,"PAN":395.9709,"PNG":6.2696505,"PRY":19.94966,"PER":61.046623,"PHL":37.339752,"POL":69.7861,"PRT":459.11496,"QAT":3068.7764,"ROU":68.55277,"RUS":99.27314,"VCT":272.9146,"SAU":234.80882,"SEN":24.918064,"SRB":61.07628,"SYC":2391.15,"SGP":1242.5697,"SVK":23.156527,"SVN":34.714333,"SOM":2.8380234,"ZAF":58.032722,"KOR":164.71136,"ESP":369.4546,"SWE":207.02643,"CHE":476.17285,"TJK":28.120337,"TZA":5.7898,"THA":91.80539,"TTO":101.794975,"TUN":50.908634,"TUR":166.94295,"ARE":1755.2494,"GBR":372.0188,"USA":508.02127,"URY":66.373474,"UZB":23.987885,"VEN":7.1584086,"VNM":57.3455}