{"AFG":1.6498532,"DZA":21.713661,"AGO":11.048009,"ARG":89.82971,"AUS":695.1962,"AUT":268.27695,"AZE":58.767906,"BHS":1100.2347,"BGD":9.584864,"BEL":267.65866,"BOL":32.784294,"BWA":14.21571,"BRA":69.27279,"BGR":94.10139,"CMR":7.388972,"CAN":448.78043,"CPV":642.1519,"CHL":144.71217,"CHN":64.3897,"COL":76.96869,"COG":12.788823,"COK":2924.7917,"CRI":168.80144,"CIV":4.1542997,"HRV":166.53159,"CUB":69.21828,"CYP":769.17847,"CZE":87.7521,"DNK":407.21954,"DOM":166.88672,"TLS":11.434824,"ECU":50.433662,"EGY":31.951286,"SLV":85.76388,"ETH":17.745565,"FJI":429.4783,"FIN":324.27957,"FRA":296.56253,"GAB":40.417126,"DEU":241.10558,"GHA":15.769528,"GRC":435.4803,"GTM":18.530565,"HTI":4.5456805,"HND":16.014084,"HUN":99.135895,"ISL":2549.447,"IND":15.63134,"IDN":35.260662,"IRN":7.662333,"IRQ":8.74421,"IRL":596.719,"ISR":287.64038,"ITA":208.91531,"JAM":234.85748,"JPN":192.65916,"JOR":78.9986,"KAZ":88.284256,"KEN":22.678394,"KGZ":59.19282,"LAO":13.07477,"LBY":24.589308,"LTU":119.43148,"MDG":5.347855,"MYS":178.73705,"MDV":1555.6013,"MHL":634.3467,"MEX":102.76102,"FSM":163.94179,"MAR":59.780777,"MOZ":4.782764,"MMR":3.8445153,"NAM":53.67035,"NPL":20.31398,"NLD":473.2038,"NZL":704.7966,"NGA":4.6258483,"NOR":475.01898,"OMN":271.84457,"PAK":7.988811,"PAN":447.49646,"PRY":22.531765,"PER":70.83653,"PHL":48.381165,"POL":81.59823,"PRT":520.781,"QAT":3445.967,"ROU":71.35385,"RUS":101.34011,"RWA":10.602678,"KNA":501.04327,"VCT":284.7667,"SAU":279.8285,"SEN":23.788765,"SRB":82.53374,"SYC":1856.5636,"SGP":1774.5455,"SVK":25.689985,"SOM":3.8155897,"ZAF":72.174,"KOR":243.68802,"ESP":411.71133,"SWE":217.30617,"CHE":557.1136,"TJK":31.813503,"TZA":6.472439,"THA":143.8822,"TTO":126.65863,"TUN":62.91395,"TUR":189.83264,"TKM":11.499142,"ARE":2162.2568,"GBR":454.57495,"USA":553.11395,"URY":83.92805,"UZB":29.540722,"VEN":10.205574,"VNM":71.36967}