{"AFG":3.4401262,"DZA":23.563087,"AGO":11.03036,"ARG":89.61531,"AUS":759.01215,"AUT":290.07806,"AZE":69.52781,"BHS":1170.3131,"BGD":9.258459,"BEL":279.54587,"BTN":27.91067,"BOL":33.18335,"BWA":18.001368,"BRA":73.90188,"BGR":99.53845,"CMR":6.8951397,"CAN":474.21463,"CPV":621.7192,"CHL":167.46367,"CHN":74.57604,"COL":84.07309,"COG":13.673989,"COK":3947.156,"CRI":183.5224,"CIV":2.2805276,"HRV":191.30725,"CUB":67.62128,"CYP":775.54626,"CZE":109.686264,"DNK":444.93277,"DOM":178.47675,"TLS":12.65205,"ECU":52.932243,"EGY":36.616867,"SLV":94.17622,"ETH":18.38307,"FJI":463.5531,"FIN":343.86563,"FRA":307.8056,"GAB":40.31315,"GEO":143.60765,"DEU":256.8418,"GHA":16.049479,"GRC":487.22482,"GTM":20.365744,"HND":19.953161,"HKG":1312.2329,"HUN":121.00705,"ISL":2579.9944,"IND":17.078657,"IDN":37.300957,"IRN":7.496766,"IRQ":8.977577,"IRL":594.7163,"ISR":172.46758,"ITA":240.6158,"JAM":232.10814,"JPN":221.33543,"JOR":73.15456,"KAZ":97.55382,"KEN":25.718754,"KIR":76.37113,"KGZ":58.52227,"LAO":22.09059,"LBY":28.187363,"LTU":129.13406,"MDG":4.9085784,"MWI":2.0955703,"MYS":203.2215,"MDV":1733.5228,"MHL":811.99915,"MEX":103.109665,"FSM":205.05215,"MAR":68.8842,"MOZ":5.1532516,"MMR":3.328117,"NAM":54.333584,"NPL":18.649218,"NLD":501.33987,"NZL":773.2722,"NIC":12.832671,"NGA":4.6243353,"NOR":486.6625,"OMN":241.99117,"PAK":8.274616,"PAN":451.46283,"PRY":23.952425,"PER":77.34907,"PHL":52.665462,"POL":92.30459,"PRT":548.56854,"QAT":3768.503,"ROU":77.48619,"RUS":101.667206,"KNA":637.196,"STP":69.245316,"SAU":305.37915,"SEN":21.7609,"SRB":82.84218,"SYC":1467.4249,"SGP":2029.5865,"SVK":30.270048,"SOM":3.4475842,"KOR":285.3563,"ESP":462.1702,"SWE":209.841,"CHE":597.9532,"TJK":25.7293,"TZA":7.433773,"THA":172.25159,"TGO":22.77796,"TTO":141.71121,"TUN":66.902405,"TUR":198.40416,"TKM":21.287395,"ARE":2320.3784,"GBR":481.89792,"USA":579.5097,"URY":90.194405}