{"AFG":14.042126,"ALB":14.953006,"DZA":11.323518,"AGO":6.3050537,"ATG":20.549385,"ARG":103.17562,"AUS":104.90561,"AUT":65.723564,"BHS":60.25194,"BGD":3.1636963,"BRB":36.896317,"BLZ":24.580334,"BEN":7.62185,"BMU":92.92122,"BOL":23.450653,"BWA":29.72077,"BRA":27.630962,"BRN":32.05633,"BGR":32.42648,"BFA":7.764197,"KHM":4.88888,"CMR":11.965143,"CAN":78.75742,"CPV":3.208164,"CAF":13.0811615,"TCD":11.833017,"CHL":28.086048,"CHN":3.3459997,"COL":27.05616,"COG":11.451209,"CRI":23.409143,"CIV":20.429426,"CUB":29.664795,"CYP":26.675892,"DNK":61.064964,"DJI":30.423569,"DMA":19.739166,"DOM":15.575396,"TLS":84.50493,"ECU":17.419975,"EGY":11.169854,"SLV":12.073454,"SWZ":34.364513,"FJI":12.626791,"FIN":34.68556,"FRA":76.028114,"PYF":25.820812,"GAB":44.664936,"GMB":9.431061,"DEU":64.30587,"GHA":10.680146,"GRC":20.907894,"GRD":11.452904,"GTM":13.512215,"GIN":4.5066795,"GNB":13.367974,"GUY":15.077732,"HTI":10.176315,"HND":12.036074,"HKG":40.75888,"HUN":78.004875,"ISL":84.08342,"IND":3.7999415,"IDN":3.722817,"IRN":14.493862,"IRQ":13.288546,"IRL":57.146767,"ISR":33.728268,"ITA":31.021568,"JAM":17.751476,"JPN":7.3270063,"JOR":11.481073,"KEN":19.877316,"KIR":13.600844,"KWT":40.461422,"LAO":9.006679,"LBN":21.643028,"LSO":21.45505,"LBR":11.31546,"MAC":30.267979,"MDG":26.457752,"MWI":3.4365852,"MYS":13.596746,"MDV":4.2840023,"MLI":13.08137,"MLT":30.424446,"MRT":37.86936,"MUS":6.4220047,"MEX":25.59292,"MNG":141.2153,"MAR":13.81299,"MOZ":5.6603293,"MMR":4.7067266,"NAM":38.63194,"NPL":6.050871,"NLD":45.043415,"ANT":70.2467,"NCL":45.252438,"NZL":107.38554,"NIC":16.013506,"NER":14.454713,"NGA":6.5920987,"PRK":7.209334,"NOR":38.144146,"PAK":7.798683,"PAN":26.549643,"PRY":70.35956,"PER":21.303907,"PHL":11.981198,"POL":46.738487,"PRT":20.083967,"ROU":28.421507,"RWA":3.8284323,"KNA":14.345823,"LCA":14.802365,"VCT":8.697808,"WSM":26.284843,"STP":5.1452184,"SAU":15.455447,"SEN":12.345943,"SLE":4.284466,"SLB":9.854675,"ZAF":34.036118,"KOR":3.9598267,"ESP":21.806557,"LKA":4.061688,"SUR":29.068535,"SWE":50.697178,"CHE":56.47931,"TWN":20.512938,"TZA":10.01879,"THA":15.091536,"TGO":7.789569,"TTO":26.216007,"TUN":12.105158,"TUR":16.412415,"UGA":11.710684,"ARE":53.238796,"GBR":69.46133,"USA":91.44566,"URY":108.21878,"VUT":40.100483,"VEN":25.418036,"VNM":11.219323,"YEM":8.497554,"ZMB":15.323367,"ZWE":15.960164}