{"AFG":14.056524,"ALB":14.747758,"DZA":9.314783,"AGO":6.59823,"ATG":25.797632,"ARG":104.12777,"AUS":112.24954,"AUT":70.30276,"BHS":57.813194,"BGD":3.2464733,"BRB":37.371365,"BLZ":28.243702,"BEN":7.620471,"BMU":91.97506,"BOL":24.187485,"BWA":32.112835,"BRA":27.630753,"BRN":37.865555,"BGR":34.15153,"BFA":7.7832813,"KHM":5.2441826,"CMR":12.039626,"CAN":78.657196,"CPV":3.1551392,"CAF":13.156079,"TCD":13.350791,"CHL":28.31032,"CHN":4.0081334,"COL":28.253666,"COG":11.570528,"CRI":20.682474,"CIV":19.872837,"CUB":31.949305,"CYP":25.158386,"DNK":54.547997,"DJI":30.011898,"DMA":22.280502,"DOM":16.194761,"TLS":83.035446,"ECU":17.411251,"EGY":10.891554,"SLV":11.757128,"SWZ":37.26075,"FJI":12.3791895,"FIN":35.986107,"FRA":77.634224,"PYF":27.400719,"GAB":46.51915,"GMB":9.577814,"DEU":65.66887,"GHA":9.696031,"GRC":23.78048,"GRD":11.51038,"GTM":12.857598,"GIN":4.5370355,"GNB":13.257267,"GUY":14.882815,"HTI":9.9201765,"HND":11.478898,"HKG":50.179825,"HUN":81.17592,"ISL":82.61894,"IND":3.7966394,"IDN":3.8386676,"IRN":14.674345,"IRQ":13.011032,"IRL":57.681293,"ISR":41.38717,"ITA":34.171284,"JAM":18.393522,"JPN":9.236442,"JOR":13.712783,"KEN":18.184788,"KIR":18.579758,"KWT":38.119896,"LAO":9.220341,"LBN":24.355055,"LSO":21.953571,"LBR":10.45828,"MAC":31.858849,"MDG":26.694635,"MWI":3.5228925,"MYS":14.001759,"MDV":4.2773204,"MLI":13.424301,"MLT":28.009283,"MRT":38.182114,"MUS":6.5615363,"MEX":26.745213,"MNG":118.74406,"MAR":12.62069,"MOZ":5.767811,"MMR":4.64665,"NAM":40.965717,"NPL":6.11454,"NLD":49.35486,"ANT":74.45372,"NCL":45.705917,"NZL":119.303444,"NIC":14.30962,"NER":14.172266,"NGA":6.3204837,"PRK":7.1253963,"NOR":37.331635,"PAK":7.842137,"PAN":27.34234,"PRY":66.56328,"PER":21.229788,"PHL":13.121965,"POL":46.812973,"PRT":20.919796,"ROU":29.170591,"RWA":3.849638,"KNA":15.070756,"LCA":15.485332,"VCT":8.969631,"WSM":26.248281,"STP":5.503731,"SAU":15.106197,"SEN":12.84985,"SLE":4.320068,"SLB":9.455578,"ZAF":33.27061,"KOR":3.1109135,"ESP":23.765923,"LKA":4.4244437,"SUR":28.643688,"SWE":51.177837,"CHE":59.43638,"TWN":19.96086,"TZA":9.698136,"THA":15.232967,"TGO":7.7906246,"TTO":26.493828,"TUN":11.530839,"TUR":15.8967495,"UGA":11.094097,"ARE":50.82952,"GBR":71.14263,"USA":92.01421,"URY":101.35672,"VUT":40.059246,"VEN":25.597925,"VNM":11.314446,"YEM":8.504045,"ZMB":14.796709,"ZWE":15.378183}