{"AFG":14.470231,"ALB":13.96007,"DZA":7.4241347,"AGO":6.7207108,"ATG":23.914576,"ARG":103.82459,"AUS":112.360916,"AUT":69.77132,"BHS":57.756756,"BGD":3.3010726,"BRB":41.428658,"BLZ":24.251635,"BEN":8.138256,"BMU":90.75283,"BOL":24.009739,"BWA":35.432507,"BRA":27.273954,"BRN":36.672367,"BGR":32.54705,"BFA":8.1456995,"KHM":5.783184,"CMR":12.2940445,"CAN":81.25993,"CPV":3.364329,"CAF":13.246963,"TCD":13.729004,"CHL":27.8298,"CHN":6.195434,"COL":28.505857,"COG":11.810623,"CRI":23.246195,"CIV":19.563189,"CUB":33.373478,"CYP":26.460756,"DNK":52.759502,"DJI":29.550808,"DMA":22.452274,"DOM":16.351597,"TLS":82.39545,"ECU":16.650003,"EGY":10.902576,"SLV":11.720476,"SWZ":36.08836,"FJI":13.650515,"FIN":37.272606,"FRA":78.30377,"PYF":24.292686,"GAB":48.370842,"GMB":9.748289,"DEU":64.98268,"GHA":9.612674,"GRC":27.363886,"GRD":12.561104,"GTM":13.281243,"GIN":4.606361,"GNB":13.239058,"GUY":15.426248,"HTI":9.911892,"HND":11.375666,"HKG":59.531433,"HUN":81.46031,"ISL":77.52254,"IND":3.744299,"IDN":3.7949276,"IRN":13.416007,"IRQ":12.613459,"IRL":60.28396,"ISR":41.546307,"ITA":37.22661,"JAM":19.717075,"JPN":9.363227,"JOR":13.398377,"KEN":16.364426,"KIR":18.605055,"KWT":37.8247,"LAO":9.013698,"LBN":24.712776,"LSO":21.22979,"LBR":9.927727,"MAC":36.037453,"MDG":26.604834,"MWI":3.8223076,"MYS":13.882171,"MDV":4.280305,"MLI":14.066149,"MLT":32.624653,"MRT":38.260315,"MUS":6.9176116,"MEX":26.397133,"MNG":121.38897,"MAR":11.761189,"MOZ":5.805345,"MMR":4.9623885,"NAM":41.97525,"NPL":6.3011246,"NLD":49.614872,"ANT":81.00178,"NCL":48.98326,"NZL":112.79283,"NIC":15.550709,"NER":15.579777,"NGA":6.3804727,"PRK":7.1043673,"NOR":36.615025,"PAK":7.806149,"PAN":27.722296,"PRY":58.7049,"PER":21.111591,"PHL":13.337544,"POL":46.471943,"PRT":21.9833,"ROU":26.633265,"RWA":3.8848188,"KNA":16.017097,"LCA":16.110174,"VCT":9.505998,"WSM":29.926342,"STP":5.749077,"SAU":14.870121,"SEN":13.250166,"SLE":4.4524574,"SLB":10.088431,"ZAF":33.37796,"KOR":4.079327,"ESP":29.578756,"LKA":4.6427774,"SUR":32.94837,"SWE":49.895634,"CHE":58.684418,"TWN":21.836725,"TZA":9.88455,"THA":15.249919,"TGO":7.979423,"TTO":27.661919,"TUN":11.539348,"TUR":15.536889,"UGA":10.798826,"ARE":49.650185,"GBR":70.58556,"USA":95.01314,"URY":101.372154,"VUT":43.44387,"VEN":25.971514,"VNM":11.480077,"YEM":8.335177,"ZMB":14.376442,"ZWE":15.363509}