{"AFG":14.659532,"ALB":12.87262,"DZA":7.4679613,"AGO":7.3784094,"ATG":25.304989,"ARG":83.82247,"AUS":113.70438,"AUT":71.89519,"BHS":62.096817,"BGD":3.3676705,"BRB":44.73878,"BLZ":28.046034,"BEN":8.320325,"BMU":89.67306,"BOL":23.43484,"BWA":33.97353,"BRA":27.487087,"BRN":33.377136,"BGR":34.88397,"BFA":8.4764805,"KHM":6.660912,"CMR":11.462443,"CAN":85.54317,"CPV":3.599109,"CAF":13.14111,"TCD":13.6696615,"CHL":25.357725,"CHN":7.714056,"COL":28.283564,"COG":11.444371,"CRI":22.146046,"CIV":22.145414,"CUB":32.529915,"CYP":28.631874,"DNK":53.61261,"DJI":28.691456,"DMA":24.075907,"DOM":16.190424,"TLS":91.56689,"ECU":16.736027,"EGY":10.892195,"SLV":11.177667,"SWZ":36.16986,"FJI":14.540738,"FIN":39.293274,"FRA":79.52163,"PYF":28.97753,"GAB":50.089703,"GMB":9.890735,"DEU":66.57621,"GHA":9.373285,"GRC":28.700235,"GRD":13.863683,"GTM":12.687041,"GIN":4.6581054,"GNB":13.386391,"GUY":16.15764,"HTI":9.943841,"HND":11.643012,"HKG":55.954483,"HUN":81.67425,"ISL":74.01316,"IND":3.7341552,"IDN":3.830657,"IRN":13.099193,"IRQ":12.383389,"IRL":62.593815,"ISR":46.367474,"ITA":39.40734,"JAM":21.538733,"JPN":10.522384,"JOR":13.334853,"KEN":17.131702,"KIR":20.471922,"KWT":37.14025,"LAO":10.63994,"LBN":25.229212,"LSO":18.257153,"LBR":9.597528,"MAC":33.489574,"MDG":26.478796,"MWI":3.850513,"MYS":14.4642315,"MDV":4.267877,"MLI":14.704483,"MLT":31.521866,"MRT":38.698177,"MUS":7.3245664,"MEX":26.607605,"MNG":120.3251,"MAR":11.501741,"MOZ":5.878181,"MMR":5.1910987,"NAM":42.889645,"NPL":6.272534,"NLD":46.841244,"ANT":78.072914,"NCL":49.205456,"NZL":111.557495,"NIC":17.279373,"NER":15.893025,"NGA":6.7516923,"PRK":7.336932,"NOR":38.03701,"PAK":7.808652,"PAN":27.242487,"PRY":62.470192,"PER":22.340681,"PHL":13.360405,"POL":48.11298,"PRT":22.330683,"ROU":28.92867,"RWA":3.745283,"KNA":17.078016,"LCA":17.07518,"VCT":9.951322,"WSM":31.342033,"STP":4.5326676,"SAU":14.773048,"SEN":13.820025,"SLE":4.75022,"SLB":11.415042,"ZAF":33.710884,"KOR":4.81126,"ESP":30.177938,"LKA":4.922306,"SUR":30.424372,"SWE":51.185303,"CHE":61.999027,"TWN":22.386484,"TZA":9.619143,"THA":16.133884,"TGO":8.183429,"TTO":30.344896,"TUN":11.852379,"TUR":14.741669,"UGA":10.536854,"ARE":49.135517,"GBR":69.99788,"USA":98.12246,"URY":112.350174,"VUT":44.46672,"VEN":27.376276,"VNM":11.172923,"YEM":8.388657,"ZMB":13.767664,"ZWE":12.37434}