{"AFG":14.964693,"ALB":13.315639,"DZA":7.9728518,"AGO":7.961102,"ATG":22.57489,"ARG":90.42563,"AUS":110.212,"AUT":70.29075,"BHS":63.117275,"BGD":3.3707428,"BRB":51.135216,"BLZ":29.565666,"BEN":8.617661,"BMU":93.06946,"BOL":23.565823,"BWA":33.44702,"BRA":27.7748,"BRN":33.281555,"BGR":38.301388,"BFA":8.807727,"KHM":7.293009,"CMR":11.892682,"CAN":86.00521,"CPV":3.8444388,"CAF":13.040217,"TCD":14.090948,"CHL":25.646263,"CHN":8.527756,"COL":27.416044,"COG":11.063395,"CRI":23.472343,"CIV":21.66814,"CUB":29.893747,"CYP":31.403982,"DNK":52.42281,"DJI":27.38296,"DMA":23.94446,"DOM":14.97966,"TLS":90.88283,"ECU":17.022972,"EGY":11.040629,"SLV":10.788074,"SWZ":35.03695,"FJI":13.95192,"FIN":38.957256,"FRA":81.36844,"PYF":32.96492,"GAB":50.198784,"GMB":10.122621,"DEU":68.02054,"GHA":9.1366625,"GRC":34.750423,"GRD":14.519122,"GTM":12.441508,"GIN":4.661086,"GNB":13.706914,"GUY":17.540491,"HTI":10.141408,"HND":11.165342,"HKG":48.873245,"HUN":81.92265,"ISL":73.26873,"IND":3.7081738,"IDN":3.7710927,"IRN":12.773374,"IRQ":11.600789,"IRL":64.691475,"ISR":44.877144,"ITA":41.01789,"JAM":20.48286,"JPN":11.102365,"JOR":14.561807,"KEN":17.517624,"KIR":19.166355,"KWT":42.699142,"LAO":11.573332,"LBN":26.05939,"LSO":19.553701,"LBR":9.723899,"MAC":31.715837,"MDG":22.554066,"MWI":3.7448847,"MYS":15.068678,"MDV":4.229513,"MLI":15.626275,"MLT":31.50574,"MRT":39.497635,"MUS":6.7529774,"MEX":26.389875,"MNG":119.822205,"MAR":12.294016,"MOZ":6.384316,"MMR":5.392662,"NAM":42.888603,"NPL":6.3093534,"NLD":49.463047,"ANT":77.96504,"NCL":49.449196,"NZL":102.47881,"NIC":18.08508,"NER":15.77139,"NGA":6.890881,"PRK":7.166557,"NOR":38.508553,"PAK":7.7706213,"PAN":28.408829,"PRY":62.885094,"PER":20.398666,"PHL":14.525411,"POL":49.844597,"PRT":24.468285,"ROU":31.261963,"RWA":3.5982916,"KNA":17.717882,"LCA":18.606749,"VCT":11.177059,"WSM":28.83387,"STP":4.3248105,"SAU":14.672638,"SEN":13.942773,"SLE":4.8795485,"SLB":10.430451,"ZAF":34.37721,"KOR":4.80903,"ESP":30.063118,"LKA":4.836601,"SUR":27.29577,"SWE":50.972603,"CHE":61.750225,"TWN":23.323717,"TZA":9.573954,"THA":16.025799,"TGO":8.211749,"TTO":28.172373,"TUN":12.307805,"TUR":14.845782,"UGA":10.39649,"ARE":48.23248,"GBR":70.2222,"USA":95.68209,"URY":99.44022,"VUT":43.35032,"VEN":26.890894,"VNM":11.409817,"YEM":8.402929,"ZMB":14.441988,"ZWE":11.396046}