{"AFG":17.06778,"ALB":13.797715,"DZA":7.8591647,"AGO":8.1200905,"ATG":29.8135,"ARG":100.14096,"AUS":106.42902,"AUT":70.06056,"BHS":68.841064,"BGD":3.426756,"BRB":44.096485,"BLZ":28.059046,"BEN":8.573648,"BMU":101.96474,"BOL":24.172823,"BWA":31.452162,"BRA":27.796753,"BRN":33.967815,"BGR":39.33859,"BFA":9.121344,"KHM":7.690384,"CMR":12.309685,"CAN":86.95332,"CPV":4.2740197,"CAF":13.451105,"TCD":12.933525,"CHL":28.504854,"CHN":8.989466,"COL":25.07312,"COG":10.448644,"CRI":17.365564,"CIV":21.754526,"CUB":31.387022,"CYP":37.226776,"DNK":57.80555,"DJI":27.953577,"DMA":24.519077,"DOM":15.444583,"TLS":89.14834,"ECU":16.846317,"EGY":11.483599,"SLV":10.967492,"SWZ":34.682617,"FJI":13.658901,"FIN":39.56157,"FRA":79.63949,"PYF":39.645245,"GAB":51.280083,"GMB":10.336632,"DEU":68.34,"GHA":9.20589,"GRC":37.143486,"GRD":17.831196,"GTM":11.464305,"GIN":4.786753,"GNB":13.965974,"GUY":18.70569,"HTI":10.229187,"HND":10.761042,"HKG":51.344654,"HUN":78.4158,"ISL":73.95094,"IND":3.6873834,"IDN":3.688899,"IRN":12.525526,"IRQ":11.337413,"IRL":64.53789,"ISR":51.524,"ITA":44.850723,"JAM":21.368406,"JPN":12.712109,"JOR":15.366637,"KEN":16.223707,"KIR":15.571635,"KWT":39.066322,"LAO":12.34996,"LBN":27.37582,"LSO":15.577375,"LBR":9.571229,"MAC":36.08813,"MDG":27.072536,"MWI":3.765457,"MYS":15.649138,"MDV":4.149344,"MLI":16.077894,"MLT":32.161865,"MRT":39.55145,"MUS":6.691715,"MEX":25.777317,"MNG":124.75942,"MAR":12.565809,"MOZ":6.3413773,"MMR":5.716684,"NAM":46.183723,"NPL":6.197838,"NLD":53.47804,"ANT":75.459435,"NCL":49.1309,"NZL":108.26876,"NIC":18.994389,"NER":17.240746,"NGA":6.639109,"PRK":7.347853,"NOR":39.83286,"PAK":7.7709317,"PAN":29.349136,"PRY":67.15346,"PER":20.405422,"PHL":15.5651455,"POL":50.865364,"PRT":24.99816,"ROU":32.747616,"RWA":3.7792742,"KNA":19.068453,"LCA":21.96109,"VCT":12.99269,"WSM":27.152176,"STP":4.791305,"SAU":14.930263,"SEN":14.469401,"SLE":5.007363,"SLB":11.884566,"ZAF":34.033134,"KOR":5.034221,"ESP":35.911312,"LKA":4.7026496,"SUR":27.84451,"SWE":51.389565,"CHE":62.96969,"TWN":25.182304,"TZA":9.96427,"THA":16.572811,"TGO":8.304277,"TTO":28.743078,"TUN":12.859324,"TUR":15.104866,"UGA":10.435718,"ARE":47.96049,"GBR":71.144554,"USA":98.7963,"URY":96.051285,"VUT":42.45206,"VEN":27.73814,"VNM":11.517757,"YEM":7.811862,"ZMB":15.535057,"ZWE":12.270755}