{"AFG":17.532946,"ALB":16.198343,"DZA":7.5576653,"AGO":8.855634,"ATG":25.10791,"ARG":102.675255,"AUS":102.84101,"AUT":71.54775,"BHS":66.845985,"BGD":3.4462023,"BRB":49.25362,"BLZ":29.577324,"BEN":8.808764,"BMU":94.75119,"BOL":24.404882,"BWA":32.661266,"BRA":28.24215,"BRN":32.39615,"BGR":43.312946,"BFA":9.038167,"KHM":8.676772,"CMR":12.462562,"CAN":91.52875,"CPV":4.1003942,"CAF":13.669928,"TCD":13.759619,"CHL":29.904333,"CHN":9.324446,"COL":24.685125,"COG":10.730486,"CRI":17.212616,"CIV":23.080574,"CUB":31.61099,"CYP":39.437256,"DNK":56.051003,"DJI":27.522501,"DMA":24.806244,"DOM":15.007562,"TLS":85.09428,"ECU":16.656288,"EGY":10.812702,"SLV":10.588705,"SWZ":35.88076,"FJI":14.702183,"FIN":39.962612,"FRA":81.76401,"PYF":43.991863,"GAB":50.849987,"GMB":10.460508,"DEU":70.29743,"GHA":9.536817,"GRC":39.1086,"GRD":17.07654,"GTM":11.870708,"GIN":4.584719,"GNB":14.271514,"GUY":18.035076,"HTI":11.117377,"HND":12.031977,"HKG":58.628845,"HUN":81.89746,"ISL":67.40548,"IND":3.6977415,"IDN":3.5490685,"IRN":13.123438,"IRQ":11.587747,"IRL":64.22996,"ISR":45.480156,"ITA":47.68736,"JAM":23.524334,"JPN":13.315391,"JOR":10.876316,"KEN":16.258755,"KIR":17.958412,"KWT":37.34665,"LAO":13.343606,"LBN":25.94148,"LSO":17.338034,"LBR":9.370461,"MAC":30.96049,"MDG":26.676647,"MWI":4.3099704,"MYS":15.582111,"MDV":4.0876822,"MLI":16.83412,"MLT":35.672596,"MRT":39.97956,"MUS":7.1667557,"MEX":25.790545,"MNG":132.11719,"MAR":12.797181,"MOZ":6.562618,"MMR":6.283052,"NAM":45.48168,"NPL":6.321094,"NLD":57.57074,"ANT":77.752754,"NCL":53.657883,"NZL":107.915085,"NIC":18.655931,"NER":18.975128,"NGA":6.7225413,"PRK":7.5495553,"NOR":39.46927,"PAK":7.769923,"PAN":28.853876,"PRY":63.581665,"PER":20.069305,"PHL":15.426302,"POL":52.162804,"PRT":26.99893,"ROU":33.8042,"RWA":4.096419,"KNA":20.491096,"LCA":22.577696,"VCT":11.8195,"WSM":25.611284,"STP":5.441108,"SAU":15.3955,"SEN":15.446809,"SLE":4.8008776,"SLB":11.387781,"ZAF":34.117386,"KOR":4.446527,"ESP":38.83697,"LKA":4.589385,"SUR":27.030176,"SWE":52.00037,"CHE":64.86289,"TWN":28.17124,"TZA":10.3204565,"THA":16.877903,"TGO":8.233591,"TTO":27.93213,"TUN":12.358645,"TUR":14.417979,"UGA":10.424237,"ARE":50.81332,"GBR":71.17412,"USA":102.552216,"URY":94.5592,"VUT":41.303986,"VEN":28.488565,"VNM":11.604484,"YEM":7.5521703,"ZMB":15.420255,"ZWE":9.769324}