{"AFG":18.748838,"ALB":14.607781,"DZA":8.33898,"AGO":9.059488,"ATG":26.0996,"ARG":106.82365,"AUS":106.713295,"AUT":72.73385,"BHS":74.4702,"BGD":3.4624424,"BRB":52.40519,"BLZ":32.01018,"BEN":8.773067,"BMU":99.481606,"BOL":25.038797,"BWA":34.781002,"BRA":29.767105,"BRN":33.305134,"BGR":42.08706,"BFA":8.534117,"KHM":9.465113,"CMR":12.777621,"CAN":91.489235,"CPV":4.1057177,"CAF":13.820456,"TCD":13.257554,"CHL":32.820896,"CHN":8.990241,"COL":24.855099,"COG":11.609549,"CRI":18.30635,"CIV":23.883425,"CUB":37.2526,"CYP":42.931904,"DNK":55.05225,"DJI":27.986029,"DMA":26.21444,"DOM":15.287361,"TLS":84.23415,"ECU":16.760902,"EGY":11.196799,"SLV":10.059915,"SWZ":36.71763,"FJI":16.01667,"FIN":39.420547,"FRA":83.519806,"PYF":40.379246,"GAB":50.964497,"GMB":10.476298,"DEU":74.539955,"GHA":9.350275,"GRC":39.14586,"GRD":18.777842,"GTM":12.553956,"GIN":4.7071385,"GNB":14.108772,"GUY":19.667614,"HTI":11.293303,"HND":12.94179,"HKG":73.05511,"HUN":88.293106,"ISL":60.16306,"IND":3.7191248,"IDN":3.6533864,"IRN":13.34039,"IRQ":11.865477,"IRL":66.40257,"ISR":49.803814,"ITA":49.060432,"JAM":24.190441,"JPN":13.621832,"JOR":12.08893,"KEN":16.643332,"KIR":18.381851,"KWT":38.541103,"LAO":12.74803,"LBN":25.589104,"LSO":15.898094,"LBR":9.528163,"MAC":34.822678,"MDG":26.714972,"MWI":4.401573,"MYS":15.416847,"MDV":4.0467906,"MLI":17.357758,"MLT":39.106068,"MRT":41.767735,"MUS":6.667597,"MEX":25.035887,"MNG":126.634155,"MAR":13.425979,"MOZ":6.840159,"MMR":6.127607,"NAM":43.451748,"NPL":6.3699117,"NLD":58.055355,"ANT":79.210526,"NCL":56.869183,"NZL":111.12941,"NIC":20.150818,"NER":21.378424,"NGA":6.685952,"PRK":7.417613,"NOR":41.26822,"PAK":7.7286267,"PAN":29.324804,"PRY":66.672455,"PER":19.76368,"PHL":16.453571,"POL":53.133297,"PRT":27.366716,"ROU":35.12883,"RWA":3.8435123,"KNA":24.515816,"LCA":24.393421,"VCT":11.874356,"WSM":26.435848,"STP":5.485204,"SAU":16.726097,"SEN":15.242177,"SLE":4.791079,"SLB":12.834453,"ZAF":34.728672,"KOR":4.4276175,"ESP":39.280354,"LKA":4.6384535,"SUR":28.096476,"SWE":53.016167,"CHE":66.58184,"TWN":28.616814,"TZA":10.156887,"THA":17.412151,"TGO":8.009038,"TTO":27.862572,"TUN":11.207323,"TUR":14.458386,"UGA":10.446207,"ARE":50.07105,"GBR":71.99894,"USA":104.21606,"URY":110.502144,"VUT":41.72794,"VEN":28.409416,"VNM":11.301982,"YEM":6.7610846,"ZMB":16.380493,"ZWE":10.652215}