{"AFG":18.35654,"ALB":14.341889,"DZA":8.428465,"AGO":9.830083,"ATG":30.229351,"ARG":112.74794,"AUS":112.0243,"AUT":74.386696,"BHS":77.3318,"BGD":3.5103805,"BRB":57.18938,"BLZ":29.84778,"BEN":8.954353,"BMU":98.115135,"BOL":25.509775,"BWA":38.608803,"BRA":30.415592,"BRN":33.3733,"BGR":40.347374,"BFA":9.655889,"KHM":10.145562,"CMR":13.098177,"CAN":91.521324,"CPV":4.203485,"CAF":14.072084,"TCD":9.748486,"CHL":31.950819,"CHN":8.597361,"COL":24.635983,"COG":12.117258,"CRI":18.402388,"CIV":23.451843,"CUB":36.063522,"CYP":49.712723,"DNK":56.481518,"DJI":28.337864,"DMA":27.76061,"DOM":15.461837,"TLS":82.282745,"ECU":16.948992,"EGY":11.0487385,"SLV":10.227397,"SWZ":31.953037,"FJI":17.460085,"FIN":42.699093,"FRA":85.40422,"PYF":45.32869,"GAB":51.133118,"GMB":10.552466,"DEU":74.909195,"GHA":10.011442,"GRC":42.669662,"GRD":23.14549,"GTM":11.420142,"GIN":4.3645144,"GNB":14.348076,"GUY":20.320038,"HTI":11.503069,"HND":11.567974,"HKG":66.718994,"HUN":87.17174,"ISL":61.489014,"IND":3.691897,"IDN":3.5871038,"IRN":13.741549,"IRQ":11.75395,"IRL":69.97657,"ISR":49.37079,"ITA":50.447926,"JAM":25.867945,"JPN":15.298857,"JOR":14.484016,"KEN":16.441534,"KIR":16.084959,"KWT":36.114002,"LAO":11.373612,"LBN":25.012594,"LSO":16.215897,"LBR":9.577213,"MAC":35.52421,"MDG":25.443205,"MWI":5.112765,"MYS":16.792788,"MDV":4.0100017,"MLI":18.070225,"MLT":42.806427,"MRT":36.45852,"MUS":6.5340524,"MEX":24.755587,"MNG":123.59085,"MAR":13.336105,"MOZ":6.750139,"MMR":6.5798635,"NAM":43.74235,"NPL":6.419643,"NLD":56.50094,"ANT":75.941605,"NCL":60.101276,"NZL":119.25918,"NIC":21.015833,"NER":20.309065,"NGA":7.4408,"PRK":7.6269784,"NOR":39.8165,"PAK":7.696987,"PAN":31.55661,"PRY":63.998943,"PER":20.425512,"PHL":16.273903,"POL":52.9683,"PRT":30.543242,"ROU":35.81298,"RWA":3.7718122,"KNA":22.984919,"LCA":26.411034,"VCT":13.404296,"WSM":27.660858,"STP":5.7243485,"SAU":17.085741,"SEN":15.157789,"SLE":4.844112,"SLB":13.083809,"ZAF":35.605553,"KOR":4.9236875,"ESP":40.96148,"LKA":4.5855064,"SUR":32.10457,"SWE":51.757607,"CHE":68.55063,"TWN":29.413017,"TZA":10.104407,"THA":17.862473,"TGO":7.6583242,"TTO":26.053616,"TUN":11.693968,"TUR":15.528565,"UGA":10.622455,"ARE":44.97584,"GBR":72.421974,"USA":104.387085,"URY":110.460526,"VUT":41.187897,"VEN":30.548025,"VNM":10.819662,"YEM":5.9201403,"ZMB":16.5098,"ZWE":11.1907015}