{"AFG":16.753098,"ALB":14.297748,"DZA":8.270782,"AGO":10.705827,"ATG":36.875862,"ARG":105.69373,"AUS":107.53642,"AUT":76.20077,"BHS":77.99789,"BGD":3.5526676,"BRB":62.72123,"BLZ":33.959057,"BEN":8.908834,"BMU":89.058235,"BOL":26.88218,"BWA":46.35746,"BRA":30.68863,"BRN":33.481804,"BGR":40.429886,"BFA":10.076321,"KHM":11.295805,"CMR":13.783885,"CAN":94.573425,"CPV":4.4512753,"CAF":14.291835,"TCD":10.100463,"CHL":32.63264,"CHN":8.318771,"COL":25.507185,"COG":12.102151,"CRI":20.469616,"CIV":23.073593,"CUB":34.358738,"CYP":50.23389,"DNK":56.33515,"DJI":27.451303,"DMA":30.850756,"DOM":15.723423,"TLS":82.18906,"ECU":18.264717,"EGY":10.926535,"SLV":9.755476,"SWZ":31.295195,"FJI":17.781937,"FIN":44.986755,"FRA":86.34426,"PYF":43.246777,"GAB":49.72124,"GMB":10.814344,"DEU":78.36938,"GHA":10.113196,"GRC":49.233204,"GRD":24.657679,"GTM":11.660968,"GIN":4.2901387,"GNB":14.819142,"GUY":21.423338,"HTI":11.825394,"HND":11.318803,"HKG":65.255554,"HUN":90.40965,"ISL":62.350544,"IND":3.6819115,"IDN":3.7378807,"IRN":14.163583,"IRQ":12.11275,"IRL":71.88877,"ISR":49.88144,"ITA":54.40243,"JAM":30.261187,"JPN":17.055899,"JOR":13.397154,"KEN":16.360167,"KIR":17.108988,"KWT":34.1761,"LAO":11.9883,"LBN":25.211832,"LSO":18.093132,"LBR":9.84634,"MAC":39.09244,"MDG":24.177036,"MWI":4.9367185,"MYS":16.826273,"MDV":3.9776049,"MLI":17.813334,"MLT":43.48362,"MRT":35.896618,"MUS":7.1852117,"MEX":24.358963,"MNG":115.52991,"MAR":13.255047,"MOZ":7.057809,"MMR":6.883155,"NAM":43.092274,"NPL":6.4876633,"NLD":59.617146,"ANT":90.09999,"NCL":63.711143,"NZL":104.21929,"NIC":21.711346,"NER":20.099327,"NGA":7.341148,"PRK":8.500059,"NOR":39.48661,"PAK":7.685033,"PAN":32.122154,"PRY":65.38132,"PER":20.6605,"PHL":14.9416685,"POL":53.25584,"PRT":31.471731,"ROU":39.66501,"RWA":3.7260659,"KNA":26.123632,"LCA":33.452473,"VCT":16.372671,"WSM":30.204956,"STP":4.8418965,"SAU":16.89194,"SEN":14.06211,"SLE":4.6583123,"SLB":14.5331,"ZAF":33.481815,"KOR":5.2262645,"ESP":46.127182,"LKA":4.5318294,"SUR":26.714912,"SWE":53.01095,"CHE":71.12255,"TWN":32.14314,"TZA":10.305081,"THA":18.42185,"TGO":7.3930254,"TTO":28.900574,"TUN":10.536231,"TUR":15.498107,"UGA":10.917949,"ARE":41.485104,"GBR":72.84775,"USA":106.9069,"URY":122.47637,"VUT":43.207817,"VEN":29.861622,"VNM":10.482528,"YEM":5.755893,"ZMB":15.419047,"ZWE":12.625943}