{"AFG":16.532753,"ALB":14.613724,"DZA":8.85602,"AGO":10.934639,"ATG":34.973976,"ARG":89.25674,"AUS":113.13656,"AUT":78.44442,"BHS":76.57608,"BGD":3.4354453,"BRB":72.46896,"BLZ":34.654373,"BEN":8.883477,"BMU":86.801704,"BOL":26.168907,"BWA":47.32491,"BRA":29.496393,"BRN":36.45243,"BGR":43.190933,"BFA":10.136564,"KHM":11.401742,"CMR":13.710407,"CAN":96.05635,"CPV":4.5779657,"CAF":14.526666,"TCD":9.289783,"CHL":30.104,"CHN":9.237671,"COL":26.63274,"COG":11.763891,"CRI":22.055447,"CIV":23.667585,"CUB":33.49802,"CYP":53.701294,"DNK":56.145317,"DJI":26.806551,"DMA":30.146662,"DOM":16.760302,"TLS":81.98034,"ECU":16.80755,"EGY":11.082678,"SLV":9.800478,"SWZ":28.956402,"FJI":19.200418,"FIN":46.649635,"FRA":87.661194,"PYF":42.2913,"GAB":47.992672,"GMB":10.813617,"DEU":81.6082,"GHA":9.686719,"GRC":51.071537,"GRD":25.496305,"GTM":11.585463,"GIN":4.18834,"GNB":15.214575,"GUY":22.217375,"HTI":12.078169,"HND":12.353511,"HKG":68.4666,"HUN":94.074585,"ISL":64.30754,"IND":3.7033215,"IDN":3.87907,"IRN":14.246261,"IRQ":11.723681,"IRL":75.703255,"ISR":52.696865,"ITA":56.841747,"JAM":30.605158,"JPN":19.080246,"JOR":14.521611,"KEN":16.2165,"KIR":17.08822,"KWT":33.32579,"LAO":10.633902,"LBN":25.413342,"LSO":17.80203,"LBR":10.624208,"MAC":40.220444,"MDG":22.733858,"MWI":4.684225,"MYS":16.745966,"MDV":3.9750655,"MLI":16.962933,"MLT":47.888634,"MRT":38.253925,"MUS":6.7710047,"MEX":24.209223,"MNG":107.77989,"MAR":13.032686,"MOZ":7.2469363,"MMR":6.8473268,"NAM":43.0743,"NPL":6.6321306,"NLD":62.077427,"ANT":88.23663,"NCL":64.42614,"NZL":107.42073,"NIC":22.633701,"NER":19.729692,"NGA":7.1497808,"PRK":8.712684,"NOR":41.46385,"PAK":7.702526,"PAN":35.181953,"PRY":64.443,"PER":20.719145,"PHL":14.98241,"POL":56.798103,"PRT":34.066658,"ROU":41.006786,"RWA":3.7170093,"KNA":29.407614,"LCA":30.563126,"VCT":19.168869,"WSM":30.533491,"STP":6.1105723,"SAU":18.176556,"SEN":12.937745,"SLE":4.514966,"SLB":14.251806,"ZAF":33.408348,"KOR":5.290102,"ESP":46.045567,"LKA":4.793361,"SUR":26.002705,"SWE":51.8081,"CHE":73.05939,"TWN":32.69257,"TZA":10.54522,"THA":16.504185,"TGO":6.7751555,"TTO":27.852676,"TUN":11.496935,"TUR":15.28961,"UGA":11.048984,"ARE":41.501183,"GBR":74.465775,"USA":109.22916,"URY":106.21488,"VUT":46.147995,"VEN":30.394463,"VNM":10.391725,"YEM":6.1278834,"ZMB":14.922788,"ZWE":14.427545}