{"AFG":14.420303,"ALB":14.070809,"DZA":9.149958,"AGO":10.5615015,"ATG":32.219215,"ARG":83.21563,"AUS":116.79654,"AUT":80.05667,"BHS":75.53606,"BGD":3.319385,"BRB":75.273285,"BLZ":34.233208,"BEN":9.019748,"BMU":89.415245,"BOL":28.238308,"BWA":51.717823,"BRA":31.26662,"BRN":33.653313,"BGR":47.76494,"BFA":9.107772,"KHM":11.296787,"CMR":13.614278,"CAN":95.584656,"CPV":4.9951916,"CAF":14.998917,"TCD":10.801332,"CHL":29.951975,"CHN":9.95906,"COL":23.811134,"COG":11.4361725,"CRI":18.091913,"CIV":23.576666,"CUB":32.553284,"CYP":57.492752,"DNK":57.95016,"DJI":26.257668,"DMA":31.185068,"DOM":17.067421,"TLS":81.362465,"ECU":16.91402,"EGY":11.145419,"SLV":9.9913,"SWZ":31.86923,"FJI":19.983688,"FIN":48.567,"FRA":88.36144,"PYF":49.92978,"GAB":47.208233,"GMB":11.058645,"DEU":82.98325,"GHA":9.076118,"GRC":51.585728,"GRD":25.65202,"GTM":11.744268,"GIN":4.1493397,"GNB":15.479841,"GUY":22.509485,"HTI":12.177491,"HND":11.673742,"HKG":72.11909,"HUN":98.60416,"ISL":68.44782,"IND":3.665104,"IDN":4.0404277,"IRN":14.652154,"IRQ":11.382366,"IRL":75.07563,"ISR":53.233356,"ITA":57.896893,"JAM":31.273556,"JPN":21.003475,"JOR":15.292326,"KEN":16.076265,"KIR":18.393538,"KWT":39.414314,"LAO":9.933754,"LBN":24.249645,"LSO":17.666618,"LBR":10.848993,"MAC":52.03009,"MDG":23.545431,"MWI":4.827322,"MYS":17.484896,"MDV":3.9679646,"MLI":14.278668,"MLT":46.480858,"MRT":32.775818,"MUS":7.555722,"MEX":25.123957,"MNG":112.36611,"MAR":13.425466,"MOZ":7.2875338,"MMR":6.6105547,"NAM":41.44784,"NPL":6.7969685,"NLD":61.35696,"ANT":92.22164,"NCL":66.97664,"NZL":111.556725,"NIC":22.689142,"NER":19.383417,"NGA":6.6155553,"PRK":9.228967,"NOR":43.370956,"PAK":7.7497234,"PAN":34.6276,"PRY":61.87789,"PER":20.366148,"PHL":13.877516,"POL":61.981945,"PRT":36.246407,"ROU":47.032875,"RWA":3.7665637,"KNA":29.963226,"LCA":32.033653,"VCT":19.3303,"WSM":31.962492,"STP":5.003639,"SAU":18.965618,"SEN":12.7532625,"SLE":4.574138,"SLB":15.017864,"ZAF":35.810917,"KOR":5.5311904,"ESP":48.612705,"LKA":4.5267797,"SUR":26.082407,"SWE":49.707394,"CHE":74.24555,"TWN":33.701096,"TZA":9.627049,"THA":16.43293,"TGO":7.2149177,"TTO":28.069605,"TUN":12.512028,"TUR":14.815809,"UGA":10.744229,"ARE":40.101032,"GBR":74.19955,"USA":108.374115,"URY":98.33227,"VUT":44.735855,"VEN":31.517199,"VNM":10.644625,"YEM":5.84307,"ZMB":17.140003,"ZWE":17.817692}