{"AFG":15.225697,"ALB":13.701668,"DZA":9.407658,"AGO":10.679316,"ATG":25.430532,"ARG":87.73803,"AUS":111.022896,"AUT":81.62112,"BHS":69.89413,"BGD":3.1222346,"BRB":65.70795,"BLZ":29.80666,"BEN":8.893833,"BMU":92.80479,"BOL":28.903181,"BWA":33.625946,"BRA":32.185814,"BRN":35.5286,"BGR":49.439823,"BFA":6.7606053,"KHM":11.136115,"CMR":13.41664,"CAN":93.852165,"CPV":5.427923,"CAF":15.445481,"TCD":9.522632,"CHL":23.031872,"CHN":9.827058,"COL":22.940018,"COG":10.960444,"CRI":21.622412,"CIV":21.562853,"CUB":31.428284,"CYP":60.749443,"DNK":57.853504,"DJI":23.888378,"DMA":22.924805,"DOM":17.276121,"TLS":78.91631,"ECU":16.709433,"EGY":10.7739315,"SLV":10.70491,"SWZ":28.556581,"FJI":19.505787,"FIN":50.25327,"FRA":89.11093,"PYF":50.96575,"GAB":46.587208,"GMB":11.007752,"DEU":82.73956,"GHA":8.816201,"GRC":57.72044,"GRD":23.680197,"GTM":10.511127,"GIN":4.333648,"GNB":15.612104,"GUY":22.773159,"HTI":12.284129,"HND":11.317367,"HKG":70.25551,"HUN":100.33642,"ISL":69.36027,"IND":3.6661882,"IDN":3.946635,"IRN":14.55766,"IRQ":10.934899,"IRL":72.58327,"ISR":55.78688,"ITA":62.515564,"JAM":32.36694,"JPN":22.6794,"JOR":17.642895,"KEN":16.134996,"KIR":18.927004,"KWT":37.832287,"LAO":8.824477,"LBN":24.993431,"LSO":17.797453,"LBR":10.087725,"MAC":57.363792,"MDG":22.865036,"MWI":4.804275,"MYS":16.943596,"MDV":3.967519,"MLI":12.01248,"MLT":42.941868,"MRT":29.802084,"MUS":6.588835,"MEX":25.908731,"MNG":108.1216,"MAR":12.807094,"MOZ":7.293812,"MMR":6.5813694,"NAM":41.461063,"NPL":6.8784766,"NLD":61.25557,"ANT":91.37017,"NCL":60.306778,"NZL":110.73781,"NIC":20.954388,"NER":16.621744,"NGA":7.264445,"PRK":9.151644,"NOR":44.32332,"PAK":7.956106,"PAN":34.438778,"PRY":55.263626,"PER":20.396133,"PHL":15.545277,"POL":65.11062,"PRT":36.274006,"ROU":48.07447,"RWA":3.7762554,"KNA":29.098116,"LCA":32.61394,"VCT":19.456354,"WSM":27.669233,"STP":5.6662965,"SAU":19.995968,"SEN":12.092494,"SLE":4.71125,"SLB":14.024754,"ZAF":35.47199,"KOR":5.6681194,"ESP":52.58683,"LKA":4.524908,"SUR":27.148691,"SWE":50.885185,"CHE":76.763695,"TWN":36.199833,"TZA":9.662524,"THA":18.798325,"TGO":7.396677,"TTO":28.413334,"TUN":14.007048,"TUR":14.935576,"UGA":11.026224,"ARE":44.969307,"GBR":70.335266,"USA":101.23383,"URY":96.98955,"VUT":42.32933,"VEN":35.35941,"VNM":10.418777,"YEM":5.725897,"ZMB":15.24732,"ZWE":19.500885}