{"AFG":15.346035,"ALB":13.939215,"DZA":9.467814,"AGO":10.632782,"ATG":26.868153,"ARG":98.64404,"AUS":94.808,"AUT":82.92028,"BHS":68.95261,"BGD":3.0936806,"BRB":68.60207,"BLZ":31.963182,"BEN":9.2349615,"BMU":102.75637,"BOL":29.423569,"BWA":21.726503,"BRA":31.489752,"BRN":35.325314,"BGR":51.491116,"BFA":6.46616,"KHM":9.760991,"CMR":13.272985,"CAN":95.72867,"CPV":4.615934,"CAF":15.403317,"TCD":8.907761,"CHL":35.520233,"CHN":9.783022,"COL":24.055439,"COG":9.84491,"CRI":17.226051,"CIV":20.51006,"CUB":29.502552,"CYP":46.635296,"DNK":57.985123,"DJI":24.094858,"DMA":23.056282,"DOM":16.806244,"TLS":78.04542,"ECU":18.054413,"EGY":10.630648,"SLV":12.668659,"SWZ":30.3845,"FJI":20.111084,"FIN":50.597622,"FRA":90.04335,"PYF":43.469,"GAB":47.186348,"GMB":10.49634,"DEU":85.79897,"GHA":9.315388,"GRC":54.17092,"GRD":24.614065,"GTM":9.718229,"GIN":4.6719832,"GNB":15.057471,"GUY":21.71327,"HTI":12.463841,"HND":11.266787,"HKG":66.19725,"HUN":104.1276,"ISL":68.892525,"IND":3.676279,"IDN":4.109363,"IRN":14.968047,"IRQ":11.263613,"IRL":83.76873,"ISR":52.860214,"ITA":62.334354,"JAM":32.48695,"JPN":22.43476,"JOR":15.939997,"KEN":15.890652,"KIR":18.190578,"KWT":39.011745,"LAO":7.6586003,"LBN":24.193762,"LSO":17.627848,"LBR":9.363506,"MAC":58.409267,"MDG":21.972979,"MWI":4.969014,"MYS":18.069756,"MDV":3.956286,"MLI":13.285587,"MLT":41.653553,"MRT":27.17965,"MUS":8.454704,"MEX":27.53975,"MNG":113.03674,"MAR":12.447071,"MOZ":7.253107,"MMR":6.2263565,"NAM":42.534634,"NPL":7.025792,"NLD":65.57223,"ANT":92.76831,"NCL":59.52868,"NZL":104.38095,"NIC":21.181091,"NER":16.446335,"NGA":7.1405296,"PRK":10.050906,"NOR":47.4947,"PAK":8.067772,"PAN":35.86058,"PRY":60.658398,"PER":21.334175,"PHL":17.884182,"POL":68.46324,"PRT":40.90662,"ROU":52.13804,"RWA":4.062393,"KNA":27.792225,"LCA":29.295006,"VCT":18.832663,"WSM":27.97444,"STP":2.9651058,"SAU":26.333712,"SEN":10.468996,"SLE":4.616294,"SLB":16.391909,"ZAF":35.323196,"KOR":5.970572,"ESP":55.40843,"LKA":4.4442906,"SUR":29.830578,"SWE":56.57793,"CHE":74.43553,"TWN":35.003563,"TZA":9.3675585,"THA":17.823816,"TGO":7.342679,"TTO":29.064095,"TUN":14.061312,"TUR":16.038208,"UGA":10.926004,"ARE":55.117847,"GBR":70.8252,"USA":106.361,"URY":107.29222,"VUT":49.889587,"VEN":36.622234,"VNM":9.891073,"YEM":6.0364423,"ZMB":15.013133,"ZWE":13.646425}