{"AFG":15.495974,"ALB":13.524741,"DZA":9.351863,"AGO":11.689093,"ATG":23.491293,"ARG":109.69426,"AUS":125.11111,"AUT":84.35579,"BHS":67.49711,"BGD":3.081649,"BRB":69.45523,"BLZ":35.054485,"BEN":9.659993,"BMU":105.443665,"BOL":31.025402,"BWA":18.610321,"BRA":32.118202,"BRN":39.15999,"BGR":58.01563,"BFA":7.088551,"KHM":7.944774,"CMR":13.048014,"CAN":95.55639,"CPV":4.4986315,"CAF":16.248096,"TCD":10.371555,"CHL":29.3292,"CHN":9.892423,"COL":26.468462,"COG":9.7803545,"CRI":22.934923,"CIV":20.394236,"CUB":28.762829,"CYP":38.906868,"DNK":62.337357,"DJI":24.830557,"DMA":25.113356,"DOM":17.954521,"TLS":73.89598,"ECU":18.553238,"EGY":10.776152,"SLV":11.379958,"SWZ":31.885103,"FJI":24.045048,"FIN":55.237984,"FRA":91.62755,"PYF":55.31991,"GAB":47.05842,"GMB":10.457279,"DEU":87.55715,"GHA":8.672222,"GRC":56.19654,"GRD":26.256521,"GTM":11.137356,"GIN":4.7763405,"GNB":14.42529,"GUY":23.964962,"HTI":12.710962,"HND":10.978896,"HKG":65.51562,"HUN":104.952354,"ISL":78.37957,"IND":3.674501,"IDN":4.057295,"IRN":15.951237,"IRQ":11.347271,"IRL":81.84977,"ISR":57.495865,"ITA":62.16983,"JAM":37.619396,"JPN":22.841312,"JOR":17.737968,"KEN":14.851728,"KIR":18.26818,"KWT":40.79805,"LAO":7.5021195,"LBN":21.3009,"LSO":16.984354,"LBR":9.45668,"MAC":58.89074,"MDG":22.906136,"MWI":4.8515606,"MYS":22.258785,"MDV":3.9122994,"MLI":15.030952,"MLT":42.93146,"MRT":28.695541,"MUS":10.426393,"MEX":30.172707,"MNG":119.211365,"MAR":11.600413,"MOZ":6.8567677,"MMR":6.4274225,"NAM":35.179134,"NPL":7.2842326,"NLD":65.4997,"ANT":95.57017,"NCL":62.179222,"NZL":129.8949,"NIC":24.325277,"NER":16.861935,"NGA":6.876788,"PRK":10.635152,"NOR":48.103573,"PAK":8.134111,"PAN":36.84387,"PRY":53.262352,"PER":22.092394,"PHL":14.578809,"POL":73.84117,"PRT":41.34664,"ROU":55.067924,"RWA":4.5598135,"KNA":28.047125,"LCA":32.700016,"VCT":17.994501,"WSM":35.112843,"STP":3.7613294,"SAU":30.021828,"SEN":10.691411,"SLE":4.675336,"SLB":14.420275,"ZAF":35.891254,"KOR":6.8795633,"ESP":54.892803,"LKA":4.294317,"SUR":28.678415,"SWE":58.902584,"CHE":71.716324,"TWN":33.259953,"TZA":9.851129,"THA":18.033403,"TGO":7.5416675,"TTO":35.786747,"TUN":15.466094,"TUR":17.591791,"UGA":10.923735,"ARE":63.494457,"GBR":68.58416,"USA":102.33443,"URY":107.86665,"VUT":43.14574,"VEN":38.858486,"VNM":8.875914,"YEM":6.394932,"ZMB":15.399074,"ZWE":12.373076}