{"AFG":17.033688,"ALB":14.605595,"DZA":9.600126,"AGO":10.789042,"ATG":21.25935,"ARG":110.834175,"AUS":129.83614,"AUT":89.33625,"BHS":68.142944,"BGD":3.083537,"BRB":77.21758,"BLZ":33.8826,"BEN":9.889661,"BMU":108.66302,"BOL":32.175976,"BWA":17.84364,"BRA":33.35902,"BRN":43.26541,"BGR":59.670673,"BFA":7.4021683,"KHM":6.71032,"CMR":13.818495,"CAN":100.46091,"CPV":4.096303,"CAF":16.7519,"TCD":10.43422,"CHL":25.89784,"CHN":9.690457,"COL":29.335196,"COG":10.911492,"CRI":29.902407,"CIV":21.08715,"CUB":29.14681,"CYP":39.825176,"DNK":65.9334,"DJI":25.650301,"DMA":26.35807,"DOM":18.58597,"TLS":62.91104,"ECU":18.864943,"EGY":11.2261,"SLV":11.957071,"SWZ":32.050945,"FJI":24.502342,"FIN":53.75888,"FRA":93.813644,"PYF":49.852318,"GAB":44.626293,"GMB":10.151548,"DEU":87.55085,"GHA":8.089274,"GRC":63.21945,"GRD":27.908966,"GTM":11.999242,"GIN":4.7485156,"GNB":13.957078,"GUY":25.311928,"HTI":12.917555,"HND":10.214876,"HKG":70.06639,"HUN":102.68608,"ISL":64.882195,"IND":3.6634,"IDN":4.2014966,"IRN":17.107523,"IRQ":10.583078,"IRL":82.703384,"ISR":57.690395,"ITA":64.3043,"JAM":40.15092,"JPN":23.826052,"JOR":16.535408,"KEN":15.372153,"KIR":19.92848,"KWT":45.15106,"LAO":8.1971445,"LBN":23.459883,"LSO":15.866877,"LBR":9.829133,"MAC":59.5984,"MDG":22.16743,"MWI":4.962251,"MYS":23.344667,"MDV":3.9003925,"MLI":15.838773,"MLT":51.599747,"MRT":30.327406,"MUS":11.359448,"MEX":32.870697,"MNG":117.43433,"MAR":10.644356,"MOZ":5.6932235,"MMR":6.682066,"NAM":37.106735,"NPL":7.4235153,"NLD":68.432434,"ANT":108.40068,"NCL":57.470463,"NZL":145.8525,"NIC":25.741808,"NER":16.107922,"NGA":8.181132,"PRK":11.154874,"NOR":49.58498,"PAK":8.251329,"PAN":38.90974,"PRY":58.07576,"PER":22.40198,"PHL":13.8095045,"POL":71.7368,"PRT":42.41612,"ROU":54.707558,"RWA":4.45642,"KNA":32.62144,"LCA":34.047688,"VCT":21.888203,"WSM":31.237185,"STP":5.0652695,"SAU":38.42077,"SEN":10.872434,"SLE":4.6817145,"SLB":14.172144,"ZAF":36.37279,"KOR":7.2270055,"ESP":59.833416,"LKA":4.0014625,"SUR":33.19666,"SWE":61.824482,"CHE":76.43074,"TWN":38.294502,"TZA":9.9526205,"THA":17.509563,"TGO":7.1474547,"TTO":36.21695,"TUN":16.98259,"TUR":16.88262,"UGA":10.901878,"ARE":75.01844,"GBR":67.351166,"USA":109.19099,"URY":100.48356,"VUT":43.85882,"VEN":40.51046,"VNM":8.770865,"YEM":6.1592445,"ZMB":15.554094,"ZWE":13.118841}