{"AFG":17.165995,"ALB":13.883148,"DZA":10.46604,"AGO":13.134004,"ATG":23.120754,"ARG":109.90918,"AUS":126.03528,"AUT":89.39106,"BHS":59.64767,"BGD":2.984509,"BRB":75.85805,"BLZ":35.262096,"BEN":9.813292,"BMU":107.20392,"BOL":33.503696,"BWA":17.05538,"BRA":33.983646,"BRN":41.894768,"BGR":57.943165,"BFA":7.3856754,"KHM":6.1213665,"CMR":14.135874,"CAN":98.15307,"CPV":4.3699236,"CAF":16.486755,"TCD":10.795484,"CHL":24.676376,"CHN":9.6328335,"COL":29.129337,"COG":11.256035,"CRI":28.992891,"CIV":22.120329,"CUB":35.197235,"CYP":43.787415,"DNK":66.597084,"DJI":21.289799,"DMA":30.661936,"DOM":19.16077,"TLS":57.2084,"ECU":19.441545,"EGY":11.28047,"SLV":12.991833,"SWZ":29.558456,"FJI":28.028858,"FIN":54.17479,"FRA":95.01472,"PYF":51.489803,"GAB":48.658577,"GMB":9.39402,"DEU":88.64036,"GHA":8.759471,"GRC":62.665775,"GRD":27.325287,"GTM":10.199974,"GIN":4.591939,"GNB":13.956708,"GUY":23.352863,"HTI":12.203934,"HND":11.073091,"HKG":74.60839,"HUN":103.42047,"ISL":65.64672,"IND":3.652376,"IDN":4.1110926,"IRN":18.940556,"IRQ":11.9950905,"IRL":79.97205,"ISR":63.016556,"ITA":66.18583,"JAM":39.048927,"JPN":25.524227,"JOR":17.821823,"KEN":18.56547,"KIR":22.807663,"KWT":52.88312,"LAO":7.125209,"LBN":27.539711,"LSO":15.829882,"LBR":10.533219,"MAC":64.217735,"MDG":17.72029,"MWI":5.148145,"MYS":21.90492,"MDV":3.8503911,"MLI":16.199745,"MLT":53.028004,"MRT":31.742563,"MUS":14.899123,"MEX":34.794136,"MNG":110.710144,"MAR":11.929705,"MOZ":5.8559976,"MMR":6.62992,"NAM":40.57649,"NPL":7.6344686,"NLD":67.28912,"ANT":119.07914,"NCL":58.009308,"NZL":107.25174,"NIC":27.796192,"NER":21.64796,"NGA":7.9725146,"PRK":11.736131,"NOR":50.49427,"PAK":8.388395,"PAN":38.501057,"PRY":63.95853,"PER":22.040903,"PHL":12.849252,"POL":71.68549,"PRT":46.98398,"ROU":57.32634,"RWA":4.6401577,"KNA":32.246582,"LCA":40.280067,"VCT":22.441063,"WSM":42.16535,"STP":3.8776338,"SAU":45.98939,"SEN":11.451905,"SLE":4.7264967,"SLB":14.191563,"ZAF":35.865326,"KOR":8.363865,"ESP":60.616524,"LKA":3.6773646,"SUR":33.455658,"SWE":60.86793,"CHE":79.235176,"TWN":43.963074,"TZA":10.522277,"THA":18.149206,"TGO":7.360127,"TTO":38.51495,"TUN":17.016392,"TUR":16.907335,"UGA":11.79614,"ARE":67.78045,"GBR":67.786255,"USA":108.895164,"URY":99.94451,"VUT":37.81383,"VEN":41.231007,"VNM":8.741971,"YEM":8.410183,"ZMB":15.054323,"ZWE":12.928297}