{"AFG":17.223154,"ALB":15.054065,"DZA":9.905266,"AGO":12.686445,"ATG":33.762547,"ARG":112.533165,"AUS":130.1372,"AUT":92.000725,"BHS":65.83483,"BGD":3.450062,"BRB":78.89555,"BLZ":36.322906,"BEN":10.081123,"BMU":108.98954,"BOL":33.109818,"BWA":15.645784,"BRA":36.928043,"BRN":37.584476,"BGR":59.885338,"BFA":7.461467,"KHM":5.7624855,"CMR":14.187208,"CAN":96.37523,"CPV":5.0356936,"CAF":16.962547,"TCD":12.001388,"CHL":26.55071,"CHN":10.33136,"COL":30.055048,"COG":11.916695,"CRI":24.795559,"CIV":22.707594,"CUB":32.993256,"CYP":46.491188,"DNK":72.83642,"DJI":20.621906,"DMA":31.465336,"DOM":21.12707,"TLS":55.148796,"ECU":21.363668,"EGY":11.389607,"SLV":13.477082,"SWZ":30.442049,"FJI":30.0868,"FIN":53.804596,"FRA":97.149475,"PYF":50.349712,"GAB":50.889828,"GMB":9.08484,"DEU":92.766525,"GHA":8.984774,"GRC":67.40922,"GRD":31.655695,"GTM":10.234919,"GIN":4.5604596,"GNB":13.523803,"GUY":20.715439,"HTI":13.032873,"HND":13.124429,"HKG":76.62714,"HUN":108.27315,"ISL":73.29744,"IND":3.663744,"IDN":4.059513,"IRN":19.690393,"IRQ":12.624694,"IRL":76.31736,"ISR":54.943604,"ITA":69.44812,"JAM":41.325,"JPN":27.599724,"JOR":22.236595,"KEN":19.228529,"KIR":21.050802,"KWT":52.445297,"LAO":6.8809586,"LBN":27.631071,"LSO":16.241302,"LBR":10.884749,"MAC":72.04125,"MDG":26.272747,"MWI":5.2464185,"MYS":22.888811,"MDV":3.8143294,"MLI":17.198246,"MLT":57.644905,"MRT":33.16837,"MUS":16.493542,"MEX":35.19334,"MNG":121.348946,"MAR":12.254656,"MOZ":6.3615227,"MMR":6.7802467,"NAM":42.27279,"NPL":7.7472377,"NLD":67.87059,"ANT":106.7269,"NCL":53.638885,"NZL":129.19313,"NIC":23.121984,"NER":21.503458,"NGA":8.55282,"PRK":11.987098,"NOR":50.04708,"PAK":8.477138,"PAN":36.248665,"PRY":61.70273,"PER":19.642317,"PHL":13.575992,"POL":73.35039,"PRT":43.373543,"ROU":60.34296,"RWA":4.7322793,"KNA":37.27641,"LCA":47.080784,"VCT":23.723013,"WSM":43.856865,"STP":3.6744874,"SAU":47.791992,"SEN":11.666675,"SLE":5.2305784,"SLB":14.718069,"ZAF":36.025494,"KOR":10.999849,"ESP":64.02537,"LKA":3.4019403,"SUR":41.054855,"SWE":61.501797,"CHE":79.97545,"TWN":44.985947,"TZA":10.391073,"THA":22.089478,"TGO":7.2320585,"TTO":43.783596,"TUN":16.051304,"TUR":16.754168,"UGA":11.8253355,"ARE":67.82282,"GBR":70.437126,"USA":107.06263,"URY":93.98539,"VUT":36.789234,"VEN":45.73799,"VNM":8.892479,"YEM":11.057921,"ZMB":14.608977,"ZWE":12.838692}