{"AFG":17.193085,"ALB":15.290504,"DZA":10.145763,"AGO":12.380057,"ATG":34.220726,"ARG":109.76346,"AUS":113.45193,"AUT":94.335,"BHS":73.91827,"BGD":3.4642181,"BRB":77.80195,"BLZ":38.988377,"BEN":10.292515,"BMU":117.275955,"BOL":33.82473,"BWA":13.779512,"BRA":39.19904,"BRN":42.264923,"BGR":63.05704,"BFA":7.723613,"KHM":4.9533606,"CMR":14.201134,"CAN":95.25216,"CPV":6.30496,"CAF":16.478489,"TCD":13.080335,"CHL":28.142246,"CHN":12.3242235,"COL":30.80835,"COG":12.74219,"CRI":29.795702,"CIV":22.147247,"CUB":32.101513,"CYP":49.58852,"DNK":72.116035,"DJI":21.460308,"DMA":30.101538,"DOM":22.677599,"TLS":49.00309,"ECU":21.992739,"EGY":11.33196,"SLV":13.76526,"SWZ":30.901598,"FJI":28.149332,"FIN":55.943123,"FRA":100.247246,"PYF":56.770462,"GAB":51.69407,"GMB":8.854089,"DEU":93.85472,"GHA":9.152433,"GRC":67.383545,"GRD":33.044067,"GTM":9.982249,"GIN":4.4416385,"GNB":13.590217,"GUY":18.729216,"HTI":12.174247,"HND":11.928531,"HKG":77.41583,"HUN":105.829254,"ISL":73.79674,"IND":3.6942391,"IDN":4.427871,"IRN":18.974344,"IRQ":13.750886,"IRL":77.91061,"ISR":64.50934,"ITA":72.00902,"JAM":34.95932,"JPN":29.775276,"JOR":21.76293,"KEN":18.628288,"KIR":22.338684,"KWT":54.724064,"LAO":7.8036942,"LBN":33.21209,"LSO":16.62707,"LBR":10.676762,"MAC":81.59786,"MDG":22.58067,"MWI":4.889589,"MYS":22.73504,"MDV":3.7132418,"MLI":16.296965,"MLT":55.320934,"MRT":33.19665,"MUS":18.565033,"MEX":35.15882,"MNG":117.09701,"MAR":12.417445,"MOZ":6.076304,"MMR":7.1183763,"NAM":43.60982,"NPL":7.813497,"NLD":72.52048,"ANT":125.96016,"NCL":54.45316,"NZL":102.67678,"NIC":20.73716,"NER":19.854761,"NGA":8.915031,"PRK":12.50313,"NOR":50.628914,"PAK":8.608069,"PAN":35.923172,"PRY":67.01173,"PER":18.93164,"PHL":15.852089,"POL":76.01901,"PRT":43.49258,"ROU":64.75469,"RWA":4.7875056,"KNA":38.802174,"LCA":49.519596,"VCT":26.793306,"WSM":39.232437,"STP":3.3619347,"SAU":56.106434,"SEN":11.767217,"SLE":5.4289727,"SLB":14.380903,"ZAF":35.795235,"KOR":14.546307,"ESP":65.697525,"LKA":3.4684124,"SUR":40.13379,"SWE":63.179527,"CHE":82.36037,"TWN":51.35068,"TZA":10.092505,"THA":20.190891,"TGO":6.864667,"TTO":38.12163,"TUN":13.945642,"TUR":14.78912,"UGA":11.783561,"ARE":78.74923,"GBR":72.60735,"USA":106.76185,"URY":89.04993,"VUT":37.149944,"VEN":44.5737,"VNM":9.183457,"YEM":13.074932,"ZMB":14.143116,"ZWE":11.274888}