{"AFG":18.134705,"ALB":15.277631,"DZA":11.146708,"AGO":13.529748,"ATG":44.12763,"ARG":111.13844,"AUS":110.55969,"AUT":94.842766,"BHS":89.56657,"BGD":2.3620017,"BRB":78.24405,"BLZ":38.46366,"BEN":10.637043,"BMU":122.924034,"BOL":38.494473,"BWA":15.265522,"BRA":41.18014,"BRN":49.276333,"BGR":60.557304,"BFA":7.522299,"KHM":4.7280626,"CMR":14.00836,"CAN":97.67922,"CPV":6.2023444,"CAF":17.974583,"TCD":13.192805,"CHL":30.633564,"CHN":13.631809,"COL":30.325022,"COG":12.1174135,"CRI":29.690798,"CIV":21.578209,"CUB":33.543003,"CYP":49.979942,"DNK":79.06878,"DJI":23.72237,"DMA":29.281006,"DOM":24.772264,"TLS":43.663708,"ECU":20.30064,"EGY":13.004088,"SLV":13.90998,"SWZ":32.88593,"FJI":27.715134,"FIN":57.78567,"FRA":100.86989,"PYF":49.55772,"GAB":53.441486,"GMB":8.612606,"DEU":95.99505,"GHA":9.6971,"GRC":64.809975,"GRD":31.767561,"GTM":10.907015,"GIN":4.399334,"GNB":13.710367,"GUY":18.924006,"HTI":11.314059,"HND":13.6477585,"HKG":84.68335,"HUN":109.56798,"ISL":68.33594,"IND":3.742169,"IDN":4.5127883,"IRN":20.459007,"IRQ":17.46805,"IRL":78.90371,"ISR":52.275715,"ITA":75.26418,"JAM":37.559334,"JPN":29.556107,"JOR":21.74625,"KEN":17.752302,"KIR":21.282492,"KWT":53.94571,"LAO":9.320802,"LBN":34.42059,"LSO":16.661222,"LBR":12.225817,"MAC":81.46423,"MDG":22.416155,"MWI":5.0469146,"MYS":24.76262,"MDV":3.606076,"MLI":16.241583,"MLT":60.15189,"MRT":34.41506,"MUS":16.045654,"MEX":37.71655,"MNG":111.29315,"MAR":12.300649,"MOZ":6.158711,"MMR":7.294001,"NAM":43.598305,"NPL":8.194575,"NLD":72.26176,"ANT":121.367584,"NCL":55.577003,"NZL":110.55371,"NIC":18.486326,"NER":22.495626,"NGA":10.210767,"PRK":12.907463,"NOR":52.0768,"PAK":8.66993,"PAN":40.97836,"PRY":68.637436,"PER":14.353532,"PHL":16.593925,"POL":76.76889,"PRT":44.84633,"ROU":63.2019,"RWA":4.878572,"KNA":40.556385,"LCA":43.806644,"VCT":27.558933,"WSM":39.347675,"STP":6.101174,"SAU":65.75024,"SEN":10.479434,"SLE":5.024484,"SLB":15.073504,"ZAF":35.50053,"KOR":12.931707,"ESP":70.29645,"LKA":3.5739892,"SUR":39.086876,"SWE":63.614056,"CHE":85.14595,"TWN":46.793476,"TZA":9.299791,"THA":19.051353,"TGO":6.657724,"TTO":42.365055,"TUN":15.220491,"TUR":14.967685,"UGA":10.975311,"ARE":91.9356,"GBR":70.90846,"USA":108.46954,"URY":96.24326,"VUT":40.891747,"VEN":45.550507,"VNM":9.454524,"YEM":11.624337,"ZMB":14.247604,"ZWE":13.157107}