{"AFG":20.633652,"ALB":15.81853,"DZA":11.819294,"AGO":13.264291,"ATG":53.436604,"ARG":110.04164,"AUS":109.18469,"AUT":99.96762,"BHS":86.69018,"BGD":2.3654256,"BRB":91.09143,"BLZ":40.788967,"BEN":10.940801,"BMU":114.75749,"BOL":36.782883,"BWA":16.202837,"BRA":40.41771,"BRN":59.47508,"BGR":64.62324,"BFA":7.5032105,"KHM":5.988495,"CMR":12.784418,"CAN":97.24202,"CPV":6.4256887,"CAF":19.392895,"TCD":14.268611,"CHL":34.647346,"CHN":14.04498,"COL":30.929369,"COG":12.555862,"CRI":27.358248,"CIV":21.765118,"CUB":35.571964,"CYP":52.307972,"DNK":74.89928,"DJI":21.30483,"DMA":32.792725,"DOM":21.151863,"TLS":43.457184,"ECU":19.54995,"EGY":14.553005,"SLV":12.397925,"SWZ":36.153584,"FJI":29.645233,"FIN":55.793373,"FRA":98.265724,"PYF":52.135536,"GAB":55.507004,"GMB":8.481232,"DEU":96.048134,"GHA":9.930567,"GRC":60.984512,"GRD":36.703377,"GTM":9.970805,"GIN":4.392246,"GNB":13.984588,"GUY":18.578962,"HTI":10.395472,"HND":14.586968,"HKG":87.64883,"HUN":112.378784,"ISL":77.40243,"IND":3.7701488,"IDN":4.7448454,"IRN":21.034151,"IRQ":20.53647,"IRL":81.9591,"ISR":56.22817,"ITA":74.99981,"JAM":37.098812,"JPN":30.041445,"JOR":30.084618,"KEN":15.708356,"KIR":18.240984,"KWT":52.173386,"LAO":9.898837,"LBN":33.723877,"LSO":16.002287,"LBR":12.165825,"MAC":76.96241,"MDG":23.185953,"MWI":5.6802497,"MYS":24.985794,"MDV":3.5730548,"MLI":16.859838,"MLT":53.16211,"MRT":34.757336,"MUS":14.247881,"MEX":39.960228,"MNG":111.39646,"MAR":13.482575,"MOZ":6.0538406,"MMR":7.6917353,"NAM":35.15051,"NPL":8.735172,"NLD":70.563354,"ANT":146.35994,"NCL":51.996986,"NZL":102.00617,"NIC":18.410757,"NER":23.020483,"NGA":9.507551,"PRK":13.344911,"NOR":49.763187,"PAK":8.716649,"PAN":42.96789,"PRY":69.31054,"PER":16.02042,"PHL":17.170033,"POL":67.116135,"PRT":46.772934,"ROU":60.861465,"RWA":5.028231,"KNA":47.56864,"LCA":49.86838,"VCT":27.976536,"WSM":36.64518,"STP":5.1281443,"SAU":65.07651,"SEN":11.76838,"SLE":5.0708246,"SLB":13.889905,"ZAF":34.096096,"KOR":12.764213,"ESP":75.50459,"LKA":3.5799925,"SUR":41.853825,"SWE":63.016518,"CHE":83.88784,"TWN":47.53053,"TZA":9.5412445,"THA":20.26135,"TGO":7.4903617,"TTO":40.23753,"TUN":15.894588,"TUR":16.375584,"UGA":10.874036,"ARE":93.262276,"GBR":69.53521,"USA":108.59184,"URY":97.580765,"VUT":34.572666,"VEN":48.025936,"VNM":11.602112,"YEM":13.942404,"ZMB":13.625677,"ZWE":13.106982}