{"AFG":22.64409,"ALB":15.452206,"DZA":13.2717495,"AGO":14.140288,"ATG":56.124657,"ARG":94.66138,"AUS":111.961716,"AUT":96.57762,"BHS":93.934105,"BGD":2.3825471,"BRB":91.87208,"BLZ":41.174347,"BEN":11.679722,"BMU":111.83763,"BOL":35.621017,"BWA":14.368105,"BRA":38.903603,"BRN":60.007214,"BGR":64.55085,"BFA":8.5035515,"KHM":10.600125,"CMR":12.727195,"CAN":94.64881,"CPV":8.748562,"CAF":20.74093,"TCD":13.983327,"CHL":33.9173,"CHN":14.71468,"COL":29.339216,"COG":14.349108,"CRI":27.260954,"CIV":20.763798,"CUB":34.894367,"CYP":54.217197,"DNK":70.690414,"DJI":18.630407,"DMA":32.70109,"DOM":20.055384,"TLS":43.618126,"ECU":20.026354,"EGY":14.621524,"SLV":12.120403,"SWZ":33.169765,"FJI":28.250696,"FIN":58.14935,"FRA":97.49646,"PYF":53.183617,"GAB":59.800404,"GMB":7.962923,"DEU":93.93886,"GHA":10.431477,"GRC":67.56704,"GRD":34.491146,"GTM":11.026458,"GIN":4.3643355,"GNB":14.075621,"GUY":14.31253,"HTI":11.109424,"HND":12.72158,"HKG":91.76468,"HUN":113.3053,"ISL":73.24218,"IND":3.9907277,"IDN":4.840137,"IRN":20.711401,"IRQ":22.937536,"IRL":88.15375,"ISR":60.96565,"ITA":74.982445,"JAM":37.433723,"JPN":30.401108,"JOR":30.841629,"KEN":16.40046,"KIR":18.333227,"KWT":65.24787,"LAO":9.903563,"LBN":35.539253,"LSO":18.738056,"LBR":12.733238,"MAC":83.822655,"MDG":22.006495,"MWI":5.660245,"MYS":25.969934,"MDV":4.1453247,"MLI":16.716509,"MLT":58.377686,"MRT":33.048325,"MUS":14.639801,"MEX":40.609898,"MNG":105.47316,"MAR":13.328959,"MOZ":5.96384,"MMR":7.991118,"NAM":31.98259,"NPL":9.36239,"NLD":74.36385,"ANT":126.541336,"NCL":54.0011,"NZL":104.80722,"NIC":18.020842,"NER":21.971975,"NGA":9.996573,"PRK":13.240965,"NOR":46.264072,"PAK":8.763013,"PAN":43.706554,"PRY":68.34231,"PER":16.840677,"PHL":16.048792,"POL":60.390354,"PRT":46.646572,"ROU":57.12511,"RWA":4.8977027,"KNA":47.093937,"LCA":52.224915,"VCT":34.520973,"WSM":41.999687,"STP":6.71085,"SAU":69.92453,"SEN":11.733994,"SLE":5.170193,"SLB":16.42389,"ZAF":35.485725,"KOR":14.707482,"ESP":78.353645,"LKA":3.5689154,"SUR":42.891605,"SWE":60.214233,"CHE":85.33627,"TWN":48.93669,"TZA":9.666812,"THA":20.49946,"TGO":8.927132,"TTO":49.989014,"TUN":17.529959,"TUR":16.048038,"UGA":10.986777,"ARE":106.29527,"GBR":69.25797,"USA":105.72199,"URY":102.166756,"VUT":34.00567,"VEN":48.6091,"VNM":12.624303,"YEM":12.892729,"ZMB":13.865337,"ZWE":13.851552}