{"AFG":21.775047,"ALB":15.279705,"DZA":14.390268,"AGO":12.9458,"ATG":58.76401,"ARG":91.04507,"AUS":106.6355,"AUT":96.9294,"BHS":93.809,"BGD":2.4193802,"BRB":87.29957,"BLZ":43.40375,"BEN":13.801651,"BMU":114.505486,"BOL":36.898174,"BWA":11.300849,"BRA":39.02923,"BRN":60.77918,"BGR":66.6623,"BFA":9.2550745,"KHM":11.330828,"CMR":13.094594,"CAN":95.10573,"CPV":7.604373,"CAF":22.976006,"TCD":12.397208,"CHL":31.539265,"CHN":15.031324,"COL":28.166828,"COG":13.248817,"CRI":33.883995,"CIV":20.274649,"CUB":35.343216,"CYP":61.50798,"DNK":73.59515,"DJI":16.983017,"DMA":36.73068,"DOM":22.199999,"TLS":44.510773,"ECU":20.404943,"EGY":17.051304,"SLV":12.295483,"SWZ":34.839275,"FJI":29.76944,"FIN":57.42697,"FRA":96.68871,"PYF":55.388744,"GAB":58.514317,"GMB":7.73351,"DEU":95.32584,"GHA":11.001424,"GRC":71.66793,"GRD":34.593685,"GTM":10.755901,"GIN":4.4622936,"GNB":14.320178,"GUY":9.832954,"HTI":11.287325,"HND":10.160255,"HKG":92.75975,"HUN":114.81872,"ISL":73.697716,"IND":3.9764223,"IDN":5.558853,"IRN":20.921604,"IRQ":24.770658,"IRL":85.63483,"ISR":58.88642,"ITA":78.480255,"JAM":36.99582,"JPN":31.172682,"JOR":32.278206,"KEN":16.537779,"KIR":18.11835,"KWT":61.673817,"LAO":10.295541,"LBN":35.10968,"LSO":20.677502,"LBR":12.915428,"MAC":87.667336,"MDG":21.244461,"MWI":5.1066856,"MYS":26.874195,"MDV":4.1809525,"MLI":16.000765,"MLT":53.62079,"MRT":31.043667,"MUS":14.473543,"MEX":42.67785,"MNG":106.88277,"MAR":11.867331,"MOZ":6.026325,"MMR":8.079125,"NAM":25.738092,"NPL":9.45946,"NLD":70.83491,"ANT":134.5944,"NCL":53.42197,"NZL":89.35883,"NIC":18.358513,"NER":21.771347,"NGA":10.14971,"PRK":13.796256,"NOR":46.875202,"PAK":8.970288,"PAN":46.37622,"PRY":66.06024,"PER":16.871206,"PHL":16.413424,"POL":61.506607,"PRT":45.498337,"ROU":56.003323,"RWA":4.7022586,"KNA":51.42132,"LCA":52.601173,"VCT":35.095455,"WSM":35.130276,"STP":5.0694942,"SAU":78.06501,"SEN":11.350437,"SLE":5.090009,"SLB":13.885355,"ZAF":34.970028,"KOR":16.749098,"ESP":76.32156,"LKA":3.627097,"SUR":42.73792,"SWE":61.028633,"CHE":84.231155,"TWN":52.882126,"TZA":9.75031,"THA":19.942385,"TGO":8.031207,"TTO":49.49413,"TUN":17.333666,"TUR":15.118576,"UGA":10.925184,"ARE":96.30032,"GBR":69.08667,"USA":108.51286,"URY":83.26806,"VUT":35.67626,"VEN":45.929165,"VNM":14.039761,"YEM":11.351113,"ZMB":12.504848,"ZWE":12.390524}