{"AFG":20.285933,"ALB":14.706612,"DZA":15.535845,"AGO":13.215823,"ATG":67.18686,"ARG":96.23699,"AUS":106.69831,"AUT":98.75202,"BHS":97.38628,"BGD":2.3557544,"BRB":84.5252,"BLZ":42.95389,"BEN":12.91001,"BMU":113.341064,"BOL":33.9243,"BWA":27.463856,"BRA":36.945343,"BRN":55.820297,"BGR":65.20742,"BFA":8.914421,"KHM":12.906494,"CMR":14.593518,"CAN":93.68912,"CPV":7.5435534,"CAF":22.4791,"TCD":10.528444,"CHL":29.388275,"CHN":16.176868,"COL":29.496902,"COG":14.1332,"CRI":32.692142,"CIV":19.998606,"CUB":37.076206,"CYP":60.88803,"DNK":78.88887,"DJI":17.54671,"DMA":41.0478,"DOM":23.410975,"TLS":45.227757,"ECU":21.099314,"EGY":17.309824,"SLV":13.616027,"SWZ":28.63673,"FJI":29.734465,"FIN":58.436142,"FRA":97.56028,"PYF":58.490482,"GAB":60.143177,"GMB":7.3187633,"DEU":95.47262,"GHA":10.294846,"GRC":71.82721,"GRD":35.55037,"GTM":10.901459,"GIN":4.4495006,"GNB":14.293943,"GUY":9.745866,"HTI":11.565504,"HND":11.726542,"HKG":90.183464,"HUN":113.54333,"ISL":73.701805,"IND":3.951011,"IDN":5.8960876,"IRN":19.608936,"IRQ":26.66108,"IRL":90.51105,"ISR":62.44424,"ITA":78.799164,"JAM":38.76284,"JPN":32.133083,"JOR":33.61012,"KEN":16.133774,"KIR":18.392214,"KWT":57.519615,"LAO":10.707859,"LBN":31.857735,"LSO":19.853424,"LBR":10.375344,"MAC":81.497154,"MDG":21.25,"MWI":4.8488064,"MYS":27.83188,"MDV":4.227738,"MLI":16.13447,"MLT":52.876152,"MRT":29.459139,"MUS":14.792351,"MEX":41.412663,"MNG":102.96537,"MAR":11.74831,"MOZ":5.9488335,"MMR":8.171859,"NAM":27.674927,"NPL":9.493446,"NLD":74.09296,"ANT":125.11797,"NCL":51.57537,"NZL":103.0349,"NIC":18.829834,"NER":17.911583,"NGA":10.166578,"PRK":13.721341,"NOR":47.42152,"PAK":9.273605,"PAN":45.400547,"PRY":67.567474,"PER":14.996345,"PHL":16.169086,"POL":60.027687,"PRT":41.801014,"ROU":60.930855,"RWA":4.452894,"KNA":49.62168,"LCA":55.323605,"VCT":38.285706,"WSM":41.426456,"STP":5.4158444,"SAU":67.64966,"SEN":10.945982,"SLE":4.6805153,"SLB":15.240321,"ZAF":35.21449,"KOR":17.401224,"ESP":77.853905,"LKA":3.779728,"SUR":40.217056,"SWE":57.662827,"CHE":84.75102,"TWN":55.15454,"TZA":9.979669,"THA":20.104021,"TGO":9.261034,"TTO":47.78786,"TUN":18.518759,"TUR":20.110071,"UGA":10.941584,"ARE":87.63941,"GBR":69.76382,"USA":108.806366,"URY":83.31569,"VUT":39.191425,"VEN":44.706726,"VNM":14.302767,"YEM":13.942093,"ZMB":11.36677,"ZWE":11.128125}