{"AFG":18.372778,"ALB":15.459951,"DZA":16.204693,"AGO":13.124512,"ATG":69.34464,"ARG":104.72226,"AUS":111.88298,"AUT":95.17686,"BHS":96.40636,"BGD":2.6333797,"BRB":88.34317,"BLZ":42.244156,"BEN":13.310622,"BMU":106.2848,"BOL":34.864635,"BWA":21.208357,"BRA":37.967163,"BRN":58.111115,"BGR":67.71865,"BFA":9.766339,"KHM":14.514845,"CMR":15.1114645,"CAN":96.14577,"CPV":9.442986,"CAF":22.64042,"TCD":10.681034,"CHL":27.707056,"CHN":18.032288,"COL":29.533932,"COG":13.13435,"CRI":38.694912,"CIV":19.68776,"CUB":38.371113,"CYP":62.285545,"DNK":83.44567,"DJI":17.215185,"DMA":38.325993,"DOM":23.639135,"TLS":48.504963,"ECU":22.512915,"EGY":16.89977,"SLV":13.269838,"SWZ":27.483065,"FJI":30.053318,"FIN":60.686756,"FRA":97.67631,"PYF":61.771076,"GAB":61.848503,"GMB":7.440349,"DEU":97.35416,"GHA":10.016291,"GRC":69.37047,"GRD":35.15251,"GTM":11.48193,"GIN":4.2899585,"GNB":14.364041,"GUY":8.236593,"HTI":11.352043,"HND":12.566947,"HKG":94.13031,"HUN":113.88728,"ISL":79.0542,"IND":4.006584,"IDN":6.2732935,"IRN":18.36771,"IRQ":26.209229,"IRL":88.408165,"ISR":59.84225,"ITA":78.38471,"JAM":34.274647,"JPN":33.494633,"JOR":39.3391,"KEN":16.187288,"KIR":17.49722,"KWT":52.25833,"LAO":9.5884075,"LBN":29.51261,"LSO":18.34565,"LBR":12.541404,"MAC":87.04568,"MDG":21.41968,"MWI":4.0898647,"MYS":30.169373,"MDV":4.1699004,"MLI":15.456076,"MLT":65.535286,"MRT":29.6488,"MUS":15.34309,"MEX":39.76812,"MNG":98.36462,"MAR":11.142046,"MOZ":5.9525614,"MMR":8.272751,"NAM":28.50251,"NPL":9.523261,"NLD":77.613,"ANT":81.047035,"NCL":53.00801,"NZL":105.64135,"NIC":17.276392,"NER":14.6750765,"NGA":10.159401,"PRK":14.202849,"NOR":49.437572,"PAK":9.639509,"PAN":44.742767,"PRY":68.09402,"PER":15.07487,"PHL":12.8105955,"POL":63.59353,"PRT":43.478546,"ROU":59.49923,"RWA":4.6157904,"KNA":54.497543,"LCA":57.286915,"VCT":40.900063,"WSM":62.768036,"STP":4.9478693,"SAU":66.48576,"SEN":11.37654,"SLE":4.787277,"SLB":15.503916,"ZAF":35.41884,"KOR":18.11071,"ESP":77.48954,"LKA":3.5796099,"SUR":44.490547,"SWE":58.335247,"CHE":86.17034,"TWN":58.419582,"TZA":10.186188,"THA":22.273958,"TGO":8.93048,"TTO":45.632088,"TUN":18.938063,"TUR":19.715008,"UGA":11.017454,"ARE":85.8788,"GBR":70.68533,"USA":110.421974,"URY":81.30385,"VUT":39.16702,"VEN":44.8615,"VNM":14.417339,"YEM":14.046152,"ZMB":11.959776,"ZWE":11.0051155}