{"AFG":17.267632,"ALB":14.091302,"DZA":16.599571,"AGO":12.64929,"ATG":71.38757,"ARG":95.88024,"AUS":111.8223,"AUT":97.086945,"BHS":98.41291,"BGD":2.6422184,"BRB":89.64766,"BLZ":40.448654,"BEN":11.244065,"BMU":101.8867,"BOL":32.51269,"BWA":15.027721,"BRA":44.148045,"BRN":52.965916,"BGR":70.04938,"BFA":10.119947,"KHM":14.333585,"CMR":16.348785,"CAN":95.84538,"CPV":10.766999,"CAF":23.067469,"TCD":16.554506,"CHL":27.742027,"CHN":18.763138,"COL":29.75252,"COG":12.864675,"CRI":30.168919,"CIV":19.419844,"CUB":37.59757,"CYP":65.21975,"DNK":94.2367,"DJI":17.206629,"DMA":44.652786,"DOM":23.07816,"TLS":48.415493,"ECU":23.492006,"EGY":16.577322,"SLV":14.142679,"SWZ":26.119383,"FJI":33.407997,"FIN":61.194122,"FRA":95.593376,"PYF":65.03594,"GAB":58.70756,"GMB":7.2494545,"DEU":98.08471,"GHA":9.825076,"GRC":70.28414,"GRD":39.99711,"GTM":12.900744,"GIN":3.2265325,"GNB":14.299852,"GUY":8.612896,"HTI":11.286345,"HND":10.088432,"HKG":97.62272,"HUN":116.015236,"ISL":82.00054,"IND":4.0013285,"IDN":6.6435413,"IRN":19.412731,"IRQ":26.062317,"IRL":88.71284,"ISR":51.332973,"ITA":79.196625,"JAM":38.08014,"JPN":34.625698,"JOR":38.18711,"KEN":16.015108,"KIR":16.536083,"KWT":61.166855,"LAO":10.628125,"LBN":29.184113,"LSO":18.394312,"LBR":11.816474,"MAC":76.62726,"MDG":21.528198,"MWI":5.1789284,"MYS":30.291916,"MDV":3.8395727,"MLI":16.59572,"MLT":54.535175,"MRT":31.264536,"MUS":17.46793,"MEX":40.210148,"MNG":100.14507,"MAR":13.027943,"MOZ":5.6518564,"MMR":8.185022,"NAM":30.036568,"NPL":9.528085,"NLD":76.26356,"ANT":80.86239,"NCL":53.717224,"NZL":120.046165,"NIC":15.833501,"NER":15.811567,"NGA":8.479917,"PRK":14.45397,"NOR":52.309147,"PAK":10.377837,"PAN":45.36935,"PRY":57.912,"PER":17.990183,"PHL":13.951748,"POL":70.604324,"PRT":45.33033,"ROU":55.957714,"RWA":4.334815,"KNA":67.25326,"LCA":66.36099,"VCT":44.621784,"WSM":55.497303,"STP":5.756052,"SAU":70.9559,"SEN":12.381953,"SLE":4.9062796,"SLB":13.899573,"ZAF":32.800163,"KOR":17.843391,"ESP":78.64668,"LKA":3.2646503,"SUR":39.13479,"SWE":57.547142,"CHE":86.40366,"TWN":59.284267,"TZA":10.257189,"THA":20.102224,"TGO":10.42977,"TTO":40.279137,"TUN":18.888256,"TUR":22.332144,"UGA":9.019729,"ARE":80.3461,"GBR":71.76102,"USA":110.76008,"URY":75.524,"VUT":37.054665,"VEN":43.282448,"VNM":14.906979,"YEM":13.052108,"ZMB":11.831623,"ZWE":12.343854}