{"AFG":18.205467,"ALB":14.200454,"DZA":16.554628,"AGO":14.1440525,"ATG":76.28275,"ARG":97.02587,"AUS":112.05692,"AUT":98.73297,"BHS":97.92469,"BGD":2.6916595,"BRB":91.018005,"BLZ":44.853367,"BEN":11.010057,"BMU":106.14445,"BOL":33.69763,"BWA":20.12703,"BRA":44.63878,"BRN":60.60545,"BGR":70.34669,"BFA":10.346912,"KHM":14.705747,"CMR":16.701044,"CAN":94.786026,"CPV":11.935417,"CAF":24.861664,"TCD":16.017248,"CHL":30.07254,"CHN":20.117367,"COL":29.665882,"COG":12.291207,"CRI":34.222885,"CIV":18.682514,"CUB":36.26605,"CYP":67.46312,"DNK":96.070915,"DJI":15.432793,"DMA":49.416134,"DOM":25.221024,"TLS":47.707752,"ECU":22.91829,"EGY":17.168068,"SLV":12.208823,"SWZ":28.819788,"FJI":32.562344,"FIN":63.200718,"FRA":98.16451,"PYF":66.9144,"GAB":55.903545,"GMB":8.151373,"DEU":99.71507,"GHA":9.698622,"GRC":73.11816,"GRD":43.401375,"GTM":13.664136,"GIN":3.6539886,"GNB":14.492529,"GUY":9.632508,"HTI":10.608402,"HND":13.77828,"HKG":98.734955,"HUN":117.31719,"ISL":68.23382,"IND":4.1576777,"IDN":6.761125,"IRN":18.441683,"IRQ":26.020363,"IRL":89.84409,"ISR":54.93798,"ITA":82.160355,"JAM":40.47791,"JPN":36.244,"JOR":36.555412,"KEN":16.43581,"KIR":19.265654,"KWT":63.070805,"LAO":10.637852,"LBN":28.546627,"LSO":18.703354,"LBR":13.597793,"MAC":69.68578,"MDG":20.873005,"MWI":5.041436,"MYS":33.024727,"MDV":3.8151903,"MLI":16.252127,"MLT":64.7054,"MRT":30.820293,"MUS":21.264088,"MEX":39.143246,"MNG":99.05684,"MAR":15.658415,"MOZ":5.6743684,"MMR":8.341292,"NAM":27.38728,"NPL":9.457015,"NLD":77.44669,"ANT":93.09667,"NCL":59.805325,"NZL":111.5895,"NIC":13.102534,"NER":16.435238,"NGA":8.417774,"PRK":14.746112,"NOR":53.046185,"PAK":10.625785,"PAN":44.258488,"PRY":59.29238,"PER":19.389694,"PHL":14.737026,"POL":71.60875,"PRT":49.27772,"ROU":59.01332,"RWA":4.114815,"KNA":66.84007,"LCA":68.54634,"VCT":48.414806,"WSM":62.66355,"STP":5.1087475,"SAU":70.49023,"SEN":12.741628,"SLE":4.8533287,"SLB":12.415916,"ZAF":33.875607,"KOR":19.318062,"ESP":82.29838,"LKA":3.3878715,"SUR":32.925922,"SWE":58.563793,"CHE":85.81592,"TWN":62.20069,"TZA":10.048415,"THA":20.892511,"TGO":10.324099,"TTO":35.06371,"TUN":18.8641,"TUR":20.343773,"UGA":9.005152,"ARE":80.89582,"GBR":73.71186,"USA":111.603714,"URY":84.44288,"VUT":35.505154,"VEN":42.46358,"VNM":15.987844,"YEM":11.25163,"ZMB":11.805913,"ZWE":11.656522}