{"AFG":18.617346,"ALB":16.218348,"DZA":16.817137,"AGO":13.197753,"ATG":83.10444,"ARG":89.22001,"AUS":110.419365,"AUT":104.02612,"BHS":100.807556,"BGD":2.714884,"BRB":87.15954,"BLZ":48.940327,"BEN":9.761708,"BMU":110.074936,"BOL":36.541218,"BWA":22.316267,"BRA":45.005238,"BRN":58.91233,"BGR":73.95675,"BFA":10.541857,"KHM":16.292315,"CMR":15.940388,"CAN":96.1602,"CPV":13.478427,"CAF":25.84943,"TCD":16.5408,"CHL":32.865448,"CHN":21.938858,"COL":33.314293,"COG":14.814413,"CRI":35.69167,"CIV":19.25945,"CUB":37.448196,"CYP":69.9271,"DNK":96.985146,"DJI":14.72946,"DMA":49.83972,"DOM":28.11731,"TLS":47.52818,"ECU":23.349495,"EGY":16.050327,"SLV":12.900351,"SWZ":26.239113,"FJI":31.885273,"FIN":63.78919,"FRA":97.604515,"PYF":72.03547,"GAB":54.798042,"GMB":8.324321,"DEU":99.51482,"GHA":9.57822,"GRC":69.77308,"GRD":39.599483,"GTM":13.88443,"GIN":4.3234468,"GNB":14.542351,"GUY":10.739199,"HTI":9.881825,"HND":14.15866,"HKG":102.66607,"HUN":112.64661,"ISL":69.71417,"IND":4.132167,"IDN":7.0423536,"IRN":18.003752,"IRQ":26.012085,"IRL":92.10616,"ISR":61.42632,"ITA":83.07686,"JAM":39.635925,"JPN":37.616608,"JOR":40.78883,"KEN":17.04085,"KIR":17.674574,"KWT":62.333633,"LAO":9.912665,"LBN":31.003738,"LSO":18.701471,"LBR":10.8546915,"MAC":71.48346,"MDG":21.336056,"MWI":4.607686,"MYS":32.18857,"MDV":3.6865513,"MLI":17.086641,"MLT":60.430756,"MRT":30.7094,"MUS":21.654621,"MEX":39.069782,"MNG":94.56872,"MAR":16.708544,"MOZ":5.8503623,"MMR":8.498802,"NAM":28.705893,"NPL":9.592208,"NLD":79.68293,"ANT":83.797455,"NCL":48.843884,"NZL":108.17088,"NIC":11.205148,"NER":16.934591,"NGA":8.118553,"PRK":15.189009,"NOR":50.575962,"PAK":10.994588,"PAN":38.239555,"PRY":66.12091,"PER":18.461962,"PHL":15.598918,"POL":73.566185,"PRT":51.145763,"ROU":55.43854,"RWA":4.2874165,"KNA":69.47766,"LCA":63.646004,"VCT":45.85383,"WSM":57.54918,"STP":3.8688383,"SAU":67.999695,"SEN":12.322812,"SLE":4.8272457,"SLB":11.979003,"ZAF":33.109085,"KOR":20.412079,"ESP":89.131645,"LKA":3.2436244,"SUR":35.887066,"SWE":59.20451,"CHE":84.761444,"TWN":62.119778,"TZA":10.415864,"THA":21.175777,"TGO":11.277139,"TTO":29.829376,"TUN":19.534977,"TUR":20.150497,"UGA":9.0664,"ARE":70.50031,"GBR":73.51616,"USA":114.35839,"URY":86.46939,"VUT":29.652622,"VEN":44.978287,"VNM":15.693837,"YEM":13.07873,"ZMB":11.866938,"ZWE":11.619435}