{"AFG":18.748196,"ALB":16.75706,"DZA":17.017244,"AGO":13.719046,"ATG":80.6785,"ARG":85.282364,"AUS":111.74824,"AUT":104.304825,"BHS":93.77972,"BGD":2.7574983,"BRB":106.73325,"BLZ":36.45207,"BEN":8.76241,"BMU":110.775345,"BOL":36.061028,"BWA":23.365183,"BRA":48.90152,"BRN":64.59688,"BGR":78.344765,"BFA":10.637026,"KHM":17.417818,"CMR":16.112175,"CAN":93.60604,"CPV":13.997281,"CAF":25.989885,"TCD":16.206543,"CHL":35.224983,"CHN":22.75801,"COL":34.541546,"COG":13.597734,"CRI":38.924522,"CIV":18.026495,"CUB":39.998623,"CYP":75.531906,"DNK":98.98826,"DJI":12.989862,"DMA":56.874065,"DOM":29.25855,"TLS":45.885937,"ECU":22.81127,"EGY":15.303196,"SLV":14.169386,"SWZ":26.279943,"FJI":33.879147,"FIN":64.23493,"FRA":98.08783,"PYF":70.15677,"GAB":48.01551,"GMB":6.7858553,"DEU":95.5519,"GHA":9.882701,"GRC":75.39352,"GRD":38.199993,"GTM":14.385041,"GIN":4.191249,"GNB":14.626975,"GUY":8.766402,"HTI":9.200598,"HND":14.039576,"HKG":102.00135,"HUN":116.433586,"ISL":67.77843,"IND":4.1258564,"IDN":7.390327,"IRN":18.611418,"IRQ":25.289639,"IRL":86.242485,"ISR":57.52953,"ITA":84.16376,"JAM":39.42051,"JPN":38.43777,"JOR":28.836222,"KEN":16.222603,"KIR":20.766771,"KWT":62.87115,"LAO":10.585487,"LBN":29.159832,"LSO":17.73,"LBR":10.015077,"MAC":76.85847,"MDG":20.81319,"MWI":4.4452276,"MYS":34.514072,"MDV":9.306586,"MLI":17.547758,"MLT":67.44621,"MRT":31.805141,"MUS":22.543753,"MEX":35.247314,"MNG":94.48182,"MAR":18.953382,"MOZ":5.853314,"MMR":6.74287,"NAM":24.570637,"NPL":9.54607,"NLD":74.35608,"ANT":80.95784,"NCL":50.31242,"NZL":89.1509,"NIC":8.914868,"NER":17.455109,"NGA":8.092664,"PRK":15.291074,"NOR":49.329178,"PAK":11.339895,"PAN":39.060146,"PRY":60.5707,"PER":14.865992,"PHL":17.078213,"POL":73.804504,"PRT":55.889145,"ROU":56.941628,"RWA":4.222968,"KNA":59.212055,"LCA":70.4575,"VCT":49.351337,"WSM":60.901535,"STP":4.3128595,"SAU":61.58727,"SEN":12.011848,"SLE":4.8699493,"SLB":14.466608,"ZAF":32.308857,"KOR":21.650883,"ESP":89.21069,"LKA":3.2635875,"SUR":36.325798,"SWE":59.361973,"CHE":84.41008,"TWN":63.721367,"TZA":10.577457,"THA":21.410841,"TGO":10.492344,"TTO":30.760513,"TUN":19.695314,"TUR":20.762419,"UGA":10.4160185,"ARE":68.11375,"GBR":71.60736,"USA":113.31491,"URY":81.332306,"VUT":30.261616,"VEN":38.41462,"VNM":16.27289,"YEM":11.283341,"ZMB":12.111505,"ZWE":12.233631}