{"AFG":20.354038,"ALB":17.87664,"DZA":17.837456,"AGO":12.5593405,"ATG":86.40512,"ARG":83.39538,"AUS":115.0528,"AUT":103.71982,"BHS":96.3778,"BGD":2.837751,"BRB":99.4401,"BLZ":44.758972,"BEN":9.790877,"BMU":117.58475,"BOL":37.21856,"BWA":31.989855,"BRA":49.57723,"BRN":55.47545,"BGR":62.29035,"BFA":12.967315,"KHM":15.682949,"CMR":15.881261,"CAN":91.525055,"CPV":14.794919,"CAF":26.057516,"TCD":16.544281,"CHL":37.38852,"CHN":23.95348,"COL":36.171494,"COG":12.86316,"CRI":40.21224,"CIV":19.66028,"CUB":39.43544,"CYP":75.196365,"DNK":98.010475,"DJI":13.051295,"DMA":54.674202,"DOM":28.995543,"TLS":47.21233,"ECU":24.184683,"EGY":14.972616,"SLV":13.12315,"SWZ":23.2854,"FJI":40.093777,"FIN":62.985355,"FRA":98.46017,"PYF":67.56757,"GAB":45.668243,"GMB":7.051151,"DEU":95.211555,"GHA":10.35789,"GRC":71.19687,"GRD":37.171635,"GTM":14.953304,"GIN":4.5282974,"GNB":14.790023,"GUY":9.484379,"HTI":8.433113,"HND":14.5825405,"HKG":107.64634,"HUN":107.338455,"ISL":64.02968,"IND":4.1386657,"IDN":7.9240546,"IRN":19.038313,"IRQ":20.585724,"IRL":90.30439,"ISR":56.037113,"ITA":85.24084,"JAM":43.367146,"JPN":37.972553,"JOR":27.035223,"KEN":14.1642885,"KIR":16.40533,"KWT":44.46862,"LAO":10.651977,"LBN":27.404606,"LSO":16.477158,"LBR":8.993941,"MAC":78.16748,"MDG":20.773062,"MWI":4.403914,"MYS":37.94729,"MDV":6.342427,"MLI":18.133865,"MLT":65.09012,"MRT":32.186882,"MUS":28.372475,"MEX":36.07494,"MNG":107.839,"MAR":19.192913,"MOZ":5.046087,"MMR":5.0779595,"NAM":28.11794,"NPL":9.55428,"NLD":84.08441,"ANT":73.65159,"NCL":60.420074,"NZL":100.10002,"NIC":11.978886,"NER":16.404362,"NGA":7.6595263,"PRK":15.246794,"NOR":49.783092,"OMN":35.113216,"PAK":11.409832,"PAN":42.263813,"PRY":57.5407,"PER":16.03124,"PHL":18.026463,"POL":73.18137,"PRT":62.36963,"ROU":74.620766,"RWA":4.1869683,"KNA":65.94498,"LCA":66.09034,"VCT":53.476055,"WSM":66.68055,"STP":3.538738,"SAU":65.2462,"SEN":12.029369,"SLE":4.874527,"SLB":9.90273,"ZAF":36.760246,"KOR":24.624266,"ESP":92.74823,"LKA":3.3583376,"SUR":39.594933,"SWE":58.94295,"CHE":82.674805,"TWN":65.288895,"TZA":10.28762,"THA":24.353968,"TGO":8.118549,"TTO":30.534996,"TUN":19.124485,"TUR":20.762999,"UGA":11.816485,"ARE":75.08588,"GBR":72.04168,"USA":113.19418,"URY":74.11336,"VUT":32.562317,"VEN":36.401413,"VNM":16.190096,"YEM":9.864715,"ZMB":14.690175,"ZWE":13.065519}