{"AFG":20.238754,"ALB":21.723764,"DZA":18.172224,"AGO":11.695365,"ATG":80.33814,"ARG":86.62328,"AUS":111.91847,"AUT":106.27167,"BHS":97.16903,"BGD":2.8501318,"BRB":92.44975,"BLZ":37.30022,"BEN":9.020639,"BMU":107.78009,"BOL":37.78416,"BWA":32.83804,"BRA":52.789097,"BRN":64.30001,"BGR":54.63741,"BFA":13.255231,"KHM":15.664858,"CMR":15.394757,"CAN":90.51124,"CPV":14.573989,"CAF":26.167566,"TCD":16.511503,"CHL":37.60298,"CHN":25.695412,"COL":36.41067,"COG":21.740143,"CRI":40.684658,"CIV":18.720108,"CUB":33.647217,"CYP":72.9931,"DNK":100.77323,"DJI":13.685985,"DMA":54.795807,"DOM":30.824266,"TLS":43.947266,"ECU":26.10973,"EGY":15.190913,"SLV":12.972421,"SWZ":23.957584,"FJI":40.244347,"FIN":61.78969,"FRA":100.61416,"PYF":84.93033,"GAB":55.34857,"GMB":8.860532,"DEU":88.50957,"GHA":11.662795,"GRC":70.32069,"GRD":40.37855,"GTM":13.01176,"GIN":4.552612,"GNB":14.91419,"GUY":12.287336,"HTI":8.473123,"HND":14.120915,"HKG":106.005615,"HUN":104.81738,"ISL":65.631355,"IND":4.2415876,"IDN":8.409069,"IRN":19.314798,"IRQ":5.3115907,"IRL":93.3187,"ISR":59.99775,"ITA":86.09625,"JAM":43.01101,"JPN":38.08165,"JOR":31.998905,"KEN":15.272073,"KIR":19.162924,"KWT":23.383106,"LAO":10.769515,"LBN":27.07808,"LSO":16.356144,"LBR":10.29556,"MAC":79.69238,"MDG":20.373726,"MWI":4.5326014,"MYS":42.117325,"MDV":7.058108,"MLI":17.401176,"MLT":80.97647,"MRT":32.037067,"MUS":28.959593,"MEX":40.129536,"MNG":118.51367,"MAR":18.948074,"MOZ":5.150901,"MMR":5.1896563,"NAM":29.316086,"NPL":9.425133,"NLD":85.24836,"ANT":79.73941,"NCL":58.81656,"NZL":96.95712,"NIC":13.666985,"NER":15.798416,"NGA":7.4458714,"PRK":16.36693,"NOR":51.234592,"OMN":37.456142,"PAK":11.52181,"PAN":44.579502,"PRY":76.903366,"PER":16.676704,"PHL":20.379047,"POL":78.17856,"PRT":63.136982,"ROU":65.62808,"RWA":4.1879406,"KNA":67.568474,"LCA":81.620514,"VCT":54.637012,"WSM":67.20613,"STP":5.08786,"SAU":68.41039,"SEN":12.693736,"SLE":4.915599,"SLB":9.139411,"ZAF":36.014095,"KOR":27.55677,"ESP":96.09597,"LKA":3.692759,"SUR":40.432148,"SWE":59.04031,"CHE":82.661644,"TWN":66.83269,"TZA":10.562163,"THA":27.288015,"TGO":7.6384134,"TTO":33.152798,"TUN":19.021957,"TUR":20.23649,"UGA":11.890065,"ARE":73.75727,"GBR":72.541245,"USA":114.53981,"URY":93.26716,"VUT":35.01288,"VEN":37.201954,"VNM":15.482144,"YEM":9.037574,"ZMB":14.914553,"ZWE":12.842688}