{"AFG":18.51449,"ALB":21.075754,"DZA":18.416248,"AGO":12.585012,"ATG":74.195305,"ARG":89.8973,"ARM":17.94086,"AUS":112.01037,"AUT":109.0705,"AZE":18.451982,"BHS":86.20827,"BGD":2.908897,"BRB":78.789764,"BLR":79.29646,"BLZ":42.553993,"BEN":10.616527,"BMU":97.13161,"BOL":36.648712,"BIH":14.43087,"BWA":34.85118,"BRA":53.792362,"BRN":60.95224,"BGR":53.92136,"BFA":13.053462,"KHM":17.974667,"CMR":15.273653,"CAN":92.22853,"CPV":27.274557,"CAF":26.232616,"TCD":16.575298,"CHL":42.210033,"CHN":27.892717,"COL":33.982105,"COG":27.558083,"CRI":41.977608,"CIV":17.758148,"HRV":35.90323,"CUB":23.449389,"CYP":81.064354,"DNK":102.40263,"DJI":14.227495,"DMA":65.733154,"DOM":32.377304,"TLS":45.984287,"ECU":26.47045,"EGY":15.181233,"SLV":13.664996,"EST":60.4369,"SWZ":25.851398,"FJI":41.238125,"FIN":60.663914,"FRA":97.65236,"PYF":88.968666,"GAB":56.021336,"GMB":6.338956,"GEO":23.043339,"DEU":87.73173,"GHA":11.567056,"GRC":73.569664,"GRD":32.703064,"GTM":15.002882,"GIN":4.781916,"GNB":15.3663,"GUY":22.463625,"HTI":8.844856,"HND":15.646876,"HKG":110.798706,"HUN":106.43349,"ISL":65.14763,"IND":4.2337146,"IDN":8.854513,"IRN":21.060474,"IRQ":7.6414146,"IRL":90.42008,"ISR":59.287018,"ITA":86.17014,"JAM":44.631905,"JPN":39.434647,"JOR":27.240292,"KAZ":60.27424,"KEN":14.981661,"KIR":19.402742,"KWT":48.297092,"KGZ":45.71052,"LAO":11.018973,"LVA":66.1429,"LBN":30.348337,"LSO":16.872215,"LBR":11.366502,"LTU":64.51045,"MAC":83.75269,"MDG":19.908485,"MWI":4.573742,"MYS":46.609005,"MDV":6.3843327,"MLI":14.784185,"MLT":75.712975,"MRT":29.09838,"MUS":30.348293,"MEX":41.5384,"MDA":45.895966,"MNG":105.599174,"MAR":19.269434,"MOZ":5.1862464,"MMR":5.439634,"NAM":26.398472,"NPL":9.225214,"NLD":86.028564,"ANT":80.837944,"NCL":65.15681,"NZL":92.71593,"NIC":14.011496,"NER":17.163448,"NGA":7.3793635,"PRK":12.090323,"MKD":21.954695,"NOR":52.43688,"OMN":37.86465,"PAK":11.924019,"PAN":43.615883,"PRY":82.4594,"PER":17.017351,"PHL":20.34911,"POL":76.28759,"PRT":69.58264,"ROU":59.128666,"RUS":61.1615,"RWA":4.0037007,"KNA":66.20987,"LCA":82.11454,"VCT":58.91223,"WSM":66.17976,"STP":5.587113,"SAU":61.60079,"SEN":11.954614,"SLE":5.148427,"SVN":49.22542,"SLB":8.900813,"ZAF":37.417465,"KOR":33.808758,"ESP":96.10305,"LKA":4.237454,"SUR":32.779366,"SWE":61.41377,"CHE":79.9834,"TWN":69.63962,"TJK":14.400437,"TZA":10.564048,"THA":30.335636,"TGO":7.4885044,"TTO":30.17403,"TUN":20.536577,"TUR":19.673326,"TKM":35.467255,"UGA":11.7818575,"UKR":58.80075,"ARE":64.481094,"GBR":75.64929,"USA":117.4308,"URY":94.69912,"UZB":24.555767,"VUT":35.518158,"VEN":40.734898,"VNM":17.168882,"YEM":9.317799,"ZMB":14.441827,"ZWE":12.096576}