{"AFG":17.101252,"ALB":23.059164,"DZA":18.89103,"AGO":11.188362,"ATG":70.379265,"ARG":98.0295,"ARM":17.643677,"AUS":110.8231,"AUT":105.4645,"AZE":15.680302,"BHS":83.40679,"BGD":3.0053983,"BRB":75.256905,"BLR":73.70367,"BLZ":40.85637,"BEN":12.118857,"BMU":92.131424,"BOL":37.604313,"BIH":14.957244,"BWA":31.475159,"BRA":55.37633,"BRN":62.059803,"BGR":62.908695,"BFA":13.169213,"KHM":17.706476,"CMR":14.99926,"CAN":90.929665,"CPV":25.022974,"CAF":26.224396,"TCD":15.010049,"CHL":47.469334,"CHN":30.041155,"COL":34.879692,"COG":23.762136,"CRI":41.465946,"CIV":17.283564,"HRV":30.738276,"CUB":24.357145,"CYP":81.32078,"CZE":94.89816,"DNK":100.345665,"DJI":15.813606,"DMA":65.46643,"DOM":34.41829,"TLS":43.785477,"ECU":27.123314,"EGY":15.110816,"SLV":14.872702,"EST":50.89451,"SWZ":25.835379,"ETH":7.2920465,"FJI":42.278774,"FIN":57.00699,"FRA":93.69363,"PYF":87.20906,"GAB":57.024372,"GMB":6.158072,"GEO":20.246042,"DEU":84.90227,"GHA":11.4008255,"GRC":71.84821,"GRD":43.813744,"GTM":15.323358,"GIN":5.245753,"GNB":15.284499,"GUY":24.4324,"HTI":9.164074,"HND":14.508414,"HKG":105.34351,"HUN":98.27762,"ISL":69.37397,"IND":4.225365,"IDN":9.502828,"IRN":22.342705,"IRQ":7.947918,"IRL":85.87634,"ISR":62.417625,"ITA":87.49079,"JAM":46.722916,"JPN":39.75038,"JOR":33.254646,"KAZ":57.368145,"KEN":14.042268,"KIR":19.172638,"KWT":54.837326,"KGZ":44.088013,"LAO":11.621617,"LVA":65.97302,"LBN":32.67244,"LSO":17.305677,"LBR":10.303958,"LTU":53.759933,"MAC":85.101006,"MDG":19.515905,"MWI":4.431596,"MYS":50.448807,"MDV":9.574305,"MLI":14.734244,"MLT":72.70217,"MRT":22.897964,"MUS":30.611048,"MEX":42.860626,"MDA":33.46969,"MNG":91.624275,"MAR":18.504301,"MOZ":5.1087627,"MMR":5.636332,"NAM":17.298134,"NPL":9.028193,"NLD":101.45795,"ANT":91.52545,"NCL":59.660637,"NZL":104.75703,"NIC":13.109003,"NER":17.6778,"NGA":7.800481,"PRK":10.471119,"MKD":30.47114,"NOR":53.696777,"OMN":40.017036,"PAK":12.960232,"PAN":45.895992,"PRY":79.08874,"PER":16.25633,"PHL":21.453087,"POL":73.62257,"PRT":73.89175,"ROU":57.265743,"RUS":59.080864,"RWA":3.6938024,"KNA":64.66001,"LCA":88.583015,"VCT":60.612488,"WSM":69.02192,"STP":5.3981514,"SAU":54.106102,"SEN":11.769485,"SLE":5.33781,"SVK":72.85795,"SVN":83.37289,"SLB":9.510873,"ZAF":36.42261,"KOR":33.924065,"ESP":98.58655,"LKA":4.56816,"SUR":29.098644,"SWE":61.971577,"CHE":77.54855,"TWN":72.93617,"TJK":9.428709,"TZA":10.643587,"THA":30.770681,"TGO":7.5278087,"TTO":34.19734,"TUN":21.264126,"TUR":19.580683,"TKM":30.600203,"UGA":11.870737,"UKR":48.718624,"ARE":68.886505,"GBR":72.26491,"USA":116.32778,"URY":97.83647,"UZB":24.058279,"VUT":32.687256,"VEN":42.47028,"VNM":17.458746,"YEM":10.945319,"ZMB":14.242992,"ZWE":9.21838}