{"AFG":16.798656,"ALB":25.814072,"DZA":18.764996,"AGO":9.952924,"ATG":73.59378,"ARG":96.5778,"ARM":19.331545,"AUS":111.847084,"AUT":110.18782,"AZE":11.700781,"BHS":91.264984,"BGD":3.0819032,"BRB":77.88147,"BLR":64.64552,"BLZ":39.74033,"BEN":10.98261,"BMU":90.69544,"BOL":40.124462,"BIH":17.659475,"BWA":25.259174,"BRA":60.63389,"BRN":76.1904,"BGR":57.388165,"BFA":13.342997,"KHM":16.075401,"CMR":14.2348585,"CAN":94.430626,"CPV":18.576408,"CAF":25.918821,"TCD":12.867706,"CHL":52.51864,"CHN":32.46809,"COL":36.99119,"COG":18.900509,"CRI":41.48185,"CIV":16.032759,"HRV":32.993137,"CUB":24.524172,"CYP":84.0499,"CZE":78.87522,"DNK":100.54284,"DJI":15.045578,"DMA":64.24359,"DOM":34.24348,"TLS":40.672398,"ECU":28.992002,"EGY":17.099228,"SLV":14.587159,"EST":52.386097,"SWZ":24.192392,"ETH":7.0474615,"FJI":40.768314,"FIN":58.51177,"FRA":94.7492,"PYF":87.35973,"GAB":57.626606,"GMB":6.7683725,"GEO":19.86273,"DEU":84.83094,"GHA":10.711142,"GRC":73.39404,"GRD":49.0825,"GTM":17.222105,"GIN":5.3502593,"GNB":15.005847,"GUY":24.734032,"HTI":9.37045,"HND":19.522655,"HKG":118.61417,"HUN":91.95695,"ISL":68.74424,"IND":4.1679606,"IDN":10.060134,"IRN":22.082466,"IRQ":6.534937,"IRL":83.7262,"ISR":70.1937,"ITA":86.72555,"JAM":41.23472,"JPN":40.245754,"JOR":32.074276,"KAZ":55.125534,"KEN":13.648602,"KIR":19.58567,"KWT":62.895206,"KGZ":42.1058,"LAO":11.87448,"LVA":61.171143,"LBN":31.541195,"LSO":15.93719,"LBR":10.245589,"LTU":53.44835,"MAC":87.82989,"MDG":19.0899,"MWI":4.2451735,"MYS":52.514587,"MDV":11.414936,"MLI":15.291067,"MLT":62.530178,"MRT":23.925089,"MUS":33.257965,"MEX":45.912075,"MDA":27.536179,"MNG":87.80752,"MAR":18.189266,"MOZ":5.170238,"MMR":6.566603,"NAM":16.521116,"NPL":9.109753,"NLD":84.120415,"ANT":85.459854,"NCL":63.62549,"NZL":89.69878,"NIC":12.140469,"NER":17.660173,"NGA":8.171346,"PRK":9.063894,"MKD":41.17504,"NOR":56.28796,"OMN":38.850338,"PAK":13.445263,"PAN":45.94506,"PRY":80.94534,"PER":17.149746,"PHL":22.22378,"POL":68.71134,"PRT":77.57764,"ROU":55.079685,"RUS":55.178925,"RWA":4.140606,"KNA":64.5806,"LCA":91.302666,"VCT":57.09226,"WSM":69.18414,"STP":6.0748053,"SAU":51.750687,"SEN":11.538422,"SLE":5.4169273,"SVK":68.24911,"SVN":88.06744,"SLB":9.395453,"ZAF":37.05543,"KOR":35.92329,"ESP":98.88479,"LKA":5.256888,"SUR":23.995104,"SWE":64.38454,"CHE":74.16204,"TWN":75.018715,"TJK":9.261278,"TZA":10.237794,"THA":29.87756,"TGO":7.8925524,"TTO":30.067457,"TUN":20.923141,"TUR":19.615768,"TKM":29.341986,"UGA":11.324321,"UKR":45.295357,"ARE":78.98599,"GBR":73.74692,"USA":118.81854,"URY":100.83712,"UZB":29.685793,"VUT":32.81446,"VEN":39.11243,"VNM":18.493313,"YEM":10.323595,"ZMB":13.75773,"ZWE":9.67032}