{"AFG":16.930782,"ALB":26.649052,"DZA":18.698868,"AGO":9.445585,"ATG":68.62806,"ARG":90.275734,"ARM":22.314371,"AUS":108.93226,"AUT":95.0528,"AZE":13.580379,"BHS":83.55298,"BGD":3.148289,"BRB":76.62796,"BLR":59.830288,"BLZ":43.292927,"BEN":10.526588,"BMU":101.340576,"BOL":41.031937,"BIH":19.142231,"BWA":33.75451,"BRA":69.08653,"BRN":71.87413,"BGR":58.502968,"BFA":13.405768,"KHM":15.167,"CMR":14.091593,"CAN":93.20776,"CPV":21.461771,"CAF":26.565638,"TCD":13.469538,"CHL":56.030933,"CHN":34.81949,"COL":39.705193,"COG":18.674648,"CRI":42.019196,"CIV":15.924729,"HRV":35.60628,"CUB":24.064611,"CYP":84.34064,"CZE":84.38003,"DNK":101.57294,"DJI":14.757303,"DMA":65.0944,"DOM":35.408913,"TLS":37.220543,"ECU":31.105404,"EGY":17.64624,"SLV":15.551757,"EST":48.727608,"SWZ":24.788513,"ETH":6.7789745,"FJI":41.33809,"FIN":62.150986,"FRA":97.54194,"PYF":92.01924,"GAB":56.701317,"GMB":5.6068873,"GEO":28.226912,"DEU":82.560135,"GHA":10.596629,"GRC":81.192245,"GRD":48.734238,"GTM":17.94855,"GIN":5.779245,"GNB":14.647618,"GUY":24.813982,"HTI":9.607639,"HND":20.742376,"HKG":121.77386,"HUN":85.029915,"ISL":69.86498,"IND":4.0807996,"IDN":9.57513,"IRN":22.056208,"IRQ":5.4950943,"IRL":84.64715,"ISR":66.55622,"ITA":83.401184,"JAM":38.58212,"JPN":43.652817,"JOR":30.79028,"KAZ":48.544544,"KEN":13.419505,"KIR":25.39538,"KWT":66.693344,"KGZ":36.707623,"LAO":13.725413,"LVA":57.347298,"LBN":28.2491,"LSO":14.066579,"LBR":9.886191,"LTU":52.47391,"MAC":87.17602,"MDG":18.669724,"MWI":4.702166,"MYS":52.896626,"MDV":11.073015,"MLI":15.100269,"MLT":75.90294,"MRT":23.612293,"MUS":30.419487,"MEX":45.406517,"MDA":22.352522,"MNG":89.776505,"MAR":19.037611,"MOZ":11.245106,"MMR":7.107193,"NAM":14.690237,"NPL":9.198953,"NLD":91.994736,"ANT":92.20315,"NCL":60.738953,"NZL":122.508865,"NIC":12.282356,"NER":16.221127,"NGA":8.277208,"PRK":8.285357,"MKD":36.55404,"NOR":57.73336,"OMN":40.75182,"PAK":13.800299,"PAN":50.504345,"PRY":82.83282,"PER":18.424505,"PHL":23.285793,"POL":69.45818,"PRT":74.83355,"ROU":54.760353,"RUS":53.221237,"RWA":4.2424216,"KNA":74.88724,"LCA":91.020256,"VCT":63.846313,"WSM":64.61723,"STP":6.3022127,"SAU":63.053143,"SEN":11.51017,"SLE":5.271484,"SVK":65.07573,"SVN":88.202774,"SLB":9.386866,"ZAF":34.775513,"KOR":37.78462,"ESP":99.721924,"LKA":5.4941826,"SUR":31.430573,"SWE":64.76515,"CHE":74.56049,"TWN":74.36947,"TJK":10.666478,"TZA":11.244955,"THA":28.923985,"TGO":7.0766816,"TTO":32.9068,"TUN":20.865927,"TUR":19.95662,"TKM":30.146915,"UGA":11.250861,"UKR":38.479885,"ARE":86.42362,"GBR":73.57377,"USA":118.05698,"URY":85.91098,"UZB":29.512964,"VUT":34.6342,"VEN":39.876213,"VNM":19.107887,"YEM":8.980268,"ZMB":12.729525,"ZWE":10.28723}