{"AFG":17.457859,"ALB":27.89588,"DZA":18.71927,"AGO":10.509223,"ATG":78.74736,"ARG":87.162575,"ARM":18.232418,"AUS":107.82812,"AUT":99.55771,"AZE":16.042946,"BHS":81.26446,"BGD":3.1271212,"BRB":78.06565,"BLR":59.453022,"BLZ":40.742672,"BEN":9.990806,"BMU":99.76202,"BOL":42.462025,"BIH":25.08861,"BWA":32.780586,"BRA":70.331055,"BRN":76.998695,"BGR":57.775482,"BFA":13.472512,"KHM":14.847874,"CMR":14.941601,"CAN":91.290855,"CPV":20.517656,"CAF":30.50708,"TCD":13.448249,"CHL":58.562225,"CHN":35.066364,"COL":37.335323,"COG":17.01495,"CRI":42.79597,"CIV":15.084612,"HRV":30.013453,"CUB":25.183554,"CYP":82.9072,"CZE":84.37027,"DNK":102.203545,"DJI":14.450994,"DMA":66.17066,"DOM":36.668884,"TLS":30.570711,"ECU":35.81304,"EGY":17.183538,"SLV":16.12476,"EST":56.691177,"SWZ":23.31527,"ETH":7.160543,"FJI":41.71168,"FIN":63.705967,"FRA":98.94019,"PYF":89.027626,"GAB":50.029366,"GMB":5.423487,"GEO":29.051811,"DEU":85.960526,"GHA":9.60143,"GRC":76.506386,"GRD":50.925346,"GTM":18.261189,"GIN":5.740444,"GNB":15.036938,"GUY":25.634283,"HTI":10.808144,"HND":21.62026,"HKG":118.18265,"HUN":82.190544,"ISL":60.059788,"IND":4.052803,"IDN":10.155374,"IRN":23.66524,"IRQ":4.6430054,"IRL":84.818184,"ISR":68.61047,"ITA":87.13551,"JAM":51.255886,"JPN":43.90475,"JOR":27.652727,"KAZ":45.316914,"KEN":13.575438,"KIR":25.220663,"KWT":65.91895,"KGZ":36.28516,"LAO":13.55054,"LVA":37.611423,"LBN":27.103895,"LSO":13.7906,"LBR":9.78733,"LTU":51.08896,"MAC":82.52574,"MDG":18.895643,"MWI":5.4235764,"MYS":53.03252,"MDV":9.433285,"MLI":15.090471,"MLT":77.221085,"MRT":25.088041,"MUS":31.462738,"MEX":43.73699,"MDA":23.112658,"MNG":97.906425,"MAR":18.856932,"MOZ":11.179977,"MMR":7.6626945,"NAM":16.489573,"NPL":9.173223,"NLD":96.85943,"ANT":86.22486,"NCL":60.267788,"NZL":108.19954,"NIC":13.2251215,"NER":18.934084,"NGA":8.433602,"PRK":7.5390964,"MKD":37.51665,"NOR":61.18784,"OMN":42.048603,"PAK":11.003295,"PAN":49.774837,"PRY":77.742546,"PER":18.492144,"PHL":24.987144,"POL":70.822395,"PRT":76.89615,"ROU":51.010143,"RUS":50.027924,"RWA":3.9687917,"KNA":72.293076,"LCA":90.54701,"VCT":62.001484,"WSM":66.82252,"STP":6.7747164,"SAU":58.5295,"SEN":11.18114,"SLE":4.966262,"SVK":69.9947,"SVN":90.12529,"SLB":10.41728,"ZAF":34.569046,"KOR":40.422447,"ESP":101.050095,"LKA":5.2934246,"SUR":35.02085,"SWE":66.26492,"CHE":73.02707,"TWN":77.95297,"TJK":10.735442,"TZA":9.28997,"THA":28.309814,"TGO":7.727477,"TTO":32.636093,"TUN":20.824713,"TUR":18.048464,"TKM":25.875355,"UGA":11.161998,"UKR":36.67763,"ARE":87.06056,"GBR":73.26973,"USA":118.01155,"URY":89.569145,"UZB":26.983492,"VUT":34.72684,"VEN":41.526485,"VNM":19.704065,"YEM":9.394273,"ZMB":12.676321,"ZWE":10.786112}