{"AFG":18.400337,"ALB":22.494316,"DZA":17.655504,"AGO":12.014123,"ATG":78.51304,"ARG":88.57274,"ARM":20.067474,"AUS":106.23244,"AUT":97.01503,"AZE":15.013052,"BHS":85.18227,"BGD":3.2808383,"BRB":80.2761,"BLR":60.901787,"BLZ":45.342525,"BEN":10.522155,"BMU":106.28601,"BOL":43.998295,"BIH":21.726952,"BWA":28.201788,"BRA":72.03364,"BRN":58.760075,"BGR":57.090935,"BFA":13.694307,"KHM":14.989831,"CMR":14.2336035,"CAN":92.24672,"CPV":18.408098,"CAF":26.89222,"TCD":14.458255,"CHL":60.70332,"CHN":37.564625,"COL":36.113056,"COG":14.011986,"CRI":41.237217,"CIV":15.428963,"HRV":33.85636,"CUB":24.107002,"CYP":84.57597,"CZE":80.73234,"DNK":97.5214,"DJI":14.193675,"DMA":61.899014,"DOM":37.663715,"TLS":37.34505,"ECU":38.100426,"EGY":19.50028,"SLV":17.1906,"EST":53.099,"SWZ":29.620384,"ETH":7.0051236,"FJI":42.259743,"FIN":63.91334,"FRA":99.58317,"PYF":89.333305,"GAB":46.434875,"GMB":5.4460382,"GEO":30.546562,"DEU":82.660416,"GHA":9.805506,"GRC":77.68785,"GRD":46.81281,"GTM":20.673336,"GIN":5.8574486,"GNB":15.258582,"GUY":28.08892,"HTI":11.415235,"HND":22.297756,"HKG":115.928246,"HUN":81.96757,"ISL":69.9427,"IND":3.9851012,"IDN":10.044339,"IRN":24.264544,"IRQ":4.7738023,"IRL":88.76469,"ISR":69.27727,"ITA":85.09783,"JAM":54.003727,"JPN":41.872513,"JOR":28.71223,"KAZ":40.631794,"KEN":13.657415,"KIR":23.870558,"KWT":69.9721,"KGZ":38.38709,"LAO":13.929648,"LVA":36.766743,"LBN":39.396442,"LSO":14.955184,"LBR":10.555782,"LTU":50.805866,"MAC":81.491974,"MDG":18.706018,"MWI":4.9350376,"MYS":52.843925,"MDV":11.274247,"MLI":16.646152,"MLT":77.831696,"MRT":25.96841,"MUS":31.334988,"MEX":47.189148,"MDA":20.01429,"MNG":102.508415,"MAR":20.734148,"MOZ":11.077087,"MMR":8.017759,"NAM":24.74746,"NPL":9.565177,"NLD":87.15623,"ANT":91.30613,"NCL":67.931175,"NZL":106.95875,"NIC":13.167058,"NER":18.838736,"NGA":8.7079315,"PRK":6.245732,"MKD":29.38198,"NOR":58.325893,"OMN":41.248985,"PAK":11.697674,"PAN":54.204834,"PRY":80.65997,"PER":19.155886,"PHL":26.302418,"POL":66.02345,"PRT":78.86342,"ROU":50.874134,"RUS":48.944775,"RWA":3.713097,"KNA":68.481346,"LCA":89.63968,"VCT":61.62675,"WSM":52.357216,"STP":5.632562,"SAU":60.73022,"SEN":11.243379,"SLE":4.9126434,"SVK":70.04004,"SVN":91.38116,"SLB":9.484146,"ZAF":35.872627,"KOR":41.735004,"ESP":101.37156,"LKA":5.304837,"SUR":39.444016,"SWE":67.823166,"CHE":72.02852,"TWN":83.11788,"TJK":8.383587,"TZA":9.212306,"THA":27.315176,"TGO":8.18854,"TTO":29.95488,"TUN":22.08933,"TUR":19.71963,"TKM":25.435707,"UGA":10.993975,"UKR":33.34867,"ARE":71.83198,"GBR":73.43911,"USA":117.36637,"URY":86.68277,"UZB":27.93645,"VUT":32.20662,"VEN":43.92687,"VNM":21.038656,"YEM":9.513858,"ZMB":13.641391,"ZWE":11.304548}