{"AFG":19.33419,"ALB":24.423746,"DZA":18.7971,"AGO":12.791876,"ATG":78.434074,"ARG":92.57353,"ARM":20.656961,"AUS":111.252205,"AUT":96.638435,"AZE":18.582693,"BHS":87.76984,"BGD":3.2454338,"BRB":82.08483,"BLR":64.062675,"BLZ":42.93451,"BEN":10.306623,"BMU":104.92953,"BOL":46.821274,"BIH":20.068716,"BWA":23.586195,"BRA":72.353355,"BRN":57.017746,"BGR":65.59198,"BFA":13.621368,"KHM":14.700515,"CMR":14.664894,"CAN":97.4391,"CPV":22.46291,"CAF":26.575998,"TCD":14.944327,"CHL":62.23958,"CHN":40.368683,"COL":36.708424,"COG":16.539927,"CRI":41.547333,"CIV":12.292149,"HRV":29.45704,"CUB":26.580353,"CYP":84.490326,"CZE":83.36715,"DNK":108.31242,"DJI":13.312266,"DMA":53.40304,"DOM":40.943096,"TLS":36.58027,"ECU":31.817284,"EGY":19.6989,"SLV":17.2115,"EST":60.519386,"SWZ":28.882242,"ETH":6.9179964,"FJI":39.901005,"FIN":66.722946,"FRA":101.682335,"PYF":94.54886,"GAB":49.01087,"GMB":5.184801,"GEO":28.631578,"DEU":87.22549,"GHA":9.230631,"GRC":77.36317,"GRD":50.584305,"GTM":21.87312,"GIN":5.912162,"GNB":15.221436,"GUY":28.839752,"HTI":12.881277,"HND":20.823984,"HKG":119.400024,"HUN":81.09671,"ISL":73.50039,"IND":4.0164847,"IDN":8.223084,"IRN":24.677483,"IRQ":4.5098,"IRL":95.58493,"ISR":67.91198,"ITA":87.776146,"JAM":53.781456,"JPN":41.920914,"JOR":27.637375,"KAZ":38.04755,"KEN":13.345718,"KIR":25.539267,"KWT":70.67051,"KGZ":40.113243,"LAO":14.111735,"LVA":36.09148,"LBN":36.99157,"LSO":14.26196,"LBR":9.752506,"LTU":51.783424,"MAC":75.71048,"MDG":17.282763,"MWI":5.1056824,"MYS":50.604782,"MDV":13.439395,"MLI":17.370213,"MLT":73.7862,"MRT":27.16263,"MUS":31.532736,"MEX":51.184727,"MDA":21.565989,"MNG":104.38376,"MAR":19.888557,"MOZ":11.226818,"MMR":8.179479,"NAM":18.06086,"NPL":9.654594,"NLD":94.61106,"ANT":101.40447,"NCL":67.86744,"NZL":98.65003,"NIC":13.364393,"NER":19.230938,"NGA":8.737263,"PRK":7.5774455,"MKD":31.821518,"NOR":59.57663,"OMN":42.658226,"PAK":10.88521,"PAN":61.073803,"PRY":78.786575,"PER":15.522939,"PHL":26.128971,"POL":69.746155,"PRT":84.51476,"ROU":54.65245,"RUS":47.11566,"RWA":4.0988216,"KNA":73.00014,"LCA":88.216736,"VCT":63.906006,"WSM":64.44437,"STP":6.318616,"SAU":64.12079,"SEN":11.113916,"SLE":4.8789663,"SVK":66.64387,"SVN":86.38781,"SLB":7.519364,"ZAF":33.358364,"KOR":38.816933,"ESP":114.2383,"LKA":5.0245886,"SUR":40.75363,"SWE":69.401405,"CHE":73.63836,"TWN":78.92176,"TJK":8.236182,"TZA":9.257859,"THA":27.25273,"TGO":8.020396,"TTO":32.186485,"TUN":23.363413,"TUR":19.382883,"TKM":30.332949,"UGA":11.017779,"UKR":31.791887,"ARE":72.79021,"GBR":76.47814,"USA":121.24361,"URY":89.35075,"UZB":27.941696,"VUT":35.196327,"VEN":44.107723,"VNM":21.871601,"YEM":10.317695,"ZMB":13.957852,"ZWE":11.170637}