{"AFG":18.37119,"ALB":32.861603,"DZA":18.504288,"AGO":12.004231,"ATG":77.81436,"ARG":99.11086,"ARM":19.644712,"AUS":111.06306,"AUT":94.626686,"AZE":17.49593,"BHS":94.56729,"BGD":3.3055446,"BRB":82.18489,"BLR":64.103035,"BLZ":39.906635,"BEN":12.810472,"BMU":97.701416,"BOL":47.02134,"BIH":16.860014,"BWA":21.294533,"BRA":76.60231,"BRN":68.31459,"BGR":57.389584,"BFA":13.460506,"KHM":14.782124,"CMR":15.401697,"CAN":101.43816,"CPV":22.325542,"CAF":26.017925,"TCD":14.239088,"CHL":61.883892,"CHN":41.828587,"COL":35.382656,"COG":13.228342,"CRI":43.91024,"CIV":12.106711,"HRV":34.443195,"CUB":30.040552,"CYP":87.72866,"CZE":81.257286,"DNK":68.00402,"DJI":13.498179,"DMA":49.51004,"DOM":37.620823,"TLS":36.82765,"ECU":35.321625,"EGY":19.987877,"SLV":17.584763,"EST":57.870155,"SWZ":27.237417,"ETH":7.0072403,"FJI":42.62814,"FIN":66.39337,"FRA":98.49357,"PYF":92.62647,"GAB":47.46387,"GMB":5.7973733,"GEO":28.48007,"DEU":84.76028,"GHA":10.080066,"GRC":84.80451,"GRD":45.9564,"GTM":21.907034,"GIN":6.0669203,"GNB":15.443588,"GUY":32.189575,"HTI":14.380366,"HND":22.565617,"HKG":122.38721,"HUN":84.16255,"ISL":80.028336,"IND":3.9984663,"IDN":7.6962547,"IRN":23.002039,"IRQ":5.25583,"IRL":104.53599,"ISR":67.68715,"ITA":87.89161,"JAM":54.583126,"JPN":43.7001,"JOR":29.869413,"KAZ":37.317665,"KEN":13.623257,"KIR":24.967695,"KWT":68.66173,"KGZ":38.99604,"LAO":15.098076,"LVA":34.159588,"LBN":38.096676,"LSO":15.596349,"LBR":10.145157,"LTU":54.6553,"MAC":74.420166,"MDG":16.216425,"MWI":5.1636777,"MYS":46.48487,"MDV":12.501955,"MLI":17.46154,"MLT":78.63305,"MRT":27.317055,"MUS":32.99111,"MEX":53.088768,"MDA":18.47153,"MNG":106.69369,"MAR":21.634436,"MOZ":10.898886,"MMR":8.688968,"NAM":34.68603,"NPL":9.649636,"NLD":87.95771,"ANT":103.838646,"NCL":64.34554,"NZL":107.139015,"NIC":13.986578,"NER":19.681501,"NGA":8.764823,"PRK":9.154086,"MKD":33.676746,"NOR":57.794495,"OMN":42.516212,"PAK":10.970749,"PAN":58.676647,"PRY":79.91223,"PER":16.156942,"PHL":27.599977,"POL":72.523224,"PRT":87.448524,"ROU":50.93223,"RUS":40.919453,"RWA":4.616624,"KNA":71.868904,"LCA":101.08889,"VCT":63.885204,"WSM":65.28414,"STP":7.731909,"SAU":66.26113,"SEN":11.38753,"SLE":4.9091177,"SVK":67.64916,"SVN":92.332184,"SLB":7.2280617,"ZAF":35.201447,"KOR":45.40717,"ESP":112.28056,"LKA":4.7564616,"SUR":41.603683,"SWE":72.6417,"CHE":72.64754,"TWN":79.41729,"TJK":8.433136,"TZA":11.0110655,"THA":25.421116,"TGO":7.885143,"TTO":34.128834,"TUN":24.733597,"TUR":20.573929,"TKM":29.741385,"UGA":10.977074,"UKR":31.721788,"ARE":72.287735,"GBR":76.125374,"USA":124.97955,"URY":90.22919,"UZB":20.705458,"VUT":35.07536,"VEN":47.65799,"VNM":23.288517,"YEM":10.340083,"ZMB":14.303906,"ZWE":12.686173}