{"AFG":15.868015,"ALB":28.09015,"DZA":18.854519,"AGO":14.462509,"ATG":71.79677,"ARG":97.924774,"ARM":20.863379,"AUS":111.804535,"AUT":99.317566,"AZE":16.24636,"BHS":98.626015,"BGD":3.345383,"BRB":70.95997,"BLR":59.288754,"BEL":81.53929,"BLZ":42.57773,"BEN":14.529971,"BMU":102.17073,"BOL":46.915157,"BIH":15.825284,"BWA":24.283974,"BRA":79.200905,"BRN":60.637505,"BGR":57.093433,"BFA":13.724552,"KHM":16.05561,"CMR":15.465911,"CAN":100.6314,"CPV":24.540659,"CAF":30.387678,"TCD":13.418765,"CHL":64.77196,"CHN":44.375954,"COL":35.83579,"COG":14.48256,"CRI":42.30671,"CIV":11.975889,"HRV":36.887337,"CUB":29.576712,"CYP":87.50692,"CZE":77.42965,"DNK":69.808304,"DJI":16.04031,"DMA":69.012215,"DOM":40.367207,"TLS":42.87794,"ECU":38.934704,"EGY":20.705343,"SLV":21.095358,"EST":57.993847,"SWZ":25.347734,"ETH":6.82654,"FJI":43.317585,"FIN":65.4875,"FRA":99.64443,"PYF":95.71863,"GAB":48.623714,"GMB":7.3819647,"GEO":29.38448,"DEU":84.4745,"GHA":10.1424675,"GRC":99.439606,"GRD":48.690746,"GTM":21.502699,"GIN":6.288028,"GNB":15.392538,"GUY":36.11849,"HTI":13.440654,"HND":23.871649,"HKG":124.33083,"HUN":94.60909,"ISL":81.57494,"IND":3.911231,"IDN":8.083801,"IRN":23.697475,"IRQ":6.275715,"IRL":95.1553,"ISR":83.95321,"ITA":88.21695,"JAM":53.772133,"JPN":44.802147,"JOR":32.308323,"KAZ":38.5061,"KEN":12.476065,"KIR":26.773287,"KWT":76.963005,"KGZ":38.100594,"LAO":13.630678,"LVA":37.04187,"LBN":38.65401,"LSO":15.884075,"LBR":9.590232,"LTU":49.096176,"LUX":98.128044,"MAC":77.08147,"MDG":14.871459,"MWI":5.5524783,"MYS":45.612576,"MDV":13.62943,"MLI":16.200237,"MLT":76.436554,"MRT":31.935013,"MUS":34.080273,"MEX":55.873104,"MDA":18.93016,"MNG":98.29412,"MAR":21.161215,"MOZ":11.01823,"MMR":10.27026,"NAM":44.656982,"NPL":9.671606,"NLD":88.98484,"ANT":95.838264,"NCL":57.75447,"NZL":92.490166,"NIC":16.351194,"NER":19.593569,"NGA":8.332293,"PRK":10.876693,"MKD":30.85101,"NOR":60.835384,"OMN":32.739246,"PAK":10.958337,"PAN":59.46865,"PRY":73.82782,"PER":16.099508,"PHL":28.056978,"POL":70.881744,"PRT":87.56375,"ROU":48.15505,"RUS":39.872284,"RWA":4.528192,"KNA":78.14676,"LCA":98.045815,"VCT":62.815582,"WSM":71.18661,"STP":7.7206674,"SAU":66.13417,"SEN":11.862186,"SLE":4.5671244,"SVK":57.97607,"SVN":92.74835,"SLB":7.0805326,"ZAF":39.55905,"KOR":46.776608,"ESP":111.21587,"LKA":5.2553353,"SUR":39.308,"SWE":69.03923,"CHE":71.3707,"TWN":81.11861,"TJK":8.789704,"TZA":9.900408,"THA":26.368807,"TGO":9.447844,"TTO":38.13278,"TUN":26.110716,"TUR":21.29104,"TKM":33.26635,"UGA":11.096083,"UKR":30.86563,"ARE":63.212322,"GBR":77.21614,"USA":123.02434,"URY":80.08114,"UZB":21.045557,"VUT":35.85995,"VEN":50.60389,"VNM":24.742157,"YEM":11.867051,"ZMB":13.693013,"ZWE":14.0474825}