{"AFG":13.671187,"ALB":32.850155,"DZA":17.269815,"AGO":14.043822,"ATG":71.012985,"ARG":93.309265,"ARM":21.697344,"AUS":110.66031,"AUT":94.85975,"AZE":15.492665,"BHS":99.777885,"BGD":3.3582587,"BRB":68.5755,"BLR":59.25208,"BEL":86.39738,"BLZ":46.584846,"BEN":12.874451,"BMU":96.06719,"BOL":47.758667,"BIH":18.08893,"BWA":21.659277,"BRA":76.66888,"BRN":66.18246,"BGR":55.85607,"BFA":13.787213,"KHM":15.804965,"CMR":15.325299,"CAN":100.55474,"CPV":25.170954,"CAF":29.96655,"TCD":13.5227585,"CHL":65.40243,"CHN":44.07364,"COL":36.392445,"COG":12.569122,"CRI":42.853237,"CIV":11.155064,"HRV":36.75609,"CUB":29.61179,"CYP":85.87041,"CZE":77.392876,"DNK":72.56817,"DJI":15.406834,"DMA":68.08445,"DOM":39.30158,"TLS":42.03518,"ECU":42.835194,"EGY":18.04061,"SLV":23.055264,"EST":59.65946,"SWZ":27.512545,"ETH":7.1391864,"FJI":40.394783,"FIN":66.770386,"FRA":101.054344,"PYF":97.81891,"GAB":48.45227,"GMB":5.1696196,"GEO":29.18436,"DEU":82.97716,"GHA":9.623984,"GRC":90.11976,"GRD":43.7947,"GTM":22.470003,"GIN":6.4160933,"GNB":15.370707,"GUY":30.752298,"HTI":14.138171,"HND":22.415977,"HKG":117.8504,"HUN":88.83535,"ISL":80.11156,"IND":3.9612162,"IDN":8.407289,"IRN":24.958258,"IRQ":6.2951813,"IRL":98.386826,"ISR":89.89394,"ITA":89.96366,"JAM":54.434406,"JPN":44.327435,"JOR":32.858196,"KAZ":41.661106,"KEN":13.746875,"KIR":30.76436,"KWT":82.24379,"KGZ":37.91185,"LAO":14.444059,"LVA":39.914055,"LBN":37.35669,"LSO":16.382324,"LBR":8.463877,"LTU":41.637608,"LUX":107.45165,"MAC":78.62177,"MDG":12.8016405,"MWI":5.7447996,"MYS":47.44209,"MDV":13.6878,"MLI":17.185036,"MLT":74.79603,"MRT":32.840614,"MUS":37.605854,"MEX":57.658646,"MDA":22.164034,"MNG":85.25708,"MAR":21.180605,"MOZ":10.468344,"MMR":11.376625,"NAM":38.92032,"NPL":9.681321,"NLD":88.843796,"ANT":92.83241,"NCL":62.50446,"NZL":101.295044,"NIC":18.071276,"NER":20.152233,"NGA":8.917008,"PRK":12.907366,"MKD":29.791245,"NOR":61.578415,"OMN":47.479664,"PAK":10.954048,"PAN":58.12658,"PRY":68.92977,"PER":16.02979,"PHL":28.572086,"POL":70.865105,"PRT":86.94204,"ROU":49.15954,"RUS":45.596443,"RWA":4.862502,"KNA":77.281204,"LCA":92.11754,"VCT":59.553856,"WSM":76.16539,"STP":7.8476086,"SAU":61.70233,"SEN":12.454378,"SLE":2.5541377,"SVK":54.83713,"SVN":86.443726,"SLB":7.1463275,"ZAF":37.392635,"KOR":42.8707,"ESP":113.75627,"LKA":6.041222,"SUR":38.320927,"SWE":70.116745,"CHE":72.04597,"TWN":79.39964,"TJK":8.156473,"TZA":8.525894,"THA":25.08843,"TGO":9.548057,"TTO":42.173763,"TUN":26.13068,"TUR":19.565243,"TKM":34.7479,"UGA":11.405628,"UKR":27.920996,"ARE":62.907543,"GBR":78.63267,"USA":122.16223,"URY":87.75112,"UZB":20.39708,"VUT":35.05038,"VEN":56.330997,"VNM":26.519953,"YEM":12.515543,"ZMB":13.809061,"ZWE":17.904974}