{"AFG":14.239002,"ALB":39.356358,"DZA":18.024963,"AGO":17.200075,"ATG":70.42791,"ARG":78.839096,"ARM":23.0746,"AUS":111.38596,"AUT":94.27069,"AZE":15.980945,"BHS":107.60142,"BGD":3.4514387,"BRB":67.26619,"BLR":58.249096,"BEL":84.289116,"BLZ":51.2526,"BEN":17.17672,"BMU":97.53583,"BOL":48.604736,"BIH":20.74649,"BWA":23.8675,"BRA":79.08257,"BRN":71.538216,"BGR":53.85509,"BFA":13.856255,"KHM":15.264345,"CMR":15.388759,"CAN":99.95618,"CPV":24.706373,"CAF":30.35356,"TCD":13.15075,"CHL":64.58517,"CHN":44.913166,"COL":36.734398,"COG":14.652095,"CRI":39.767662,"CIV":11.3790045,"HRV":41.589638,"CUB":31.426922,"CYP":87.69088,"CZE":77.9456,"DNK":83.4617,"DJI":14.280069,"DMA":69.16576,"DOM":36.800903,"TLS":41.76116,"ECU":44.003674,"EGY":18.527308,"SLV":25.641207,"EST":62.95184,"SWZ":34.96859,"ETH":7.9580097,"FJI":39.389828,"FIN":68.29281,"FRA":97.61604,"PYF":102.26749,"GAB":46.36975,"GMB":5.1234875,"GEO":32.046104,"DEU":82.32031,"GHA":10.136685,"GRC":80.986824,"GRD":56.35619,"GTM":25.171156,"GIN":6.538846,"GNB":14.566169,"GUY":32.246532,"HTI":15.28536,"HND":26.643568,"HKG":114.11559,"HUN":97.57303,"ISL":84.48074,"IND":3.992522,"IDN":9.39206,"IRN":25.303774,"IRQ":6.5990434,"IRL":101.314575,"ISR":96.84167,"ITA":89.384926,"JAM":57.005272,"JPN":44.23705,"JOR":31.50763,"KAZ":43.50471,"KEN":14.34131,"KIR":31.080069,"KWT":73.51983,"KGZ":36.9046,"LAO":14.774444,"LVA":46.433067,"LBN":40.29197,"LSO":16.61329,"LBR":8.275882,"LTU":52.536007,"LUX":96.19178,"MAC":80.58724,"MDG":12.244517,"MWI":4.6180263,"MYS":48.113934,"MDV":15.109196,"MLI":18.403955,"MLT":75.2327,"MRT":34.120697,"MUS":39.192978,"MEX":59.39,"MDA":22.07269,"MNG":73.46372,"MAR":22.205498,"MOZ":10.5168705,"MMR":13.691705,"NAM":31.949993,"NPL":9.725326,"NLD":79.648315,"ANT":87.35113,"NCL":63.192486,"NZL":104.93828,"NIC":16.746119,"NER":20.889301,"NGA":9.342942,"PRK":15.321325,"MKD":36.49152,"NOR":61.96612,"OMN":57.237244,"PAK":11.005391,"PAN":56.53559,"PRY":77.50832,"PER":16.573883,"PHL":29.548069,"POL":74.01976,"PRT":85.03059,"ROU":55.43587,"RUS":49.896503,"RWA":5.1037874,"KNA":83.10328,"LCA":90.13764,"VCT":74.55634,"WSM":73.41659,"STP":9.37385,"SAU":58.928165,"SEN":12.180649,"SLE":4.645343,"SVK":61.347446,"SVN":81.63555,"SLB":9.162377,"ZAF":38.493675,"KOR":49.39631,"ESP":118.42936,"LKA":6.1753454,"SUR":39.187542,"SWE":76.03017,"CHE":72.442444,"TWN":79.49383,"TJK":9.226064,"TZA":8.524931,"THA":25.979248,"TGO":9.754412,"TTO":48.778297,"TUN":26.605518,"TUR":20.180943,"TKM":40.23757,"UGA":11.989541,"UKR":31.983961,"ARE":73.57589,"GBR":79.39,"USA":125.77031,"URY":80.13302,"UZB":20.66617,"VUT":32.75411,"VEN":56.353836,"VNM":29.122053,"YEM":13.489148,"ZMB":13.919927,"ZWE":15.95856}