{"AFG":13.117305,"ALB":39.338444,"DZA":19.252546,"AGO":18.674967,"ATG":70.27293,"ARG":82.47327,"ARM":25.095402,"AUS":118.67432,"AUT":92.32995,"AZE":17.31684,"BHS":97.86232,"BGD":3.5346856,"BRB":65.33634,"BLR":59.283813,"BEL":79.887215,"BLZ":49.28323,"BEN":17.622046,"BMU":94.24886,"BOL":48.73783,"BIH":17.789942,"BWA":20.428097,"BRA":80.15851,"BRN":74.85418,"BGR":45.054977,"BFA":16.352884,"KHM":15.84668,"CMR":15.464138,"CAN":98.418365,"CPV":27.484283,"CAF":29.179409,"TCD":12.953984,"CHL":66.889755,"CHN":46.92871,"COL":36.269527,"COG":20.768911,"CRI":41.60125,"CIV":12.130645,"HRV":43.42702,"CUB":30.569544,"CYP":81.82881,"CZE":80.19706,"DNK":77.19072,"DJI":14.867467,"DMA":64.392,"DOM":32.655346,"TLS":40.927303,"ECU":44.907864,"EGY":18.65705,"SLV":23.498497,"EST":60.02233,"SWZ":36.871643,"ETH":7.624834,"FJI":39.411922,"FIN":69.48056,"FRA":95.892365,"PYF":101.529465,"GAB":45.27709,"GMB":5.515305,"GEO":33.37582,"DEU":84.81697,"GHA":11.744567,"GRC":83.31744,"GRD":53.081776,"GTM":24.654053,"GIN":6.9628015,"GNB":15.252838,"GUY":37.08211,"HTI":15.743156,"HND":28.842434,"HKG":118.43467,"HUN":88.7089,"ISL":86.08399,"IND":3.995916,"IDN":9.75147,"IRN":27.738401,"IRQ":3.8064432,"IRL":99.46799,"ISR":97.50763,"ITA":86.521835,"JAM":62.213684,"JPN":44.58572,"JOR":31.821426,"KAZ":45.693638,"KEN":14.719738,"KIR":34.95185,"KWT":89.4986,"KGZ":34.48442,"LAO":16.439041,"LVA":52.52743,"LBN":42.016384,"LSO":16.808273,"LBR":8.331911,"LTU":60.423233,"LUX":101.21296,"MAC":83.611465,"MDG":12.281146,"MWI":4.7322035,"MYS":48.350636,"MDV":18.05725,"MLI":19.379673,"MLT":79.587105,"MRT":34.359257,"MUS":39.44207,"MEX":58.74016,"MDA":22.174967,"MNG":69.15094,"MAR":22.351774,"MOZ":8.731116,"MMR":16.37085,"NAM":34.919888,"NPL":9.805145,"NLD":66.125404,"ANT":83.59719,"NCL":64.44635,"NZL":107.52761,"NIC":19.022854,"NER":21.43041,"NGA":8.762429,"PRK":13.890077,"MKD":36.852615,"NOR":62.146408,"OMN":53.20116,"PAK":11.04544,"PAN":53.85049,"PRY":66.27745,"PER":16.95223,"PHL":29.900158,"POL":75.20137,"PRT":82.83901,"ROU":61.11515,"RUS":51.42549,"RWA":5.526479,"KNA":82.43117,"LCA":91.026535,"VCT":76.40722,"WSM":76.02916,"STP":13.541385,"SAU":60.36933,"SEN":12.225965,"SLE":4.551261,"SVK":65.100555,"SVN":92.820114,"SLB":8.419354,"ZAF":40.62595,"KOR":52.089043,"ESP":117.013855,"LKA":6.382875,"SUR":36.225372,"SWE":76.369644,"CHE":71.931335,"TWN":78.53849,"TJK":9.5323105,"TZA":8.563463,"THA":27.44819,"TGO":9.958618,"TTO":50.90085,"TUN":24.716156,"TUR":21.6191,"TKM":43.08879,"UGA":12.496233,"UKR":33.83042,"ARE":80.31024,"GBR":83.07056,"USA":124.433914,"URY":60.11207,"UZB":22.531342,"VUT":32.59175,"VEN":48.131428,"VNM":31.072556,"YEM":15.509264,"ZMB":13.837466,"ZWE":16.814693}