{"AFG":13.956322,"ALB":41.15144,"DZA":21.259054,"AGO":16.440472,"ATG":71.20609,"ARG":86.110565,"ARM":26.80061,"AUS":108.66075,"AUT":95.41715,"AZE":18.04697,"BHS":95.256065,"BGD":3.57775,"BRB":65.054825,"BLR":58.92852,"BEL":78.62837,"BLZ":49.93835,"BEN":13.847362,"BMU":80.05113,"BOL":50.02128,"BIH":17.64689,"BWA":26.84236,"BRA":81.80342,"BRN":71.01938,"BGR":50.61105,"BFA":16.344954,"KHM":15.884347,"CMR":17.770252,"CAN":99.03142,"CPV":29.821707,"CAF":30.740921,"TCD":12.675524,"CHL":69.087425,"CHN":47.03843,"COL":37.846413,"COG":19.71374,"CRI":42.085155,"CIV":12.371329,"HRV":50.20638,"CUB":34.16378,"CYP":80.71105,"CZE":86.69603,"DNK":72.15524,"DJI":15.196996,"DMA":72.62612,"DOM":40.064335,"TLS":41.590904,"ECU":44.299034,"EGY":19.30035,"SLV":25.511131,"EST":58.062557,"SWZ":48.34379,"ETH":7.5548534,"FJI":41.691425,"FIN":71.26799,"FRA":90.893364,"PYF":105.2994,"GAB":52.77634,"GMB":8.688683,"GEO":33.082664,"DEU":84.41822,"GHA":11.414481,"GRC":78.20101,"GRD":54.534286,"GTM":25.56184,"GIN":7.2761126,"GNB":15.08944,"GUY":37.670086,"HTI":13.6894655,"HND":29.830978,"HKG":126.81246,"HUN":90.628525,"ISL":84.35839,"IND":4.0866647,"IDN":10.213869,"IRN":28.711422,"IRQ":5.474491,"IRL":102.36942,"ISR":98.64674,"ITA":85.77287,"JAM":62.65366,"JPN":43.938583,"JOR":35.856556,"KAZ":48.757713,"KEN":14.590911,"KIR":34.490093,"KWT":105.76245,"KGZ":34.707275,"LAO":16.717619,"LVA":55.348537,"LBN":42.559803,"LSO":17.304836,"LBR":10.946602,"LTU":69.883675,"LUX":103.02292,"MAC":90.01829,"MDG":12.143288,"MWI":5.017249,"MYS":50.03348,"MDV":19.616543,"MLI":17.992258,"MLT":83.69584,"MRT":33.748363,"MUS":42.263763,"MEX":59.74437,"MDA":27.52751,"MNG":72.61838,"MAR":22.048351,"MOZ":9.3539915,"MMR":19.062555,"NAM":34.622913,"NPL":9.885785,"NLD":77.51249,"ANT":86.18971,"NCL":68.69616,"NZL":109.02871,"NIC":20.040802,"NER":22.12078,"NGA":8.831539,"PRK":13.966095,"MKD":39.1291,"NOR":64.38753,"OMN":48.78159,"PAK":11.041712,"PAN":53.733368,"PRY":55.896057,"PER":17.110165,"PHL":29.502222,"POL":73.26007,"PRT":84.13281,"ROU":55.138214,"RUS":49.707573,"RWA":5.783193,"KNA":87.37726,"LCA":98.48475,"VCT":80.936775,"WSM":69.03798,"STP":11.967335,"SAU":57.532635,"SEN":12.441253,"SLE":4.5454845,"SVK":62.127934,"SVN":89.29499,"SLB":8.848927,"ZAF":42.164574,"KOR":44.252712,"ESP":107.08479,"LKA":6.5932183,"SUR":37.488598,"SWE":76.97026,"CHE":71.94607,"TWN":79.513535,"TJK":8.910777,"TZA":8.472673,"THA":26.37209,"TGO":9.546349,"TTO":55.4397,"TUN":25.547102,"TUR":22.609243,"TKM":42.55453,"UGA":12.618337,"UKR":38.312466,"ARE":61.102245,"GBR":85.0064,"USA":126.92005,"URY":63.04465,"UZB":23.79359,"VUT":32.11919,"VEN":50.994957,"VNM":33.235565,"YEM":14.815053,"ZMB":13.039568,"ZWE":17.962904}