{"AFG":14.272021,"ALB":42.129787,"DZA":21.447914,"AGO":18.678417,"ATG":83.49199,"ARG":88.497574,"ARM":29.233774,"AUS":118.59909,"AUT":94.23204,"AZE":19.103596,"BHS":97.50274,"BGD":3.6496928,"BRB":77.31063,"BLR":61.871864,"BEL":81.97715,"BLZ":47.48748,"BEN":12.807823,"BMU":82.41543,"BOL":53.746918,"BIH":19.482908,"BWA":28.498692,"BRA":75.10663,"BRN":63.62823,"BGR":50.62063,"BFA":16.589487,"KHM":15.980448,"CMR":16.17852,"CAN":94.83962,"CPV":31.970985,"CAF":30.800903,"TCD":12.430122,"CHL":70.31361,"CHN":48.741352,"COL":41.339973,"COG":15.048456,"CRI":43.440876,"CIV":12.090922,"HRV":50.61555,"CUB":30.419327,"CYP":83.84384,"CZE":87.58918,"DNK":92.49354,"DJI":19.916334,"DMA":70.46298,"DOM":49.697483,"TLS":34.081894,"ECU":43.87972,"EGY":20.373724,"SLV":27.616573,"EST":61.514328,"SWZ":34.61375,"ETH":7.5809846,"FJI":42.40494,"FIN":71.83893,"FRA":88.05201,"PYF":100.90264,"GAB":58.65567,"GMB":9.335563,"GEO":34.74511,"DEU":83.79847,"GHA":11.440008,"GRC":81.29661,"GRD":63.36137,"GTM":25.934156,"GIN":7.5399585,"GNB":14.882939,"GUY":35.893677,"HTI":14.512992,"HND":32.41764,"HKG":131.47112,"HUN":84.2428,"ISL":83.57165,"IND":4.021762,"IDN":9.771811,"IRN":28.899378,"IRQ":7.14121,"IRL":100.97598,"ISR":99.16485,"ITA":84.77005,"JAM":62.052696,"JPN":46.36881,"JOR":34.65965,"KAZ":52.565125,"KEN":15.375495,"KIR":38.12229,"KWT":124.07942,"KGZ":33.559917,"LAO":17.048803,"LVA":59.535034,"LBN":42.745552,"LSO":18.144878,"LBR":10.322095,"LTU":74.916275,"LUX":102.973206,"MAC":94.39049,"MDG":13.44087,"MWI":4.700903,"MYS":50.303482,"MDV":18.662138,"MLI":19.403858,"MLT":81.38869,"MRT":33.16131,"MUS":41.941204,"MEX":61.44016,"MDA":34.972076,"MNG":69.595695,"MAR":24.08361,"MOZ":9.985261,"MMR":22.67955,"NAM":33.230507,"NPL":10.026643,"NLD":75.96713,"ANT":91.80316,"NCL":66.75352,"NZL":102.915054,"NIC":20.780046,"NER":22.484175,"NGA":8.653302,"PRK":14.123954,"MKD":36.933376,"NOR":66.06258,"OMN":47.327076,"PAK":11.029407,"PAN":55.39179,"PRY":50.30445,"PER":18.359554,"PHL":28.939835,"POL":73.01599,"PRT":84.98473,"ROU":65.129616,"RUS":51.870388,"RWA":5.8211856,"KNA":81.73874,"LCA":93.489365,"VCT":80.70448,"WSM":80.80089,"STP":12.935044,"SAU":62.626007,"SEN":13.031075,"SLE":4.690326,"SVK":65.80459,"SVN":91.47109,"SLB":9.368544,"ZAF":44.736004,"KOR":48.94802,"ESP":106.66406,"LKA":6.750161,"SUR":38.617733,"SWE":77.591965,"CHE":72.18762,"TWN":78.833786,"TJK":10.152896,"TZA":8.927658,"THA":27.626822,"TGO":9.804493,"TTO":52.799385,"TUN":24.677961,"TUR":22.307552,"TKM":41.425392,"UGA":12.943221,"UKR":37.561752,"ARE":61.246,"GBR":83.41338,"USA":126.33783,"URY":58.145927,"UZB":24.841473,"VUT":33.02004,"VEN":52.831795,"VNM":36.603092,"YEM":15.076224,"ZMB":13.35039,"ZWE":18.287401}