{"AFG":11.301227,"ALB":46.374058,"DZA":20.10475,"AGO":19.983229,"ATG":80.94196,"ARG":92.29135,"ARM":30.347626,"AUS":113.29552,"AUT":91.25827,"AZE":19.883572,"BHS":100.52436,"BGD":3.740317,"BRB":70.83508,"BLR":68.885635,"BEL":78.69399,"BLZ":44.773506,"BEN":12.6952715,"BMU":96.19092,"BOL":62.739117,"BIH":18.348526,"BWA":25.77189,"BRA":78.51806,"BRN":70.841446,"BGR":47.771637,"BFA":16.712894,"KHM":15.951113,"CMR":16.10882,"CAN":95.077995,"CPV":32.344315,"CAF":30.929077,"TCD":12.266163,"CHL":75.36084,"CHN":50.26672,"COL":43.30588,"COG":18.399364,"CRI":46.345654,"CIV":12.103143,"HRV":58.727562,"CUB":37.384266,"CYP":80.208336,"CZE":85.08496,"DNK":79.22205,"DJI":26.325998,"DMA":64.538895,"DOM":55.75054,"TLS":35.13867,"ECU":49.699787,"EGY":23.150478,"SLV":30.198952,"EST":64.58461,"SWZ":29.258217,"ETH":7.935473,"FJI":43.726273,"FIN":71.14366,"FRA":83.07485,"PYF":97.511795,"GAB":61.181927,"GMB":8.398045,"GEO":29.91378,"DEU":84.48619,"GHA":11.707148,"GRC":82.26458,"GRD":66.82203,"GTM":24.303429,"GIN":7.8361497,"GNB":15.091411,"GUY":33.695335,"HTI":13.874814,"HND":31.532555,"HKG":134.77823,"HUN":84.8879,"ISL":88.79948,"IND":4.0550494,"IDN":10.706529,"IRN":29.554108,"IRQ":7.6690145,"IRL":100.08693,"ISR":101.32532,"ITA":85.48821,"JAM":60.26883,"JPN":45.511692,"JOR":32.756226,"KAZ":57.887066,"KEN":16.135468,"KIR":37.06562,"KWT":96.50661,"KGZ":33.633385,"LAO":17.71806,"LVA":60.21595,"LBN":43.42649,"LSO":22.680773,"LBR":8.669064,"LTU":78.77074,"LUX":101.05048,"MAC":88.35739,"MDG":14.016274,"MWI":5.1220684,"MYS":51.811096,"MDV":20.031637,"MLI":18.625374,"MLT":82.66469,"MRT":31.878677,"MUS":43.536335,"MEX":62.32342,"MDA":35.8587,"MNG":65.81743,"MNE":59.531708,"MAR":24.44743,"MOZ":7.996305,"MMR":25.77569,"NAM":33.01266,"NPL":10.093254,"NLD":79.895035,"ANT":86.718254,"NCL":63.173817,"NZL":109.21978,"NIC":23.317972,"NER":22.290932,"NGA":8.056086,"PRK":13.634585,"MKD":37.084442,"NOR":65.11873,"OMN":49.732605,"PAK":12.447461,"PAN":57.007355,"PRY":52.926235,"PER":19.416706,"PHL":30.433847,"POL":76.20507,"PRT":87.58704,"ROU":64.59308,"RUS":55.59991,"RWA":6.18146,"KNA":82.879036,"LCA":89.29382,"VCT":84.53248,"WSM":72.78606,"STP":12.650814,"SAU":59.247055,"SEN":12.912421,"SRB":53.846207,"SLE":5.3894806,"SVK":62.172157,"SVN":87.21544,"SLB":10.175711,"ZAF":48.451054,"KOR":53.835464,"ESP":105.6133,"LKA":5.6696334,"SUR":41.015385,"SWE":77.31972,"CHE":72.24366,"TWN":82.67979,"TJK":9.204264,"TZA":8.742755,"THA":28.65267,"TGO":10.076168,"TTO":50.289997,"TUN":23.636337,"TUR":22.17144,"TKM":40.770004,"UGA":12.732989,"UKR":41.181797,"ARE":66.047035,"GBR":85.42754,"USA":126.45984,"URY":60.303272,"UZB":26.065697,"VUT":33.075546,"VEN":57.508747,"VNM":39.780907,"YEM":13.734828,"ZMB":12.306954,"ZWE":18.457008}