{"AFG":10.891524,"ALB":51.110344,"DZA":19.956047,"AGO":21.08998,"ATG":84.281654,"ARG":93.32284,"ARM":37.148537,"AUS":123.79828,"AUT":93.57822,"AZE":21.18911,"BHS":100.061295,"BGD":3.8299298,"BRB":78.37522,"BLR":73.45757,"BEL":83.33984,"BLZ":44.351116,"BEN":12.699773,"BMU":101.66112,"BOL":70.06788,"BIH":20.10937,"BWA":24.70903,"BRA":81.1571,"BRN":73.06003,"BGR":47.041367,"BFA":16.150465,"KHM":16.049355,"CMR":16.114359,"CAN":98.473045,"CPV":33.73006,"CAF":32.080925,"TCD":12.149568,"CHL":77.768005,"CHN":51.760906,"COL":44.667435,"COG":20.540054,"CRI":50.863068,"CIV":11.632829,"HRV":63.419937,"CUB":41.173645,"CYP":81.67265,"CZE":86.063835,"DNK":90.00528,"DJI":31.054407,"DMA":64.99724,"DOM":56.8318,"TLS":35.31005,"ECU":54.76669,"EGY":25.032167,"SLV":30.544598,"EST":69.22902,"SWZ":27.794525,"ETH":7.879235,"FJI":41.124897,"FIN":75.056595,"FRA":83.442986,"PYF":107.72834,"GAB":58.940273,"GMB":8.737004,"GEO":31.759369,"DEU":88.474014,"GHA":13.253231,"GRC":77.518936,"GRD":52.82235,"GTM":26.817368,"GIN":8.100174,"GNB":15.146938,"GUY":40.05277,"HTI":14.514653,"HND":32.716366,"HKG":136.85281,"HUN":83.49336,"ISL":92.19619,"IND":4.244357,"IDN":10.590786,"IRN":31.09046,"IRQ":10.608969,"IRL":90.28301,"ISR":98.76743,"ITA":88.2799,"JAM":64.62141,"JPN":45.86769,"JOR":35.971153,"KAZ":59.520573,"KEN":17.349321,"KIR":35.94058,"KWT":105.535904,"KGZ":32.774883,"LAO":18.089922,"LVA":63.835094,"LBN":43.962917,"LSO":19.266861,"LBR":9.819997,"LTU":83.2304,"LUX":100.338425,"MAC":95.205414,"MDG":13.947706,"MWI":6.151749,"MYS":51.009243,"MDV":19.866436,"MLI":19.250376,"MLT":91.3221,"MRT":30.424772,"MUS":45.454903,"MEX":62.550156,"MDA":34.14174,"MNG":70.72634,"MNE":60.025387,"MAR":24.976915,"MOZ":8.738155,"MMR":28.432528,"NAM":35.566357,"NPL":10.326335,"NLD":73.31602,"ANT":82.63958,"NCL":71.06449,"NZL":116.187065,"NIC":24.726349,"NER":22.786392,"NGA":8.614152,"PRK":13.129027,"MKD":49.57528,"NOR":65.58647,"OMN":53.836334,"PAK":12.634914,"PAN":58.638817,"PRY":47.68333,"PER":20.403996,"PHL":32.261707,"POL":75.7745,"PRT":94.14185,"ROU":64.969765,"RUS":60.033173,"RWA":6.3622766,"KNA":78.61514,"LCA":93.65068,"VCT":88.445724,"WSM":79.50436,"STP":13.110383,"SAU":60.282124,"SEN":12.440711,"SRB":59.064816,"SLE":6.179645,"SVK":60.172867,"SVN":84.42412,"SLB":10.5646105,"ZAF":51.832817,"KOR":55.592865,"ESP":108.73458,"LKA":6.598073,"SUR":46.30112,"SWE":78.53192,"CHE":73.37023,"TWN":80.042,"TJK":12.226468,"TZA":8.097866,"THA":30.250568,"TGO":10.038929,"TTO":58.13242,"TUN":25.966148,"TUR":25.254457,"TKM":53.4894,"UGA":13.243545,"UKR":44.459465,"ARE":82.21445,"GBR":84.67781,"USA":126.27757,"URY":61.256256,"UZB":25.471268,"VUT":37.49,"VEN":65.16563,"VNM":43.704243,"YEM":15.182206,"ZMB":12.336399,"ZWE":18.60644}