{"AFG":12.402045,"ALB":56.45387,"DZA":19.197962,"AGO":22.813297,"ATG":86.43912,"ARG":95.50903,"ARM":48.7585,"AUS":113.82299,"AUT":89.09024,"AZE":21.811201,"BHS":102.553856,"BGD":3.8607516,"BRB":71.16182,"BLR":77.69663,"BEL":68.985275,"BLZ":43.765842,"BEN":16.996107,"BMU":113.41304,"BOL":71.69708,"BIH":24.22695,"BWA":27.542526,"BRA":86.8132,"BRN":74.046585,"BGR":51.27416,"BFA":15.766744,"KHM":15.881862,"CMR":16.510223,"CAN":96.112206,"CPV":32.929104,"CAF":32.138012,"TCD":12.0342045,"CHL":77.563194,"CHN":54.078934,"COL":45.670162,"COG":20.371664,"CRI":50.260513,"CIV":11.746451,"HRV":63.268295,"CUB":49.878704,"CYP":78.97132,"CZE":84.84463,"DNK":78.45194,"DJI":25.087399,"DMA":67.91116,"DOM":53.62272,"TLS":34.578583,"ECU":56.304787,"EGY":22.366753,"SLV":28.692251,"EST":66.335304,"SWZ":25.568592,"ETH":7.958473,"FJI":41.106792,"FIN":74.1144,"FRA":90.69061,"PYF":103.29308,"GAB":55.779217,"GMB":6.8229055,"GEO":30.601728,"DEU":88.08733,"GHA":13.561073,"GRC":77.572876,"GRD":55.633076,"GTM":26.668852,"GIN":8.284203,"GNB":16.107292,"GUY":38.16171,"HTI":14.551883,"HND":33.253613,"HKG":136.99411,"HUN":80.98658,"ISL":90.164215,"IND":4.2885394,"IDN":10.963167,"IRN":29.790218,"IRQ":11.661865,"IRL":86.86553,"ISR":102.45144,"ITA":86.43084,"JAM":63.953983,"JPN":46.186375,"JOR":36.01631,"KAZ":60.351788,"KEN":17.257126,"KIR":30.82362,"KWT":108.10311,"KGZ":33.72559,"LAO":18.88931,"LVA":67.408005,"LBN":44.525593,"LSO":19.433737,"LBR":10.525853,"LTU":83.08337,"LUX":104.6513,"MAC":107.50811,"MDG":14.037765,"MWI":7.343935,"MYS":49.11776,"MDV":20.128325,"MLI":20.391848,"MLT":85.52258,"MRT":28.431126,"MUS":47.33166,"MEX":63.455452,"MDA":31.178387,"MNG":79.93656,"MNE":68.64356,"MAR":27.569513,"MOZ":9.180717,"MMR":31.17555,"NAM":42.16722,"NPL":10.503476,"NLD":86.53104,"ANT":90.94466,"NCL":70.72143,"NZL":117.11296,"NIC":24.921894,"NER":22.823776,"NGA":8.664032,"PRK":12.677755,"MKD":37.75659,"NOR":69.14331,"OMN":59.256756,"PAK":12.770223,"PAN":60.4812,"PRY":46.601337,"PER":20.523296,"PHL":32.77565,"POL":73.96592,"PRT":92.87196,"ROU":65.37952,"RUS":64.80918,"RWA":6.673339,"KNA":85.76734,"LCA":91.9334,"VCT":92.58134,"WSM":81.538895,"STP":13.773819,"SAU":56.982456,"SEN":13.326929,"SRB":59.815594,"SLE":6.6912603,"SVK":61.286007,"SVN":88.51099,"SLB":11.381558,"ZAF":55.612274,"KOR":55.36501,"ESP":100.28111,"LKA":6.4441113,"SUR":46.740448,"SWE":79.63017,"CHE":74.72003,"TWN":81.70928,"TJK":14.107056,"TZA":8.794995,"THA":27.719074,"TGO":11.336303,"TTO":58.036396,"TUN":25.74431,"TUR":23.952082,"TKM":53.09935,"UGA":12.809604,"UKR":50.66939,"ARE":85.95475,"GBR":80.89314,"USA":123.28811,"URY":76.36755,"UZB":26.526882,"VUT":39.217434,"VEN":77.91372,"VNM":47.276783,"YEM":14.615144,"ZMB":12.206999,"ZWE":18.674145}