{"AFG":11.964453,"ALB":59.27502,"DZA":19.826387,"AGO":21.050852,"ATG":83.69865,"ARG":97.6137,"ARM":40.75874,"AUS":113.589165,"AUT":92.206566,"AZE":27.247051,"BHS":108.66684,"BGD":3.9339318,"BRB":71.07891,"BLR":79.485756,"BEL":66.641014,"BLZ":42.480206,"BEN":15.703837,"BMU":105.2377,"BOL":63.941044,"BIH":27.14123,"BWA":28.1915,"BRA":85.83596,"BRN":74.74399,"BGR":55.4869,"BFA":15.738704,"KHM":16.17808,"CMR":15.903151,"CAN":94.0755,"CPV":34.46134,"CAF":33.164974,"TCD":11.92192,"CHL":73.87292,"CHN":55.760056,"COL":45.190994,"COG":22.022238,"CRI":51.625652,"CIV":11.685906,"HRV":67.78494,"CUB":53.782757,"CYP":77.48483,"CZE":85.06744,"DNK":66.40999,"DJI":17.846355,"DMA":63.115463,"DOM":55.97889,"TLS":35.10211,"ECU":52.879295,"EGY":23.584839,"SLV":28.797443,"EST":66.87193,"SWZ":25.57998,"ETH":7.5383587,"FJI":35.69533,"FIN":72.96026,"FRA":90.11695,"PYF":102.1674,"GAB":57.2836,"GMB":7.2812634,"GEO":28.064,"DEU":88.35755,"GHA":12.854818,"GRC":79.63776,"GRD":58.97938,"GTM":27.327312,"GIN":9.054168,"GNB":15.739807,"GUY":43.27137,"HTI":14.703555,"HND":30.920143,"HKG":139.8134,"HUN":78.81271,"ISL":85.45297,"IND":4.321507,"IDN":11.277751,"IRN":34.656414,"IRQ":16.206305,"IRL":85.24784,"ISR":96.99547,"ITA":88.09223,"JAM":58.9588,"JPN":45.490143,"JOR":34.601593,"KAZ":60.00204,"KEN":17.247135,"KIR":25.785366,"KWT":119.6179,"KGZ":36.156555,"LAO":19.582325,"LVA":64.640465,"LBN":47.588768,"LSO":19.881075,"LBR":10.17503,"LTU":75.33241,"LUX":98.46125,"MAC":103.337555,"MDG":13.840116,"MWI":8.078234,"MYS":51.983765,"MDV":19.147703,"MLI":21.240377,"MLT":85.24335,"MRT":30.091686,"MUS":49.071327,"MEX":63.824913,"MDA":28.394707,"MNG":87.83917,"MNE":69.23615,"MAR":29.713892,"MOZ":8.314989,"MMR":35.51418,"NAM":33.938915,"NPL":10.735994,"NLD":86.48688,"ANT":96.55992,"NCL":74.89464,"NZL":104.84342,"NIC":24.569628,"NER":19.234722,"NGA":8.89812,"PRK":13.039107,"MKD":40.406963,"NOR":66.09079,"OMN":60.626766,"PAK":12.951107,"PAN":61.132645,"PRY":45.851784,"PER":20.646532,"PHL":32.564613,"POL":74.916306,"PRT":93.65191,"ROU":69.816864,"RUS":63.66064,"RWA":6.677781,"KNA":81.67615,"LCA":91.50724,"VCT":92.16393,"WSM":80.40202,"STP":16.359844,"SAU":59.47252,"SEN":13.487467,"SRB":59.973206,"SLE":7.060967,"SVK":60.938488,"SVN":87.88072,"SLB":12.056258,"ZAF":56.55809,"KOR":55.956566,"ESP":96.56033,"LKA":6.203497,"SUR":46.769196,"SWE":78.49496,"CHE":73.56088,"TWN":83.54466,"TJK":13.710407,"TZA":8.781212,"THA":26.259365,"TGO":11.664788,"TTO":61.45608,"TUN":25.18531,"TUR":25.11849,"TKM":53.52912,"UGA":12.998831,"UKR":48.0396,"ARE":73.49695,"GBR":80.05212,"USA":119.265915,"URY":71.177216,"UZB":27.609352,"VUT":36.94174,"VEN":74.195625,"VNM":51.363274,"YEM":16.14453,"ZMB":12.767584,"ZWE":20.172787}