{"AFG":12.400001,"ALB":46.909824,"DZA":19.86,"AGO":23.870008,"ATG":101.459785,"ARG":95.80999,"ARM":43.299957,"AUS":119.64999,"AUT":106.26004,"AZE":29.309992,"BHS":123.35933,"BGD":3.8900003,"BRB":69.74721,"BLR":85.89999,"BEL":68.950066,"BLZ":45.77914,"BEN":22.125982,"BOL":68.92996,"BIH":29.029924,"BWA":24.4,"BRA":90.27,"BGR":55.790047,"BFA":16.209995,"BDI":2.628058,"KHM":14.18,"CMR":14.670006,"CAN":90.99999,"CPV":34.259125,"CAF":35.150158,"TCD":35.251648,"CHL":78.33999,"CHN":58.25,"COL":46.509995,"COM":20.819809,"COG":19.199942,"CRI":51.559944,"CIV":12.089996,"HRV":61.29,"CUB":48.369984,"CYP":82.13956,"CZE":83.560036,"COD":4.74,"DNK":76.81993,"DJI":15.089968,"DMA":69.905945,"DOM":47.53995,"TLS":33.399757,"ECU":54.14998,"EGY":24.47,"SLV":30.369986,"EST":71.11,"SWZ":27.059977,"ETH":8.149999,"FJI":30.089767,"FIN":76.100044,"FRA":90.55999,"PYF":99.25633,"GAB":63.64989,"GMB":6.9799857,"GEO":29.629908,"DEU":89.590004,"GHA":13.4699955,"GRC":80.34003,"GRD":55.18505,"GTM":33.879982,"GIN":10.03,"GNB":16.389978,"GUY":37.52005,"HTI":16.279985,"HND":29.699997,"HKG":134.87012,"HUN":71.680016,"ISL":89.91915,"IND":4.26,"IDN":10.439999,"IRN":35.069996,"IRQ":14.375381,"IRL":80.24993,"ISR":99.75993,"ITA":90.56,"JAM":62.389935,"JPN":46.341118,"JOR":39.08997,"KAZ":51.61001,"KEN":16.26,"KIR":26.365877,"KWT":96.42987,"KGZ":40.089977,"LAO":19.999975,"LVA":65.09988,"LBN":41.19,"LSO":11.889965,"LBR":11.51998,"LBY":32.090015,"LTU":73.08997,"LUX":94.718506,"MAC":96.68017,"MDG":7.079999,"MWI":7.6199965,"MYS":61.010014,"MDV":20.539318,"MLI":21.922699,"MLT":79.69924,"MRT":32.539925,"MUS":48.68,"MEX":66.52,"MDA":35.347088,"MNG":68.17977,"MNE":78.18025,"MAR":32.39001,"MOZ":7.370002,"MMR":38.960003,"NAM":33.209923,"NPL":10.919998,"NLD":73.26004,"NCL":77.05999,"NZL":91.860085,"NIC":23.759996,"NER":9.529998,"NGA":8.39,"PRK":13.760002,"MKD":37.2,"NOR":71.64,"OMN":57.99,"PAK":13.13,"PAN":60.629883,"PNG":63.929966,"PRY":25.859987,"PER":37.999996,"PHL":34.080006,"POL":82.95999,"PRT":98.46001,"ROU":61.649986,"RUS":65.74,"RWA":8.109992,"KNA":90.78931,"LCA":88.5843,"VCT":98.05752,"WSM":99.1023,"STP":18.768969,"SAU":64.42999,"SEN":16.56999,"SRB":64.079895,"SYC":46.598717,"SLE":7.4699936,"SVK":57.48993,"SVN":86.15996,"SLB":11.859865,"SOM":14.673153,"ZAF":57.840004,"KOR":59.48,"ESP":94.51,"LKA":6.5599995,"SUR":52.46895,"SWE":80.43997,"CHE":74.62,"SYR":19.570002,"TWN":77.96001,"TJK":13.229993,"TZA":8.999999,"THA":27.210003,"TGO":12.632997,"TTO":75.13962,"TUN":27.109991,"TUR":31.660004,"TKM":46.840034,"UGA":13.15,"UKR":49.170002,"ARE":39.08993,"GBR":78.87,"USA":119.27,"URY":68.71998,"UZB":33.04,"VUT":36.88907,"VEN":71.97,"VNM":40.97,"YEM":16.290005,"ZMB":19.079996,"ZWE":60.259995}