{"AFG":11.690001,"ALB":46.610016,"DZA":20.400002,"AGO":26.54999,"ATG":84.1805,"ARG":97.60001,"ARM":46.880016,"AUS":123.93,"AUT":103.98997,"AZE":30.40998,"BHS":90.23806,"BGD":3.88,"BRB":67.867546,"BLR":89.66003,"BEL":66.61004,"BLZ":46.16915,"BEN":22.182442,"BOL":68.02999,"BIH":33.420006,"BWA":38.38985,"BRA":93.82,"BGR":56.679977,"BFA":16.050003,"BDI":2.6563282,"KHM":14.269994,"CMR":14.249992,"CAN":90.73,"CPV":32.02981,"CAF":36.736458,"TCD":36.021263,"CHL":80.280045,"CHN":57.01,"COL":48.029995,"COM":20.18988,"COG":21.819963,"CRI":50.60996,"CIV":11.619998,"HRV":60.939896,"CUB":47.55997,"CYP":80.29979,"CZE":81.30002,"COD":4.63,"DNK":73.29003,"DJI":13.809928,"DMA":62.71618,"DOM":49.809986,"TLS":34.689934,"ECU":54.039997,"EGY":23.57,"SLV":29.25001,"EST":68.54969,"SWZ":25.329659,"ETH":7.1699996,"FJI":35.75996,"FIN":75.34006,"FRA":88.51001,"PYF":102.038506,"GAB":68.86973,"GMB":7.3999815,"GEO":29.51997,"DEU":89.87999,"GHA":15.699999,"GRC":78.56001,"GRD":54.193714,"GTM":34.220016,"GIN":10.3099985,"GNB":17.159956,"GUY":39.95941,"HTI":18.309994,"HND":30.809975,"HKG":135.53003,"HUN":74.85004,"ISL":90.12029,"IND":4.1,"IDN":10.99,"IRN":35.95,"IRQ":18.526741,"IRL":77.179955,"ISR":100.26996,"ITA":87.69999,"JAM":63.399933,"JPN":47.12717,"JOR":41.37994,"KAZ":55.43001,"KEN":15.759998,"KIR":32.997017,"KWT":92.71986,"KGZ":37.44995,"LAO":19.689995,"LVA":69.3,"LBN":40.300014,"LSO":13.149967,"LBR":14.340011,"LBY":33.89995,"LTU":72.96995,"LUX":94.83945,"MAC":102.33751,"MDG":6.9699984,"MWI":10.689995,"MYS":61.30001,"MDV":21.82924,"MLI":22.079027,"MLT":79.05907,"MRT":32.66997,"MUS":49.9,"MEX":66.09,"MDA":37.188007,"MNG":69.09992,"MNE":72.470116,"MAR":32.860004,"MOZ":7.879998,"MMR":40.489998,"NAM":34.569824,"NPL":11.849997,"NLD":66.56,"NCL":79.077034,"NZL":88.91003,"NIC":24.249994,"NER":8.909996,"NGA":7.8399997,"PRK":13.799995,"MKD":35.870087,"NOR":72.20001,"OMN":55.189964,"PAK":13.41,"PAN":63.279846,"PNG":65.54001,"PRY":33.259987,"PER":40.170006,"PHL":33.61,"POL":83.38999,"PRT":95.78,"ROU":59.200005,"RUS":66.43,"RWA":7.7699914,"KNA":90.54786,"LCA":92.29248,"VCT":93.98539,"WSM":96.76205,"STP":17.248606,"SAU":62.340034,"SEN":16.439999,"SRB":66.08002,"SYC":54.598183,"SLE":7.6799903,"SVK":56.95005,"SVN":81.8998,"SLB":16.849756,"SOM":14.938605,"ZAF":59.09,"KOR":62.22,"ESP":94.52,"LKA":6.329999,"SUR":50.71918,"SWE":81.10997,"CHE":74.239914,"SYR":19.699997,"TWN":79.75001,"TJK":13.050004,"TZA":9.41,"THA":26.75,"TGO":12.675992,"TTO":75.32946,"TUN":25.219997,"TUR":33.61,"TKM":47.270058,"UGA":13.199999,"UKR":49.049995,"ARE":39.319912,"GBR":79.65001,"USA":116.58001,"URY":67.89982,"UZB":33.890007,"VUT":36.72804,"VEN":75.08997,"VNM":47.02,"YEM":15.869999,"ZMB":18.880005,"ZWE":63.019997}