{"AFG":11.809998,"ALB":46.55995,"DZA":21.400003,"AGO":28.269993,"ATG":94.8537,"ARG":100.54,"ARM":45.430016,"AUS":120.78996,"AUT":87.23001,"AZE":30.840002,"BHS":109.70883,"BGD":3.9699996,"BRB":67.237816,"BLR":88.780045,"BEL":72.07999,"BLZ":47.538437,"BEN":23.605804,"BOL":66.839966,"BIH":35.98001,"BWA":33.61005,"BRA":93.64,"BGR":54.009922,"BFA":15.840005,"BDI":2.8887382,"KHM":12.9,"CMR":13.8,"CAN":91.530014,"CPV":30.43905,"CAF":36.73013,"TCD":36.832912,"CHL":80.24001,"CHN":57.85,"COL":51.92,"COM":20.349792,"COG":22.239967,"CRI":49.89,"CIV":11.229999,"HRV":69.28011,"CUB":47.52003,"CYP":78.7498,"CZE":76.00994,"COD":4.5199995,"DNK":76.78012,"DJI":17.839926,"DMA":53.61698,"DOM":46.620003,"TLS":35.369656,"ECU":53.119984,"EGY":24.64,"SLV":30.230015,"EST":59.600224,"SWZ":25.70977,"ETH":6.19,"FJI":42.85,"FIN":77.959885,"FRA":88.200005,"PYF":99.57562,"GAB":68.24989,"GMB":6.959976,"GEO":30.160015,"DEU":88.24,"GHA":15.799998,"GRC":75.53006,"GRD":54.829304,"GTM":34.180027,"GIN":10.67,"GNB":16.849949,"GUY":47.03962,"HTI":18.56,"HND":29.579996,"HKG":138.63002,"HUN":73.20999,"ISL":89.44693,"IND":3.91,"IDN":11.08,"IRN":34.659996,"IRQ":17.771944,"IRL":82.879906,"ISR":98.07999,"ITA":87.499985,"JAM":63.449955,"JPN":47.712166,"JOR":43.129982,"KAZ":58.27998,"KEN":14.389998,"KIR":28.006758,"KWT":82.92012,"KGZ":36.219994,"LAO":20.779997,"LVA":64.89971,"LBN":38.689987,"LSO":15.029903,"LBR":14.80998,"LBY":34.80002,"LTU":74.979904,"LUX":93.139824,"MAC":108.73,"MDG":6.8599987,"MWI":13.230002,"MYS":62.90999,"MDV":21.859945,"MLI":22.731142,"MLT":78.7289,"MRT":31.749956,"MUS":51.449844,"MEX":65.78,"MDA":39.28447,"MNG":74.64992,"MNE":80.79923,"MAR":33.09999,"MOZ":8.1,"MMR":43.86,"NAM":29.499918,"NPL":12.030002,"NLD":84.38999,"NCL":79.83706,"NZL":96.759964,"NIC":25.66,"NER":9.34,"NGA":7.2,"PRK":13.909996,"MKD":38.52004,"NOR":70.6401,"OMN":54.990097,"PAK":13.73,"PAN":65.61999,"PNG":64.039955,"PRY":24.869995,"PER":43.190002,"PHL":33.36,"POL":81.700005,"PRT":91.23996,"ROU":58.239998,"RUS":72.87,"RWA":7.929997,"KNA":83.913605,"LCA":88.36744,"VCT":93.43883,"WSM":97.53107,"STP":14.4590845,"SAU":60.849983,"SEN":16.299988,"SRB":69.45996,"SYC":48.587795,"SLE":8.910003,"SVK":49.14994,"SVN":78.58992,"SLB":13.179701,"SOM":15.194555,"ZAF":59.24,"KOR":63.309998,"ESP":94.85999,"LKA":7.5,"SDN":21.882515,"SUR":51.419086,"SWE":78.50011,"CHE":71.71003,"SYR":17.989998,"TWN":77.37999,"TJK":15.919987,"TZA":9.59,"THA":28.040005,"TGO":12.794109,"TTO":77.59978,"TUN":28.820004,"TUR":34.450005,"TKM":50.170013,"UGA":12.910002,"UKR":53.81001,"ARE":41.37999,"GBR":79.80999,"USA":115.04,"URY":69.82987,"UZB":34.77999,"VUT":38.357845,"VEN":71.1,"VNM":44.260002,"YEM":17.119999,"ZMB":20.459997,"ZWE":63.27001}