{"AFG":11.839996,"ALB":47.189983,"DZA":21.199999,"AGO":29.150003,"ATG":84.666534,"ARG":105.13002,"ARM":46.699905,"AUS":119.80999,"AUT":91.08999,"AZE":31.019978,"BHS":107.90801,"BGD":4.1,"BRB":67.31024,"BLR":86.549965,"BEL":69.75002,"BLZ":46.199326,"BEN":22.853033,"BOL":66.35999,"BIH":33.160027,"BWA":23.99992,"BRA":95.7,"BGR":53.659966,"BFA":14.669999,"BDI":2.3236606,"KHM":12.37,"CMR":14.180001,"CAN":89.56002,"CPV":32.039936,"CAF":37.168373,"TCD":37.61993,"CHL":85.390015,"CHN":59.02,"COL":53.059998,"COM":21.959589,"COG":26.879978,"CRI":49.739967,"CIV":11.6900015,"HRV":66.65996,"CUB":51.73003,"CYP":75.25943,"CZE":73.87997,"COD":4.38,"DNK":77.62996,"DJI":16.349785,"DMA":66.310295,"DOM":48.339962,"TLS":33.709793,"ECU":53.63999,"EGY":26.039999,"SLV":29.909975,"EST":57.19,"SWZ":28.399748,"ETH":6.52,"FJI":31.29969,"FIN":76.5699,"FRA":86.81999,"PYF":101.447784,"GAB":70.57996,"GMB":6.0799856,"GEO":31.660015,"DEU":87.6,"GHA":16.349998,"GRC":77.80005,"GRD":56.555515,"GTM":34.44,"GIN":10.969996,"GNB":17.169899,"GUY":45.64,"HTI":18.019993,"HND":30.220015,"HKG":130.01018,"HUN":66.18004,"ISL":93.34972,"IND":3.85,"IDN":11.37,"IRN":35.27,"IRQ":19.08426,"IRL":86.670074,"ISR":99.44014,"ITA":84.97001,"JAM":62.490025,"JPN":49.00284,"JOR":41.529987,"KAZ":57.43999,"KEN":14.609998,"KIR":29.158205,"KWT":80.23988,"KGZ":34.409977,"LAO":21.209982,"LVA":62.47019,"LBN":34.179993,"LSO":15.159933,"LBR":15.029981,"LBY":32.93997,"LTU":79.34003,"LUX":92.70863,"MAC":108.60782,"MDG":6.6699996,"MWI":12.930004,"MYS":65.43998,"MDV":23.95958,"MLI":22.010279,"MLT":80.79868,"MRT":32.089966,"MUS":52.469677,"MEX":65.9,"MDA":41.633385,"MNG":82.08979,"MNE":80.60013,"MAR":33.419994,"MOZ":7.809999,"MMR":47.530003,"NAM":26.390059,"NPL":12.290001,"NLD":83.46997,"NCL":78.15662,"NZL":92.499855,"NIC":27.179945,"NER":9.250001,"NGA":7.75,"PRK":14.049996,"MKD":38.82,"NOR":70.15992,"OMN":56.109924,"PAK":14.16,"PAN":65.00995,"PNG":63.02,"PRY":38.249954,"PER":44.46002,"PHL":33.560005,"POL":78.799995,"PRT":91.55012,"ROU":56.61002,"RUS":74.579994,"RWA":8.12,"KNA":84.37057,"LCA":90.1848,"VCT":94.65599,"WSM":96.253204,"STP":15.269367,"SAU":65.84001,"SEN":16.189991,"SRB":71.25997,"SYC":51.77087,"SLE":10.979988,"SVK":52.16998,"SVN":71.63958,"SLB":13.019957,"SOM":15.149833,"ZAF":61.62,"KOR":64.42999,"ESP":93.869995,"LKA":7.7300005,"SDN":22.421648,"SUR":50.20965,"SWE":81.12,"CHE":71.89001,"SYR":17.86,"TWN":74.94,"TJK":17.789972,"TZA":9.929999,"THA":28.849998,"TGO":12.741115,"TTO":81.27954,"TUN":29.799986,"TUR":34.62,"TKM":49.00993,"UGA":12.879996,"UKR":54.05001,"ARE":40.059998,"GBR":78.36001,"USA":115.1,"URY":60.130093,"UZB":35.319996,"VUT":39.207687,"VEN":73.920006,"VNM":44.95,"YEM":17.449997,"ZMB":20.55,"ZWE":60.979992}