{"AFG":12.539997,"ALB":40.49003,"DZA":21.959997,"AGO":34.650005,"ATG":83.19688,"ARG":102.98,"ARM":50.009773,"AUS":119.2,"AUT":83.41009,"AZE":30.410011,"BHS":105.67668,"BGD":4.38,"BRB":69.588745,"BLR":74.850044,"BEL":58.99004,"BLZ":52.84788,"BEN":24.34771,"BOL":66.98001,"BIH":34.429993,"BWA":24.059856,"BRA":97.65,"BGR":55.92,"BFA":14.479996,"BDI":2.584908,"KHM":12.889999,"CMR":14.399998,"CAN":91.939995,"CPV":33.879738,"CAF":38.352997,"TCD":39.415493,"CHL":83.36999,"CHN":60.38,"COL":55.300003,"COM":24.059593,"COG":28.49996,"CRI":47.389942,"CIV":12.520004,"HRV":68.32992,"CUB":49.8,"CYP":73.579636,"CZE":74.75005,"COD":4.7199993,"DNK":88.01992,"DJI":13.1,"DMA":65.80526,"DOM":49.960033,"TLS":32.489643,"ECU":56.019978,"EGY":26.569998,"SLV":33.779987,"EST":59.89968,"SWZ":30.819866,"ETH":6.7199993,"FJI":37.83963,"FIN":74.97993,"FRA":88.30999,"PYF":103.469635,"GAB":70.94,"GMB":11.589973,"GEO":34.90999,"DEU":84.64,"GHA":14.909999,"GRC":71.670006,"GRD":55.421257,"GTM":34.82001,"GIN":11.109999,"GNB":16.819942,"GUY":48.149937,"HTI":20.179998,"HND":29.709976,"HKG":130.28996,"HUN":71.82998,"ISL":96.24795,"IND":4.22,"IDN":11.790001,"IRN":36.55,"IRQ":9.683654,"IRL":78.71007,"ISR":102.300095,"ITA":78.98,"JAM":62.359867,"JPN":47.8463,"JOR":38.62998,"KAZ":55.309982,"KEN":15.79,"KIR":30.477621,"KWT":72.77002,"KGZ":34.78999,"LAO":25.26,"LVA":62.07991,"LBN":32.269985,"LSO":22.97999,"LBR":19.079962,"LBY":44.95993,"LTU":79.09997,"LUX":87.61922,"MAC":114.378494,"MDG":6.469998,"MWI":15.660005,"MYS":68.65002,"MDV":23.26983,"MLI":21.807947,"MLT":94.736946,"MRT":32.66999,"MUS":52.209755,"MEX":64.35999,"MDA":42.546486,"MNG":77.349976,"MNE":75.71036,"MAR":34.159996,"MOZ":8.689999,"MMR":53.38999,"NAM":29.42996,"NPL":12.259998,"NLD":70.330025,"NCL":76.926445,"NZL":92.02008,"NIC":30.859987,"NER":10.899996,"NGA":8.5,"PRK":14.039998,"MKD":38.839767,"NOR":66.50004,"OMN":52.319946,"PAK":14.560001,"PAN":66.22,"PNG":62.600002,"PRY":32.339954,"PER":45.820007,"PHL":34.630005,"POL":78.51999,"PRT":92.67998,"ROU":60.939972,"RUS":74.82,"RWA":8.840001,"KNA":103.46167,"LCA":97.80719,"VCT":96.26762,"WSM":104.46426,"STP":15.799197,"SAU":58.340008,"SEN":16.049995,"SRB":71.36997,"SYC":44.45448,"SLE":10.340008,"SVK":50.499924,"SVN":72.09017,"SLB":13.849888,"SOM":15.205432,"ZAF":63.03,"KOR":68.08001,"ESP":95.310005,"LKA":7.8900023,"SDN":23.44673,"SUR":50.32913,"SWE":75.799934,"CHE":70.42002,"SYR":18.48,"TWN":77.47003,"TJK":16.099983,"TZA":10.500001,"THA":31.460001,"TGO":13.205476,"TTO":82.02971,"TUN":28.569986,"TUR":35.619995,"TKM":56.649944,"UGA":12.5199995,"UKR":49.32,"ARE":42.35995,"GBR":78.36001,"USA":114.4,"URY":70.13973,"UZB":36.609997,"VUT":40.358913,"VEN":77.66,"VNM":38.11,"YEM":17.45,"ZMB":19.97,"ZWE":49.459976}