{"AFG":10.899998,"ALB":41.85994,"DZA":21.810001,"AGO":24.899998,"ATG":87.62922,"ARG":110.17,"ARM":50.700016,"AUS":119.77001,"AUT":88.59003,"AZE":32.78997,"BHS":107.5686,"BGD":4.43,"BRB":76.247536,"BLR":75.71001,"BEL":55.27999,"BLZ":54.34832,"BEN":24.385567,"BOL":80.40995,"BIH":40.26999,"BWA":24.789934,"BRA":99.28,"BGR":55.81004,"BFA":14.220002,"BDI":2.4663284,"KHM":12.519998,"CMR":14.529995,"CAN":92.77998,"CPV":35.41896,"CAF":38.26879,"TCD":40.825184,"CHL":86.47001,"CHN":60.759995,"COL":57.300003,"COM":22.699844,"COG":33.41998,"CRI":48.54995,"CIV":13.019997,"HRV":71.34996,"CUB":53.159954,"CYP":71.30976,"CZE":78.430016,"COD":4.57,"DNK":93.25004,"DJI":13.779919,"DMA":66.41253,"DOM":52.350018,"TLS":36.869907,"ECU":53.540005,"EGY":28.360003,"SLV":33.910027,"EST":64.67,"SWZ":28.269705,"ETH":6.6799994,"FJI":39.239788,"FIN":74.38001,"FRA":88.66001,"PYF":102.34742,"GAB":77.1,"GMB":11.07,"GEO":34.58,"DEU":86.48,"GHA":14.33,"GRC":66.80999,"GRD":62.803978,"GTM":36.94999,"GIN":11.379993,"GNB":16.97999,"GUY":50.069805,"HTI":19.969982,"HND":32.67001,"HKG":127.749985,"HUN":75.799995,"ISL":96.7165,"IND":4.45,"IDN":11.87,"IRN":36.079998,"IRQ":16.0222,"IRL":81.43989,"ISR":105.41992,"ITA":76.16001,"JAM":63.23987,"JPN":47.010788,"JOR":37.19,"KAZ":55.009983,"KEN":15.890001,"KIR":29.595945,"KWT":73.09971,"KGZ":31.31002,"LAO":24.620012,"LVA":64.80987,"LBN":33.36,"LSO":21.129961,"LBR":19.609976,"LBY":43.319965,"LTU":80.679695,"LUX":86.57,"MAC":111.6991,"MDG":6.589999,"MWI":18.190004,"MYS":70.740005,"MDV":27.569033,"MLI":21.19811,"MLT":80.990364,"MRT":32.690006,"MUS":52.499878,"MEX":65.98,"MDA":45.87938,"MNG":89.70006,"MNE":81.77935,"MAR":34.16,"MOZ":9.379998,"MMR":56.93,"NAM":28.24994,"NPL":12.53,"NLD":69.72,"NCL":73.397675,"NZL":88.3999,"NIC":28.770014,"NER":9.120002,"NGA":7.7299995,"PRK":14.059998,"MKD":40.07008,"NOR":69.10991,"OMN":48.230022,"PAK":15.0199995,"PAN":65.89993,"PNG":62.42002,"PRY":31.01997,"PER":46.070004,"PHL":35.54,"POL":84.90999,"PRT":92.20004,"ROU":66.200005,"RUS":73.76001,"RWA":9.599995,"KNA":95.703415,"LCA":98.90925,"VCT":99.945984,"WSM":108.67246,"STP":15.948566,"SAU":60.52999,"SEN":16.789995,"SRB":66.269936,"SYC":54.39138,"SLE":8.469988,"SVK":48.460014,"SVN":70.86014,"SLB":13.159732,"SOM":15.102753,"ZAF":61.960003,"KOR":71.48,"ESP":97.790016,"LKA":9.189998,"SDN":22.144842,"SUR":48.209667,"SWE":76.11998,"CHE":68.54992,"SYR":19.020004,"TWN":80.18997,"TJK":22.060001,"TZA":10.870001,"THA":28.690004,"TGO":14.097842,"TTO":71.89,"TUN":28.369976,"TUR":36.730003,"TKM":53.209972,"UGA":11.870002,"UKR":47.34999,"ARE":49.02998,"GBR":82.3,"USA":115.88,"URY":61.609966,"UZB":36.68,"VUT":37.74787,"VEN":56.650005,"VNM":39.84,"YEM":14.170001,"ZMB":19.609999,"ZWE":53.930008}