{"AFG":10.429999,"ALB":43.66003,"DZA":21.08,"AGO":22.259998,"ATG":68.16242,"ARG":108.09999,"ARM":47.549904,"AUS":122.659996,"AUT":85.87,"AZE":32.409985,"BHS":95.15,"BGD":4.5,"BRB":72.798965,"BLR":78.10995,"BEL":68.39996,"BLZ":55.917393,"BEN":19.896473,"BOL":77.62,"BIH":41.080036,"BWA":23.299957,"BRA":98.18,"BGR":56.989956,"BFA":12.760004,"BDI":2.5610478,"KHM":12.549998,"CMR":13.939997,"CAN":89.77998,"CPV":39.649536,"CAF":37.8296,"TCD":40.336884,"CHL":92.18998,"CHN":62.01,"COL":58.31,"COM":24.479834,"COG":31.94997,"CRI":49.759968,"CIV":11.319998,"HRV":72.03003,"CUB":62.679974,"CYP":71.73976,"CZE":79.410034,"COD":4.4399996,"DNK":96.68007,"DJI":13.259872,"DMA":68.62359,"DOM":54.1,"TLS":37.269882,"ECU":49.939995,"EGY":26.400002,"SLV":34.809956,"EST":67.47,"SWZ":27.809855,"ETH":7.0299997,"FJI":31.3801,"FIN":74.88003,"FRA":87.96001,"PYF":102.18,"GAB":66.62,"GMB":11.7599745,"GEO":34.569992,"DEU":81.29,"GHA":13.180002,"GRC":66.94996,"GRD":65.34035,"GTM":37.529995,"GIN":11.819999,"GNB":16.889925,"GUY":51.749794,"HTI":21.139996,"HND":34.1,"HKG":133.96007,"HUN":79.28001,"ISL":96.64972,"IND":4.5,"IDN":12.129999,"IRN":38.54,"IRQ":17.557516,"IRL":79.5099,"ISR":111.25005,"ITA":75.58001,"JAM":62.229797,"JPN":48.057148,"JOR":36.170002,"KAZ":54.99,"KEN":15.970003,"KIR":33.23776,"KWT":69.38989,"KGZ":31.72,"LAO":25.59,"LVA":66.4199,"LBN":36.039997,"LSO":19.139963,"LBR":20.020012,"LBY":39.88,"LTU":79.34003,"LUX":87.41985,"MAC":114.31874,"MDG":6.68,"MWI":19.15,"MYS":72.45999,"MDV":30.169592,"MLI":22.41133,"MLT":76.59898,"MRT":32.29004,"MUS":52.209717,"MEX":67.100006,"MDA":48.31596,"MNG":87.30985,"MNE":86.10055,"MAR":34.4,"MOZ":8.999997,"MMR":57.939995,"NAM":28.239895,"NPL":13.079995,"NLD":68.569984,"NCL":78.20669,"NZL":100.44005,"NIC":28.270027,"NER":8.889997,"NGA":7.47,"PRK":14.410003,"MKD":40.079838,"NOR":69.11008,"OMN":45.08,"PAK":15.650001,"PAN":66.34008,"PNG":61.54002,"PRY":34.150005,"PER":47.99999,"PHL":37.33,"POL":87.94001,"PRT":91.47994,"ROU":68.30001,"RUS":73.82001,"RWA":8.939997,"KNA":99.74854,"LCA":98.65944,"VCT":106.67496,"WSM":119.39472,"STP":16.049053,"SAU":59.400013,"SEN":16.580002,"SRB":69.59997,"SYC":63.03082,"SLE":8.159989,"SVK":57.429977,"SVN":73.43969,"SLB":13.549857,"SOM":13.377687,"ZAF":63.74,"KOR":73.12001,"ESP":97.59,"LKA":9.9000025,"SDN":21.89323,"SUR":44.519623,"SWE":74.88999,"CHE":67.74998,"SYR":18.729994,"TWN":79.52,"TJK":25.390018,"TZA":10.67,"THA":27.920004,"TGO":13.714263,"TTO":74.099945,"TUN":28.259985,"TUR":36.640003,"TKM":51.739994,"UGA":11.489999,"UKR":47.339996,"ARE":46.199986,"GBR":84.59,"USA":117.50001,"URY":56.95002,"UZB":36.97001,"VUT":39.758976,"VEN":43.310005,"VNM":41.31,"YEM":13.749994,"ZMB":18.55999,"ZWE":53.839973}