{"AFG":9.499997,"ALB":42.749928,"DZA":20.08,"AGO":24.560003,"ATG":91.07691,"ARG":111.54999,"ARM":53.03989,"AUS":114.74998,"AUT":85.16002,"AZE":33.92,"BHS":95.86853,"BGD":4.3100004,"BRB":72.68819,"BLR":78.029976,"BEL":54.639984,"BLZ":51.25794,"BEN":15.642458,"BOL":81.13999,"BIH":41.50995,"BWA":22.83001,"BRA":100.880005,"BGR":57.239986,"BFA":11.919998,"BDI":2.4527872,"KHM":13.199997,"CMR":12.729995,"CAN":90.73001,"CPV":43.679234,"CAF":38.98563,"TCD":43.048008,"CHL":90.58001,"CHN":61.55,"COL":59.100002,"COM":24.219934,"COG":38.46998,"CRI":51.440033,"CIV":11.719997,"HRV":78.00004,"CUB":66.490036,"CYP":73.36035,"CZE":81.22998,"COD":4.46,"DNK":94.3801,"DJI":14.119946,"DMA":67.138626,"DOM":51.67997,"TLS":40.329647,"ECU":49.700016,"EGY":27.520002,"SLV":35.749954,"EST":63.53952,"SWZ":28.8898,"ETH":6.4399996,"FJI":52.689884,"FIN":76.07002,"FRA":86.83001,"PYF":99.10788,"GAB":67.44993,"GMB":11.609994,"GEO":35.47,"DEU":80.12,"GHA":14.989992,"GRC":67.51999,"GRD":67.92529,"GTM":36.63999,"GIN":12.049993,"GNB":17.159964,"GUY":49.049805,"HTI":19.699984,"HND":33.599983,"HKG":142.76001,"HUN":81.369934,"ISL":102.75791,"IND":4.63,"IDN":12,"IRN":38.139996,"IRQ":19.564583,"IRL":76.49003,"ISR":109.17005,"ITA":78.700005,"JAM":61.88989,"JPN":50.160713,"JOR":35.37001,"KAZ":57.449997,"KEN":16.580004,"KIR":36.644516,"KWT":67.96991,"KGZ":30.11001,"LAO":26.05,"LVA":69.28968,"LBN":38.500004,"LSO":18.829939,"LBR":21.08997,"LBY":38.009995,"LTU":81.8498,"LUX":84.56915,"MAC":117.56854,"MDG":6.529998,"MWI":22.890007,"MYS":68.75,"MDV":27.079586,"MLI":22.680803,"MLT":79.529655,"MRT":31.78998,"MUS":51.51984,"MEX":68.65001,"MDA":43.394577,"MNG":90.70968,"MNE":86.169716,"MAR":34.759995,"MOZ":9.629998,"MMR":59.310005,"NAM":30.589952,"NPL":13.390001,"NLD":63.41997,"NCL":77.34891,"NZL":87.040016,"NIC":31.159975,"NER":8.79,"NGA":7.35,"PRK":14.040001,"MKD":42.610065,"NOR":68.16991,"OMN":46.25003,"PAK":18.06,"PAN":65.13009,"PNG":60.799953,"PRY":45.910015,"PER":49.250004,"PHL":37.51,"POL":87.98999,"PRT":92.84001,"ROU":67.75999,"RUS":76.77,"RWA":8.909998,"KNA":100.856415,"LCA":96.11346,"VCT":104.66614,"WSM":107.993164,"STP":15.418808,"SAU":53.93,"SEN":17.509998,"SRB":71.31003,"SYC":66.11236,"SLE":8.18,"SVK":59.00998,"SVN":73.69,"SLB":14.4298525,"SOM":12.755027,"ZAF":61.950005,"KOR":74.31,"ESP":98.780014,"LKA":10.549997,"SDN":20.847378,"SUR":44.12926,"SWE":73.21998,"CHE":66.66,"SYR":18.539999,"TWN":79.98,"TJK":30.610027,"TZA":10.07,"THA":27.610003,"TGO":13.509033,"TTO":71.499756,"TUN":28.49999,"TUR":39.029995,"TKM":51.99996,"UGA":11.080002,"UKR":47.480003,"ARE":43.52,"GBR":82.899994,"USA":118.43,"URY":61.03993,"UZB":37.020008,"VUT":41.7088,"VEN":34.90999,"VNM":41.74,"YEM":13.18,"ZMB":19.56999,"ZWE":51.30999}