{"AFG":8.78,"ALB":39.580017,"DZA":19.820002,"AGO":25.149992,"ATG":87.34847,"ARG":113.07001,"ARM":54.059795,"AUS":113.48005,"AUT":86.529976,"AZE":34.859993,"BHS":100.60051,"BGD":4.2899995,"BRB":75.367584,"BLR":80.829994,"BEL":58.12996,"BLZ":50.409737,"BEN":14.550576,"BOL":79.35,"BIH":43.71001,"BWA":23.009909,"BRA":102.59,"BGR":60.28004,"BFA":12.07,"BDI":2.2096407,"KHM":13.639998,"CMR":12.450002,"CAN":92.40001,"CPV":45.729286,"CAF":38.524166,"TCD":43.442318,"CHL":90.95002,"CHN":62.060005,"COL":61.11001,"COM":21.719803,"COG":38.699944,"CRI":52.650074,"CIV":11.529998,"HRV":86.98005,"CUB":66.04002,"CYP":73.139824,"CZE":84.580055,"COD":4.5399995,"DNK":99.43993,"DJI":14.37992,"DMA":69.63093,"DOM":52.300007,"TLS":37.939938,"ECU":49.280025,"EGY":29.99,"SLV":38.890045,"EST":68.41937,"SWZ":28.899927,"ETH":6.3999996,"FJI":57.21969,"FIN":78.53014,"FRA":88.54,"PYF":104.86888,"GAB":66.84,"GMB":13.769982,"GEO":35.46999,"DEU":80.84,"GHA":16.399994,"GRC":79.829956,"GRD":73.06179,"GTM":36.080006,"GIN":12.499993,"GNB":16.580027,"GUY":62.229763,"HTI":21.359976,"HND":35.210003,"HKG":136.27,"HUN":87.48995,"ISL":98.36722,"IND":5.0099998,"IDN":11.85,"IRN":36.4,"IRQ":18.929867,"IRL":81.91002,"ISR":109.59004,"ITA":77.450005,"JAM":66.99993,"JPN":50.865086,"JOR":37.96,"KAZ":58.700016,"KEN":16.61,"KIR":36.654896,"KWT":69.49001,"KGZ":33.439983,"LAO":25.890024,"LVA":71.540146,"LBN":41.36,"LSO":20.859896,"LBR":18.730007,"LBY":47.219944,"LTU":84.53985,"LUX":86.488716,"MAC":116.16877,"MDG":6.19,"MWI":26.049992,"MYS":67.750015,"MDV":28.49964,"MLI":21.638855,"MLT":75.13,"MRT":31.540037,"MUS":55.24974,"MEX":70.58,"MDA":46.44002,"MNG":92.139885,"MNE":89.578835,"MAR":34.38,"MOZ":8.919998,"MMR":62.85,"NAM":30.350037,"NPL":13.960001,"NLD":57.489983,"NCL":80.236885,"NZL":88.00018,"NIC":28.040028,"NER":8.849998,"NGA":7.39,"PRK":13.809999,"MKD":43.65,"NOR":71.289986,"OMN":46.05002,"PAK":18.63,"PAN":85.64,"PNG":59.519947,"PRY":44.279984,"PER":51.779984,"PHL":38.84,"POL":89.05,"PRT":97.529945,"ROU":64.52998,"RUS":75.950005,"RWA":8.6,"KNA":89.967896,"LCA":96.19348,"VCT":108.08073,"WSM":113.78178,"STP":18.439299,"SAU":51.55,"SEN":17.550005,"SRB":76.79007,"SYC":60.46317,"SLE":8.399991,"SVK":58.130013,"SVN":70.31986,"SLB":14.019822,"SOM":12.386725,"ZAF":63.6,"KOR":78.98999,"ESP":107.04001,"LKA":11.180002,"SDN":20.130411,"SUR":56.409153,"SWE":69.94,"CHE":69.939995,"SYR":17.83,"TWN":83.590004,"TJK":34.319946,"TZA":10.440001,"THA":26.499998,"TGO":13.907061,"TTO":73.6199,"TUN":28.549986,"TUR":38.51,"TKM":53.07998,"UGA":10.719997,"UKR":48.340008,"ARE":52.14,"GBR":83.71001,"USA":122.57,"URY":58.399864,"UZB":37.79,"VUT":42.848045,"VEN":35.33,"VNM":43.86,"YEM":13.509999,"ZMB":19.499996,"ZWE":50.209976}