{"AFG":8.339999,"ALB":42.039986,"DZA":20.04,"AGO":22.819998,"ATG":84.20433,"ARG":109.88,"ARM":57.6799,"AUS":112.999985,"AUT":80.75004,"AZE":35.929993,"BHS":94.07667,"BHR":85.40972,"BGD":4.3199997,"BRB":75.63838,"BLR":86.180046,"BEL":62.149986,"BLZ":50.12961,"BEN":14.920318,"BTN":15.289801,"BOL":79.78002,"BIH":46.459972,"BWA":24.829979,"BRA":101.59,"BGR":60.93004,"BFA":35.81999,"BDI":3.5463657,"KHM":10.999997,"CMR":12.230001,"CAN":92.83999,"CPV":44.438614,"CAF":39.728016,"TCD":43.9484,"CHL":90.76996,"CHN":62.48,"COL":62.68,"COM":5.3499866,"COG":37.430027,"CRI":64.66001,"CIV":11.989998,"HRV":86.33983,"CUB":65.72002,"CYP":79.26006,"CZE":80.800064,"COD":4.8999996,"DNK":98.33004,"DJI":13.889999,"DMA":75.64736,"DOM":52.609985,"TLS":36.869827,"ECU":46.730007,"EGY":26,"SLV":41.15003,"EST":67.579895,"SWZ":27.759647,"ETH":6.88,"FJI":53.039654,"FIN":72.01008,"FRA":85.18,"PYF":98.39648,"GAB":65.78997,"GMB":15.269958,"GEO":38.63998,"DEU":79.81,"GHA":15.189998,"GRC":78.479996,"GRD":71.090805,"GTM":42.449997,"GIN":14.430001,"GNB":15.159968,"GUY":59.47941,"HTI":19.649992,"HND":35.34997,"HKG":145.49986,"HUN":85.18003,"ISL":99.34753,"IND":5.17,"IDN":18.84,"IRN":35.35,"IRQ":19.847628,"IRL":80.95995,"ISR":104.530045,"ITA":75.22001,"JAM":67.31988,"JPN":51.687016,"JOR":34.17999,"KAZ":61.950016,"KEN":12.51,"KIR":35.577705,"KWT":73.04982,"KGZ":33.36997,"LAO":27.310019,"LVA":71.89974,"LBN":39.209923,"LSO":9.339983,"LBR":18.330004,"LBY":39.319942,"LTU":84.00009,"LUX":84.589035,"MAC":107.058075,"MDG":5.769998,"MWI":25.320002,"MYS":66.11002,"MDV":28.289595,"MLI":10.562711,"MLT":66.15039,"MHL":82.13267,"MRT":31.499971,"MUS":56.290047,"MEX":72.63,"FSM":64.94234,"MDA":47.104897,"MNG":110.84973,"MNE":85.12985,"MAR":38.59999,"MOZ":8.210001,"MMR":61.109993,"NAM":23.76992,"NRU":125.36449,"NPL":16.599997,"NLD":51.630016,"NCL":82.83824,"NZL":87.52982,"NIC":28.99,"NER":8.189998,"NGA":7.1,"MKD":46.669926,"NOR":68.59996,"OMN":50.519917,"PAK":19.18,"PAN":90.52004,"PNG":58.589973,"PRY":43.510006,"PER":55.559998,"PHL":36.39,"POL":85.16999,"PRT":96.30992,"QAT":80.23979,"ROU":65.95999,"RUS":76.76,"RWA":8.509998,"KNA":85.69254,"LCA":65.414474,"VCT":108.23649,"WSM":101.33324,"STP":24.928247,"SAU":60.940002,"SEN":17.839994,"SRB":78.099945,"SYC":57.624123,"SLE":10.309996,"SVK":62.000034,"SVN":75.06007,"SLB":13.799887,"SOM":12.411426,"ZAF":62.67001,"KOR":80.91002,"SSD":27.413729,"ESP":104,"LKA":11.479999,"SDN":19.495558,"SUR":63.059067,"SWE":69.880066,"CHE":66.29996,"SYR":16.299994,"TWN":86.80002,"TJK":32.9,"TZA":10.41,"THA":25.970003,"TGO":14.571608,"TON":164.372,"TTO":71.74961,"TUN":27.57999,"TUR":34.34,"TKM":49.419975,"TUV":83.14924,"UGA":10.220001,"UKR":51.240013,"ARE":54.52997,"GBR":81.68,"USA":125.05,"URY":71.60008,"UZB":38.96,"VUT":38.878006,"VEN":34.290005,"VNM":42.89,"YEM":15.399997,"ZMB":16.35,"ZWE":53.679977}