{"AFG":9.190001,"ALB":39.81,"DZA":18.199999,"AGO":19.539995,"ATG":81.867516,"ARG":114.4,"ARM":53.549942,"AUS":119.78001,"AUT":77.79007,"AZE":36.69998,"BHS":109.27613,"BHR":88.269936,"BGD":4.38,"BRB":85.25819,"BLR":93.45998,"BEL":65.27004,"BLZ":50.68883,"BEN":13.939174,"BTN":10.049961,"BOL":76.52999,"BIH":43.989975,"BWA":27.62994,"BRA":100.58,"BGR":56.87995,"BFA":33.139996,"BDI":3.2833834,"KHM":11.74999,"CMR":11.169998,"CAN":90.87999,"CPV":43.679745,"CAF":44.771156,"TCD":44.953587,"CHL":87.31999,"CHN":58.72,"COL":58.490005,"COM":24.959625,"COG":40.609985,"CRI":59.88996,"CIV":12.109999,"HRV":83.28008,"CYP":70.8,"CZE":80.07001,"COD":3.72,"DNK":97.69002,"DJI":13.829962,"DMA":87.565834,"DOM":49.730007,"TLS":32.449978,"ECU":53.29001,"EGY":28.87,"SLV":40.159943,"EST":67.74975,"SWZ":27.829906,"ETH":7.14,"FJI":44.379467,"FIN":69.83992,"FRA":83.82001,"PYF":98.08718,"GAB":61.810055,"GMB":14.34992,"GEO":37.3,"DEU":78.41,"GHA":19.570005,"GRC":70.32,"GRD":81.10094,"GTM":45.799995,"GIN":17.129992,"GNB":14.790008,"GUY":64.78952,"HTI":21.570007,"HND":33.450005,"HKG":145.26,"HUN":81.43001,"ISL":95.38583,"IND":6.1900005,"IDN":17.4,"IRN":33.389996,"IRQ":19.247227,"IRL":81.45013,"ISR":111.56,"ITA":71.810005,"JAM":63.33989,"JPN":54.191452,"JOR":36.469997,"KAZ":63.900013,"KEN":11.12,"KIR":28.377748,"KWT":72.2799,"KGZ":32.989986,"LAO":28.629982,"LVA":69.19004,"LBN":35.43,"LSO":11.880016,"LBR":18.279964,"LBY":41.83998,"LTU":82.52982,"LUX":84.850395,"MAC":105.60015,"MDG":5.55,"MWI":29.200008,"MYS":66.880005,"MDV":24.219662,"MLI":8.445108,"MLT":74.17972,"MHL":103.56635,"MRT":30.59996,"MUS":53.429543,"MEX":72.41,"FSM":67.183945,"MDA":51.388706,"MNG":120.41015,"MNE":85.47944,"MAR":32.070004,"MOZ":9.250001,"MMR":20.299997,"NAM":30.34,"NRU":117.5675,"NPL":19.059994,"NLD":58.929996,"NCL":86.55786,"NZL":80.75008,"NIC":30.640013,"NER":8.569998,"NGA":6.89,"MKD":45.299976,"NOR":69.81994,"OMN":44.36998,"PAK":19.78,"PAN":78.06003,"PNG":57.28004,"PRY":44.619995,"PER":53.63,"PHL":33.959995,"POL":88.570015,"PRT":90.86001,"QAT":83.070145,"ROU":68.15002,"RUS":77.35,"RWA":8.360001,"KNA":102.942894,"LCA":61.676193,"VCT":108.7895,"WSM":101.011894,"STP":23.767813,"SAU":63.00001,"SEN":18.540005,"SRB":79.80995,"SYC":63.12528,"SLE":11.050004,"SVK":62.169907,"SVN":68.58996,"SLB":14.089906,"SOM":11.907782,"ZAF":63.210003,"KOR":80.15,"SSD":20.115065,"ESP":99.38001,"LKA":11.020001,"SDN":19.214485,"SUR":62.55,"SWE":66.690056,"CHE":66.929985,"SYR":17.829998,"TWN":93.71,"TJK":32.43999,"TZA":12.04,"THA":25.529999,"TGO":10.38512,"TON":141.49188,"TTO":61.72975,"TUN":28.170004,"TUR":40.36,"TKM":50.629967,"TUV":95.06975,"UGA":11.24,"UKR":48.210003,"ARE":81.919914,"GBR":84.08,"USA":125.63,"URY":64.460075,"UZB":38.899998,"VUT":38.199104,"VEN":32.97,"VNM":47.479996,"YEM":16.189997,"ZMB":18.330006,"ZWE":52.520008}