{"AFG":7.9,"ALB":40.239986,"DZA":18.120003,"AGO":21.070002,"ATG":89.42225,"ARG":111.5,"ARM":58.210224,"AUS":108.34001,"AUT":75.13005,"AZE":39.649994,"BHS":117.636734,"BHR":78.30989,"BGD":4.3799996,"BRB":86.517845,"BLR":92.45992,"BEL":65.97999,"BLZ":53.419323,"BEN":15.987631,"BTN":15.129805,"BOL":79.40994,"BIH":47.21997,"BWA":44.67985,"BRA":100.13,"BGR":62.590073,"BFA":25.41999,"BDI":3.4559302,"KHM":12.020001,"CMR":14.569997,"CAN":88.28,"CPV":40.679607,"CAF":38.654034,"TCD":45.4252,"CHL":97.03004,"CHN":65.73,"COL":60.859997,"COM":31.059694,"COG":45.129948,"CRI":60.13999,"CIV":10.790001,"HRV":96.850075,"CYP":72.989944,"CZE":82.08997,"COD":3.73,"DNK":101.1501,"DJI":14.679987,"DMA":94.33918,"DOM":54.290005,"TLS":25.999962,"ECU":54.349983,"EGY":31.61,"SLV":44.86,"EST":71.81,"SWZ":26.409824,"ETH":6.5800004,"FJI":43.25962,"FIN":74.08001,"FRA":83.08,"PYF":98.053696,"GAB":67.03975,"GMB":14.769972,"GEO":37.35,"DEU":75.31,"GHA":22.190006,"GRC":75.60999,"GRD":84.105675,"GTM":42.419994,"GIN":13.569995,"GNB":13.979994,"GUY":71.59965,"HTI":22.109997,"HND":39.949997,"HKG":137.42992,"HUN":81.65002,"ISL":92.00828,"IND":6.5,"IDN":16.77,"IRN":32.82,"IRQ":16.202322,"IRL":87.770035,"ISR":110.30994,"ITA":74.26,"JAM":61.64,"JPN":57.527508,"JOR":40.840015,"KAZ":65.72998,"KEN":10.2300005,"KIR":39.117867,"KWT":73.659874,"KGZ":37.719986,"LAO":29.159992,"LVA":72.849884,"LBN":37.839943,"LSO":11.039956,"LBR":19.609974,"LBY":47.350006,"LTU":82.7,"LUX":85.589195,"MAC":115.67934,"MDG":5.4599986,"MWI":28.959993,"MYS":63.96999,"MDV":33.749153,"MLI":7.445603,"MLT":68.45961,"MHL":118.2514,"MRT":32.329975,"MUS":55.199654,"MEX":74.91,"FSM":71.40041,"MDA":31.86671,"MNG":121.73978,"MNE":87.60941,"MAR":32.81,"MOZ":10.180001,"MMR":20.3,"NAM":26.919981,"NRU":127.594765,"NPL":17.669996,"NLD":61.699986,"NCL":85.62489,"NZL":84.7301,"NIC":32.459976,"NER":8.019999,"NGA":7.5100007,"MKD":49.120026,"NOR":74.960106,"OMN":50.409897,"PAK":20.47,"PAN":78.529816,"PNG":57.150017,"PRY":36.00998,"PER":54.899994,"PHL":33.37,"POL":87.76999,"PRT":93.02002,"QAT":81.70976,"ROU":68.57001,"RUS":77.96,"RWA":6.98,"KNA":98.3653,"LCA":92.97958,"VCT":110.861374,"WSM":109.39386,"STP":24.768328,"SAU":64.55999,"SEN":19.210003,"SRB":76.390015,"SYC":64.03479,"SLE":12.039995,"SVK":63.57993,"SVN":64.449844,"SLB":16.049915,"SOM":11.392576,"ZAF":61.95,"KOR":81.329994,"SSD":20.950933,"ESP":99.809975,"LKA":11.869996,"SDN":18.38943,"SUR":60.329517,"SWE":66.39998,"CHE":67.740005,"SYR":17.530003,"TWN":87.27,"TJK":33.809994,"TZA":12.23,"THA":26.099997,"TGO":10.33739,"TON":182.19582,"TTO":59.0802,"TUN":30.409988,"TUR":42.109997,"TKM":51.849983,"TUV":80.370705,"UGA":11.37,"UKR":47.66,"ARE":87.00996,"GBR":82.17,"USA":120.83,"URY":64.949936,"UZB":41.630005,"VUT":40.628407,"VEN":40.99,"VNM":53.29,"YEM":15.679998,"ZMB":17.21,"ZWE":56.829967}