{"AFG":6.709999,"ALB":53.46993,"DZA":21.93,"AGO":23.040003,"ATG":94.6498,"ARG":113.859985,"ARM":57.5298,"AUS":113.27997,"AUT":76.09001,"AZE":40.059975,"BHS":111.51944,"BHR":84.78,"BGD":4.4800005,"BRB":79.66887,"BLR":96.14,"BEL":64.57004,"BLZ":67.788155,"BEN":17.283646,"BTN":15.879776,"BOL":82.57996,"BIH":48.83997,"BWA":47.309902,"BRA":101.22,"BGR":63.309982,"BFA":23.160002,"BDI":3.5607905,"KHM":12.24,"CMR":15.26,"CAN":90.76001,"CPV":44.349144,"CAF":39.10184,"TCD":46.99885,"CHL":92.36003,"CHN":69.9,"COL":63.079998,"COM":29.389965,"COG":47.49997,"CRI":61.869946,"CIV":11.729998,"HRV":97.13998,"CYP":74.25967,"CZE":83.73995,"COD":3.8899999,"DNK":93.22999,"DJI":14.849987,"DMA":86.44315,"DOM":59.78998,"TLS":30.320023,"ECU":53.96,"EGY":27.08,"SLV":43.730026,"EST":68.309845,"SWZ":22.679983,"ETH":6.4,"FJI":63.959442,"FIN":71.75,"FRA":82.77999,"PYF":105.76698,"GAB":63.65,"GMB":18.019987,"GEO":39.70998,"DEU":71.06,"GHA":17.759998,"GRC":79.49999,"GRD":83.45715,"GTM":45.880013,"GIN":14.190003,"GNB":13.279968,"GUY":82.4202,"HTI":19.850014,"HND":37.369965,"HKG":111.25996,"HUN":78.77001,"ISL":94.808,"IND":7.95,"IDN":19.25,"IRN":31.720001,"IRQ":19.23007,"IRL":88.400085,"ISR":112.68009,"ITA":72.23001,"JAM":64.62977,"JPN":59.914444,"JOR":37.92997,"KAZ":62.309994,"KEN":9.400001,"KIR":43.905624,"KWT":68.449936,"KGZ":38.35999,"LAO":29.760008,"LVA":82.09004,"LBN":37.21999,"LSO":11.14999,"LBR":12.549984,"LBY":42.62998,"LTU":83.11991,"LUX":85.80934,"MAC":111.92,"MDG":5.08,"MWI":29.62,"MYS":66.95999,"MDV":38.039566,"MLI":7.5009575,"MLT":69.16947,"MHL":111.34111,"MRT":36.48997,"MUS":61.749805,"MEX":76.76,"FSM":63.72318,"MDA":35.484688,"MNG":131.5898,"MNE":92.47015,"MAR":31.769993,"MOZ":13.390003,"MMR":21.05,"NAM":33.029907,"NRU":113.64812,"NPL":17.260002,"NLD":64.06999,"NCL":88.01693,"NZL":87.77998,"NIC":33.64994,"NER":7.8499975,"NGA":7.42,"MKD":48.119843,"NOR":71.89005,"OMN":45.510006,"PAK":20.58,"PAN":77.319916,"PNG":58.279957,"PRY":32.26,"PER":55.210007,"PHL":35.3,"POL":87.25001,"PRT":96.73997,"QAT":83.59953,"ROU":70.99998,"RUS":81.520004,"RWA":6.1300025,"KNA":82.521126,"LCA":94.04264,"VCT":127.483765,"WSM":103.85517,"STP":22.439703,"SAU":65.97,"SEN":20.74,"SRB":79.35994,"SYC":64.94327,"SLE":9.880001,"SVK":65.45006,"SVN":62.33997,"SLB":14.959905,"SOM":11.120838,"ZAF":60.089993,"KOR":83.84999,"SSD":21.447718,"ESP":100.469986,"LKA":11.370003,"SDN":18.366837,"SUR":57.928883,"SWE":68.54003,"CHE":66.43,"SYR":16.24,"TWN":90.51001,"TJK":34.749973,"TZA":12.31,"THA":25.790003,"TGO":11.690622,"TON":151.59125,"TTO":64.27987,"TUN":31.129978,"TUR":45.86,"TKM":52.51995,"TUV":76.3319,"UGA":11.27,"UKR":46.41,"ARE":70.06003,"GBR":83.76001,"USA":122.46001,"URY":65.91994,"UZB":45.16001,"VUT":36.9987,"VEN":40.140007,"VNM":58.259995,"YEM":14.18,"ZMB":17.980003,"ZWE":57.989998}