{"AFG":6.39,"ALB":56.68,"DZA":22.269999,"AGO":18.59,"ATG":96.35864,"ARG":114.94999,"ARM":54.66985,"AUS":116.77997,"AUT":73.70996,"AZE":39.430004,"BHS":114.906555,"BHR":76.25981,"BGD":4.49,"BRB":76.24811,"BLR":111.72001,"BEL":59.969994,"BLZ":68.179665,"BTN":14.659888,"BOL":84.42999,"BIH":51.87997,"BWA":43.269966,"BRA":104.57,"BGR":63.739952,"BFA":23.080002,"KHM":16.129995,"CMR":14.76,"CAN":94.79001,"CPV":43.84958,"CHL":98.539986,"CHN":73.54,"COL":62.589996,"COM":26.59,"COG":55.8,"CRI":64.12005,"CIV":12.0199995,"HRV":99.70992,"CYP":77.949936,"CZE":82.289986,"COD":3.4899998,"DNK":101.2701,"DJI":14.069864,"DOM":61.600002,"TLS":31.809954,"ECU":56.240005,"EGY":27.62,"SLV":45.649937,"EST":64.73024,"SWZ":22.380054,"ETH":6.9099994,"FJI":63.16,"FIN":69.39006,"FRA":80.30999,"PYF":98.46825,"GAB":63.08,"GMB":19.140028,"GEO":45.41995,"DEU":70.66999,"GHA":17.369997,"GRC":81.99,"GRD":80.45038,"GTM":54.259995,"GIN":15.180001,"GNB":14.009981,"GUY":88.719246,"HTI":20.729996,"HND":37.689987,"HKG":107.429886,"HUN":76.32996,"ISL":98.050255,"IND":8.12,"IDN":19.95,"IRN":29.900002,"IRQ":21.074165,"IRL":98.38001,"ISR":108.72999,"ITA":71.2,"JAM":66.96012,"JOR":35.08997,"KAZ":64.89997,"KEN":10.179999,"KIR":45.086597,"KWT":62.539986,"KGZ":39.969986,"LAO":31.079956,"LVA":82.65005,"LBN":38.189972,"LSO":18.789951,"LBR":12.319988,"LBY":43.680008,"LTU":80.869896,"LUX":83.02987,"MAC":121.22898,"MDG":5.3399987,"MWI":28.23,"MYS":69.07001,"MDV":29.61893,"MLT":71.75947,"MHL":125.61854,"MRT":36.529984,"MUS":64.54995,"MEX":78.22,"FSM":63.98091,"MDA":33.897587,"MNG":136.13968,"MNE":96.85954,"MAR":32.789986,"MOZ":10.349999,"MMR":20.88,"NAM":24.189903,"NRU":109.22612,"NPL":14.479998,"NLD":71.57998,"NCL":89.58721,"NZL":79.54005,"NIC":36.25995,"NER":7.6600018,"NGA":7.11,"MKD":51.48,"NOR":70.40004,"OMN":37.590023,"PAK":21.24,"PAN":78.02003,"PNG":58.47001,"PRY":26.94,"PER":55.440006,"PHL":33.64,"POL":83.30998,"PRT":99.32005,"QAT":71.429855,"ROU":72.44999,"RUS":84.77,"RWA":6.4299984,"KNA":88.836296,"LCA":90.32446,"VCT":118.45714,"WSM":109.043465,"STP":25.18869,"SAU":58.08,"SEN":20.009996,"SRB":84.19995,"SYC":70.69392,"SLE":10.819983,"SVK":70.00991,"SVN":60.390167,"SLB":15.619922,"ZAF":58.269993,"KOR":83.99999,"ESP":100.78999,"LKA":11.560002,"SUR":48.479847,"SWE":68.34998,"CHE":63.96997,"SYR":16.229998,"TWN":91.50002,"TJK":32.919975,"TZA":12.17,"THA":24.479998,"TON":156.9305,"TTO":65.73965,"TUN":30.929989,"TUR":49.37,"TKM":51.16002,"TUV":85.07272,"UGA":10.849999,"UKR":49.45001,"ARE":67.83994,"GBR":84.439995,"USA":122.060005,"URY":69.29994,"UZB":47.359997,"VUT":40.98847,"VEN":37.979984,"VNM":60.48,"YEM":13.72,"ZMB":17.630003,"ZWE":57.57997}