{"AFG":223,"ALB":40.3,"DZA":6636.8,"AND":77.9,"AGO":115.9,"ATG":432.8,"ARG":5504.6,"ARM":2403.8,"AUS":18560.4,"AZE":3759.6,"BHS":52,"BHR":96.8,"BGD":176.7,"BRB":15.8,"BLR":2789.2998,"BLZ":15,"BEN":17.3,"BTN":0.1,"BOL":34.8,"BIH":329,"BWA":10.9,"BRA":11342.5,"BRN":87.8,"BFA":25.9,"BDI":32.4,"KHM":97,"CMR":138.4,"CAN":23176.2,"CPV":2.1,"CAF":24,"TCD":15.5,"CHL":63.4,"CHN":46553.2,"COL":1193.8,"COM":2.9,"COG":23.2,"COK":3.3,"CRI":242.5,"CIV":641.6,"CUB":888.2,"COD":45.2,"DJI":21.9,"DMA":0,"DOM":234.8,"TLS":2.6999998,"ECU":748.6,"EGY":5362.4,"SLV":335.5,"GNQ":22.9,"ERI":25.3,"SWZ":12.9,"ETH":51.5,"FJI":20.5,"GAB":13.099999,"GMB":8,"GEO":532.8,"GHA":94.1,"GRD":3.8,"GTM":484.30002,"GIN":37.9,"GNB":20,"GUY":18.4,"HTI":0,"HND":87.7,"ISL":276,"IND":2392,"IDN":661.80005,"IRN":4315.9,"IRQ":1983.3,"ISR":6546.6,"JAM":196.1,"JPN":135089,"JOR":796.6,"KAZ":2294.6,"KEN":245.5,"KIR":0.8,"KWT":4067.2002,"KGZ":122.1,"LAO":2.3,"LBN":291.9,"LSO":8.4,"LBR":57.899998,"LBY":751,"LIE":43.2,"MDG":49,"MWI":17.9,"MYS":3840.2,"MDV":0.1,"MLI":31.900002,"MHL":1.3000001,"MRT":14.8,"MUS":59.5,"MEX":8934.9,"FSM":1.3,"MDA":279.5,"MCO":8.4,"MNG":7.2,"MNE":454.7,"MAR":356,"MOZ":85.5,"MMR":29.1,"NAM":25,"NRU":0.6,"NPL":25,"NZL":2578,"NIC":86.5,"NER":15,"NGA":1737.5,"NIU":0.1,"PRK":1060,"MKD":1663,"NOR":2724,"OMN":714,"PAK":939.3,"PLW":0,"PSE":395,"PAN":143.7,"PNG":75.9,"PRY":151.2,"PER":1384.2001,"PHL":1935.7,"QAT":89.1,"RUS":129152,"RWA":34.7,"KNA":11.1,"LCA":7.8,"VCT":2.5,"WSM":4.4,"SMR":28.400002,"STP":2.2,"SAU":5259.9,"SEN":86.2,"SRB":3915,"SYC":3,"SLE":105.799995,"SGP":6491,"SLB":0,"SOM":353.19998,"ZAF":18671,"KOR":11464.6,"SSD":59.9,"LKA":244.5,"SDN":364,"SUR":42,"CHE":9010,"SYR":1554,"TJK":213.1,"TZA":40.7,"THA":2360,"TGO":35.3,"TON":1.8,"TTO":154,"TUN":587,"TUR":4247,"TKM":172.4,"TUV":0.3,"UGA":7.2999997,"UKR":4983.2,"ARE":732.4,"USA":363766.6,"URY":352.59998,"UZB":1811.2,"VUT":0,"VEN":4593.4,"VNM":62,"YEM":180,"ZMB":34.6,"ZWE":411}