{"AFG":0.9,"ALB":43.8,"DZA":3606.4998,"AND":57.2,"AGO":120.4,"ATG":432.5,"ARG":9038.7,"ARM":0,"AUS":15302.3,"AZE":482.1,"BHS":57.300003,"BHR":153.2,"BGD":207.9,"BRB":31.1,"BLR":2026.3,"BLZ":20.1,"BEN":83.4,"BTN":0,"BOL":22.6,"BIH":245.59999,"BWA":6.3,"BRA":23869.3,"BRN":66.6,"BFA":29.9,"BDI":40.3,"KHM":2.8,"CMR":113.5,"CAN":29436.6,"CPV":2.1,"CAF":26.599998,"TCD":24.1,"CHL":1298.2999,"CHN":84962,"COL":1613.2,"COM":0.7,"COG":7.9,"COK":0.1,"CRI":350.4,"CIV":187.7,"CUB":1060.7,"COD":21.6,"DJI":22.3,"DMA":0,"DOM":270.90002,"TLS":0,"ECU":577.5,"EGY":4742.6,"SLV":388.4,"GNQ":24,"ERI":7,"SWZ":12.9,"ETH":35.4,"FJI":40.399998,"GAB":13.9,"GMB":6.7,"GEO":783.2,"GHA":106.9,"GRD":4.1,"GTM":420.7,"GIN":27.2,"GNB":22,"GUY":31.4,"HTI":0,"HND":1.1,"ISL":221.59999,"IND":9280.1,"IDN":1457.1,"IRN":2287.3,"IRQ":67.7,"ISR":5604.5,"JAM":421.9,"JPN":278127.72,"JOR":856.4,"KAZ":2538.4,"KEN":275.3,"KIR":0,"KWT":2416.0999,"KGZ":2.1,"LAO":0.3,"LBN":442.7,"LSO":6.2,"LBR":51.499996,"LBY":2.2,"LIE":18,"MDG":51,"MWI":0.4,"MYS":4856.8003,"MDV":2.2,"MLI":1.6,"MHL":1.3000001,"MRT":17.3,"MUS":75.9,"MEX":28664.6,"FSM":0.3,"MDA":0.8,"MCO":8.4,"MNG":7.5,"MNE":0,"MAR":567.3,"MOZ":20.2,"MMR":0.7,"NAM":21,"NRU":0,"NPL":27.199999,"NZL":2245,"NIC":86.5,"NER":15.3,"NGA":590.6,"NIU":0,"PRK":1695,"MKD":1174,"NOR":1922.8999,"OMN":714.7,"PAK":1041.6,"PLW":0,"PAN":244.4,"PNG":1.3000001,"PRY":170.9,"PER":647.9,"PHL":3815.2,"QAT":92.2,"RUS":220456,"RWA":32.3,"KNA":6.6,"LCA":7.8,"VCT":2.6999998,"WSM":4.5,"SMR":19,"STP":2.1,"SAU":3687.8,"SEN":701.3,"SRB":1841.8,"SYC":1.7,"SLE":104.8,"SGP":1921.1001,"SLB":0,"SOM":286.7,"ZAF":24588.6,"KOR":36382.6,"SSD":76,"LKA":1.6,"SDN":505.9,"SUR":42,"CHE":5100.8,"SYR":1289.8,"TJK":645.10004,"TZA":89.899994,"THA":5544.2,"TGO":39.9,"TON":1.8,"TTO":208.40001,"TUN":754.3,"TUR":3493.1,"TKM":177.90001,"TUV":0.3,"UGA":14,"UKR":4565.7,"ARE":837.4,"USA":407686.4,"URY":568,"UZB":2537.4001,"VUT":0,"VAT":0.2,"VEN":3891.3,"VNM":334.2,"YEM":20.9,"ZMB":22.3,"ZWE":494.30002}