{"ATG":425.5,"ARG":1514.5,"AUS":7434.4,"BHR":178.8,"BGD":202.1,"BRB":25.5,"BLR":1554.3,"BEN":60.8,"BIH":14,"BRA":39337.3,"BFA":31.3,"BDI":43,"CMR":125.09999,"CAN":9919.8,"CPV":2.2,"TCD":26.1,"CHL":1015.5,"CHN":59674,"COL":2152.7,"CUB":978.3,"ECU":648.6,"EGY":4476,"GNQ":43.1,"FJI":41.8,"GMB":15,"GHA":114.7,"GTM":360.9,"GIN":40.6,"GNB":22.2,"GUY":19.3,"ISL":172.4,"IRN":1393.9,"ISR":0,"JAM":431,"JPN":120074.2,"JOR":798.6,"KAZ":2355.9001,"KEN":452.3,"LBR":27.3,"LBY":135.1,"LIE":11,"MYS":4193.7,"MDV":4.5,"MLI":0,"MHL":1.2,"MEX":21488.9,"MAR":625.4,"NZL":1195.4,"NIC":86.5,"NER":16,"NGA":934,"NOR":2196.4,"PAK":1455.8,"PAN":269.6,"PER":892.9,"PHL":3477.2,"RUS":130578.5,"RWA":30.300001,"STP":2.5,"SEN":96.8,"SRB":1448.8,"SYC":3.5,"SLE":102.5,"SGP":4855.2,"SLB":2.1,"SOM":269.6,"ZAF":18726.3,"LKA":218.2,"CHE":3393.5999,"SYR":1313.2999,"THA":6984.2,"TGO":41,"TTO":196.6,"TUN":742.19995,"TUR":4361,"TKM":145.2,"UGA":14.400001,"UKR":4565.7,"ARE":850.2,"USA":232862.2,"VEN":4808.6,"ZMB":34.6}