{"DZA":0.6,"ATG":430.19998,"ARG":9918.8,"ARM":0,"AUS":8147.8003,"AZE":2.8,"BHS":0,"BHR":161.1,"BGD":94.9,"BRB":28.9,"BLR":1451.2001,"BEN":40.3,"BTN":0,"BOL":15.9,"BIH":159.3,"BWA":0,"BRA":9246,"BFA":32.8,"BDI":45.6,"CMR":118.6,"CAN":9286.9,"CPV":2.1,"CAF":42.8,"TCD":28.5,"CHL":1049.7999,"CHN":70285.1,"COL":1877.4,"COM":1.3,"COG":82.4,"COK":0.1,"CRI":549.3,"CIV":276.5,"CUB":397.09998,"COD":17.699999,"DJI":22.1,"DMA":3.3,"DOM":33.9,"TLS":0.3,"ECU":860.80005,"EGY":3983,"SLV":425.69998,"GNQ":43.300003,"ERI":3.3000002,"SWZ":0.8,"ETH":12.6,"FJI":55.2,"GAB":10.4,"GMB":11.599999,"GEO":94.8,"GHA":107.2,"GTM":370.1,"GIN":42.1,"GNB":23,"GUY":17.699999,"HND":0,"ISL":126.3,"IDN":80.8,"IRN":6865,"IRQ":12.6,"ISR":2148,"JAM":371.7,"JPN":171588,"JOR":839.69995,"KAZ":2285.2,"KEN":442.9,"KIR":0,"KWT":0,"KGZ":133.5,"LBN":0,"LSO":0.3,"LBR":65,"LBY":1284.5,"LIE":25.1,"MDG":0.8,"MWI":97.3,"MYS":4501.8,"MDV":5.9,"MLI":0,"MHL":1.2,"MUS":0,"MEX":16389.2,"FSM":0,"MDA":16.6,"MAR":855.80005,"MOZ":4.3,"MMR":0,"NAM":0,"NPL":25,"NZL":836.6,"NIC":90,"NER":16.800001,"NGA":1046.6,"NIU":0,"PRK":192,"MKD":12,"NOR":1455.5,"OMN":0,"PAK":1795,"PAN":403.90002,"PNG":28.5,"PRY":0,"PER":708.8,"PHL":2322.4,"RUS":51714.5,"RWA":29.300001,"KNA":0,"WSM":4,"SMR":0.5,"STP":3,"SAU":0,"SEN":868.9,"SRB":1198.8,"SYC":4.4,"SLE":100.1,"SGP":1823.2,"SLB":2.4,"SOM":58.7,"ZAF":7125.3,"SSD":91.7,"LKA":215.20001,"SDN":612.2,"SUR":43.1,"CHE":2883.2,"SYR":1459.4999,"TJK":93.3,"THA":9683.8,"TGO":42.8,"TON":0.4,"TTO":168.7,"TUN":1094.7999,"TUR":3720.5999,"TKM":100.6,"UGA":14.900001,"UKR":4565.7,"ARE":1029.2001,"USA":223032.2,"URY":464.80002,"UZB":4.4,"VUT":0,"VEN":4262.5,"VNM":430,"YEM":27,"ZMB":26.3,"ZWE":390}