{"ATG":432.9,"ARG":10096.6,"AUS":7017.5,"BHS":2.4,"BHR":230.79999,"BGD":216.3,"BRB":24.5,"BLR":1161.9,"BEN":47,"BIH":22.5,"BWA":21.6,"BRA":26560.398,"BRN":60.899998,"BFA":40,"BDI":48.2,"CMR":103.1,"CAN":8643,"CPV":2.2,"CAF":44.5,"TCD":30.1,"CHL":922.9,"CHN":102771.7,"COL":66,"CRI":489.6,"CUB":167.5,"DOM":287.90002,"ECU":477.09998,"EGY":6276,"SLV":654.10004,"GNQ":46,"FJI":9.8,"GMB":12.4,"GHA":78.2,"GTM":370.1,"GIN":46,"GNB":23.4,"GUY":23,"ISL":88.5,"IND":11041.2,"IDN":6693.3,"IRN":7195.3,"ISR":6735.2,"JAM":482.5,"JPN":101018.2,"JOR":779.3,"KEN":350.4,"KGZ":122.1,"LAO":4,"LBR":66.899994,"LBY":1527.8,"LIE":14.799999,"MWI":61.8,"MYS":4469.5,"MDV":16.1,"MLI":0,"MHL":1.2,"MUS":71.2,"MEX":11600.6,"MCO":8.4,"MAR":1335.8,"MMR":16.6,"NPL":25,"NZL":721.80005,"NIC":94.5,"NER":18.199999,"NGA":1095.4,"NOR":845.60004,"OMN":451.9,"PAK":1786,"PAN":188.3,"PNG":39.4,"PRY":240,"PER":296.9,"PHL":3869.6,"RUS":48929.797,"RWA":28.6,"KNA":6.6,"WSM":4,"STP":4.1,"SAU":3850,"SEN":313.1,"SRB":1079,"SYC":5.5,"SLE":97.4,"SGP":2354.8,"SLB":4.5,"SOM":32.2,"ZAF":10327.899,"KOR":42426.2,"LKA":240.40001,"CHE":1902.9999,"SYR":1554.6,"THA":10473.101,"TGO":44.5,"TTO":137.1,"TUN":646.8,"TUR":4628.4,"TKM":70,"UGA":15.8,"UKR":3479.7,"ARE":1063.7,"USA":203758.39,"URY":326.8,"VEN":4661.9,"ZMB":31.800001}