{"DZA":2364.7998,"ATG":428.5,"ARG":4380.5,"AUS":4615.7,"BHS":65.8,"BHR":187,"BGD":229.20001,"BRB":36.2,"BLR":1161.5,"BEN":48.8,"BIH":18,"BWA":36.8,"BRA":32578.2,"BRN":83.299995,"BFA":41.7,"CMR":213.7,"CAN":4534.2,"CPV":2.3,"CAF":32.2,"TCD":31.5,"CHL":1263.8,"CHN":113707.805,"CRI":221.5,"CIV":223.3,"CUB":127.2,"DMA":1.5,"DOM":426.69998,"ECU":480.6,"EGY":6600,"SLV":481.7,"GNQ":47.5,"SWZ":97,"FJI":8,"GAB":14.200001,"GMB":21.4,"GHA":28.2,"GRD":4.1,"GTM":370.1,"GIN":44.5,"GNB":23.9,"GUY":59.8,"ISL":69.200005,"IND":16312.199,"IDN":5686.3,"IRN":8069,"ISR":5670,"JAM":103.299995,"JPN":73740.1,"JOR":856.6,"KAZ":3279.2,"KEN":352.1,"KIR":0.8,"KWT":576,"KGZ":108.5,"LBN":942.1,"LBR":44.3,"LBY":1589,"LIE":10.2,"MWI":174.5,"MYS":4266.8,"MDV":18.5,"MLI":0,"MHL":1.3000001,"MUS":70.1,"MEX":12846.6,"MCO":10.3,"MAR":858.3,"NAM":43.699997,"NPL":25,"NZL":859.1,"NIC":100,"NER":18.1,"NGA":2160.1,"NOR":555.5,"OMN":427.7,"PAK":2284.4,"PAN":375.4,"PNG":39.7,"PRY":190.5,"PER":297.60004,"PHL":3921.1,"RUS":29777.6,"RWA":27.7,"KNA":5.6,"LCA":11.5,"WSM":4,"STP":4.1,"SAU":3515.2,"SEN":801.9,"SRB":999,"SYC":11.2,"SLE":91.2,"SGP":2816.5,"SLB":5.1,"SOM":38.2,"ZAF":6405.6,"KOR":26054.8,"LKA":332.5,"SDN":333.7,"CHE":1585.9,"SYR":1642.4,"TZA":188.3,"THA":9293.7,"TGO":46.4,"TTO":116.600006,"TUN":814.5,"TUR":5050.5,"TKM":63.7,"TUV":0.3,"UGA":21,"UKR":1729.0001,"ARE":1060.8,"USA":192556.3,"URY":241.1,"UZB":675.8,"VEN":3885.2002,"ZMB":31.199999,"ZWE":676.3}