{"DZA":2343.9,"ATG":12.9,"ARG":7082.0996,"AUS":4242.0996,"BHS":68.1,"BHR":200.9,"BGD":195.40001,"BRB":37,"BLR":1007.3,"BEN":48.8,"BOL":76.7,"BIH":9.9,"BWA":10.799999,"BRA":11584.301,"BRN":65.7,"BFA":37.5,"CMR":213.7,"CAN":4051.1997,"CPV":2.3,"CAF":32.2,"TCD":31.9,"CHL":1112.2999,"CHN":93690.7,"COL":2224.1,"COG":27.7,"CRI":488.30002,"CIV":355.2,"CUB":177,"DMA":1.5,"DOM":498.8,"ECU":298.1,"EGY":2737,"SLV":261.2,"GNQ":51.699997,"SWZ":94.6,"FJI":0.90000004,"GAB":13.6,"GMB":23.099998,"GEO":53.2,"GHA":46.7,"GRD":4.1,"GTM":344.19998,"GIN":44.5,"GNB":24.4,"GUY":42.6,"HND":114.8,"ISL":38.600002,"IND":16066.1,"IDN":8027.0996,"IRN":6866.2,"ISR":1431.3,"JAM":82.4,"JPN":23477.5,"JOR":978.7,"KEN":563.5,"KIR":0.8,"KWT":694,"KGZ":100.6,"LBN":861.9,"LSO":6,"LBR":34.899998,"LBY":1582.7999,"LIE":5.7,"MWI":156.8,"MYS":5189.4,"MDV":23.800001,"MLI":0,"MHL":1.3000001,"MRT":17.3,"MUS":43.8,"MEX":14355.9,"MCO":6.7,"MAR":1288.4,"MOZ":30.1,"MMR":3.3999999,"NAM":50,"NPL":25,"NZL":459.6,"NIC":105.6,"NER":17.5,"NGA":1953.8999,"PRK":19.8,"MKD":246,"NOR":268,"OMN":413.80002,"PAK":2447.7,"PAN":268.6,"PNG":56.2,"PRY":221,"PER":489.5,"PHL":4264,"RUS":25885.102,"RWA":20,"KNA":4.7999997,"LCA":8.3,"WSM":4,"STP":4.1,"SAU":4989,"SEN":879.8,"SRB":868,"SYC":3.8,"SLE":86,"SGP":1154.4,"SLB":0.3,"SOM":45,"ZAF":3390.5,"KOR":26223.799,"LKA":377.7,"SDN":355.80002,"CHE":950.3,"SYR":2846.5,"TZA":266.1,"THA":7766.3003,"TGO":48.3,"TTO":157.7,"TUN":523.10004,"TUR":3170.9001,"TKM":58.6,"TUV":0.3,"UGA":10.2,"UKR":2472.7,"ARE":645.5,"USA":102880.1,"URY":340.4,"UZB":278.7,"VEN":3274,"VNM":476.5,"ZMB":63.999996,"ZWE":907.1}