{"AFG":381.9,"ALB":43.399998,"DZA":2520.9,"AGO":114.8,"ATG":11.9,"ARG":10052.5,"ARM":201.8,"AUS":3120.4,"BHS":69.9,"BHR":209.5,"BGD":291.3,"BRB":26.4,"BLR":595.3,"BLZ":22.9,"BEN":73.5,"BTN":0.1,"BOL":82.299995,"BIH":9.5,"BWA":15.3,"BRA":13346.5,"BRN":67.299995,"BFA":45.3,"BDI":56.2,"KHM":97,"CMR":282.6,"CAN":4809,"CPV":2.4,"CAF":28.199999,"TCD":33.2,"CHL":1164.4,"CHN":110469.1,"COL":2685.7,"COM":2.3,"COG":21.1,"COK":2.5,"CRI":410.7,"CIV":371.5,"CUB":606.7,"COD":1209.7,"DJI":22.7,"DMA":1.1,"DOM":837.9,"TLS":40.5,"ECU":384.5,"EGY":2880.5,"SLV":336.40002,"GNQ":58.800003,"ERI":54,"SWZ":36,"ETH":48.6,"FJI":62.7,"GAB":9.3,"GMB":24.7,"GEO":77.8,"GHA":48.600002,"GRD":6.9,"GTM":489.2,"GIN":48.5,"GNB":25.7,"GUY":94.100006,"HTI":170.5,"HND":369.2,"ISL":7.6,"IND":10286.899,"IDN":9199.601,"IRN":4691.7,"IRQ":1618.3,"ISR":1103.7,"JAM":93.4,"JPN":36103.6,"JOR":959.1,"KEN":562,"KIR":0.8,"KWT":615.9,"KGZ":97.4,"LAO":43.3,"LBN":1024.7,"LSO":6.8,"LBR":67.9,"LBY":1522.4,"LIE":1.8,"MDG":20.8,"MWI":160.2,"MYS":3944.3,"MDV":5.9,"MLI":106.1,"MHL":1.3000001,"MRT":23.2,"MUS":27.7,"MEX":6746.1,"FSM":1.3,"MDA":86.1,"MCO":0.9,"MNG":7.5,"MNE":107.200005,"MAR":1506.6,"MOZ":27.9,"MMR":51.199997,"NAM":42.4,"NRU":0.6,"NPL":30.1,"NZL":322.9,"NIC":111.1,"NER":18.6,"NGA":1721.6,"NIU":0.1,"PRK":1356.9,"MKD":601.5,"NOR":92.7,"OMN":262.3,"PAK":2770.9,"PLW":1.7,"PAN":440.1,"PNG":12.8,"PRY":212.8,"PER":429.19998,"PHL":3706.9,"QAT":103.1,"RUS":23641.3,"RWA":26.7,"KNA":4.6,"LCA":8.1,"VCT":2.5,"WSM":4.4,"STP":4.8,"SAU":4444,"SEN":855.9,"SRB":873.6,"SYC":4,"SLE":84.2,"SGP":991.89996,"SLB":2.3999999,"SOM":260.1,"ZAF":2496.6,"KOR":15083.101,"SSD":0.9,"LKA":552.2,"SDN":643.8,"SUR":46,"CHE":380.69998,"SYR":3059.9,"TJK":32.7,"TZA":284.1,"THA":9320.899,"TGO":50.4,"TON":2.2,"TTO":163.7,"TUN":811.6,"TUR":4606.9,"TKM":56.7,"TUV":0.3,"UGA":14.3,"UKR":1188.2,"ARE":717.39996,"USA":48461.8,"URY":258.4,"UZB":304.4,"VUT":0.5,"VEN":5074.8,"VNM":700.1,"YEM":2563.8,"ZMB":50.2,"ZWE":891.2}