{"AFG":381.9,"ALB":43.199997,"DZA":2654.4998,"AGO":114.8,"ATG":10.7,"ARG":4949.6,"ARM":196.5,"AUS":826.9,"AZE":962.9,"BHS":72,"BHR":234.2,"BGD":633.7,"BRB":24.199999,"BLR":599.8,"BLZ":25,"BEN":59,"BTN":0.2,"BOL":92.5,"BIH":29,"BWA":6.7000003,"BRA":11545.8,"BRN":81.799995,"BFA":41.8,"BDI":58.8,"KHM":97,"CMR":333.5,"CAN":952.1,"CPV":2.3,"CAF":6.5,"TCD":35,"CHL":1168.4,"CHN":82456.5,"COL":2837.2,"COM":2.3,"COG":18.9,"COK":1.7,"CRI":780.1,"CIV":394.5,"CUB":749.7,"COD":960.4,"DJI":21.5,"DMA":1.8000001,"DOM":677.2,"TLS":41,"ECU":351.7,"EGY":2944.9,"SLV":318.5,"GNQ":60.8,"ERI":43.2,"SWZ":23.800001,"ETH":47.699997,"FJI":29.800001,"GAB":13.5,"GMB":21,"GEO":79.6,"GHA":15.7,"GRD":5.1,"GTM":505.60004,"GIN":52.4,"GNB":26.3,"GUY":44.4,"HTI":170.5,"HND":779.5,"ISL":7.5,"IND":16668.5,"IDN":9476,"IRN":3773.5,"IRQ":1583.2999,"ISR":-838.6,"JAM":100.4,"JPN":5944.2,"JOR":1036.6,"KAZ":1739.6,"KEN":410.6,"KIR":0.8,"KWT":614.7,"KGZ":85.4,"LAO":43.3,"LBN":980.9,"LSO":6.6,"LBR":89,"LBY":1498.7,"LIE":0.4,"MDG":23.5,"MWI":181.3,"MYS":3303.7,"MDV":0,"MLI":111.600006,"MHL":1.2,"MRT":7.8,"MUS":37.7,"MEX":6168.0996,"FSM":1.2,"MDA":73.7,"MCO":0,"MNG":12.599999,"MNE":107.200005,"MAR":1465,"MOZ":42.4,"MMR":75.7,"NAM":33.899998,"NRU":0.5,"NPL":32.3,"NZL":98.7,"NIC":86.5,"NER":18.1,"NGA":5111.1,"NIU":0.1,"PRK":1536.4,"MKD":558.4,"NOR":71.4,"OMN":296.3,"PAK":2254.3,"PLW":1.1,"PAN":355.19998,"PNG":65,"PRY":182,"PER":250.3,"PHL":3374.3,"QAT":112.5,"RUS":13995.101,"RWA":30.400002,"KNA":3.9,"LCA":8.700001,"VCT":0.8,"WSM":4.5,"STP":4.2999997,"SAU":3662.5999,"SEN":298.4,"SRB":927.19995,"SYC":2.4,"SLE":111.49999,"SGP":173.5,"SLB":2.2,"SOM":259.4,"ZAF":798.5,"KOR":13888.2,"SSD":0.6,"LKA":571.3,"SDN":436.40002,"SUR":46,"CHE":13.4,"SYR":3065,"TJK":38.2,"TZA":297.5,"THA":6648.7,"TGO":33.7,"TON":1.4,"TTO":170,"TUN":1011.1,"TUR":4904.2,"TKM":31.1,"TUV":0.4,"UGA":15.8,"UKR":1043.3,"ARE":616,"USA":14886.501,"URY":187.1,"UZB":274.4,"VUT":0,"VEN":3139.9,"VNM":748.6,"YEM":1925.3999,"ZMB":60.899998,"ZWE":901.30005}