{"AFG":381.9,"ALB":45.2,"DZA":2009.5,"AGO":114.8,"ATG":10.3,"ARG":4383.6,"ARM":191.2,"AUS":602.9,"AZE":227.5,"BHS":54.8,"BHR":258.7,"BGD":840.80005,"BRB":19.1,"BLR":418.4,"BLZ":27.2,"BEN":60.3,"BTN":1,"BOL":60.7,"BIH":65.3,"BWA":17.300001,"BRA":4568.6,"BRN":92.5,"BFA":37.6,"BDI":62,"KHM":97,"CMR":285.3,"CAN":1012.50006,"CPV":2.2,"CAF":0,"TCD":36.3,"CHL":856.8,"CHN":90511.1,"COL":2222.9998,"COM":2.9,"COG":16.3,"COK":1.2,"CRI":504.1,"CIV":157.7,"CUB":685.2,"COD":578,"DJI":18.9,"DMA":1.8000001,"DOM":614.39996,"TLS":33.6,"ECU":454.6,"EGY":2785,"SLV":284.69998,"GNQ":65,"ERI":42.7,"SWZ":17.8,"ETH":50.699997,"FJI":13.7,"GAB":14,"GMB":28.4,"GEO":86.700005,"GHA":51.5,"GRD":6.9,"GTM":749.5,"GIN":52.2,"GNB":26.8,"GUY":29.3,"HTI":170.5,"HND":620.69995,"ISL":8.9,"IND":15165.1,"IDN":7965.8,"IRN":9831.9,"IRQ":1573.4,"ISR":2136.2,"JAM":113.799995,"JPN":7364.5005,"JOR":1239.2001,"KAZ":1541.6,"KEN":573,"KIR":0.70000005,"KWT":615.3,"KGZ":89.5,"LAO":43.3,"LBN":884.89996,"LSO":3.5,"LBR":77.5,"LBY":1324,"LIE":0.2,"MDG":114.5,"MWI":159.5,"MYS":3658.4,"MDV":7.8,"MLI":115.2,"MHL":1.2,"MRT":16,"MUS":30.3,"MEX":6108.9004,"FSM":1.2,"MDA":88.299995,"MCO":0,"MNG":12.7,"MNE":107.200005,"MAR":1304.9,"MOZ":20.2,"MMR":57.399998,"NAM":34.5,"NRU":0.5,"NPL":31.199999,"NZL":79.899994,"NIC":58.7,"NER":61.100002,"NGA":5503,"NIU":0,"PRK":1570.6,"MKD":537.10004,"NOR":68.4,"OMN":278.9,"PAK":2088.1,"PLW":2.1,"PAN":370.6,"PNG":39,"PRY":245.90001,"PER":271.9,"PHL":2973.8,"QAT":140.5,"RUS":12051.7,"RWA":34.600002,"KNA":4,"LCA":8.8,"VCT":2.3,"WSM":4.5,"STP":5.2999997,"SAU":3027.9,"SEN":244.00002,"SRB":840.4,"SYC":3,"SLE":106.2,"SGP":-31.499989,"SLB":2.3,"SOM":260.8,"ZAF":953.7,"KOR":15258.7,"SSD":0.6,"LKA":355.4,"SDN":314.8,"SUR":47,"CHE":10.999997,"SYR":2804.2,"TJK":51.6,"TZA":225.2,"THA":5471.8003,"TGO":35.2,"TON":1.4000001,"TTO":190.70001,"TUN":1155.6,"TUR":4655.4,"TKM":27.199999,"TUV":0.3,"UGA":24.599998,"UKR":-754.5001,"ARE":712.6,"USA":-2966.5005,"URY":223.5,"UZB":57.899998,"VUT":0.4,"VEN":3842.2,"VNM":790.5,"YEM":1581.1,"ZMB":63.4,"ZWE":1051.3}