{"AFG":0.9,"ALB":49.6,"DZA":1784.5,"AGO":115.9,"ATG":27.7,"ARG":4375,"ARM":185.9,"AUS":770.7,"AZE":152.4,"BHS":59.399998,"BHR":221.1,"BGD":840.60004,"BRB":25.2,"BLR":278.90002,"BLZ":25.7,"BEN":54.9,"BTN":0,"BOL":77.1,"BIH":50.3,"BWA":2.6,"BRA":10422.7,"BRN":65,"BFA":37,"BDI":64.5,"KHM":97,"CMR":337.59998,"CAN":935.50006,"CPV":2.1,"CAF":7.3,"TCD":38.1,"CHL":1089.4,"CHN":166990.8,"COL":1262.1001,"COM":3.6,"COG":15.1,"COK":0.5,"CRI":238.60002,"CIV":288.19998,"CUB":611.7,"COD":907.4,"DJI":20.6,"DMA":2.3,"DOM":509.6,"TLS":25.900002,"ECU":368.80002,"EGY":2816,"SLV":198.70001,"GNQ":62.3,"ERI":26.8,"SWZ":3.7,"ETH":61.800003,"FJI":15.5,"GAB":14,"GMB":11.099999,"GEO":69.9,"GHA":55.100002,"GRD":4.2,"GTM":789.8,"GIN":42,"GNB":27.1,"GUY":30.900002,"HTI":0.2,"HND":430.80002,"ISL":7,"IND":12253.601,"IDN":6330.5,"IRN":8924.6,"IRQ":25.900002,"ISR":2258.7998,"JAM":221.9,"JPN":6883.3,"JOR":1110.5,"KAZ":1970.5,"KEN":566.9,"KIR":0.6,"KWT":546.5,"KGZ":70.7,"LAO":43.899998,"LBN":776.69995,"LSO":3.4,"LBR":32.4,"LBY":2145.3,"LIE":0,"MDG":28.1,"MWI":184.3,"MYS":2637.7,"MDV":0.9,"MLI":117,"MHL":0.70000005,"MRT":14.7,"MUS":45.8,"MEX":5641.3,"FSM":1.2,"MDA":41.6,"MCO":0,"MNG":13.4,"MNE":1.1,"MAR":1902.8999,"MOZ":3.3,"MMR":55.3,"NAM":31.3,"NRU":0.5,"NPL":35.100002,"NZL":49.5,"NIC":41,"NER":62.3,"NGA":5476.1,"NIU":0,"PRK":1557.2,"MKD":79.399994,"NOR":51.4,"OMN":290.90002,"PAK":1349.6,"PLW":80.4,"PAN":361.3,"PNG":50,"PRY":113.8,"PER":336.7,"PHL":2311,"QAT":175.3,"RUS":12503.3,"RWA":37.9,"KNA":2,"LCA":6.8,"VCT":2.5,"WSM":2.6999998,"STP":3.8999999,"SAU":3207.9001,"SEN":137.9,"SRB":551.7,"SYC":2.7,"SLE":101.1,"SGP":122.99999,"SLB":1.1,"SOM":266.9,"ZAF":1019.9,"KOR":8765.3,"SSD":0.6,"LKA":314.6,"SDN":299.7,"SUR":47,"CHE":15.899998,"SYR":1741.5,"TJK":60.1,"TZA":131.8,"THA":4739.4,"TGO":36.7,"TON":0,"TTO":214.8,"TUN":974.7,"TUR":4960.4,"TKM":40.8,"TUV":0.3,"UGA":24.699999,"UKR":3948.4,"ARE":856.80005,"USA":-2913.399,"URY":218.40001,"UZB":120.100006,"VUT":0,"VEN":3294.2,"VNM":565.5,"YEM":1279.6001,"ZMB":57.7,"ZWE":1249.6}