{"AFG":0.9,"ALB":56.199997,"DZA":1737.5,"ATG":-1.6,"ARG":4956.9995,"ARM":9.8,"AUS":831.9,"AZE":100.700005,"BHS":60.399998,"BHR":186.40001,"BGD":814.7999,"BRB":22.5,"BLR":208.3,"BLZ":51.5,"BEN":57.3,"BTN":0,"BOL":74.2,"BIH":159.4,"BWA":2.6,"BRA":13131.2,"BRN":37.7,"BFA":30.6,"BDI":59.699997,"KHM":97,"CMR":403.7,"CAN":873.6,"CPV":2,"CAF":1.5,"TCD":37.6,"CHL":815.80005,"CHN":100344.6,"COL":1021.9,"COM":2.6,"COG":16,"COK":0,"CRI":610.4,"CIV":174,"CUB":645.3,"COD":410.6,"DJI":20.6,"DMA":1.2,"DOM":877.69995,"TLS":23.6,"ECU":277.9,"EGY":2749.8,"SLV":114.7,"GNQ":37.9,"ERI":26.5,"SWZ":3.5,"ETH":56.2,"FJI":11.4,"GAB":9.7,"GMB":7,"GEO":62.9,"GHA":54.699997,"GRD":3.1000001,"GTM":720.19995,"GIN":40,"GNB":26,"GUY":42.600002,"HTI":0.2,"HND":634.8,"ISL":6.6,"IND":21454.6,"IDN":5921.1997,"IRN":5926.8,"IRQ":27.099998,"ISR":1652.8,"JAM":226.4,"JPN":6867,"JOR":809.9,"KAZ":829.6,"KEN":387.9,"KIR":0,"KWT":596.4,"KGZ":67.9,"LAO":44.699997,"LBN":725.3,"LSO":2.8,"LBR":20.300001,"LBY":1472.6,"LIE":0.1,"MDG":29,"MWI":180.5,"MYS":2363.5999,"MDV":1.5,"MLI":39,"MHL":1.2,"MRT":13.4,"MUS":24.2,"MEX":4819.6997,"FSM":1.2,"MDA":11.1,"MCO":0,"MNG":12.7,"MNE":1.1,"MAR":1301.5,"MOZ":15.7,"MMR":31.6,"NAM":32.7,"NRU":0.4,"NPL":27.199999,"NZL":68.1,"NIC":58.1,"NER":59.8,"NGA":4970.5,"NIU":0,"PRK":1510.6,"MKD":221.8,"NOR":1.5,"OMN":288.1,"PAK":2038.1001,"PLW":114.1,"PAN":313.6,"PNG":38.3,"PRY":369.8,"PER":308.4,"PHL":2218.9001,"QAT":135.4,"RUS":15357.5,"RWA":30.4,"KNA":3,"LCA":3.8000002,"VCT":10.5,"WSM":6.4,"STP":3.5,"SAU":2194.7,"SEN":121.799995,"SRB":597.8,"SYC":1.6,"SLE":92.9,"SGP":233.20001,"SLB":6.7,"SOM":69.6,"ZAF":975.1,"KOR":11577.3,"LKA":273.5,"SDN":299.7,"SUR":48,"CHE":25.400002,"SYR":1808.5,"TJK":52.399998,"TZA":99.6,"THA":4971.7,"TGO":41.7,"TON":83.4,"TTO":100.2,"TUN":739.39996,"TUR":2439,"TKM":19.800001,"TUV":0.2,"UGA":24.599998,"UKR":959.9,"ARE":671,"USA":13044.601,"URY":143.1,"UZB":53.1,"VUT":0,"VEN":5316.6,"VNM":466.2,"YEM":1238.7,"ZMB":55.399998,"ZWE":719.5}