{"AFG":0.9,"ALB":65.1,"DZA":1704.5,"AGO":107,"ATG":5.1,"ARG":3383,"ARM":25.7,"AUS":484.60004,"AZE":88.200005,"BHS":70.3,"BHR":178.2,"BGD":816.4,"BRB":9.8,"BLR":16.8,"BLZ":15.7,"BEN":55.199997,"BTN":0,"BOL":80.700005,"BIH":185,"BWA":6.6,"BRA":11378.7,"BRN":47.8,"BFA":34.9,"BDI":53.899998,"KHM":97,"CMR":408.90002,"CAN":953.10004,"CPV":1.9,"CAF":4.5,"TCD":36.6,"CHL":880.9,"CHN":90877.7,"COL":1155.8,"COM":2.8,"COG":29.1,"COK":0,"CRI":504.5,"CIV":225.4,"CUB":571.7,"COD":454.6,"DJI":21.2,"DMA":2.3,"DOM":623.9,"TLS":21.6,"ECU":354.9,"EGY":2746.3,"SLV":107.7,"GNQ":49.4,"ERI":51.399998,"SWZ":1.6,"ETH":58,"FJI":2.5,"GAB":16.2,"GMB":6.2,"GEO":65.9,"GHA":56.7,"GRD":3.1000001,"GTM":891.1,"GIN":49.9,"GNB":26,"GUY":26.4,"HTI":185.7,"HND":556.30005,"ISL":6.7,"IND":18695.6,"IDN":5451.2,"IRN":5693.3,"IRQ":26.400002,"ISR":1696.5,"JAM":69.5,"JPN":5989.2,"JOR":746.7,"KAZ":597.9,"KEN":381.4,"KIR":0,"KWT":595.1,"KGZ":53.8,"LAO":45.199997,"LBN":777.5,"LSO":2.4,"LBR":42.8,"LBY":1596.5,"LIE":0.1,"MDG":14.2,"MWI":101.7,"MYS":2435,"MDV":4.6,"MLI":30.2,"MHL":0.6,"MRT":15.599999,"MUS":27.6,"MEX":6055.7,"FSM":1,"MDA":31.7,"MCO":0.1,"MNG":11.4,"MNE":1.1,"MAR":1456.5,"MOZ":18.8,"MMR":26.599998,"NAM":23.9,"NRU":0.4,"NPL":99.200005,"NZL":19.2,"NIC":44.4,"NER":40.9,"NGA":4810.9004,"NIU":0,"PRK":1131.7,"MKD":77.9,"NOR":18.3,"OMN":315,"PAK":2599.4001,"PLW":70.7,"PAN":261,"PNG":52,"PRY":175.5,"PER":385.6,"PHL":3064.3,"QAT":126,"RUS":25744.102,"RWA":30.4,"KNA":7.8,"LCA":5,"VCT":6,"WSM":0.70000005,"STP":4,"SAU":1942.5,"SEN":138,"SRB":357.40002,"SYC":0.90000004,"SLE":90.299995,"SGP":171.3,"SLB":0.8,"SOM":87.7,"ZAF":815.3,"KOR":13746.1,"LKA":252,"SDN":296.7,"SUR":49,"CHE":30.199999,"SYR":1712.5,"TJK":28.7,"TZA":215.5,"THA":5104.6,"TGO":41,"TON":0.5,"TTO":109.100006,"TUN":625.6,"TUR":1592,"TKM":23.6,"TUV":0,"UGA":30.599998,"UKR":864.4,"ARE":625.80005,"USA":3983.3994,"URY":141.3,"UZB":44.2,"VUT":0,"VEN":2986.7998,"VNM":369.4,"YEM":1253.4,"ZMB":53.199997,"ZWE":524.9}