{"ALB":70.200005,"DZA":1226.1,"AGO":119.8,"ATG":3.3,"ARG":3841.4001,"ARM":164.4,"AUS":360.8,"AZE":52.1,"BHS":68.9,"BHR":149.3,"BGD":826.9,"BRB":14.2,"BLR":9.3,"BLZ":28.8,"BEN":54.5,"BOL":80.2,"BIH":214.3,"BWA":10.7,"BRA":7412.2,"BRN":33.1,"BFA":29.900002,"BDI":46.6,"KHM":97,"CMR":403.80002,"CAN":924.8,"CPV":1.9,"CAF":4.2,"TCD":31.800001,"CHL":770.3,"CHN":66823.4,"COL":1275.9,"COM":2,"COG":15.8,"CRI":542.2,"CIV":173.4,"CUB":530.6,"COD":1151.2001,"DJI":18.5,"DMA":1.7,"DOM":650.8,"ECU":579.1,"EGY":2704.3,"SLV":121.200005,"GNQ":44.1,"SWZ":2.1,"ETH":54.7,"FJI":2.5,"GAB":8.4,"GMB":5.9,"GEO":68.1,"GHA":41.1,"GRD":1.3,"GTM":1055.3999,"GIN":48.4,"GNB":26.9,"GUY":21.199999,"HTI":186,"HND":639.3,"ISL":7.1,"IND":14369.8,"IDN":5229.5,"IRN":5804.4,"ISR":1147.7001,"JAM":61.399998,"JPN":5261.1,"JOR":607.7,"KAZ":346.2,"KEN":343.4,"KIR":0,"KWT":518.7,"KGZ":67,"LAO":42,"LBN":770.1,"LSO":4.1,"LBR":26.199999,"LBY":1596.5,"LIE":0.1,"MDG":11.299999,"MWI":88,"MYS":2385.3,"MDV":15.7,"MLI":28.3,"MHL":0.3,"MRT":16.6,"MUS":20.4,"MEX":4666.8,"FSM":1.4000001,"MDA":23.5,"MCO":0.1,"MNG":9.900001,"MAR":2078,"MOZ":17.3,"MMR":39.4,"NAM":24.6,"NRU":0.4,"NPL":2.6,"NZL":32.4,"NIC":37.2,"NER":44.7,"NGA":4310.3,"PRK":2409.7998,"MKD":77,"NOR":0.29999843,"OMN":229.50002,"PAK":2412.7,"PLW":70.7,"PAN":192.7,"PNG":19.3,"PRY":138.5,"PER":189.9,"PHL":2214.4,"QAT":120.9,"RUS":761.5,"RWA":30.4,"KNA":7.6,"LCA":4.4,"VCT":6.9,"WSM":2.3,"STP":4.2,"SAU":2055.1,"SEN":120,"SRB":317.69998,"SYC":0.8,"SLE":105.7,"SGP":157.5,"SLB":1.1,"SOM":111.200005,"ZAF":723.6,"KOR":10382.3,"LKA":227.5,"SDN":271.2,"SUR":51,"CHE":27.2,"SYR":1988.8999,"TJK":29.4,"TZA":131.2,"THA":5204.7,"TGO":37.9,"TON":0.8,"TTO":90.7,"TUN":656.1,"TUR":1154.9,"TKM":62.100002,"TUV":0,"UGA":37.7,"UKR":1099.6,"ARE":637.5,"USA":22129.3,"URY":152,"UZB":18.1,"VUT":0,"VEN":2788.5999,"VNM":353.7,"YEM":1236.2,"ZMB":26.8,"ZWE":836.7}