{"ALB":50.5,"DZA":1966.1,"AGO":110,"ATG":4,"ARG":2386,"ARM":174.4,"AUS":389.7,"AZE":12.1,"BHS":58.4,"BHR":138.1,"BGD":350.09998,"BRB":12.1,"BLR":2.7,"BLZ":21.7,"BEN":36,"BOL":67.4,"BIH":259.2,"BWA":10.2,"BRA":3589.4001,"BRN":46.300003,"BFA":27.9,"BDI":19.2,"KHM":97,"CMR":261.7,"CAN":923.10004,"CPV":1.8,"CAF":4.6,"TCD":27.300001,"CHL":591.9,"CHN":47804.1,"COL":1002.2,"COM":1.9,"COG":11.2,"CRI":425.4,"CIV":121.2,"CUB":518,"COD":1081.3,"DJI":16.3,"DMA":3.1,"DOM":406.9,"ECU":273.4,"EGY":1944.1,"SLV":108.1,"GNQ":27.9,"SWZ":2.4,"ETH":86.6,"FJI":5.3,"GAB":6.9,"GMB":4.8999996,"GEO":64.3,"GHA":24,"GRD":2.3,"GTM":952.5,"GIN":45,"GNB":27.2,"GUY":15.6,"HTI":197.7,"HND":555.7,"ISL":2.6,"IND":15026.9,"IDN":5787.4,"IRN":8572.9,"ISR":1241.3,"JAM":39.2,"JPN":2466.7998,"JOR":267,"KAZ":146.9,"KEN":322,"KIR":0,"KWT":515.7,"KGZ":50.2,"LAO":42.899998,"LBN":710.80005,"LSO":4.6,"LBR":54,"LBY":1596.5,"LIE":0.1,"MDG":8.8,"MWI":75.4,"MYS":1966.3,"MDV":4,"MLI":30.1,"MHL":0.3,"MRT":16.5,"MUS":14.4,"MEX":3954.7,"FSM":2.2,"MDA":29.6,"MCO":0.1,"MNG":7.3,"MAR":1070,"MOZ":14.4,"MMR":45.7,"NAM":20,"NRU":0,"NPL":2.6,"NZL":42.8,"NIC":64.9,"NER":42.4,"NGA":3933.3,"PRK":2335.2,"MKD":43.199997,"NOR":-42.8,"OMN":201.5,"PAK":2347.2,"PLW":0.2,"PAN":204.7,"PNG":39.699997,"PRY":105.5,"PER":203.6,"PHL":1795.1,"QAT":105.399994,"RUS":892.3,"RWA":30.4,"KNA":6.3,"LCA":7.7,"VCT":6.4,"WSM":2.6000001,"STP":4.4,"SAU":1926.4,"SEN":94.8,"SRB":384.90002,"SYC":166.1,"SLE":84.4,"SGP":146.69998,"SLB":5.7,"SOM":124.1,"ZAF":848.8,"KOR":11745.9,"LKA":227.4,"SDN":258.2,"SUR":51,"CHE":26.2,"SYR":1754.1,"TJK":12.6,"TZA":71.5,"THA":3612.5,"TGO":35.3,"TON":1,"TTO":93.9,"TUN":552.5,"TUR":1336.4,"TKM":10.9,"TUV":0,"UGA":44.899998,"UKR":145.5,"ARE":624.19995,"USA":16213,"URY":100.9,"UZB":0.8,"VUT":0,"VEN":1653,"VNM":447.4,"YEM":1135.8,"ZMB":24,"ZWE":345.80002}