{"ALB":38,"DZA":1966.1,"AGO":109.7,"ATG":1.7,"ARG":2835.5,"ARM":174.4,"AUS":278.9,"AZE":10.2,"BHS":35.1,"BHR":125.8,"BGD":340.6,"BRB":11.5,"BLR":4.5,"BLZ":15.1,"BEN":17.8,"BOL":35.199997,"BIH":247.6,"BWA":8.2,"BRA":4485.4,"BRN":33.7,"BFA":25,"BDI":9.2,"KHM":89.899994,"CMR":233.6,"CAN":832.60004,"CPV":1.8,"CAF":4.2999997,"TCD":22.9,"CHL":744.5,"CHN":56961.902,"COL":1168.7,"COM":1.3000001,"COG":13.1,"COK":0,"CRI":492.19998,"CIV":104.6,"CUB":508.4,"COD":607.60004,"DJI":12.6,"DMA":1.5,"DOM":322.8,"ECU":259.9,"EGY":1662.7,"SLV":105.2,"GNQ":19.9,"SWZ":2.2,"ETH":39.7,"FJI":1.6,"GAB":6.9,"GMB":5.2999997,"GEO":61.1,"GHA":37.7,"GRD":2.3,"GTM":677,"GIN":42.1,"GNB":31.4,"GUY":11.599999,"HTI":121,"HND":591.5,"ISL":2.7,"IND":13819.8,"IDN":5119.8,"IRN":6753.6,"ISR":710.60004,"JAM":23.1,"JPN":3559.5,"JOR":228.6,"KAZ":64,"KEN":268.40002,"KIR":0,"KWT":450.59998,"KGZ":47.3,"LAO":35.899998,"LBN":685,"LSO":3.3,"LBR":27.8,"LBY":1511.6,"LIE":0.1,"MDG":7.8999996,"MWI":60.9,"MYS":1516.6,"MDV":2,"MLI":31.6,"MHL":0.5,"MRT":14.3,"MUS":16.3,"MEX":3783.2998,"FSM":2,"MDA":18.9,"MCO":1.5,"MNG":6.2,"MAR":1177.5,"MOZ":3.1,"MMR":53.699997,"NAM":17.2,"NRU":0,"NPL":0.9,"NZL":35.3,"NIC":32.2,"NER":39.7,"NGA":3119.7998,"NIU":0,"PRK":2188.4,"MKD":55.3,"NOR":-55.8,"OMN":152.20001,"PAK":1786.2999,"PLW":1.1,"PAN":184.7,"PNG":26.300001,"PRY":101.100006,"PER":191.09999,"PHL":1622.5,"QAT":115.9,"RUS":938.4,"RWA":30.4,"KNA":3.2,"LCA":2.5,"VCT":3.3999999,"WSM":0.2,"STP":4.7,"SAU":1476,"SEN":74.9,"SRB":418.3,"SYC":1.1,"SLE":84.1,"SGP":181.2,"SLB":1,"SOM":135.09999,"ZAF":929.60004,"KOR":9447,"LKA":212.79999,"SDN":218.90001,"SUR":12.400001,"CHE":16.199999,"SYR":1654.1,"TJK":5.8999996,"TZA":148.2,"THA":3152.0999,"TGO":37.7,"TON":0.3,"TTO":74.4,"TUN":440.1,"TUR":1058.2,"TKM":63.600002,"TUV":0,"UGA":28.6,"UKR":158.20001,"ARE":612,"USA":12418.899,"URY":129.40001,"UZB":2.3,"VUT":0,"VEN":1390.7,"VNM":404.6,"YEM":873.6,"ZMB":22.9,"ZWE":227.4}