{"AFG":181.5,"ALB":36.6,"DZA":1142.2,"AGO":82.2,"ATG":2.6,"ARG":2784.1,"ARM":114.6,"AUS":189.79999,"AZE":15.1,"BHS":23.8,"BHR":85.3,"BGD":310.1,"BRB":16.7,"BLR":3.1,"BLZ":12.2,"BEN":11.8,"BTN":0.1,"BOL":45.800003,"BIH":202.09999,"BWA":5.6,"BRA":3150.4,"BRN":63.3,"BFA":24.6,"BDI":4.9,"KHM":74.6,"CMR":160,"CAN":602.8,"CPV":1.5,"CAF":4.1,"TCD":14.4,"CHL":572.5,"CHN":35486.3,"COL":1023.89996,"COM":1.2,"COG":11.2,"COK":0,"CRI":409.1,"CIV":122.3,"CUB":471.80002,"COD":364.30002,"DJI":9.3,"DMA":1.1,"DOM":372.8,"ECU":167.4,"EGY":1644.2,"SLV":81.1,"GNQ":14.4,"SWZ":3.5,"ETH":23.7,"FJI":5.5,"GAB":6.2,"GMB":0.2,"GEO":55.8,"GHA":47.5,"GRD":2.4,"GTM":556.10004,"GIN":32.4,"GNB":27.2,"GUY":12.9,"HTI":140.6,"HND":519.5,"ISL":2,"IND":10149.8,"IDN":4256.7,"IRN":6188.5996,"ISR":742.39996,"JAM":23.3,"JPN":1959.4,"JOR":196.9,"KAZ":45.5,"KEN":200,"KIR":0,"KWT":485.8,"KGZ":36.5,"LAO":23.1,"LBN":432,"LSO":2.1,"LBR":15.5,"LBY":1281.5,"LIE":-0.1,"MDG":9.7,"MWI":12.099999,"MYS":1483.6,"MDV":2.2,"MLI":31.7,"MHL":0.1,"MRT":8.4,"MUS":15.7,"MEX":5619.3,"FSM":1.9,"MDA":21.5,"MCO":0.2,"MNG":4.5,"MAR":1060.9,"MOZ":3,"MMR":33,"NAM":7.7,"NRU":0,"NPL":0.9,"NZL":32.6,"NIC":50.600002,"NER":38.5,"NGA":2533.6,"NIU":0,"PRK":2225.7998,"MKD":13.6,"NOR":-84.299995,"OMN":118.7,"PAK":1578.6,"PLW":1,"PAN":152.5,"PNG":21,"PRY":145.09999,"PER":160.59999,"PHL":1570.6001,"QAT":76.4,"RUS":1105.2,"RWA":27.4,"KNA":3.8999999,"LCA":0.90000004,"VCT":2.8999999,"WSM":0.4,"STP":4.1,"SAU":1604.4,"SEN":65.9,"SRB":297.4,"SYC":0.5,"SLE":87.4,"SGP":215.8,"SLB":1.5,"SOM":122.1,"ZAF":872.10004,"KOR":7472.3003,"LKA":198.79999,"SDN":242.7,"SUR":9.599999,"CHE":2.1000004,"SYR":1302.2,"TJK":3.1,"TZA":98.8,"THA":2528.5,"TGO":30.1,"TON":0.1,"TTO":54.9,"TUN":355.5,"TUR":882.8,"TKM":59.2,"TUV":0,"UGA":24.3,"UKR":164.3,"ARE":645.3,"USA":13807.6,"URY":115.3,"UZB":1.8,"VUT":0,"VEN":3174.2002,"VNM":419.3,"YEM":856.80005,"ZMB":22.2,"ZWE":303.4}