{"AFG":145.40001,"ALB":14.3,"DZA":956.2,"AGO":59.2,"ATG":1.7,"ARG":2208.6,"ARM":87,"AUS":171,"AZE":21.9,"BHS":18.6,"BHR":85.7,"BGD":277.5,"BRB":9.299999,"BLR":0.6,"BLZ":9.6,"BEN":10.3,"BTN":0.1,"BOL":29.6,"BIH":61.7,"BWA":5.3,"BRA":2075.9,"BRN":41.6,"BFA":22.4,"BDI":8.5,"KHM":50.8,"CMR":141,"CAN":594.10004,"CPV":0.9,"CAF":2.8999999,"TCD":11.6,"CHL":469.19998,"CHN":31160.1,"COL":709.30005,"COM":1,"COG":10.7,"COK":0,"CRI":364.4,"CIV":116.2,"CUB":241,"COD":312.6,"DJI":7.7,"DMA":1.9,"DOM":262.1,"ECU":286.3,"EGY":1348.6,"SLV":138.7,"GNQ":14.3,"ERI":31.300001,"SWZ":6,"ETH":22,"FJI":6,"GAB":3.6,"GMB":0.9,"GEO":34.4,"GHA":25.2,"GRD":0.70000005,"GTM":586.89996,"GIN":26.099998,"GNB":14.6,"GUY":26,"HTI":85.5,"HND":448.2,"ISL":1.7,"IND":4326.3,"IDN":2725.7,"IRN":2448.6,"ISR":556.7,"JAM":6.2,"JPN":1067.9,"JOR":201.2,"KAZ":40,"KEN":267.5,"KIR":0,"KWT":373.9,"KGZ":16.4,"LAO":21.3,"LBN":354.59998,"LSO":1.1,"LBR":5.8,"LBY":1088,"LIE":0,"MDG":9.6,"MWI":7.1,"MYS":1042.4,"MDV":2.7,"MLI":33.1,"MHL":0,"MRT":7.3,"MUS":9.099999,"MEX":3816.7002,"FSM":0.5,"MDA":15.299999,"MCO":0.1,"MNG":4.3,"MAR":595.39996,"MOZ":7.2999997,"MMR":15,"NAM":0,"NRU":0,"NPL":0.1,"NZL":48.6,"NIC":39.4,"NER":29.5,"NGA":497.6,"NIU":0,"PRK":309.3,"MKD":13.7,"NOR":-7.0999994,"OMN":74.1,"PAK":606.8,"PLW":0.2,"PAN":113.3,"PNG":18.800001,"PRY":266.9,"PER":149.4,"PHL":1232.9,"QAT":52,"RUS":776.1,"RWA":15.3,"KNA":1.8,"LCA":1.5,"VCT":1.5,"WSM":0.2,"STP":2.3,"SAU":1145.4,"SEN":57.6,"SRB":76.5,"SYC":0.4,"SLE":27.2,"SGP":150.7,"SLB":1.1,"SOM":111.899994,"ZAF":716.1,"KOR":5337,"LKA":163.6,"SDN":227.2,"SUR":8.5,"CHE":-16.1,"SYR":1100.3,"TJK":3.5,"TZA":104.3,"THA":2317.3,"TGO":21.7,"TON":0,"TTO":52.1,"TUN":284.5,"TUR":793.10004,"TKM":27.3,"TUV":0,"UGA":6.5,"UKR":133.5,"ARE":659.4,"USA":10859.699,"URY":119.1,"UZB":3.5,"VUT":0,"VEN":1946,"VNM":458.7,"YEM":818.3,"ZMB":20.5,"ZWE":212.29999}