{"AFG":99.4,"ALB":15.2,"DZA":428.7,"AGO":42.1,"ATG":1.6,"ARG":2215.5,"ARM":62.8,"AUS":69.399994,"AZE":0.9,"BHS":8.9,"BHR":61.100002,"BGD":217.5,"BRB":10.5,"BLR":1.3,"BLZ":3.9,"BEN":32.6,"BTN":0.1,"BOL":36.399998,"BIH":36.6,"BWA":7.9,"BRA":1335.5,"BRN":28.599998,"BFA":21.599998,"BDI":8.9,"KHM":34.6,"CMR":128.7,"CAN":576.4,"CPV":0.2,"CAF":2.3,"TCD":9.2,"CHL":435.1,"CHN":30027.602,"COL":821.60004,"COM":0.90000004,"COG":10.9,"COK":0,"CRI":317.2,"CIV":135,"CUB":266.1,"COD":228.2,"DJI":3.6999998,"DMA":0.6,"DOM":232.79999,"ECU":114,"EGY":1091.6,"SLV":84.9,"GNQ":10.1,"ERI":5.1,"SWZ":1.2,"ETH":13.1,"FJI":5.3999996,"GAB":4.5,"GMB":1.1,"GEO":14.6,"GHA":34.2,"GRD":0.3,"GTM":355.8,"GIN":22.9,"GNB":15.200001,"GUY":9.2,"HTI":54.800003,"HND":391.5,"ISL":2.4,"IND":5280.3,"IDN":553.7,"IRN":1143.8,"IRQ":1580.6,"ISR":585,"JAM":2.5,"JPN":1051.9,"JOR":150.3,"KAZ":79.899994,"KEN":134.8,"KIR":0,"KWT":393.09998,"KGZ":8.8,"LAO":19.4,"LBN":290,"LSO":1.9,"LBR":6.2,"LBY":520.7,"LIE":0,"MDG":4,"MWI":6.6,"MYS":964.30005,"MDV":5.3999996,"MLI":26,"MHL":0.1,"MRT":4.2,"MUS":8.6,"MEX":1617.9,"FSM":0.1,"MDA":12.7,"MCO":0.1,"MNG":3.3000002,"MNE":15.400001,"MAR":473.69998,"MOZ":9,"MMR":1.3,"NAM":0,"NRU":0,"NPL":1.2,"NZL":40.199997,"NIC":28.5,"NER":30,"NGA":489.8,"NIU":0,"PRK":52.1,"MKD":9.1,"NOR":-207.5,"OMN":58,"PAK":733.3,"PLW":0.1,"PAN":64.8,"PNG":7.1,"PRY":111.700005,"PER":99.5,"PHL":808.60004,"QAT":46.4,"RUS":1189.5,"RWA":15.1,"KNA":1.1,"LCA":0.90000004,"VCT":1.6,"WSM":0.2,"STP":1.7,"SAU":1612.6,"SEN":54.7,"SRB":244.3,"SYC":0.6,"SLE":19.6,"SGP":331.1,"SLB":2.4,"SOM":107.299995,"ZAF":552.6,"KOR":6464.1,"LKA":117.700005,"SDN":163.9,"SUR":1.4,"CHE":10.6,"SYR":710.80005,"TJK":3.6,"TZA":59.8,"THA":1464.4,"TGO":12.700001,"TON":0,"TTO":73,"TUN":100.5,"TUR":900.7999,"TKM":22.4,"TUV":0,"UGA":0,"UKR":97.3,"ARE":541.1,"USA":10850,"URY":106.1,"UZB":3.8,"VUT":0.1,"VEN":2626.4,"VNM":401.09998,"YEM":535.3,"ZMB":13.299999,"ZWE":229.40001}