{"AFG":61.3,"ALB":6.6,"DZA":318.1,"AGO":17,"ATG":0.9,"ARG":1199.7,"ARM":29.4,"AUS":86.6,"AZE":0.8,"BHS":5.8,"BHR":43.4,"BGD":192.7,"BRB":4.8,"BLR":0.8,"BLZ":3.2,"BEN":27.9,"BTN":0.1,"BOL":6.6000004,"BIH":27.6,"BWA":11.099999,"BRA":1508.6,"BRN":10.4,"BFA":23,"BDI":8.9,"KHM":19.9,"CMR":42.7,"CAN":559.4,"CPV":0.2,"CAF":1.5999999,"TCD":5.2,"CHL":270.2,"CHN":25189.898,"COL":469.90002,"COM":0.4,"COG":9.7,"COK":0,"CRI":281.8,"CIV":103.3,"CUB":103.5,"COD":90.5,"DJI":2.8000002,"DMA":0,"DOM":74.4,"TLS":2.7,"ECU":150.70001,"EGY":860.80005,"SLV":51.4,"GNQ":10.6,"ERI":4,"SWZ":5.6,"ETH":5,"FJI":4.5,"GAB":4.1,"GMB":0.70000005,"GEO":6.3,"GHA":23.6,"GRD":0.2,"GTM":302.9,"GIN":22.1,"GNB":5.2,"GUY":0.6,"HTI":9.4,"HND":305.09998,"ISL":2.2,"IND":2971,"IDN":500.1,"IRN":745.6,"IRQ":1836.2999,"ISR":503.30002,"JAM":2.9,"JPN":1030,"JOR":119.5,"KAZ":120.9,"KEN":88.8,"KIR":0.1,"KWT":427.9,"KGZ":5.7999997,"LAO":8,"LBN":112.4,"LSO":2,"LBR":3.6999998,"LBY":142.8,"LIE":0,"MDG":4.2,"MWI":5.1,"MYS":664.2,"MDV":4.4,"MLI":21.6,"MHL":0.2,"MRT":2.6999998,"MUS":8.6,"MEX":1917.8999,"FSM":0.5,"MDA":11.299999,"MCO":0.1,"MNG":2.6,"MNE":4.2,"MAR":321.09998,"MOZ":9.2,"MMR":2.4,"NAM":11.8,"NRU":0,"NPL":1.2,"NZL":33.300003,"NIC":6.5,"NER":20.400002,"NGA":113.5,"NIU":0,"PRK":138.2,"MKD":1.2,"NOR":-46.699997,"OMN":29.6,"PAK":354,"PLW":0.1,"PAN":43.5,"PNG":9.5,"PRY":27.1,"PER":20.6,"PHL":325.7,"QAT":36.5,"RUS":1391.3,"RWA":7.3999996,"KNA":0.6,"LCA":0,"VCT":0.2,"WSM":0.2,"STP":0.5,"SAU":1615.7999,"SEN":46.6,"SRB":63.8,"SYC":2.3,"SLE":12,"SGP":162.6,"SLB":0.9,"SOM":97,"ZAF":576.4,"KOR":4557.2,"LKA":77.6,"SDN":106.4,"SUR":2.6999998,"CHE":9.500001,"SYR":372.3,"TJK":3.8,"TZA":34.2,"THA":1380.6,"TGO":9.9,"TON":0.1,"TTO":45.800003,"TUN":55.6,"TUR":937.2,"TKM":8.3,"TUV":0,"UGA":0,"UKR":93.5,"ARE":512.8,"USA":8516.5,"URY":55.699997,"UZB":0.1,"VUT":0.6,"VEN":146,"VNM":298.2,"YEM":427.5,"ZMB":10.799999,"ZWE":92.3}