{"AFG":47.9,"ALB":4.1,"DZA":272.5,"AGO":20.2,"ATG":0.3,"ARG":654.8,"ARM":18.400002,"AUS":68.399994,"AZE":0.8,"BHS":3.9,"BHR":50.5,"BGD":223.1,"BRB":3.6,"BLR":0.4,"BLZ":1.8,"BEN":26.900002,"BTN":0.1,"BOL":8.6,"BIH":16.4,"BWA":13.599999,"BRA":1305.3999,"BRN":7.6,"BFA":23.3,"BDI":7.3,"KHM":9.3,"CMR":36.1,"CAN":509.9,"CPV":0.2,"CAF":6.7,"TCD":21.5,"CHL":304,"CHN":17386.3,"COL":414.8,"COM":0.1,"COG":10.299999,"COK":0,"CRI":237,"CIV":77.3,"CUB":87.700005,"COD":50.5,"DJI":1.5,"DMA":0,"DOM":53.9,"ECU":79.8,"EGY":726.19995,"SLV":25.4,"GNQ":8.1,"ERI":3.8,"SWZ":8.6,"ETH":4.3,"FJI":4.7999997,"GAB":5.2,"GMB":0.5,"GEO":5.9,"GHA":21.6,"GRD":0.5,"GTM":184.4,"GIN":22,"GNB":3.9,"GUY":1.7,"HTI":3.6999998,"HND":216.2,"ISL":2.2,"IND":2904.9,"IDN":299.9,"IRN":508.6,"IRQ":1752.3999,"ISR":475.4,"JAM":8.5,"JPN":1050,"JOR":92.4,"KAZ":128.8,"KEN":75.7,"KIR":0.2,"KWT":408.5,"KGZ":12.4,"LAO":3.6,"LBN":58.199997,"LSO":3.3,"LBR":3.4,"LBY":111.600006,"LIE":0,"MDG":3,"MWI":6.7,"MYS":571.2,"MDV":3.7,"MLI":14.5,"MHL":0.2,"MRT":6.5,"MUS":6.9,"MEX":1985.4,"FSM":0.2,"MDA":2.8,"MCO":0.1,"MNG":2.6000001,"MNE":0.5,"MAR":212.7,"MOZ":10,"MMR":2,"NAM":5.8,"NRU":0,"NPL":1.4,"NZL":17.8,"NIC":3.9,"NER":18.9,"NGA":312.7,"NIU":0,"PRK":91.2,"MKD":2,"NOR":15.6,"OMN":33.2,"PAK":356.9,"PLW":0.1,"PAN":40.2,"PNG":1.4999999,"PRY":39,"PER":28,"PHL":397.4,"QAT":43.8,"RUS":1457.6,"RWA":4.8,"KNA":0.4,"LCA":0.1,"VCT":0.1,"WSM":0.1,"STP":0.3,"SAU":1643.6,"SEN":42.9,"SRB":87.99999,"SYC":0.6,"SLE":5.7999997,"SGP":168.7,"SLB":1.2,"SOM":24.7,"ZAF":778,"KOR":4052.4,"LKA":10.3,"SDN":92.8,"SUR":0.7,"CHE":10,"SYR":289.8,"TJK":3.9,"TZA":22.3,"THA":1197.5,"TGO":9.4,"TON":0.2,"TTO":56.800003,"TUN":59.2,"TUR":762.5,"TKM":10.1,"TUV":0,"UGA":0,"UKR":75,"ARE":560.69995,"USA":6229.6,"URY":53.9,"UZB":2.3,"VUT":1,"VAT":0.1,"VEN":133.5,"VNM":277.5,"YEM":431,"ZMB":6.8999996,"ZWE":37.300003}