{"AFG":49.2,"ALB":5.4,"DZA":174.35,"AND":1.9,"AGO":35.3,"ATG":0.5,"ARG":395.4,"ARM":24.900002,"AUS":57.199997,"AZE":3.5,"BHS":3.5,"BHR":55.6,"BGD":195.9,"BRB":5.1,"BLR":10.4,"BLZ":2.5,"BEN":27.1,"BTN":0.3,"BOL":4.4,"BIH":5.8,"BWA":11,"BRA":1462.4,"BRN":5.8,"BFA":26.7,"BDI":7.3,"KHM":17.1,"CMR":102.7,"CAN":274.40002,"CPV":1.8,"CAF":11.9,"TCD":26.9,"CHL":262.09998,"CHN":20371.2,"COL":320.9,"COM":0.1,"COG":9.88,"COK":0,"CRI":211.5,"CIV":73.7,"CUB":11.7,"COD":59.82,"DJI":1.2,"DMA":0.4,"DOM":76.8,"TLS":0.9,"ECU":87.24,"EGY":789.5,"SLV":11.9,"GNQ":6.22,"ERI":3.1499999,"SWZ":1.88,"ETH":2.1,"FJI":5,"GAB":29.7,"GMB":1.6,"GEO":4.6,"GHA":80.700005,"GRD":0.8,"GTM":249.29999,"GIN":21.8,"GNB":6.65,"GUY":1.1,"HTI":3.85,"HND":153.90001,"ISL":1.8,"IND":976.99994,"IDN":374.8,"IRN":466.3,"IRQ":593.1,"ISR":745,"JAM":19.5,"JPN":699.5,"JOR":97.700005,"KAZ":130.2,"KEN":58.3,"KIR":0,"KWT":426.1,"KGZ":7.7,"LAO":3,"LBN":58.4,"LSO":3.8,"LBR":5,"LBY":127.5,"LIE":0,"MDG":16.49,"MWI":8.6,"MYS":604.5,"MDV":5.1,"MLI":14.4,"MHL":0.2,"MRT":20.4,"MUS":10.7,"MEX":1769.6001,"FSM":0.1,"MDA":1.2,"MCO":0.1,"MNG":1.9000001,"MNE":0.9,"MAR":168.29001,"MOZ":9.88,"MMR":4.1,"NAM":6,"NRU":0,"NPL":1.2,"NZL":17.5,"NIC":8.6,"NER":17.65,"NGA":336.49002,"NIU":0,"PRK":89,"MKD":2.29,"NOR":-5.1000004,"OMN":32.1,"PAK":246.01,"PLW":0.1,"PAN":25,"PNG":3.2,"PRY":25.900002,"PER":27.3,"PHL":371.68,"QAT":79.7,"RUS":1203.5,"RWA":3.8,"KNA":0.4,"LCA":1.37,"VCT":0.4,"WSM":0.2,"SMR":0,"STP":4.1,"SAU":1648.9,"SEN":39.8,"SRB":29.7,"SYC":1.4,"SLE":7.7,"SGP":226.9,"SLB":1.6,"SOM":50.5,"ZAF":730.1,"KOR":4272.3,"SSD":4.1,"LKA":13.5,"SDN":73.4,"SUR":2.7,"CHE":12,"SYR":230.7,"TJK":2.6,"TZA":11.7,"THA":1011.99994,"TGO":20.3,"TON":0.1,"TTO":38.5,"TUN":67.5,"TUR":609.9,"TKM":13.1,"TUV":0.1,"UGA":0,"UKR":63.5,"ARE":559.5,"USA":4283.3,"URY":36.8,"UZB":1.8,"VUT":0.1,"VAT":0,"VEN":165.3,"VNM":289.3,"YEM":314.6,"ZMB":3.9,"ZWE":40.800003}