{"AFG":24.9,"ALB":6.5,"DZA":65.68,"AND":0,"AGO":12.7,"ATG":0.1,"ARG":780.8,"ARM":7.1,"AUS":-6.4000015,"AZE":0.3,"BHS":6.1,"BHR":58.7,"BGD":125.5,"BRB":2.3,"BLR":10,"BLZ":3.1,"BEN":24,"BTN":0.3,"BOL":7.7,"BIH":3.5,"BWA":11,"BRA":1207.2,"BRN":6.9,"BFA":31,"BDI":7.4,"KHM":12.8,"CMR":67.4,"CAN":65.2,"CPV":0.3,"CAF":12.1,"TCD":6.2,"CHL":261.7,"CHN":21388.2,"COL":241.5,"COM":0.1,"COG":10.6,"COK":0.1,"CRI":180.9,"CIV":65.9,"CUB":22.1,"COD":76.6,"DJI":0.7,"DMA":0.4,"DOM":54.7,"TLS":0.5,"ECU":62.039997,"EGY":705.6,"SLV":11.5,"GNQ":6.4,"ERI":1.12,"SWZ":1.57,"ETH":11,"FJI":6.46,"GAB":30.6,"GMB":1.5,"GEO":5.9,"GHA":37.2,"GRD":0.8,"GTM":256.2,"GIN":23.4,"GNB":2.9,"GUY":2.4,"HTI":3.41,"HND":161.6,"ISL":0,"IND":1933.7,"IDN":433,"IRN":421.3,"IRQ":105.8,"ISR":91.1,"JAM":15.7,"JPN":225.4,"JOR":114.2,"KAZ":110,"KEN":56.199997,"KIR":0.1,"KWT":439.1,"KGZ":4.3,"LAO":2.5,"LBN":88.6,"LSO":3.1,"LBR":5.5,"LBY":139.26,"LIE":0,"MDG":16.8,"MWI":13,"MYS":542.8,"MDV":4,"MLI":15.5,"MHL":0.2,"MRT":20.5,"MUS":5.3,"MEX":1598.8999,"FSM":0.2,"MDA":0.7,"MCO":0,"MNG":1.5,"MNE":0.6,"MAR":123.700005,"MOZ":9.599999,"MMR":4.5,"NAM":10.7,"NRU":0,"NPL":1.2,"NZL":11.6,"NIC":7.5,"NER":16,"NGA":368.37,"NIU":0,"PRK":94.1,"MKD":1.3,"NOR":1.6,"OMN":32.2,"PAK":255.7,"PLW":0.2,"PAN":24.6,"PNG":3.3,"PRY":20.9,"PER":26.45,"PHL":160.98,"QAT":94.1,"RUS":1041.8,"RWA":4.4,"KNA":0.6,"LCA":0.81,"VCT":0.2,"WSM":0.3,"SMR":0,"STP":0.2,"SAU":1611.4,"SEN":37.5,"SRB":7.8,"SYC":1.3,"SLE":1.8,"SGP":207,"SLB":2.3,"SOM":45.3,"ZAF":773.2,"KOR":2113.9,"SSD":4.1,"LKA":14.5,"SDN":56.2,"SUR":1.3,"CHE":1.6,"SYR":167.5,"TJK":2.8,"TZA":2,"THA":1088.8,"TGO":20.6,"TON":0.1,"TTO":54.100002,"TUN":43.6,"TUR":493.03,"TKM":9.6,"TUV":0.1,"UGA":0.3,"UKR":86.9,"ARE":583.6,"USA":2329.5,"URY":30.6,"UZB":0.9,"VUT":0.5,"VAT":0,"VEN":197.7,"VNM":311.7,"YEM":178.19,"ZMB":11.2,"ZWE":29.3}