{"AFG":24.04,"ALB":6.49,"DZA":69.12,"AND":0,"AGO":11.55,"ATG":0.38,"ARG":831.16,"ARM":7.5,"AUS":46.809998,"AZE":7.63,"BHS":3.05,"BHR":57.32,"BGD":136.42,"BRB":2.65,"BLR":9.02,"BLZ":1.94,"BEN":23.75,"BTN":0.28,"BOL":5.7,"BIH":3.35,"BWA":10.89,"BRA":1046.4,"BRN":8.08,"BFA":27.93,"BDI":3.08,"KHM":13.71,"CMR":65.78,"CAN":57.93,"CPV":0.28,"CAF":12.02,"TCD":17,"CHL":275.31,"CHN":21299.43,"COL":217.4,"COM":0.12,"COG":10.56,"COK":0.06,"CRI":127.85,"CIV":59.32,"CUB":14.26,"COD":56.93,"DJI":0.66,"DMA":0.16,"DOM":50.61,"TLS":0.15,"ECU":32.28,"EGY":488.77997,"SLV":9.55,"GNQ":5.67,"ERI":0.96,"SWZ":0.96,"ETH":11.28,"FJI":14.46,"GAB":45.95,"GMB":0.98,"GEO":4.31,"GHA":30.71,"GRD":0.18,"GTM":221,"GIN":24.53,"GNB":2.86,"GUY":2.41,"HTI":4.24,"HND":109.36,"ISL":0,"IND":1484.57,"IDN":337.5,"IRN":377.58002,"IRQ":110.44,"ISR":-474.56998,"JAM":5.74,"JPN":262.83002,"JOR":120.509995,"KAZ":96.75,"KEN":52.62,"KIR":0.01,"KWT":397.75,"KGZ":2.96,"LAO":2.66,"LBN":92.26,"LSO":2.5,"LBR":5.41,"LBY":131.89,"LIE":0,"MDG":16.5,"MWI":12.71,"MYS":485.8,"MDV":3.67,"MLI":17.6,"MHL":0.24,"MRT":17.6,"MUS":8.82,"MEX":1563.6001,"FSM":0.06,"MDA":1.31,"MCO":0.01,"MNG":1.16,"MNE":0.72,"MAR":120.61,"MOZ":8.4,"MMR":5.75,"NAM":9.95,"NRU":0.01,"NPL":1.2,"NZL":11.5,"NIC":5.41,"NER":15.92,"NGA":402.32,"NIU":0,"PRK":90.04,"MKD":0.9,"NOR":-0.16,"OMN":34.82,"PAK":276.05,"PLW":0.17,"PAN":23.89,"PNG":1.69,"PRY":16.82,"PER":32.5,"PHL":164.89,"QAT":96.61,"RUS":1134.69,"RWA":5.48,"KNA":0.49,"LCA":1.07,"VCT":0.3,"WSM":0.29,"SMR":0,"STP":0.14,"SAU":1780.16,"SEN":36.14,"SRB":12.54,"SYC":0.93,"SLE":1.87,"SGP":111.560005,"SLB":2.04,"SOM":45.2,"ZAF":658.55,"KOR":2119.3398,"LKA":16.33,"SDN":56.2,"SUR":4.01,"CHE":1.3499999,"SYR":176.57,"TJK":2.9,"TZA":9.97,"THA":832.04004,"TGO":19.14,"TON":0.07,"TTO":34.34,"TUN":40.5,"TUR":427.23,"TKM":5.83,"TUV":0.01,"UGA":0.12,"UKR":93.29,"ARE":641.8,"USA":1627.68,"URY":23.62,"UZB":4.14,"VUT":0.08,"VAT":0,"VEN":165.07,"VNM":292.87,"YEM":89.979996,"ZMB":9.23,"ZWE":22.22}