{"AFG":17.34,"ALB":6.59,"DZA":58.36,"AND":0,"AGO":6.6,"ATG":0.11,"ARG":855.29004,"ARM":5.67,"AUS":-33.510002,"AZE":3.52,"BHS":2.73,"BHR":75.59,"BGD":66.47,"BRB":2.66,"BLR":8.05,"BLZ":2.58,"BEN":23.3,"BTN":0.31,"BOL":8.79,"BIH":4.06,"BWA":10.84,"BRA":1387.87,"BRN":5.9,"BFA":26.59,"BDI":2.97,"KHM":10.12,"CMR":62.78,"CAN":61.83,"CPV":0.23,"CAF":11.83,"TCD":16.5,"CHL":272.38,"CHN":21518.111,"COL":285.5,"COM":0.11,"COG":9.87,"COK":0.04,"CRI":106.3,"CIV":56.65,"CUB":15.2,"COD":47.85,"DJI":0.64,"DMA":0.01,"DOM":40.87,"TLS":0.21,"ECU":33.76,"EGY":630.18005,"SLV":9.32,"GNQ":2.67,"ERI":1.01,"SWZ":1.3,"ETH":10.8,"FJI":14.47,"GAB":30.25,"GMB":1.91,"GEO":2.66,"GHA":27.19,"GRD":0.26,"GTM":148.48001,"GIN":22.2,"GNB":2.7,"GUY":1.36,"HTI":5.15,"HND":80.91,"ISL":0,"IND":1638.45,"IDN":329.38,"IRN":376.81,"IRQ":112.2,"ISR":715.79004,"JAM":7.4,"JPN":80.84,"JOR":143.15,"KAZ":22.76,"KEN":42.35,"KIR":0.03,"KWT":420.15,"KGZ":2.91,"LAO":2.75,"LBN":94.67,"LSO":2.24,"LBR":4.82,"LBY":144.1,"LIE":0,"MDG":15.95,"MWI":12.54,"MYS":737.60004,"MDV":3.69,"MLI":16.61,"MHL":0.21,"MRT":20.35,"MUS":7.14,"MEX":1428.58,"FSM":0.06,"MDA":1.88,"MCO":0.01,"MNG":2.87,"MNE":0.94,"MAR":81.2,"MOZ":8.17,"MMR":9.66,"NAM":4.76,"NRU":0.01,"NPL":0.74,"NZL":9.47,"NIC":11.87,"NER":15.33,"NGA":453.4,"NIU":0,"PRK":88.96,"MKD":0.74,"NOR":0,"OMN":54.95,"PAK":326.23,"PLW":0.17,"PAN":32.77,"PNG":3.06,"PRY":29.33,"PER":26.98,"PHL":195.65,"QAT":93.57,"RUS":958.93,"RWA":3.66,"KNA":0.38,"LCA":0.75,"VCT":0.28,"WSM":0.13,"SMR":0,"STP":0.13,"SAU":1943.2899,"SEN":36.14,"SRB":10.95,"SYC":1.01,"SLE":2.59,"SGP":169.27,"SLB":1.62,"SOM":17.63,"ZAF":570.84,"KOR":2088.17,"SSD":4.8399997,"LKA":18.02,"SDN":60.11,"SUR":1.51,"CHE":0.90000004,"SYR":83.18,"TJK":3.03,"TZA":9.45,"THA":1171.64,"TGO":19.8,"TON":0.05,"TTO":88.9,"TUN":39.289997,"TUR":318.18,"TKM":7.73,"TUV":0.02,"UGA":0.05,"UKR":93.29,"ARE":692.62,"USA":-69.40005,"URY":34.05,"UZB":2.44,"VUT":0.06,"VAT":0,"VEN":246.14,"VNM":269.93,"YEM":112.94,"ZMB":8.8,"ZWE":16.2}