{"AFG":17.7,"ALB":5.67,"DZA":51.97,"AND":0,"AGO":15.43,"ATG":0.22,"ARG":497.7,"ARM":4.54,"AUS":48.620003,"AZE":1.76,"BHS":2.72,"BHR":49.6,"BGD":64.89,"BRB":2.89,"BLR":6.95,"BLZ":2.43,"BEN":22.15,"BTN":0.28,"BOL":6.05,"BIH":5.13,"BWA":10.84,"BRA":1189.25,"BRN":4.27,"BFA":14.88,"BDI":2.86,"KHM":9.47,"CMR":82.34,"CAN":65.91,"CPV":0.17,"CAF":11.5,"TCD":15.2,"CHL":241.88998,"CHN":15694.0205,"COL":175.74,"COM":0.12,"COG":9.35,"COK":0.02,"CRI":12.6,"CIV":54.2,"CUB":12.19,"COD":35.94,"DJI":0.62,"DMA":0.09,"DOM":34.78,"TLS":0.29,"ECU":22.03,"EGY":335.08002,"SLV":8.08,"GNQ":2.5,"ERI":1.02,"SWZ":1.18,"ETH":5.46,"FJI":7.67,"GAB":28.6,"GMB":0.86,"GEO":1.38,"GHA":25.39,"GRD":0.33,"GTM":249.84,"GIN":7.08,"GNB":2.31,"GUY":0.96,"HTI":1.95,"HND":14.64,"ISL":0,"IND":956.14,"IDN":310.52,"IRN":357.84,"IRQ":101.75,"ISR":94.46,"JAM":3.63,"JPN":39.59,"JOR":63,"KAZ":104.62,"KEN":29.14,"KIR":0.03,"KWT":414.67,"KGZ":3.99,"LAO":1.6,"LBN":72.61,"LSO":1.96,"LBR":4.51,"LBY":144,"LIE":0,"MDG":15.95,"MWI":10.18,"MYS":449.93,"MDV":3.19,"MLI":10.29,"MHL":0.12,"MRT":20.35,"MUS":5.44,"MEX":1118.45,"FSM":0.03,"MDA":0.99,"MCO":0.01,"MNG":0.94,"MNE":0.75,"MAR":39.19,"MOZ":8.25,"MMR":3.02,"NAM":7.02,"NRU":0,"NPL":0.66,"NZL":10.3,"NIC":3.56,"NER":14.61,"NGA":334.46,"NIU":0,"PRK":90.56,"MKD":0.72,"NOR":0,"OMN":28.87,"PAK":247.02,"PLW":0.12,"PAN":21.37,"PNG":3.02,"PRY":16.46,"PER":25.81,"PHL":136.69,"QAT":80.7,"RUS":836.46,"RWA":3.78,"KNA":0.32,"LCA":0.57,"VCT":0.18,"WSM":0.11,"SMR":0,"STP":0.1,"SAU":1440.33,"SEN":7.7,"SRB":8.06,"SYC":0.55,"SLE":0.84,"SGP":116.700005,"SLB":0.17,"SOM":16.46,"ZAF":426.44,"KOR":1893.13,"SSD":2.51,"LKA":13.37,"SDN":51.940002,"SUR":1.24,"CHE":1.4,"SYR":28.03,"TJK":2.28,"TZA":1.64,"THA":863.32,"TGO":18.98,"TON":0.04,"TTO":39.5,"TUN":38.71,"TUR":147.02,"TKM":4.16,"TUV":0,"UGA":0,"UKR":59.4,"ARE":539.4,"USA":713.28,"URY":15.47,"UZB":4.58,"VUT":0.06,"VAT":0,"VEN":134.77,"VNM":252.85,"YEM":127.16,"ZMB":4.99,"ZWE":15.76}