{"AFG":20.46,"ALB":1.64,"DZA":53.66,"AND":0,"AGO":13.21,"ATG":0.04,"ARG":441.28998,"ARM":3.15,"AUS":10.099998,"AZE":1.76,"BHS":2.71,"BHR":49.14,"BGD":59.37,"BRB":1.64,"BLR":5.56,"BLZ":2.42,"BEN":20.03,"BTN":0.25,"BOL":1.38,"BIH":3.37,"BWA":10.51,"BRA":1164.74,"BRN":4,"BFA":12.38,"BDI":2.64,"KHM":11.19,"CMR":68.26,"CAN":54.25,"CPV":0.17,"CAF":11.11,"TCD":14.62,"CHL":236.43001,"CHN":17204.93,"COL":153.23,"COM":0.14,"COG":8.72,"COK":0,"CRI":12.53,"CIV":55.89,"CUB":13.14,"COD":16.5,"DJI":0.57,"DMA":0.17,"DOM":36.9,"TLS":0.31,"ECU":21.48,"EGY":313.09,"SLV":8.54,"GNQ":2.27,"ERI":1,"SWZ":1.47,"ETH":4.25,"FJI":6.7,"GAB":26.4,"GMB":0.77,"GEO":0.100000024,"GHA":23.34,"GRD":0.36,"GTM":229.84001,"GIN":6.89,"GNB":2.81,"GUY":0.8,"HTI":2.65,"HND":12.22,"ISL":0,"IND":906.57,"IDN":257.98,"IRN":342.14,"IRQ":96.83,"ISR":-139.34,"JAM":5.0299997,"JPN":16.649994,"JOR":62.120003,"KAZ":30.8,"KEN":24.8,"KIR":0,"KWT":336.17,"KGZ":2.4,"LAO":2.28,"LBN":69.69,"LSO":1.14,"LBR":3.74,"LBY":122.4,"LIE":0,"MDG":15.29,"MWI":9.35,"MYS":470.3,"MDV":3.32,"MLI":10.18,"MHL":0.08,"MRT":20.08,"MUS":7.93,"MEX":733.82,"FSM":0.09,"MDA":0.76,"MCO":0,"MNG":0.38,"MNE":0.72,"MAR":38.26,"MOZ":7.15,"MMR":1.98,"NAM":3.64,"NRU":0,"NPL":0.83,"NZL":8.65,"NIC":5.4,"NER":14.32,"NGA":304.11,"NIU":0,"PRK":79.37,"MKD":0.57,"NOR":0,"OMN":20.37,"PAK":239.79,"PLW":0.12,"PAN":19.22,"PNG":2.87,"PRY":17.83,"PER":22.01,"PHL":149.42,"QAT":84.95,"RUS":684.42004,"RWA":3.28,"KNA":0.47,"LCA":0.83,"VCT":0.09,"WSM":0.08,"SMR":0,"STP":0.09,"SAU":1383.23,"SEN":20.74,"SRB":8.03,"SYC":0.43,"SLE":1.47,"SGP":111.09,"SLB":0.26,"SOM":16.42,"ZAF":338.38,"KOR":1798.08,"SSD":3.24,"LKA":12.89,"SDN":53.4,"SUR":1.49,"CHE":0.58,"SYR":20.99,"TJK":2.01,"TZA":1.3,"THA":864.45,"TGO":17.88,"TON":0.02,"TTO":26.55,"TUN":41.1,"TUR":123.82,"TKM":2.7,"TUV":0,"UGA":0,"UKR":49.06,"ARE":539.4,"USA":836.66003,"URY":17.8,"UZB":9.86,"VUT":0.04,"VAT":0,"VEN":104.63,"VNM":236.72,"YEM":101.85,"ZMB":4.4,"ZWE":13.32}