{"AFG":20.24,"ALB":2.58,"DZA":53.43,"AND":0,"AGO":13.78,"ATG":0.06,"ARG":375.92,"ARM":2.34,"AUS":17.19,"AZE":1.24,"BHS":3.52,"BHR":45.98,"BGD":64.18,"BRB":1.48,"BLR":4.5,"BLZ":2.26,"BEN":19.28,"BTN":0.2,"BOL":1.74,"BIH":2.11,"BWA":9.75,"BRA":1025.81,"BRN":3.57,"BFA":11.99,"BDI":2.48,"KHM":11.69,"CMR":53.79,"CAN":18.43,"CPV":0.14,"CAF":10.45,"TCD":14.2,"CHL":67.63,"CHN":13758.01,"COL":164.40001,"COM":0.1,"COG":8.15,"COK":0,"CRI":10.96,"CIV":51.29,"CUB":12.87,"COD":15.4,"DJI":0.56,"DMA":0.13,"DOM":43.39,"TLS":0.41,"ECU":20.1,"EGY":343.12,"SLV":5.82,"GNQ":1.98,"ERI":0.97,"SWZ":1.02,"ETH":4.69,"FJI":3.87,"GAB":19.25,"GMB":0.75,"GEO":1.68,"GHA":20.41,"GRD":0.22,"GTM":4.5,"GIN":5.65,"GNB":2.48,"GUY":1.34,"HTI":3.25,"HND":10.85,"ISL":0,"IND":958.24,"IDN":152.67,"IRN":309.28,"IRQ":93.39,"ISR":-82.39,"JAM":7.62,"JPN":-45.840004,"JOR":73.99,"KAZ":12.11,"KEN":20.6,"KIR":0.03,"KWT":338.98,"KGZ":1.58,"LAO":2.07,"LBN":65.86,"LSO":0.75,"LBR":3.13,"LBY":119.81,"LIE":0,"MDG":14.03,"MWI":8.91,"MYS":418.5,"MDV":2.45,"MLI":10.12,"MHL":0.08,"MRT":18.43,"MUS":6.79,"MEX":671.47003,"FSM":0,"MDA":0.82,"MCO":0,"MNG":0.64,"MNE":0.67,"MAR":16.88,"MOZ":7.15,"MMR":1.48,"NAM":5.36,"NRU":0.02,"NPL":0.11,"NZL":1.1,"NIC":5.7,"NER":13.02,"NGA":247.7,"NIU":0,"PRK":70.02,"MKD":0.18,"NOR":0,"OMN":22.3,"PAK":203.13,"PLW":0.11,"PAN":17.53,"PNG":2.32,"PRY":15.99,"PER":22.82,"PHL":123.26,"QAT":65.89,"RUS":441.13,"RWA":3.61,"KNA":0.36,"LCA":0.47,"VCT":0.04,"WSM":0.07,"SMR":0,"STP":0.09,"SAU":1305.45,"SEN":20.63,"SRB":6.92,"SYC":0.33,"SLE":0.99,"SGP":74.46,"SLB":0.07,"SOM":15.92,"ZAF":207.58,"KOR":1678.39,"SSD":3.36,"LKA":10.31,"SDN":46.79,"SUR":1.4,"CHE":0.1,"SYR":46.74,"TJK":1.66,"TZA":1.18,"THA":773.5,"TGO":16.61,"TON":0,"TTO":12.64,"TUN":35.57,"TUR":17.95,"TKM":4.23,"TUV":0.02,"UGA":0,"UKR":5.1,"ARE":473.97,"USA":274.07,"URY":15.78,"UZB":7.23,"VUT":0.02,"VAT":0,"VEN":45.72,"VNM":192.7,"YEM":100.03,"ZMB":3.03,"ZWE":14.16}