{"AFG":20.02,"ALB":3.74,"DZA":24.16,"AND":0,"AGO":11.55,"ATG":0.01,"ARG":306.55,"ARM":0.63,"AUS":11.28,"AZE":0.48,"BHS":3.74,"BHR":45.77,"BGD":63.9,"BRB":2.25,"BLR":3.45,"BLZ":2.15,"BEN":17.09,"BTN":0.14,"BOL":3.06,"BIH":2.34,"BWA":9.43,"BRA":875.29,"BRN":3.75,"BFA":14.41,"BDI":2.31,"KHM":4.52,"CMR":47.41,"CAN":11.379999,"CPV":0.13,"CAF":9.9,"TCD":14.06,"CHL":63.33,"CHN":14496.89,"COL":136.14,"COM":0.09,"COG":7.93,"COK":0,"CRI":10.89,"CIV":49.08,"CUB":12.1,"COD":9.35,"DJI":0.54,"DMA":0.13,"DOM":42.23,"TLS":0.09,"ECU":18.26,"EGY":346.53,"SLV":6.41,"GNQ":1.45,"ERI":0.94,"SWZ":1.17,"ETH":4.59,"FJI":4.1,"GAB":20.9,"GMB":0.5,"GEO":1.39,"GHA":18.54,"GRD":0.2,"GTM":5.6,"GIN":4.7,"GNB":2.31,"GUY":1.58,"HTI":2.99,"HND":11,"ISL":0,"IND":1014.18,"IDN":244.66,"IRN":272.98,"IRQ":93.23,"ISR":266.1,"JAM":8.92,"JPN":-49.99,"JOR":41.94,"KAZ":4.96,"KEN":15.07,"KIR":0.02,"KWT":297.86,"KGZ":1.73,"LAO":2.03,"LBN":58.86,"LSO":0.71,"LBR":2.84,"LBY":118.36,"LIE":0,"MDG":11.83,"MWI":8.23,"MYS":318.62,"MDV":2.4,"MLI":9.63,"MHL":0,"MRT":18.15,"MUS":6.04,"MEX":557.56,"FSM":0.04,"MDA":0,"MCO":0,"MNG":0.45,"MNE":0.62,"MAR":26.88,"MOZ":7.04,"MMR":3.34,"NAM":3.76,"NRU":0.01,"NPL":0.84,"NZL":0,"NIC":4.89,"NER":12.13,"NGA":234.74,"NIU":0,"PRK":69.91,"MKD":0.27,"NOR":0,"OMN":20.11,"PAK":216,"PLW":0.12,"PAN":18.35,"PNG":2.15,"PRY":12.95,"PER":22.21,"PHL":115.4,"QAT":65.4,"RUS":59.089996,"RWA":2.76,"KNA":0.26,"LCA":0.65,"VCT":0.03,"WSM":0.06,"SMR":0,"STP":0.08,"SAU":1078.08,"SEN":18.7,"SRB":6.4,"SYC":0.34,"SLE":0.61,"SGP":90.77,"SLB":0.12,"SOM":15.45,"ZAF":183.04999,"KOR":1528.42,"SSD":1.45,"LKA":12.73,"SDN":42.07,"SUR":0.99,"CHE":-0.1,"SYR":56.93,"TJK":1.5,"TZA":1.15,"THA":589.1,"TGO":15.4,"TON":0,"TTO":20.8,"TUN":25.51,"TUR":26.95,"TKM":5.13,"TUV":0.01,"UGA":0,"UKR":16.11,"ARE":473.97,"USA":-7.7499905,"URY":16.43,"UZB":4.68,"VUT":0,"VAT":0,"VEN":26.59,"VNM":195.75,"YEM":92.29,"ZMB":2.75,"ZWE":9.49}