{"AFG":18.54,"ALB":2.99,"DZA":28.52,"AND":0,"AGO":10.45,"ATG":0,"ARG":305.28998,"ARM":0.94,"AUS":10.5199995,"AZE":0.3,"BHS":2.75,"BHR":44.21,"BGD":63.33,"BRB":1.85,"BLR":2.62,"BLZ":2.03,"BEN":15.96,"BTN":0.11,"BOL":2.06,"BIH":2.37,"BWA":8.58,"BRA":837.25,"BRN":3.45,"BFA":12.98,"BDI":2.09,"KHM":4.64,"CMR":38.08,"CAN":12.950001,"CPV":0.08,"CAF":9.57,"TCD":11.91,"CHL":66.2,"CHN":14680.061,"COL":148.52,"COM":0.07,"COG":7.66,"COK":0.01,"CRI":10.1,"CIV":47.06,"CUB":9.56,"COD":6.11,"DJI":0.51,"DMA":0.13,"DOM":44.41,"TLS":0.3,"ECU":18.13,"EGY":346.46,"SLV":6.42,"GNQ":0.01,"ERI":0.9,"SWZ":0.75,"ETH":4.18,"FJI":3.72,"GAB":19.8,"GMB":0.44,"GEO":2.1,"GHA":19.52,"GRD":0.22,"GTM":3.36,"GIN":2.54,"GNB":1.98,"GUY":1.33,"HTI":2.24,"HND":10.88,"ISL":0,"IND":806.49,"IDN":239.79,"IRN":229.28,"IRQ":91.52,"ISR":98.920006,"JAM":8.24,"JPN":-43.1,"JOR":23.59,"KAZ":6.82,"KEN":5.66,"KIR":0.02,"KWT":295.94,"KGZ":1.37,"LAO":0.59,"LBN":55.15,"LSO":0.7,"LBR":2.31,"LBY":117.68,"LIE":0,"MDG":10.73,"MWI":7.08,"MYS":235.78,"MDV":2.4,"MLI":9.08,"MHL":0,"MRT":15.8,"MUS":5.84,"MEX":414.32,"FSM":0,"MDA":0,"MCO":0,"MNG":0.59,"MNE":0.19,"MAR":32.64,"MOZ":5.03,"MMR":3.59,"NAM":2.68,"NRU":0,"NPL":0.64,"NZL":0.01,"NIC":4.22,"NER":11.85,"NGA":265.82,"NIU":0,"PRK":69.19,"MKD":0,"NOR":0,"OMN":17.43,"PAK":206.82,"PLW":0.1,"PAN":16.53,"PNG":2.09,"PRY":12.74,"PER":22.32,"PHL":112.29,"QAT":68.54,"RUS":283.01,"RWA":2.46,"KNA":0.21,"LCA":0.64,"VCT":0.03,"WSM":0.07,"SMR":0,"STP":0.08,"SAU":1060.21,"SEN":17.6,"SRB":6.66,"SYC":0.33,"SLE":0.57,"SGP":61.019997,"SLB":0.23,"SOM":15.4,"ZAF":155.16,"KOR":1499.18,"SSD":1.43,"LKA":9.04,"SDN":36.61,"SUR":1.15,"CHE":0.7,"SYR":98.41,"TJK":1.1,"TZA":1.15,"THA":404.59,"TGO":14.96,"TON":0.01,"TTO":12.22,"TUN":28.49,"TUR":18.33,"TKM":2.57,"TUV":0.01,"UGA":0,"UKR":13.3,"ARE":473.94,"USA":-532.22003,"URY":16.69,"UZB":0.87,"VUT":0.01,"VAT":0,"VEN":17.1,"VNM":197.38,"YEM":94.39,"ZMB":2.48,"ZWE":10.65}