{"AFG":18.04,"ALB":3.88,"DZA":30.13,"AND":0,"AGO":10.45,"ATG":0.02,"ARG":234.06,"ARM":2.35,"AUS":17.41,"AZE":0.18,"BHS":2.72,"BHR":40.65,"BGD":47.41,"BRB":1.37,"BLR":1.1,"BLZ":1.86,"BEN":15.54,"BTN":0.08,"BOL":3.11,"BIH":2,"BWA":7.78,"BRA":824.96,"BRN":3.37,"BFA":10.4,"BDI":2.04,"KHM":4.98,"CMR":38.06,"CAN":0.5499997,"CPV":0.06,"CAF":9.35,"TCD":10.38,"CHL":38.18,"CHN":14658.32,"COL":78.15,"COM":0.06,"COG":7.23,"COK":0,"CRI":8.82,"CIV":45.05,"CUB":9.75,"COD":6.11,"DJI":0.48,"DMA":0.16,"DOM":33.1,"TLS":0.18,"ECU":14.48,"EGY":287.45,"SLV":4.29,"GNQ":1.2,"ERI":0.81,"SWZ":0.47,"ETH":3.96,"FJI":4.14,"GAB":20.08,"GMB":0.22,"GEO":1.89,"GHA":17.84,"GRD":0.21,"GTM":4.04,"GIN":2.2,"GNB":1.54,"GUY":1.08,"HTI":2.32,"HND":8.89,"ISL":0,"IND":895.19,"IDN":235.56,"IRN":162.96,"IRQ":92.68,"ISR":-86.270004,"JAM":9.97,"JPN":-39.1,"JOR":25.74,"KAZ":7.15,"KEN":4.49,"KIR":0.01,"KWT":254.18,"KGZ":1.33,"LAO":0.86,"LBN":51.62,"LSO":0.63,"LBR":1.78,"LBY":76.75,"LIE":0,"MDG":10.4,"MWI":5.57,"MYS":248.34,"MDV":1.21,"MLI":9.08,"MHL":0,"MRT":15.05,"MUS":6.84,"MEX":321.17,"FSM":0,"MDA":0.31,"MCO":0,"MNG":0.69,"MNE":0.17,"MAR":23.24,"MOZ":4.02,"MMR":3.37,"NAM":1.71,"NRU":0,"NPL":0.83,"NZL":0,"NIC":0.99,"NER":11.53,"NGA":279.76,"NIU":0,"PRK":70.13,"MKD":0.26,"NOR":0,"OMN":19.17,"PAK":190.19,"PLW":0.07,"PAN":16.34,"PNG":1.87,"PRY":13.02,"PER":19.84,"PHL":105.91,"QAT":68.82,"RUS":288.18002,"RWA":2.1,"KNA":0.11,"LCA":0.62,"VCT":0.02,"WSM":0.01,"SMR":0,"STP":0.07,"SAU":953.15,"SEN":15.13,"SRB":6.61,"SYC":0.07,"SLE":0.57,"SGP":93.46,"SLB":0.2,"SOM":15.26,"ZAF":140.62,"KOR":1407.84,"SSD":1.4,"LKA":9.84,"SDN":36.63,"SUR":0.75,"CHE":0.2,"SYR":70.3,"TJK":0.68,"TZA":1.14,"THA":353.15,"TGO":14.19,"TON":0,"TTO":15.65,"TUN":25.91,"TUR":10.57,"TKM":5.77,"TUV":0,"UGA":0.08,"UKR":15.83,"ARE":475.1,"USA":-2310.5,"URY":9.04,"UZB":2.53,"VUT":0,"VAT":0,"VEN":1.88,"VNM":195.6,"YEM":95.56,"ZMB":2.2,"ZWE":10.07}