{"AFG":217.67816,"ALB":1388.5201,"DZA":45.775917,"ASM":2582.8018,"AND":899.67535,"AGO":967.9678,"AIA":1280.9163,"ATG":1374.1788,"ARG":999.1098,"ARM":811.2998,"AUS":381.20828,"AUT":1022.2998,"AZE":547.62427,"BHS":882.58673,"BHR":21.79718,"BGD":1861.5837,"BLR":639.97107,"BEL":759.1598,"BLZ":1451.7432,"BEN":859.8124,"BTN":2336.7214,"BOL":1708.9178,"BIH":1246.9669,"BWA":404.67224,"BRA":1672.0457,"BRN":2319.0574,"BGR":868.61163,"BFA":466.92,"BDI":2122.3337,"KHM":1997.9249,"CMR":1639.9436,"CAN":542.2245,"CPV":163.77715,"CYM":655.2792,"CAF":1367.6302,"TCD":203.81383,"CHL":1452.9164,"CHN":782.49615,"COL":2946.4204,"COM":1246.3353,"COG":1480.0146,"COK":1705.5854,"CRI":2764.7866,"CIV":1152.321,"HRV":998.7528,"CUB":914.8126,"CYP":447.036,"CZE":721.04395,"COD":1807.8413,"DNK":642.58264,"DJI":388.82376,"DOM":1347.3348,"TLS":1243.3699,"ECU":1947.3735,"EGY":11.032268,"SLV":1194.4708,"GNQ":2625.653,"ERI":443.94632,"EST":620.32544,"SWZ":739.01074,"ETH":1251.1277,"FLK":618.2585,"FRO":899.56116,"FJI":3008.393,"FIN":583.44257,"FRA":924.4848,"PYF":1821.5248,"GAB":1698.832,"GMB":788.4645,"GEO":1225.49,"DEU":776.32135,"GHA":991.1698,"GRC":963.8924,"GRL":413.2696,"GTM":1624.44,"GIN":1648.1863,"GNB":1314.4965,"GUY":1479.0273,"HTI":1102.9177,"HMD":1322.5803,"HND":1571.1786,"HKG":1307.4216,"HUN":671.97845,"ISL":1219.7521,"IND":1211.8192,"IDN":2193.1787,"IRN":169.26355,"IRQ":156.05392,"IRL":876.5296,"IMN":1025.5957,"ISR":200.75223,"ITA":838.1479,"JAM":1006.02527,"JPN":1310.7253,"JOR":53.165073,"KAZ":240.74095,"KEN":932.93945,"KIR":2749.9534,"KWT":62.719013,"KGZ":704.5439,"LAO":1972.3013,"LVA":691.6612,"LBN":621.0294,"LSO":972.7398,"LBR":2075.9949,"LBY":16.217106,"LTU":690.55,"LUX":779.2924,"MDG":1349.9502,"MWI":1485.8186,"MYS":2292.886,"MLI":176.47803,"MRT":41.42692,"MUS":1196.5715,"MEX":715.9657,"MDA":589.786,"MNG":311.49652,"MNE":1667.509,"MAR":276.2307,"MOZ":826.3049,"MMR":2366.7349,"NAM":338.57492,"NPL":1617.3119,"NLD":624.6128,"NCL":744.3871,"NZL":1309.8922,"NIC":1515.4143,"NER":29.050701,"NGA":820.7901,"PRK":979.24005,"MKD":818.0603,"NOR":973.0141,"OMN":38.9862,"PAK":277.45868,"PSE":284.86133,"PAN":3103.7195,"PNG":3041.8643,"PRY":2017.6837,"PER":1809.2827,"PHL":2639.8298,"POL":603.37665,"PRT":857.2666,"PRI":1468.7427,"QAT":23.774057,"ROU":845.4126,"RUS":528.03015,"RWA":1820.0784,"VCT":1665.5331,"WSM":3093.591,"STP":1197.3624,"SAU":56.552814,"SEN":488.93423,"SRB":902.28674,"SYC":1107.4398,"SLE":2377.0476,"SVK":726.92163,"SVN":1017.7578,"SLB":3658.9705,"SOM":452.76913,"ZAF":463.0108,"SGS":1333.0822,"KOR":1029.4379,"SSD":1267.4265,"ESP":689.93243,"LKA":1723.7092,"SDN":217.52242,"SUR":1257.582,"SWE":673.74445,"CHE":1288.2554,"SYR":182.95381,"TJK":515.0738,"TZA":1143.2944,"THA":1806.6617,"TGO":1107.5808,"TTO":1528.6168,"TUN":159.43195,"TUR":781.99677,"TKM":97.40004,"UGA":1867.4436,"UKR":564.1764,"ARE":25.571894,"GBR":846.30536,"USA":774.9463,"VIR":1437.007,"URY":1238.3527,"UZB":151.55087,"VUT":2236.7156,"VEN":1838.706,"VNM":2009.5912,"YEM":182.3515,"ZMB":1251.3771,"ZWE":629.19806}