{"AFG":196.80933,"ALB":1350.7261,"DZA":50.956352,"ASM":3576.4675,"AND":713.31024,"AGO":758.524,"AIA":1236.5475,"ATG":1336.5345,"ARG":776.3971,"ARM":845.63446,"AUS":402.50888,"AUT":1240.0359,"AZE":530.95294,"BHS":917.3308,"BHR":3.2920837,"BGD":2345.8247,"BLR":644.85443,"BEL":694.9189,"BLZ":1558.328,"BEN":883.9222,"BTN":2949.301,"BOL":1522.3116,"BIH":1231.1968,"BWA":383.40106,"BRA":1638.2639,"BRN":2739.8596,"BGR":824.42566,"BFA":479.9629,"BDI":1753.8865,"KHM":1986.6718,"CMR":1495.3911,"CAN":585.4637,"CPV":112.60407,"CYM":645.36285,"CAF":1148.7721,"TCD":167.43675,"CHL":1206.0087,"CHN":792.4686,"COL":3123.0388,"COM":2310.6228,"COG":1142.2905,"COK":1463.0833,"CRI":2881.472,"CIV":1296.2585,"HRV":989.26306,"CUB":823.57697,"CYP":393.72968,"CZE":1000.21893,"COD":1488.593,"DNK":626.28436,"DJI":194.17375,"DOM":1223.144,"TLS":1588.986,"ECU":5428.2095,"EGY":8.201723,"SLV":1011.98254,"GNQ":2327.94,"ERI":385.74084,"EST":537.7567,"SWZ":489.13306,"ETH":867.5487,"FLK":643.5798,"FRO":815.08276,"FJI":1645.3231,"FIN":378.1158,"FRA":934.4675,"PYF":1693.4781,"GAB":1427.0886,"GMB":466.53076,"GEO":1216.4274,"DEU":846.4984,"GHA":1061.9601,"GRC":814.5935,"GRL":436.39597,"GTM":1499.3273,"GIN":1552.5204,"GNB":874.7548,"GUY":1516.4363,"HTI":935.79706,"HMD":1232.4181,"HND":1458.9163,"HKG":1635.4297,"HUN":635.1063,"ISL":1165.8032,"IND":1078.4954,"IDN":2567.4863,"IRN":187.12878,"IRQ":132.41214,"IRL":821.2934,"IMN":854.06116,"ISR":261.80103,"ITA":926.7101,"JAM":905.63324,"JPN":1537.6204,"JOR":62.774754,"KAZ":255.83484,"KEN":733.44617,"KIR":2210.7869,"KWT":29.29246,"KGZ":624.3929,"LAO":1951.9824,"LVA":583.2339,"LBN":807.2958,"LSO":742.4863,"LBR":2410.2427,"LBY":14.228053,"LTU":592.6786,"LUX":734.49695,"MDG":1803.2744,"MWI":1208.4675,"MYS":2711.0596,"MLI":154.20625,"MRT":22.360916,"MUS":1200.5956,"MEX":833.8269,"MDA":808.6143,"MNG":229.19951,"MNE":1624.4933,"MAR":261.172,"MOZ":725.8492,"MMR":2637.6162,"NAM":259.57782,"NPL":1961.4408,"NLD":693.3491,"NCL":930.796,"NZL":1267.8125,"NIC":1640.2052,"NER":27.859137,"NGA":829.51874,"PRK":901.9371,"MKD":832.9864,"NOR":839.6971,"OMN":33.111984,"PAK":194.13846,"PSE":380.07632,"PAN":3081.147,"PNG":3306.161,"PRY":1747.1476,"PER":2904.8215,"PHL":2551.3318,"POL":772.014,"PRT":1032.1162,"PRI":1505.8372,"QAT":5.2199497,"ROU":881.3631,"RUS":525.5171,"RWA":1502.1406,"VCT":1725.708,"WSM":3479.4268,"STP":959.6539,"SAU":18.841433,"SEN":304.45963,"SRB":747.34216,"SYC":1372.5454,"SLE":2440.1577,"SVK":902.0536,"SVN":1248.3138,"SLB":3182.4456,"SOM":236.85715,"ZAF":414.33585,"SGS":1513.4098,"KOR":848.6665,"SSD":869.2473,"ESP":670.33405,"LKA":1561.0582,"SDN":170.80305,"SUR":988.48773,"SWE":541.5148,"CHE":1236.001,"SYR":214.89313,"TJK":469.5803,"TZA":1201.8344,"THA":1779.9447,"TGO":1217.414,"TTO":1583.7673,"TUN":160.99577,"TUR":725.5406,"TKM":87.19217,"UGA":1350.2183,"UKR":695.0458,"ARE":11.784547,"GBR":785.7896,"USA":763.27155,"VIR":1423.8606,"URY":1058.07,"UZB":133.73756,"VUT":1437.2875,"VEN":1741.6348,"VNM":2134.9365,"YEM":120.79504,"ZMB":996.5261,"ZWE":550.1545}