{"AFG":300.08908,"ALB":931.15094,"DZA":65.747,"ASM":2255.6248,"AND":847.24713,"AGO":900.0254,"AIA":1369.401,"ATG":1820.1857,"ARG":757.7333,"ARM":833.0805,"AUS":445.4508,"AUT":887.67737,"AZE":530.2302,"BHS":927.74915,"BHR":58.096886,"BGD":2161.6138,"BLR":457.4194,"BEL":660.463,"BLZ":2145.5757,"BEN":860.76807,"BTN":3240.277,"BOL":1335.3854,"BIH":1026.5283,"BWA":506.21176,"BRA":1477.8778,"BRN":2823.9412,"BGR":609.04535,"BFA":549.42633,"BDI":1380.8186,"KHM":1564.4869,"CMR":1673.2242,"CAN":600.33234,"CPV":235.83345,"CYM":945.65967,"CAF":1305.8237,"TCD":294.29187,"CHL":1299.5979,"CHN":786.11993,"COL":3555.5938,"COM":1079.6584,"COG":1424.1443,"COK":2676.4175,"CRI":4020.6104,"CIV":1062.453,"HRV":824.3339,"CUB":938.4809,"CYP":417.03857,"CZE":566.38336,"COD":1544.3176,"DNK":609.33,"DJI":226.38503,"DOM":1460.508,"TLS":1791.9392,"ECU":3553.535,"EGY":20.541119,"SLV":1598.2258,"GNQ":2879.319,"ERI":555.9188,"EST":553.77997,"SWZ":1061.3923,"ETH":880.2099,"FLK":616.5722,"FRO":1071.3123,"FJI":1539.4669,"FIN":587.3794,"FRA":928.3983,"PYF":1653.7753,"GAB":1809.2218,"GMB":957.8408,"GEO":1301.1227,"DEU":639.55225,"GHA":880.9882,"GRC":751.0353,"GRL":399.9909,"GTM":1985.825,"GIN":1637.5701,"GNB":1590.9995,"GUY":2332.7686,"HTI":1301.522,"HMD":1334.114,"HND":2009.5037,"HKG":1447.1938,"HUN":496.60648,"ISL":1305.6196,"IND":1201.0417,"IDN":3001.1526,"IRN":218.58038,"IRQ":199.26253,"IRL":956.56415,"IMN":909.86536,"ISR":208.82404,"ITA":777.7259,"JAM":1503.839,"JPN":1150.1625,"JOR":81.14741,"KAZ":253.95767,"KEN":440.3382,"KIR":761.24384,"KWT":109.87107,"KGZ":698.5396,"LAO":1851.9661,"LVA":526.27045,"LBN":546.09674,"LSO":1201.3589,"LBR":1797.9703,"LBY":37.43581,"LTU":524.16754,"LUX":625.2879,"MDG":1178.4937,"MWI":1075.1873,"MYS":2638.615,"MLI":248.19185,"MRT":59.658066,"MUS":1132.7722,"MEX":727.06067,"MDA":384.8154,"MNG":232.0915,"MNE":1133.8086,"MAR":357.5938,"MOZ":743.85046,"MMR":2322.84,"NAM":302.66656,"NPL":2265.933,"NLD":660.9346,"NCL":1179.1589,"NZL":1514.247,"NIC":2231.2942,"NER":102.93412,"NGA":919.47266,"PRK":640.4803,"MKD":678.9337,"NOR":1030.7013,"OMN":83.02353,"PAK":402.30252,"PSE":309.2448,"PAN":4121.1367,"PNG":4118.6016,"PRY":1021.2452,"PER":2778.9138,"PHL":2437.328,"POL":518.5231,"PRT":904.4744,"PRI":1608.2902,"QAT":52.77755,"ROU":579.2685,"RUS":527.6607,"RWA":1076.7626,"VCT":1833.6324,"WSM":2704.4446,"STP":1368.1774,"SAU":79.04743,"SEN":653.8503,"SRB":706.89465,"SYC":1284.5353,"SLE":2108.5852,"SVK":557.7331,"SVN":842.3758,"SLB":3150.3076,"SOM":193.6052,"ZAF":591.92865,"SGS":1663.4562,"KOR":475.62784,"SSD":999.7133,"ESP":657.985,"LKA":1790.896,"SDN":262.2662,"SUR":2048.5479,"SWE":597.8736,"CHE":1108.7317,"SYR":201.15695,"TJK":577.6683,"TZA":769.0228,"THA":1575.7456,"TGO":1065.7974,"TTO":2071.1028,"TUN":203.61592,"TUR":649.9255,"TKM":93.28927,"UGA":1125.5413,"UKR":393.58786,"ARE":104.1756,"GBR":849.9302,"USA":757.21747,"VIR":1646.1249,"URY":1119.269,"UZB":150.90631,"VUT":1462.7223,"VEN":2663.448,"VNM":1968.7706,"YEM":177.77138,"ZMB":1035.4855,"ZWE":747.54486}