{"AFG":345.60892,"ALB":904.35675,"DZA":103.32411,"ASM":1870.6227,"AND":953.0392,"AGO":1026.0813,"AIA":835.7687,"ATG":878.6755,"ARG":765.96906,"ARM":663.8461,"AUS":390.7707,"AUT":915.02936,"AZE":575.5642,"BHS":904.15704,"BHR":36.384583,"BGD":1671.3441,"BLR":654.8109,"BEL":722.8137,"BLZ":1640.0446,"BEN":970.8671,"BTN":3109.023,"BOL":1352.8502,"BIH":937.13446,"BWA":500.12097,"BRA":1897.1858,"BRN":2380.4312,"BGR":639.20044,"BFA":662.94055,"BDI":1408.198,"KHM":1861.8262,"CMR":1246.8353,"CAN":586.4963,"CPV":304.39764,"CYM":828.4397,"CAF":1214.112,"TCD":293.33826,"CHL":1448.051,"CHN":848.56396,"COL":3299.1445,"COM":1084.5203,"COG":1356.0745,"COK":1591.2495,"CRI":3622.3687,"CIV":952.72675,"HRV":844.9307,"CUB":1033.6924,"CYP":375.15057,"CZE":560.133,"COD":1490.5042,"DNK":581.6051,"DJI":705.09155,"DOM":1199.7537,"TLS":1847.8268,"ECU":2735.1724,"EGY":37.302025,"SLV":1430.9292,"GNQ":2413.872,"ERI":913.31195,"EST":699.7248,"SWZ":1087.8557,"ETH":997.08417,"FLK":635.47784,"FRO":1211.3619,"FJI":2363.7761,"FIN":711.28015,"FRA":1005.5185,"PYF":1780.7003,"GAB":1673.2781,"GMB":1122.493,"GEO":998.775,"DEU":643.2812,"GHA":909.9591,"GRC":623.03864,"GRL":353.96008,"GTM":1757.5331,"GIN":1846.2672,"GNB":1797.1547,"GUY":2664.65,"HTI":1127.4897,"HMD":1195.3983,"HND":1697.8285,"HKG":611.6387,"HUN":443.17493,"ISL":1382.3845,"IND":1384.946,"IDN":2494.9204,"IRN":263.37704,"IRQ":199.73677,"IRL":941.7641,"IMN":903.1935,"ISR":206.1763,"ITA":815.15967,"JAM":1214.8301,"JPN":1147.3763,"JOR":83.48285,"KAZ":208.38515,"KEN":379.02753,"KIR":662.6158,"KWT":147.61671,"KGZ":667.8011,"LAO":1801.0902,"LVA":662.95715,"LBN":509.75955,"LSO":1121.1028,"LBR":1775.9244,"LBY":45.731396,"LTU":687.2991,"LUX":663.2656,"MDG":1325.6523,"MWI":1004.4663,"MYS":2270.7637,"MLI":340.23676,"MRT":91.94793,"MUS":1391.3232,"MEX":732.6739,"MDA":379.61664,"MNG":289.8023,"MNE":1204.2964,"MAR":303.79306,"MOZ":819.1812,"MMR":2320.7583,"NAM":248.10156,"NPL":2211.639,"NLD":679.93805,"NCL":1342.2831,"NZL":1465.3998,"NIC":1898.1848,"NER":140.2078,"NGA":807.95184,"PRK":983.658,"MKD":574.2712,"NOR":1200.3982,"OMN":42.497215,"PAK":271.0507,"PSE":305.5201,"PAN":3552.6067,"PNG":4745.191,"PRY":666.5852,"PER":2132.5881,"PHL":2366.2356,"POL":518.73474,"PRT":699.11566,"PRI":1264.9912,"QAT":69.978035,"ROU":563.2379,"RUS":525.42145,"RWA":1010.5079,"VCT":1222.7755,"WSM":2311.229,"STP":1215.9548,"SAU":94.19831,"SEN":722.90656,"SRB":580.36914,"SYC":1102.9446,"SLE":2548.2058,"SVK":581.31287,"SVN":1028.1001,"SLB":4097.724,"SOM":122.554756,"ZAF":599.8463,"SGS":1476.2694,"KOR":892.25073,"SSD":1448.0676,"ESP":556.326,"LKA":1600.1191,"SDN":639.85315,"SUR":2590.2163,"SWE":646.1425,"CHE":1086.8678,"SYR":226.73315,"TJK":678.173,"TZA":625.6806,"THA":1722.482,"TGO":1157.4135,"TTO":1675.2697,"TUN":350.56473,"TUR":521.44305,"TKM":133.27533,"UGA":1102.9103,"UKR":454.11182,"ARE":127.97862,"GBR":871.0696,"USA":706.80524,"VIR":1008.04803,"URY":851.37866,"UZB":197.18176,"VUT":2676.608,"VEN":2438.4841,"VNM":1868.9841,"YEM":444.7043,"ZMB":965.86896,"ZWE":826.0895}