{"AFG":324.4435,"ALB":1224.7152,"DZA":51.77805,"ASM":2246.8262,"AND":867.1007,"AGO":962.7074,"AIA":902.3819,"ATG":1056.7322,"ARG":898.2748,"ARM":804.45233,"AUS":437.25378,"AUT":1162.7639,"AZE":584.54425,"BHS":693.9162,"BHR":62.826157,"BGD":1712.8971,"BLR":564.4072,"BEL":777.00793,"BLZ":1357.5729,"BEN":1198.1492,"BTN":2845.7031,"BOL":1528.0156,"BIH":1306.7272,"BWA":511.95218,"BRA":1811.5557,"BRN":2706.363,"BGR":631.2879,"BFA":924.0168,"BDI":1640.4105,"KHM":1746.2382,"CMR":1571.8704,"CAN":601.07947,"CPV":298.46692,"CYM":1337.1973,"CAF":1368.5327,"TCD":414.17914,"CHL":1345.5475,"CHN":761.03394,"COL":3179.9272,"COM":1004.5732,"COG":1389.8711,"COK":1376.853,"CRI":4209.417,"CIV":1326.725,"HRV":1085.1527,"CUB":916.52686,"CYP":452.3967,"CZE":718.236,"COD":1549.8406,"DNK":648.99994,"DJI":241.56691,"DOM":1080.5901,"TLS":1860.9471,"ECU":2646.9568,"EGY":17.186054,"SLV":1275.7798,"GNQ":2182.2944,"ERI":535.70197,"EST":654.3232,"SWZ":952.2773,"ETH":923.3056,"FLK":781.41284,"FRO":1104.2861,"FJI":2400.697,"FIN":680.4016,"FRA":932.9553,"PYF":1764.7192,"GAB":1638.9362,"GMB":1057.9758,"GEO":1178.2079,"DEU":784.10254,"GHA":1176.5535,"GRC":821.473,"GRL":417.43155,"GTM":1574.0917,"GIN":1988.6265,"GNB":1541.37,"GUY":1864.7963,"HTI":1041.4508,"HMD":1200.429,"HND":1619.98,"HKG":1708.3052,"HUN":718.7584,"ISL":1273.1147,"IND":1304.0571,"IDN":2602.1646,"IRN":205.99292,"IRQ":149.92503,"IRL":949.07184,"IMN":981.2098,"ISR":245.4609,"ITA":941.21185,"JAM":1244.8126,"JPN":1312.3037,"JOR":94.95686,"KAZ":179.97133,"KEN":491.7545,"KIR":907.0196,"KWT":77.525375,"KGZ":622.71674,"LAO":1813.3375,"LVA":599.9939,"LBN":544.6301,"LSO":1186.8121,"LBR":2236.4475,"LBY":18.890285,"LTU":578.53076,"LUX":729.6735,"MDG":1034.6561,"MWI":1307.0612,"MYS":2309.696,"MLI":397.14154,"MRT":147.94487,"MUS":1433.9384,"MEX":778.99115,"MDA":348.6485,"MNG":269.46375,"MNE":1791.7798,"MAR":183.691,"MOZ":856.8926,"MMR":2477.2869,"NAM":333.66913,"NPL":1912.7556,"NLD":770.5335,"NCL":756.2286,"NZL":1335.0542,"NIC":1715.4266,"NER":201.95633,"NGA":1226.3253,"PRK":888.3246,"MKD":764.76385,"NOR":1111.9067,"OMN":53.43158,"PAK":456.0705,"PSE":366.5869,"PAN":3886.286,"PNG":4013.074,"PRY":1120.5964,"PER":1994.7412,"PHL":2922.2202,"POL":696.41895,"PRT":439.6373,"PRI":1198.3116,"QAT":94.30599,"ROU":675.8775,"RUS":514.46436,"RWA":1122.8787,"VCT":1612.4,"WSM":2569.3264,"STP":852.0565,"SAU":73.56111,"SEN":812.6242,"SRB":852.4035,"SYC":966.31335,"SLE":2728.9587,"SVK":836.1061,"SVN":1187.521,"SLB":5099.195,"SOM":216.84987,"ZAF":676.02216,"SGS":1339.1172,"KOR":1130.119,"SSD":969.42926,"ESP":479.894,"LKA":1848.6521,"SDN":341.94806,"SUR":1630.284,"SWE":751.7173,"CHE":1446.9427,"SYR":189.84413,"TJK":508.90738,"TZA":796.8023,"THA":1667.7919,"TGO":1369.6469,"TTO":1910,"TUN":155.86127,"TUR":583.83057,"TKM":127.53623,"UGA":1126.8467,"UKR":477.72574,"ARE":89.44172,"GBR":913.4969,"USA":805.1401,"VIR":1122.5806,"URY":1340.1877,"UZB":161.59093,"VUT":2863.6616,"VEN":2168.0154,"VNM":2038.7916,"YEM":121.55223,"ZMB":1110.3801,"ZWE":840.0633}