{"AFG":270.47113,"ALB":1025.8207,"DZA":40.778362,"ASM":2193.1218,"AND":774.51324,"AGO":1069.5765,"AIA":1018.77783,"ATG":1094.0942,"ARG":696.94666,"ARM":768.5973,"AUS":412.5097,"AUT":960.59045,"AZE":627.165,"BHS":914.79065,"BHR":23.5672,"BGD":1933.7056,"BLR":678.8496,"BEL":661.8953,"BLZ":1622.7096,"BEN":958.5841,"BTN":3152.164,"BOL":1645.0626,"BIH":962.93726,"BWA":435.79172,"BRA":1864.7277,"BRN":3385.9214,"BGR":499.18475,"BFA":651.49567,"BDI":1615.0885,"KHM":1826.8864,"CMR":1651.9636,"CAN":624.6257,"CPV":108.68926,"CYM":899.61816,"CAF":1380.845,"TCD":329.37134,"CHL":1529.4719,"CHN":742.5153,"COL":3235.7185,"COM":1354.9307,"COG":1584.2688,"COK":1630.5361,"CRI":3658.6392,"CIV":1010.7457,"HRV":812.1673,"CUB":901.0542,"CYP":386.07147,"CZE":672.3084,"COD":1644.4397,"DNK":796.72064,"DJI":210.51016,"DOM":1184.9253,"TLS":2127.079,"ECU":2747.1238,"EGY":14.052603,"SLV":1865.4417,"GNQ":2594.6653,"ERI":377.46564,"EST":756.9747,"SWZ":972.0676,"ETH":929.13165,"FLK":662.803,"FRO":968.1116,"FJI":2190.602,"FIN":625.015,"FRA":839.0891,"PYF":1042.4778,"GAB":1929.5491,"GMB":804.8283,"GEO":1078.0663,"DEU":693.3664,"GHA":961.7308,"GRC":774.1017,"GRL":471.56345,"GTM":1834.1256,"GIN":1577.1895,"GNB":1425.8223,"GUY":1789.113,"HTI":1102.8423,"HMD":1183.6938,"HND":1850.6531,"HKG":1600.1661,"HUN":542.2699,"ISL":1251.952,"IND":1121.1417,"IDN":3173.4167,"IRN":215.82695,"IRQ":147.7347,"IRL":1037.713,"IMN":921.14636,"ISR":205.1837,"ITA":738.3383,"JAM":1208.88,"JPN":1955.8823,"JOR":61.940247,"KAZ":251.52971,"KEN":507.19067,"KIR":897.8729,"KWT":56.338493,"KGZ":723.48376,"LAO":1720.8641,"LVA":794.4545,"LBN":545.37415,"LSO":1024.9247,"LBR":1738.0857,"LBY":24.908476,"LTU":762.26733,"LUX":625.86475,"MDG":1198.3237,"MWI":1448.303,"MYS":3159.7886,"MLI":325.67297,"MRT":81.867615,"MUS":1073.5518,"MEX":680.1212,"MDA":406.07706,"MNG":262.16547,"MNE":1280.5514,"MAR":185.66238,"MOZ":1014.9738,"MMR":2404.0012,"NAM":322.6669,"NPL":2091.471,"NLD":656.0981,"NCL":1759.8186,"NZL":1744.063,"NIC":2071.2808,"NER":137.84239,"NGA":1016.8371,"PRK":1094.6343,"MKD":627.5934,"NOR":1026.2773,"OMN":19.31832,"PAK":216.6807,"PSE":343.36942,"PAN":3612.1746,"PNG":3709.8936,"PRY":1536.0985,"PER":2006.61,"PHL":2644.041,"POL":687.04596,"PRT":624.72174,"PRI":1205.2993,"QAT":32.817642,"ROU":535.13873,"RUS":514.5003,"RWA":1177.9321,"VCT":1346.6053,"WSM":2343.4824,"STP":1076.88,"SAU":41.663807,"SEN":620.20233,"SRB":586.0415,"SYC":1241.2128,"SLE":2194.9807,"SVK":730.63745,"SVN":894.0892,"SLB":3246.216,"SOM":213.8315,"ZAF":534.60425,"SGS":1597.0436,"KOR":1236.1051,"SSD":1062.5664,"ESP":458.98862,"LKA":1514.7166,"SDN":236.62303,"SUR":1751.9531,"SWE":764.2021,"CHE":1222.9001,"SYR":172.005,"TJK":663.32874,"TZA":1017.1717,"THA":1739.8696,"TGO":1094.1722,"TTO":1654.1858,"TUN":110.10053,"TUR":551.8689,"TKM":132.81671,"UGA":1216.9868,"UKR":515.5921,"ARE":25.076859,"GBR":860.70496,"USA":884.7132,"VIR":1283.0477,"URY":791.7163,"UZB":196.67313,"VUT":2484.9324,"VEN":2082.7202,"VNM":1940.6208,"YEM":145.42961,"ZMB":1132.3915,"ZWE":741.8665}