{"AFG":187.51682,"ALB":1119.7378,"DZA":48.285313,"ASM":2220.7756,"AND":857.9197,"AGO":836.7836,"AIA":834.4784,"ATG":903.58545,"ARG":897.5387,"ARM":829.6841,"AUS":319.2895,"AUT":888.8787,"AZE":583.2352,"BHS":855.44025,"BHR":23.68164,"BGD":2010.9259,"BLR":545.3027,"BEL":774.7676,"BLZ":1554.9095,"BEN":803.5326,"BTN":2864.1782,"BOL":1604.9929,"BIH":869.26294,"BWA":380.75345,"BRA":1675.0775,"BRN":2812.69,"BGR":600.78534,"BFA":522.31226,"BDI":1779.6115,"KHM":1562.2761,"CMR":1725.9355,"CAN":607.06714,"CPV":71.1985,"CYM":738.1897,"CAF":1379.3019,"TCD":394.59525,"CHL":1557.1554,"CHN":1010.5879,"COL":3463.064,"COM":1317.7988,"COG":1436.0201,"COK":1697.1816,"CRI":3232.5166,"CIV":1065.5392,"HRV":785.38745,"CUB":914.3827,"CYP":327.59363,"CZE":650.3051,"COD":1661.6252,"DNK":784.5921,"DJI":315.00204,"DOM":1054.8401,"TLS":1331.9167,"ECU":2842.1133,"EGY":8.876524,"SLV":1125.3395,"GNQ":2550.7974,"ERI":532.9869,"EST":643.87054,"SWZ":965.5883,"ETH":953.9377,"FLK":786.5579,"FRO":1022.84485,"FJI":2394.296,"FIN":563.3129,"FRA":966.8253,"PYF":1371.0054,"GAB":1717.5321,"GMB":706.6463,"GEO":1180.9468,"DEU":748.2408,"GHA":856.075,"GRC":809.7215,"GRL":510.4497,"GTM":1582.3124,"GIN":1657.2048,"GNB":1470.3506,"GUY":2195.4446,"HTI":819.96533,"HMD":1287.1018,"HND":1474.8481,"HKG":869.04065,"HUN":379.62476,"ISL":1384.4093,"IND":1127.7599,"IDN":2549.1035,"IRN":187.07932,"IRQ":168.35252,"IRL":1012.3122,"IMN":847.3492,"ISR":189.72862,"ITA":917.3748,"JAM":1137.6501,"JPN":1348.2844,"JOR":55.8978,"KAZ":282.32376,"KEN":488.4763,"KIR":557.909,"KWT":111.81392,"KGZ":560.91345,"LAO":1280.9397,"LVA":635.35815,"LBN":543.0825,"LSO":1049.6559,"LBR":1928.2572,"LBY":14.540618,"LTU":631.9893,"LUX":666.80255,"MDG":1417.8816,"MWI":1422.9741,"MYS":2663.4543,"MLI":221.35089,"MRT":37.044365,"MUS":1237.6366,"MEX":686.86194,"MDA":405.06543,"MNG":421.17737,"MNE":1263.2258,"MAR":191.70793,"MOZ":1034.6572,"MMR":2336.4795,"NAM":211.58621,"NPL":2063.123,"NLD":754.1824,"NCL":1384.8008,"NZL":1402.7661,"NIC":1802.5135,"NER":95.35286,"NGA":979.5524,"PRK":1038.4548,"MKD":590.24054,"NOR":1027.4528,"OMN":15.617585,"PAK":161.56833,"PSE":273.8476,"PAN":3524.0142,"PNG":3876.2195,"PRY":2276.4666,"PER":2229.5315,"PHL":2830.6917,"POL":591.6755,"PRT":738.8459,"PRI":1096.9224,"QAT":10.971015,"ROU":584.27783,"RUS":538.22144,"RWA":1451.5918,"VCT":1274.7822,"WSM":2475.3855,"STP":1115.5881,"SAU":40.821457,"SEN":473.45615,"SRB":543.93414,"SYC":1213.8276,"SLE":2324.6975,"SVK":533.1338,"SVN":892.9392,"SLB":4055.0146,"SOM":196.98697,"ZAF":511.77032,"SGS":1663.8798,"KOR":737.95233,"SSD":1220.6598,"ESP":655.6314,"LKA":1700.3998,"SDN":366.6001,"SUR":1805.2732,"SWE":722.1534,"CHE":1276.9404,"SYR":201.56558,"TJK":437.4094,"TZA":847.21893,"THA":1364.0422,"TGO":989.8853,"TTO":1913.8568,"TUN":130.98624,"TUR":632.65356,"TKM":93.820145,"UGA":1480.203,"UKR":423.96146,"ARE":13.8068,"GBR":876.348,"USA":828.6931,"VIR":957.8037,"URY":1054.7714,"UZB":125.442665,"VUT":2560.1123,"VEN":2289.3962,"VNM":1580.6658,"YEM":184.80307,"ZMB":1225.0406,"ZWE":1090.2126}