{"AFG":271.73877,"ALB":1278.2927,"DZA":87.52794,"ASM":2615.7952,"AND":913.88513,"AGO":985.5653,"AIA":876.2188,"ATG":918.5457,"ARG":827.30695,"ARM":731.04736,"AUS":399.74203,"AUT":932.21234,"AZE":474.1474,"BHS":1384.5577,"BHR":77.6062,"BGD":2022.6991,"BLR":731.4319,"BEL":561.9145,"BLZ":1428.0844,"BEN":1248.561,"BTN":2807.8408,"BOL":1910.6156,"BIH":995.31586,"BWA":486.84036,"BRA":1950.0026,"BRN":3237.3687,"BGR":680.18304,"BFA":928.478,"BDI":1798.9424,"KHM":1503.459,"CMR":1704.4152,"CAN":611.2379,"CPV":116.61691,"CYM":763.874,"CAF":1393.0355,"TCD":514.6164,"CHL":1527.7521,"CHN":866.6688,"COL":3431.0693,"COM":1233.552,"COG":1542.1827,"COK":2331.9873,"CRI":3174.8364,"CIV":1127.2942,"HRV":849.1698,"CUB":1032.3055,"CYP":425.0736,"CZE":640.73553,"COD":1714.5231,"DNK":502.28525,"DJI":570.4315,"DOM":992.4014,"TLS":1202.3873,"ECU":2820.1646,"EGY":13.9281435,"SLV":1533.9045,"GNQ":2827.9333,"ERI":686.58325,"EST":549.20667,"SWZ":860.0787,"ETH":1400.8353,"FLK":694.4586,"FRO":975.2373,"FJI":2085.5466,"FIN":557.731,"FRA":890.33124,"PYF":1514.064,"GAB":1902.6218,"GMB":994.34406,"GEO":974.12744,"DEU":647.11127,"GHA":1057.8381,"GRC":829.3037,"GRL":400.57324,"GTM":1858.1542,"GIN":1663.8406,"GNB":1660.5563,"GUY":1664.71,"HTI":923.494,"HMD":1289.8798,"HND":1572.4657,"HKG":1406.3495,"HUN":494.76294,"ISL":1314.15,"IND":1183.1433,"IDN":2940.2725,"IRN":266.43033,"IRQ":183.55453,"IRL":923.7149,"IMN":760.8204,"ISR":179.09476,"ITA":947.00287,"JAM":987.0993,"JPN":1498.0376,"JOR":56.99226,"KAZ":247.06883,"KEN":1109.1385,"KIR":720.8796,"KWT":106.08774,"KGZ":545.35974,"LAO":1494.0413,"LVA":557.2433,"LBN":561.86505,"LSO":1012.08405,"LBR":1995.528,"LBY":24.943192,"LTU":605.1384,"LUX":563.11426,"MDG":1424.5415,"MWI":1400.8102,"MYS":3087.4705,"MLI":458.9865,"MRT":140.89214,"MUS":1101.8433,"MEX":814.1986,"MDA":489.5291,"MNG":311.66925,"MNE":1478.3282,"MAR":332.97635,"MOZ":978.84607,"MMR":2090.4956,"NAM":223.17007,"NPL":1953.2615,"NLD":528.4814,"NCL":1338.5176,"NZL":1263.2344,"NIC":1516.5474,"NER":343.89435,"NGA":1318.8528,"PRK":1379.3206,"MKD":788.3935,"NOR":886.436,"OMN":74.77738,"PAK":287.94537,"PSE":270.71216,"PAN":3470.322,"PNG":3719.9421,"PRY":2080.7698,"PER":2335.8875,"PHL":2720.1233,"POL":646.10254,"PRT":910.1044,"PRI":1109.3594,"QAT":80.19141,"ROU":688.0048,"RUS":519.00244,"RWA":1563.3434,"VCT":1295.6858,"WSM":2635.9622,"STP":1237.5126,"SAU":104.43543,"SEN":727.59534,"SRB":678.25934,"SYC":1846.0258,"SLE":2482.739,"SVK":608.5415,"SVN":1016.58685,"SLB":3528.6484,"SOM":530.0521,"ZAF":541.7356,"SGS":1583.2899,"KOR":1106.7269,"SSD":1218.3704,"ESP":696.3454,"LKA":1652.6511,"SDN":351.26556,"SUR":1401.2755,"SWE":564.87036,"CHE":1254.4204,"SYR":200.648,"TJK":343.1104,"TZA":1151.6475,"THA":1441.5696,"TGO":1295.3884,"TTO":1385.4489,"TUN":148.4062,"TUR":647.5523,"TKM":107.826096,"UGA":1822.4401,"UKR":630.504,"ARE":62.509827,"GBR":744.7922,"USA":789.4302,"VIR":936.6398,"URY":875.6862,"UZB":125.590416,"VUT":2461.3496,"VEN":2016.0132,"VNM":1722.0735,"YEM":356.2766,"ZMB":1275.5237,"ZWE":909.1972}