{"AFG":350.473,"ALB":924.2466,"DZA":56.281937,"ASM":2426.796,"AND":861.742,"AGO":1328.6415,"AIA":1223.5793,"ATG":1377.1534,"ARG":903.0926,"ARM":795.5186,"AUS":396.7485,"AUT":1069.7836,"AZE":601.3372,"BHS":1018.3161,"BHR":111.35101,"BGD":2454.2869,"BLR":678.033,"BEL":806.1125,"BLZ":1977.3629,"BEN":1043.8901,"BTN":2863.4849,"BOL":1032.0796,"BIH":1070.5984,"BWA":578.71436,"BRA":1512.2551,"BRN":2640.8264,"BGR":544.64343,"BFA":649.29443,"BDI":2000.1239,"KHM":1526.9288,"CMR":1891.13,"CAN":629.417,"CPV":88.991936,"CYM":1250.1907,"CAF":1598.0209,"TCD":342.09564,"CHL":1714.4873,"CHN":879.4831,"COL":3329.5288,"COM":1308.8878,"COG":1981.7341,"COK":1855.3925,"CRI":4186.656,"CIV":1107.0786,"HRV":971.1973,"CUB":1235.5997,"CYP":425.10785,"CZE":670.5235,"COD":2074.4924,"DNK":658.9965,"DJI":590.07935,"DOM":1459.3962,"TLS":1114.0244,"ECU":2697.0725,"EGY":12.20304,"SLV":1750.856,"GNQ":3121.863,"ERI":726.16016,"EST":723.30493,"SWZ":1068.0264,"ETH":1268.2744,"FLK":681.6216,"FRO":1034.6677,"FJI":2771.9966,"FIN":654.9032,"FRA":1058.647,"PYF":1270.3303,"GAB":2300.7317,"GMB":1064.3257,"GEO":1204.4028,"DEU":784.6188,"GHA":999.7628,"GRC":606.7326,"GRL":392.33926,"GTM":2206.598,"GIN":1735.866,"GNB":1645.865,"GUY":2266.3057,"HTI":1202.0483,"HMD":1253.9368,"HND":1848.0142,"HKG":1374.9348,"HUN":541.97546,"ISL":1314.0027,"IND":1283.3071,"IDN":2228.733,"IRN":288.8557,"IRQ":194.77554,"IRL":1119.639,"IMN":1038.0116,"ISR":273.65283,"ITA":945.48663,"JAM":1259.7413,"JPN":1498.0308,"JOR":68.4409,"KAZ":265.77673,"KEN":842.4615,"KIR":935.72424,"KWT":125.3356,"KGZ":594.10767,"LAO":1674.5404,"LVA":736.42084,"LBN":745.0551,"LSO":1061.6361,"LBR":1951.8358,"LBY":18.527094,"LTU":701.15314,"LUX":861.77423,"MDG":1517.7983,"MWI":1488.9866,"MYS":2372.7058,"MLI":298.6552,"MRT":64.02093,"MUS":1682.4547,"MEX":817.59875,"MDA":499.04126,"MNG":278.33783,"MNE":1267.5267,"MAR":206.1541,"MOZ":1162.2731,"MMR":2409.7522,"NAM":309.94504,"NPL":2084.114,"NLD":736.9232,"NCL":1593.3457,"NZL":1486.4988,"NIC":2142.397,"NER":125.535095,"NGA":1113.8315,"PRK":1108.0157,"MKD":603.263,"NOR":1222.4305,"OMN":96.885155,"PAK":469.2523,"PSE":418.63995,"PAN":3924.4138,"PNG":3807.2979,"PRY":1869.461,"PER":1722.47,"PHL":2567.07,"POL":692.25104,"PRT":856.3379,"PRI":1383.2023,"QAT":158.34503,"ROU":590.16156,"RUS":557.9467,"RWA":1513.0846,"VCT":1865.4785,"WSM":2837.3647,"STP":1566.0858,"SAU":85.05221,"SEN":699.75507,"SRB":656.2246,"SYC":2214.2268,"SLE":2247.975,"SVK":707.38824,"SVN":1291.0254,"SLB":4162.621,"SOM":377.3781,"ZAF":579.5604,"SGS":1681.5476,"KOR":1486.686,"SSD":1380.5414,"ESP":653.24115,"LKA":1882.5846,"SDN":298.5941,"SUR":2025.5829,"SWE":706.5656,"CHE":1457.9197,"SYR":217.71526,"TJK":593.7631,"TZA":1087.2196,"THA":1600.2894,"TGO":1171.0299,"TTO":2097.4546,"TUN":197.00586,"TUR":670.20355,"TKM":151.0928,"UGA":1838.4222,"UKR":533.7361,"ARE":123.16701,"GBR":1037.991,"USA":814.7992,"VIR":1368.4635,"URY":1117.6549,"UZB":190.90749,"VUT":3033.6387,"VEN":2431.9531,"VNM":1747.9602,"YEM":302.14172,"ZMB":1435.7068,"ZWE":1273.1909}