{"AFG":405.3034,"ALB":1171.164,"DZA":71.78974,"ASM":1878.7852,"AND":806.76746,"AGO":1178.0437,"AIA":892.59717,"ATG":853.0846,"ARG":816.95667,"ARM":677.1456,"AUS":539.1222,"AUT":1072.688,"AZE":543.0063,"BHS":830.6968,"BHR":80.786705,"BGD":3033.1138,"BLR":664.8615,"BEL":606.35144,"BLZ":1447.8209,"BEN":871.625,"BTN":3368.1016,"BOL":1430.982,"BIH":1003.86237,"BWA":246.38307,"BRA":1667.2842,"BRN":2840.2769,"BGR":636.6076,"BFA":570.276,"BDI":1795.1912,"KHM":1754.0592,"CMR":1455.8568,"CAN":662.2696,"CPV":317.749,"CYM":837.2545,"CAF":1084.2026,"TCD":160.41714,"CHL":1697.681,"CHN":902.9182,"COL":3239.3464,"COM":1361.947,"COG":1299.0995,"COK":1457.0637,"CRI":3783.3096,"CIV":1228.1346,"HRV":737.5668,"CUB":913.78534,"CYP":489.75745,"CZE":698.87964,"COD":1528.907,"DNK":710.7008,"DJI":805.4844,"DOM":988.8232,"TLS":2355.6174,"ECU":2875.8115,"EGY":17.333796,"SLV":1637.8422,"GNQ":2554.0542,"ERI":751.2529,"EST":714.00995,"SWZ":956.22284,"ETH":1454.5038,"FLK":752.3322,"FRO":1200.0388,"FJI":3073.7324,"FIN":689.4286,"FRA":928.775,"PYF":1191.903,"GAB":1811.6329,"GMB":930.6813,"GEO":931.5036,"DEU":713.4884,"GHA":1032.4109,"GRC":672.99054,"GRL":372.83762,"GTM":1672.648,"GIN":1736.4958,"GNB":1481.4797,"GUY":2202.647,"HTI":964.048,"HMD":867.4078,"HND":1627.9008,"HKG":1225.1141,"HUN":538.68713,"ISL":1313.7983,"IND":1404.6298,"IDN":2608.5044,"IRN":341.0728,"IRQ":303.9343,"IRL":1012.7214,"IMN":1004.0207,"ISR":315.33447,"ITA":813.35016,"JAM":1223.3407,"JPN":1594.7903,"JOR":119.76842,"KAZ":278.40735,"KEN":848.96814,"KIR":845.53625,"KWT":208.00906,"KGZ":819.3481,"LAO":1699.1952,"LVA":733.89764,"LBN":759.44885,"LSO":599.32635,"LBR":2175.214,"LBY":22.1707,"LTU":741.39813,"LUX":596.4364,"MDG":1430.2107,"MWI":1236.1106,"MYS":1763.6835,"MLI":234.4332,"MRT":66.429596,"MUS":1526.1849,"MEX":751.5911,"MDA":516.5916,"MNG":253.55826,"MNE":1520.1044,"MAR":331.1484,"MOZ":921.444,"MMR":2696.8682,"NAM":174.9132,"NPL":2482.9644,"NLD":638.49176,"NCL":1202.412,"NZL":1642.1425,"NIC":1823.5668,"NER":54.631153,"NGA":726.0262,"PRK":1286.3328,"MKD":744.3307,"NOR":1236.0789,"OMN":75.93825,"PAK":419.8619,"PSE":502.14603,"PAN":3537.532,"PNG":4005.9263,"PRY":1809.0381,"PER":2001.4712,"PHL":3366.6162,"POL":735.5694,"PRT":573.86145,"PRI":906.5215,"QAT":106.46822,"ROU":650.1641,"RUS":548.58936,"RWA":1448.2123,"VCT":1319.9673,"WSM":2048.889,"STP":1109.0913,"SAU":111.34481,"SEN":587.3071,"SRB":769.6015,"SYC":1786.5775,"SLE":2507.0557,"SVK":762.01227,"SVN":910.8723,"SLB":3593.7454,"SOM":358.07825,"ZAF":358.71948,"SGS":1376.5457,"KOR":1065.453,"SSD":1569.1825,"ESP":551.0889,"LKA":1127.3921,"SDN":349.26706,"SUR":2037.2051,"SWE":742.62897,"CHE":1175.4734,"SYR":300.95752,"TJK":656.2401,"TZA":992.8608,"THA":1318.02,"TGO":1202.2039,"TTO":1866.9795,"TUN":231.72621,"TUR":550.6705,"TKM":198.18008,"UGA":1768.2748,"UKR":546.6763,"ARE":61.621952,"GBR":899.27563,"USA":826.4085,"VIR":956.90155,"URY":869.82916,"UZB":258.82156,"VUT":2466.1833,"VEN":2175.9678,"VNM":1882.103,"YEM":436.58444,"ZMB":1130.7438,"ZWE":886.30707}