{"AFG":347.0461,"ALB":1073.2523,"DZA":59.042416,"ASM":1723.4554,"AND":826.71545,"AGO":1292.2087,"AIA":858.2649,"ATG":961.0977,"ARG":698.47473,"ARM":851.98157,"AUS":559.7328,"AUT":1030.4167,"AZE":572.73364,"BHS":846.22363,"BHR":29.816628,"BGD":2654.306,"BLR":643.8829,"BEL":882.3326,"BLZ":1548.7761,"BEN":1120.3506,"BTN":3458.4817,"BOL":1918.0142,"BIH":1000.0773,"BWA":577.9095,"BRA":1715.5696,"BRN":2806.832,"BGR":479.1004,"BFA":753.7832,"BDI":2075.2437,"KHM":1351.6438,"CMR":1396.1383,"CAN":657.92755,"CPV":334.76804,"CYM":1000.8326,"CAF":1305.1615,"TCD":505.86465,"CHL":1568.3184,"CHN":917.4374,"COL":3478.8572,"COM":1399.3428,"COG":1423.1018,"COK":1687.9272,"CRI":4036.6028,"CIV":1195.1499,"HRV":887.25226,"CUB":916.13385,"CYP":375.74112,"CZE":630.3956,"COD":1714.7092,"DNK":876.243,"DJI":1130.9753,"DOM":1169.5299,"TLS":2104.5564,"ECU":2498.6833,"EGY":12.954895,"SLV":2035.085,"GNQ":2469.2898,"ERI":1009.4212,"EST":694.52875,"SWZ":1040.9974,"ETH":1591.2279,"FLK":707.9109,"FRO":1075.1833,"FJI":2328.9646,"FIN":606.4379,"FRA":1007.44666,"PYF":1319.0984,"GAB":1814.4504,"GMB":945.8885,"GEO":1237.1647,"DEU":790.8431,"GHA":1083.5654,"GRC":681.5285,"GRL":356.75455,"GTM":1938.8209,"GIN":1822.9247,"GNB":1778.5067,"GUY":1930.5703,"HTI":1048.1315,"HMD":941.3681,"HND":1817.5654,"HKG":1919.0006,"HUN":489.10867,"ISL":1402.1974,"IND":1393.8569,"IDN":2942.999,"IRN":272.88358,"IRQ":185.28137,"IRL":1107.8752,"IMN":1092.0468,"ISR":191.83023,"ITA":800.64136,"JAM":1169.1161,"JPN":1520.3948,"JOR":71.37175,"KAZ":250.29276,"KEN":1018.85474,"KIR":508.0757,"KWT":89.40685,"KGZ":706.36176,"LAO":1737.5348,"LVA":767.51263,"LBN":608.5017,"LSO":1245.6459,"LBR":2086.1882,"LBY":20.391365,"LTU":820.2386,"LUX":891.2494,"MDG":1592.1245,"MWI":1566.7192,"MYS":2492.7107,"MLI":328.82935,"MRT":86.782684,"MUS":1054.0963,"MEX":666.5435,"MDA":363.36002,"MNG":338.33124,"MNE":1440.9661,"MAR":245.89134,"MOZ":1001.5246,"MMR":2506.2476,"NAM":635.3555,"NPL":2851.9163,"NLD":874.42883,"NCL":1892.5536,"NZL":1322.8972,"NIC":1941.9664,"NER":198.04648,"NGA":1060.7072,"PRK":941.467,"MKD":599.3588,"NOR":1044.142,"OMN":31.030453,"PAK":412.69095,"PSE":294.47736,"PAN":4081.7188,"PNG":4011.806,"PRY":1852.617,"PER":2242.9556,"PHL":2200.8892,"POL":614.3595,"PRT":678.71704,"PRI":1092.3256,"QAT":25.83656,"ROU":520.3465,"RUS":567.3454,"RWA":1695.1442,"VCT":1564.2767,"WSM":1822.3075,"STP":1428.6757,"SAU":105.03665,"SEN":685.1279,"SRB":507.93207,"SYC":1402.2322,"SLE":2569.652,"SVK":609.41705,"SVN":1133.9596,"SLB":3553.8916,"SOM":465.0607,"ZAF":597.78345,"SGS":1449.0354,"KOR":1105.4475,"SSD":1776.893,"ESP":511.2041,"LKA":860.86523,"SDN":683.85693,"SUR":1780.7771,"SWE":774.14984,"CHE":1389.02,"SYR":196.31767,"TJK":575.7429,"TZA":1141.3954,"THA":1468.3604,"TGO":1240.5715,"TTO":1871.5824,"TUN":190.3202,"TUR":645.503,"TKM":141.2438,"UGA":2009.3916,"UKR":477.49173,"ARE":42.120087,"GBR":983.9705,"USA":817.8607,"VIR":1086.0996,"URY":865.2392,"UZB":175.13734,"VUT":3180.6973,"VEN":2306.315,"VNM":1710.336,"YEM":480.98038,"ZMB":1213.6583,"ZWE":712.2951}