{"AFG":457.9805,"ALB":1148.8429,"DZA":98.74313,"ASM":2165.9976,"AND":1083.312,"AGO":1398.972,"AIA":944.49615,"ATG":989.72797,"ARG":948.2464,"ARM":1005.95935,"AUS":320.7251,"AUT":1015.8701,"AZE":694.48413,"BHS":834.4458,"BHR":44.139862,"BGD":2649.8,"BLR":550.2649,"BEL":820.9557,"BLZ":1478.8174,"BEN":1383.3705,"BTN":3763.7168,"BOL":1594.7847,"BIH":1084.5784,"BWA":548.61847,"BRA":1563.5022,"BRN":2358.5505,"BGR":673.90594,"BFA":856.2205,"BDI":2450.356,"KHM":1174.3639,"CMR":1932.7848,"CAN":639.35144,"CPV":231.09532,"CYM":792.3555,"CAF":1572.2859,"TCD":298.4651,"CHL":1591.2969,"CHN":973.69653,"COL":3438.2776,"COM":1151.4102,"COG":1817.4294,"COK":1974.4625,"CRI":3394.371,"CIV":1218.8021,"HRV":1023.2817,"CUB":814.4965,"CYP":418.46027,"CZE":602.76514,"COD":2003.5687,"DNK":800.082,"DJI":717.0383,"DOM":1215.2219,"TLS":1203.5352,"ECU":2881.6987,"EGY":11.185593,"SLV":1404.6863,"GNQ":3109.4062,"ERI":590.228,"EST":542.31647,"SWZ":713.62146,"ETH":1557.9381,"FLK":712.2911,"FRO":1084.8833,"FJI":2535.129,"FIN":626.73096,"FRA":1147.6145,"PYF":1233.4017,"GAB":2191.588,"GMB":1155.8912,"GEO":1404.7626,"DEU":758.1261,"GHA":1186.7861,"GRC":782.91034,"GRL":334.59045,"GTM":1705.5481,"GIN":2130.8518,"GNB":1824.6377,"GUY":2075.8867,"HTI":1021.81555,"HMD":897.77374,"HND":1537.0642,"HKG":1568.6356,"HUN":521.1396,"ISL":1323.0763,"IND":1228.7037,"IDN":2415.1855,"IRN":353.50354,"IRQ":155.58932,"IRL":1086.5972,"IMN":1148.9973,"ISR":255.85416,"ITA":1177.9386,"JAM":1067.966,"JPN":1514.8362,"JOR":76.21397,"KAZ":243.69487,"KEN":1294.1818,"KIR":2024.0736,"KWT":72.95419,"KGZ":901.8063,"LAO":1890.2391,"LVA":559.186,"LBN":674.0922,"LSO":955.41656,"LBR":2227.981,"LBY":22.233126,"LTU":562.153,"LUX":895.7352,"MDG":1286.888,"MWI":1085.9447,"MYS":2097.075,"MLI":410.068,"MRT":196.3685,"MUS":1333.7761,"MEX":715.40216,"MDA":380.56714,"MNG":295.8491,"MNE":1331.0498,"MAR":311.1135,"MOZ":630.06165,"MMR":2457.4255,"NAM":606.55865,"NPL":2259.2058,"NLD":804.5768,"NCL":1605.7079,"NZL":1362.1012,"NIC":1641.9194,"NER":130.81155,"NGA":1220.305,"PRK":921.137,"MKD":735.38354,"NOR":1056.5828,"OMN":99.08707,"PAK":376.65082,"PSE":382.62762,"PAN":3481.8823,"PNG":3649.3213,"PRY":1731.212,"PER":2254.0337,"PHL":2207.82,"POL":549.99097,"PRT":888.67694,"PRI":1116.3756,"QAT":48.286827,"ROU":642.37427,"RUS":540.0601,"RWA":2122.786,"VCT":1542.4852,"WSM":2716.3606,"STP":1509.1033,"SAU":60.12322,"SEN":900.94604,"SRB":670.0067,"SYC":2107.2307,"SLE":3003.6826,"SVK":642.1674,"SVN":1238.4735,"SLB":4158.953,"SOM":748.81635,"ZAF":491.0733,"SGS":1471.3633,"KOR":865.29205,"SSD":1436.2725,"ESP":755.4516,"LKA":1463.6865,"SDN":260.5455,"SUR":1822.565,"SWE":683.6757,"CHE":1590.8676,"SYR":226.96045,"TJK":743.51917,"TZA":1420.7445,"THA":1352.5194,"TGO":1534.4016,"TTO":1974.5319,"TUN":167.48508,"TUR":778.8534,"TKM":171.84578,"UGA":2324.8655,"UKR":458.72,"ARE":70.45043,"GBR":1019.74133,"USA":851.09686,"VIR":1147.4562,"URY":1336.5537,"UZB":222.46931,"VUT":2610.4656,"VEN":2223.0964,"VNM":1773.7682,"YEM":367.39157,"ZMB":1006.0116,"ZWE":438.96915}