{"AFG":382.8329,"ALB":1323.9454,"DZA":60.11654,"ASM":3165.9106,"AND":899.1509,"AGO":1268.017,"AIA":692.297,"ATG":747.03314,"ARG":763.1985,"ARM":760.0491,"AUS":351.49896,"AUT":1138.6049,"AZE":585.0896,"BHS":865.4428,"BHR":36.169052,"BGD":2421.692,"BLR":728.8417,"BEL":883.2967,"BLZ":1738.3145,"BEN":1007.8182,"BTN":3327.8745,"BOL":1735.1482,"BIH":1272.1945,"BWA":476.55188,"BRA":1806.8433,"BRN":2314.3726,"BGR":714.0604,"BFA":699.2012,"BDI":2135.9531,"KHM":1649.3135,"CMR":2039.0835,"CAN":673.0706,"CPV":316.49094,"CYM":959.5327,"CAF":1746.7421,"TCD":392.02383,"CHL":1281.4471,"CHN":973.06866,"COL":3146.7507,"COM":1232.5665,"COG":2007.6587,"COK":1713.7566,"CRI":3296.9155,"CIV":1335.2158,"HRV":1084.0569,"CUB":953.4799,"CYP":416.0732,"CZE":725.3886,"COD":2199.293,"DNK":699.3296,"DJI":769.84143,"DOM":1017.7738,"TLS":1495.2762,"ECU":2567.9702,"EGY":8.12874,"SLV":1577.4764,"GNQ":2904.6997,"ERI":767.64197,"EST":787.13763,"SWZ":968.6343,"ETH":1578.6825,"FLK":627.72815,"FRO":962.4817,"FJI":2291.3616,"FIN":698.0153,"FRA":1058.9141,"PYF":1603.8162,"GAB":2232.3162,"GMB":895.093,"GEO":1115.6643,"DEU":830.3705,"GHA":1077.997,"GRC":769.0263,"GRL":423.60574,"GTM":1947.1907,"GIN":1938.9286,"GNB":1753.0103,"GUY":1578.5741,"HTI":873.267,"HMD":999.10834,"HND":1808.1854,"HKG":1375.9641,"HUN":659.8911,"ISL":1207.7266,"IND":1263.4879,"IDN":2828.3596,"IRN":289.2868,"IRQ":168.36795,"IRL":863.6209,"IMN":910.55676,"ISR":192.52486,"ITA":848.2325,"JAM":1057.6677,"JPN":1643.4379,"JOR":63.84799,"KAZ":269.1414,"KEN":1031.226,"KIR":863.71515,"KWT":148.83914,"KGZ":806.7785,"LAO":2091.9612,"LVA":785.39594,"LBN":611.8162,"LSO":1003.1385,"LBR":2617.9836,"LBY":16.192879,"LTU":757.7981,"LUX":938.288,"MDG":1735.778,"MWI":1441.5203,"MYS":2427.9585,"MLI":324.68732,"MRT":103.45628,"MUS":1368.9537,"MEX":723.7576,"MDA":511.02188,"MNG":311.8759,"MNE":1911.2197,"MAR":225.11916,"MOZ":973.5889,"MMR":2454.5159,"NAM":332.36823,"NPL":2550.5562,"NLD":778.3982,"NCL":1013.59753,"NZL":1451.1666,"NIC":1878.4884,"NER":176.12582,"NGA":1140.1282,"PRK":1042.6572,"MKD":655.44415,"NOR":975.211,"OMN":30.44815,"PAK":403.58017,"PSE":299.8901,"PAN":3180.8096,"PNG":3934.8318,"PRY":1355.8063,"PER":2160.7856,"PHL":2451.1326,"POL":733.0856,"PRT":807.55945,"PRI":1004.97076,"QAT":47.979767,"ROU":678.2305,"RUS":544.8977,"RWA":1842.0983,"VCT":1085.4702,"WSM":3137.22,"STP":1258.8,"SAU":84.9174,"SEN":689.7094,"SRB":704.94183,"SYC":1476.8156,"SLE":3102.9177,"SVK":820.04193,"SVN":1270.2153,"SLB":3919.7952,"SOM":454.704,"ZAF":560.5574,"SGS":1418.3771,"KOR":1056.749,"SSD":1647.682,"ESP":591.6941,"LKA":917.4582,"SDN":376.43698,"SUR":1364.204,"SWE":709.1248,"CHE":1578.3708,"SYR":208.5864,"TJK":683.96466,"TZA":1118.2351,"THA":1837.5297,"TGO":1163.0211,"TTO":1257.8887,"TUN":160.38751,"TUR":656.7908,"TKM":193.28923,"UGA":2139.4272,"UKR":662.37604,"ARE":55.249107,"GBR":891.5283,"USA":737.8211,"VIR":788.78973,"URY":1038.9797,"UZB":259.71576,"VUT":2387.6963,"VEN":1807.4628,"VNM":1941.4188,"YEM":289.74652,"ZMB":1220.0654,"ZWE":854.11816}