{"AFG":569.5969,"ALB":964.6987,"DZA":86.76343,"ASM":2469.2974,"AND":776.14496,"AGO":1202.4268,"AIA":661.1824,"ATG":711.6594,"ARG":942.14435,"ARM":966.8322,"AUS":420.2125,"AUT":916.5819,"AZE":647.77765,"BHS":895.13934,"BHR":104.587555,"BGD":2941.413,"BLR":538.9295,"BEL":606.73206,"BLZ":1566.6315,"BEN":937.10785,"BTN":2870.389,"BOL":1739.1978,"BIH":931.5557,"BWA":577.7669,"BRA":1788.4772,"BRN":2370.1868,"BGR":615.60846,"BFA":608.09247,"BDI":2675.0042,"KHM":1767.233,"CMR":1855.2053,"CAN":662.1296,"CPV":323.095,"CYM":1089.2697,"CAF":1666.4575,"TCD":420.56583,"CHL":1598.8068,"CHN":899.6604,"COL":3094.4258,"COM":2232.1355,"COG":1782.3948,"COK":1626.2607,"CRI":3404.348,"CIV":1184.5217,"HRV":818.7964,"CUB":929.3626,"CYP":420.325,"CZE":541.86505,"COD":2277.8877,"DNK":679.6848,"DJI":876.84436,"DOM":1048.1556,"TLS":1185.4669,"ECU":2871.915,"EGY":14.177917,"SLV":1646.2743,"GNQ":2801.5002,"ERI":900.94653,"EST":557.8095,"SWZ":743.433,"ETH":1604.6818,"FLK":733.92365,"FRO":1124.2997,"FJI":2255.734,"FIN":654.67725,"FRA":859.73755,"PYF":1569.7986,"GAB":1951.199,"GMB":904.0582,"GEO":1474.9012,"DEU":640.35815,"GHA":977.33185,"GRC":787.11847,"GRL":412.98682,"GTM":1899.8097,"GIN":1919.3091,"GNB":1669.4517,"GUY":1887.6985,"HTI":848.62946,"HMD":1103.1304,"HND":1705.1777,"HKG":1332.876,"HUN":525.497,"ISL":1801.2318,"IND":1432.6392,"IDN":2578.161,"IRN":476.38123,"IRQ":239.22247,"IRL":866.46124,"IMN":873.1518,"ISR":365.01468,"ITA":939.2859,"JAM":1143.2616,"JPN":1859.33,"JOR":120.81343,"KAZ":336.24896,"KEN":1366.5256,"KIR":1589.5061,"KWT":129.10016,"KGZ":862.4937,"LAO":1857.1871,"LVA":581.5369,"LBN":966.8389,"LSO":1013.34424,"LBR":2126.6387,"LBY":30.800367,"LTU":569.7372,"LUX":578.70013,"MDG":1716.0037,"MWI":1935.5535,"MYS":2393.4717,"MLI":300.60416,"MRT":82.20213,"MUS":1569.1426,"MEX":649.17456,"MDA":452.24487,"MNG":304.63068,"MNE":1050.952,"MAR":326.9621,"MOZ":1214.7065,"MMR":2283.732,"NAM":381.41934,"NPL":2445.6196,"NLD":637.5882,"NCL":776.319,"NZL":1570.9248,"NIC":1729.2974,"NER":176.5684,"NGA":1089.8226,"PRK":1121.2478,"MKD":673.26965,"NOR":1231.141,"OMN":67.03805,"PAK":680.71643,"PSE":572.1926,"PAN":3443.85,"PNG":3770.7725,"PRY":1779.833,"PER":2215.0684,"PHL":2084.0537,"POL":532.22375,"PRT":590.2191,"PRI":950.7444,"QAT":130.0811,"ROU":635.37286,"RUS":525.8652,"RWA":2506.1094,"VCT":1105.1445,"WSM":2719.2744,"STP":1131.3739,"SAU":90.98117,"SEN":645.56824,"SRB":655.7684,"SYC":1886.3732,"SLE":2735.5144,"SVK":568.7561,"SVN":1045.0347,"SLB":3793.5745,"SOM":662.80304,"ZAF":442.7272,"SGS":1484.1737,"KOR":1119.5519,"SSD":1632.8354,"ESP":510.05716,"LKA":1154.5416,"SDN":425.97525,"SUR":1917.3552,"SWE":748.0801,"CHE":1189.1411,"SYR":279.08087,"TJK":822.3468,"TZA":1697.8257,"THA":2195.7544,"TGO":1065.5768,"TTO":1561.8533,"TUN":242.38948,"TUR":779.30817,"TKM":258.72653,"UGA":2646.199,"UKR":489.01663,"ARE":85.95516,"GBR":853.0672,"USA":766.7278,"VIR":708.5056,"URY":1111.5958,"UZB":323.70346,"VUT":2037.6627,"VEN":1884.2572,"VNM":1947.1951,"YEM":444.48032,"ZMB":1612.1958,"ZWE":1016.69244}