{"AFG":496.13858,"ALB":1214.1189,"DZA":69.50869,"ASM":2108.5786,"AND":919.44507,"AGO":701.72394,"AIA":894.515,"ATG":849.37573,"ARG":871.9115,"ARM":800.6375,"AUS":369.07306,"AUT":1283.0447,"AZE":485.0545,"BHS":997.5475,"BHR":33.931732,"BGD":2209.6345,"BLR":677.68555,"BEL":781.7693,"BLZ":1865.0859,"BEN":973.252,"BTN":3535.611,"BOL":1616.5709,"BIH":1219.787,"BWA":140.15224,"BRA":1632.1628,"BRN":3211.4841,"BGR":840.1523,"BFA":704.87305,"BDI":1659.3398,"KHM":1354.397,"CMR":1681.2516,"CAN":674.8034,"CPV":214.89116,"CYM":1034.9807,"CAF":1480.4896,"TCD":383.32047,"CHL":1628.953,"CHN":977.3188,"COL":3206.404,"COM":1308.1764,"COG":1574.0485,"COK":2285.697,"CRI":3581.2942,"CIV":1175.6898,"HRV":980.6829,"CUB":1069.8259,"CYP":551.4255,"CZE":782.4846,"COD":1704.363,"DNK":859.8966,"DJI":450.50967,"DOM":1232.7662,"TLS":1826.241,"ECU":2492.5923,"EGY":9.621945,"SLV":1762.7086,"GNQ":2714.9583,"ERI":512.69916,"EST":744.7187,"SWZ":605.9538,"ETH":1111.561,"FLK":771.6351,"FRO":1099.9072,"FJI":2896.0505,"FIN":776.91077,"FRA":1078.9777,"PYF":1158.3197,"GAB":1886.9307,"GMB":1110.328,"GEO":1091.9362,"DEU":885.7753,"GHA":987.362,"GRC":934.2764,"GRL":466.49026,"GTM":2134.1577,"GIN":2034.2637,"GNB":1940.3036,"GUY":2153.7698,"HTI":1203.3119,"HMD":1135.3884,"HND":1891.0675,"HKG":1245.5981,"HUN":629.8037,"ISL":1343.9003,"IND":1249.8162,"IDN":3442.401,"IRN":382.41718,"IRQ":274.1165,"IRL":1230.4442,"IMN":1151.4025,"ISR":248.97853,"ITA":982.8973,"JAM":1163.1736,"JPN":1707.987,"JOR":71.144196,"KAZ":303.40213,"KEN":810.01917,"KIR":399.9815,"KWT":181.2821,"KGZ":897.5887,"LAO":1367.0593,"LVA":733.60925,"LBN":866.5491,"LSO":563.8997,"LBR":2061.1846,"LBY":20.71338,"LTU":792.46265,"LUX":793.2808,"MDG":1441.7167,"MWI":977.5442,"MYS":3105.459,"MLI":354.52295,"MRT":130.3566,"MUS":1161.9404,"MEX":730.81476,"MDA":464.82578,"MNG":318.95673,"MNE":1529.81,"MAR":321.2702,"MOZ":721.53503,"MMR":2116.0862,"NAM":78.68741,"NPL":2444.361,"NLD":893.4346,"NCL":1329.2343,"NZL":1487.1754,"NIC":1868.6329,"NER":207.36969,"NGA":1030.8225,"PRK":1323.8099,"MKD":828.1616,"NOR":1063.3586,"OMN":21.149595,"PAK":378.32,"PSE":357.23337,"PAN":3572.3347,"PNG":3677.2927,"PRY":1606.4661,"PER":2129.9248,"PHL":2622.3396,"POL":675.9113,"PRT":625.06744,"PRI":1172.1255,"QAT":41.014416,"ROU":771.3187,"RUS":524.29193,"RWA":1629.1102,"VCT":1287.2695,"WSM":2466.346,"STP":1333.7335,"SAU":53.1956,"SEN":756.6838,"SRB":872.6025,"SYC":1468.3722,"SLE":2930.5288,"SVK":725.4659,"SVN":1177.0175,"SLB":3130.8733,"SOM":324.01984,"ZAF":297.3659,"SGS":1372.8416,"KOR":1391.8644,"SSD":1269.418,"ESP":521.7635,"LKA":1932.4971,"SDN":283.01376,"SUR":2167.5093,"SWE":795.82135,"CHE":1571.8549,"SYR":282.94507,"TJK":769.4519,"TZA":1001.723,"THA":1320.0247,"TGO":1154.7646,"TTO":1987.3401,"TUN":171.90213,"TUR":779.69586,"TKM":212.74168,"UGA":1698.3562,"UKR":505.5338,"ARE":26.247568,"GBR":1085.2264,"USA":708.87976,"VIR":965.09937,"URY":1098.3451,"UZB":278.89752,"VUT":2337.8599,"VEN":2113.953,"VNM":1630.7051,"YEM":302.6586,"ZMB":670.45703,"ZWE":444.47556}