{"AFG":389.91342,"ALB":1564.9553,"DZA":72.11965,"ASM":2222.224,"AND":920.372,"AGO":985.8309,"AIA":831.77563,"ATG":858.119,"ARG":804.0788,"ARM":915.6367,"AUS":507.2265,"AUT":1167.471,"AZE":596.71356,"BHS":803.13837,"BHR":89.08844,"BGD":2079.7263,"BLR":627.45734,"BEL":672.8284,"BLZ":1476.8798,"BEN":1196.7773,"BTN":3281.655,"BOL":1622.6244,"BIH":1434.7786,"BWA":646.8121,"BRA":1657.1237,"BRN":3458.1494,"BGR":870.3775,"BFA":681.2379,"BDI":2034.9615,"KHM":1692.8558,"CMR":1787.5406,"CAN":642.2906,"CPV":296.3836,"CYM":846.80365,"CAF":1645.2542,"TCD":322.46323,"CHL":1369.6063,"CHN":867.51654,"COL":3361.4272,"COM":1522.9528,"COG":1529.2338,"COK":2242.9255,"CRI":4165.114,"CIV":1194.8085,"HRV":1215.4231,"CUB":798.30505,"CYP":354.30823,"CZE":740.54486,"COD":1943.3014,"DNK":573.6288,"DJI":397.57703,"DOM":1185.1528,"TLS":1996.6805,"ECU":2546.1772,"EGY":5.5162783,"SLV":1719.7537,"GNQ":2595.7578,"ERI":427.1579,"EST":606.1329,"SWZ":923.10754,"ETH":1092.3322,"FLK":566.92523,"FRO":839.29694,"FJI":2886.896,"FIN":623.3774,"FRA":1023.3704,"PYF":935.80255,"GAB":1662.2882,"GMB":1200.5809,"GEO":1244.7267,"DEU":777.39703,"GHA":1118.9222,"GRC":941.9378,"GRL":434.127,"GTM":1796.9381,"GIN":1892.1125,"GNB":1865.1155,"GUY":2218.3926,"HTI":1107.9213,"HMD":1013.84546,"HND":1513.3164,"HKG":1154.2849,"HUN":673.97296,"ISL":1218.7058,"IND":1296.4553,"IDN":3451.1262,"IRN":252.02118,"IRQ":128.76309,"IRL":827.85364,"IMN":803.606,"ISR":195.08408,"ITA":960.1335,"JAM":1134.9801,"JPN":1742.718,"JOR":39.328915,"KAZ":254.75786,"KEN":718.2021,"KIR":424.36792,"KWT":54.123363,"KGZ":813.1819,"LAO":1680.82,"LVA":654.3456,"LBN":550.8992,"LSO":911.4459,"LBR":2081.3992,"LBY":13.087691,"LTU":624.1017,"LUX":658.1791,"MDG":1380.0763,"MWI":1707.5947,"MYS":3085.386,"MLI":295.76172,"MRT":85.21688,"MUS":1079.7301,"MEX":777.83405,"MDA":665.1334,"MNG":339.36148,"MNE":1963.6951,"MAR":370.336,"MOZ":1066.8969,"MMR":2272.938,"NAM":370.05994,"NPL":2185.0945,"NLD":636.61145,"NCL":1400.4329,"NZL":1659.2615,"NIC":1757.5833,"NER":82.10672,"NGA":1133.816,"PRK":1151.7534,"MKD":923.0237,"NOR":921.82556,"OMN":33.311127,"PAK":448.4033,"PSE":269.84543,"PAN":4242.0786,"PNG":3343.4429,"PRY":1571.7295,"PER":2071.723,"PHL":2652.859,"POL":701.1324,"PRT":953.3901,"PRI":1117.0251,"QAT":85.17099,"ROU":915.5941,"RUS":554.39404,"RWA":1773.0138,"VCT":1271.0543,"WSM":2485.2283,"STP":1317.2302,"SAU":57.909718,"SEN":848.97144,"SRB":947.826,"SYC":1306.9574,"SLE":2753.4556,"SVK":791.48926,"SVN":1327.738,"SLB":3339.8193,"SOM":216.31924,"ZAF":527.8006,"SGS":1353.4614,"KOR":1032.8467,"SSD":1405.7809,"ESP":677.5595,"LKA":1957.0553,"SDN":247.61555,"SUR":2164.9922,"SWE":620.7371,"CHE":1417.7421,"SYR":174.42697,"TJK":689.8981,"TZA":1212.1859,"THA":1606.5734,"TGO":1367.3037,"TTO":1741.746,"TUN":197.82993,"TUR":614.5716,"TKM":166.88849,"UGA":1812.316,"UKR":664.30865,"ARE":86.91845,"GBR":733.27356,"USA":756.1557,"VIR":938.78076,"URY":1022.4361,"UZB":216.9778,"VUT":2489.872,"VEN":2215.4045,"VNM":1896.5729,"YEM":215.87488,"ZMB":1444.9204,"ZWE":1077.8352}