{"AFG":397.5075,"ALB":1424.9598,"DZA":64.84704,"ASM":2043.9376,"AND":881.691,"AGO":1005.05096,"AIA":648.9668,"ATG":713.8891,"ARG":854.0224,"ARM":815.039,"AUS":565.43066,"AUT":1122.93,"AZE":613.1388,"BHS":603.706,"BHR":19.516945,"BGD":2384.1008,"BLR":721.198,"BEL":772.5521,"BLZ":1709.0964,"BEN":1045.9742,"BTN":3226.5173,"BOL":1724.3212,"BIH":1076.8958,"BWA":319.3308,"BRA":1827.758,"BRN":3610.9504,"BGR":844.90265,"BFA":861.6245,"BDI":2101.2595,"KHM":1891.7722,"CMR":1854.4789,"CAN":635.41797,"CPV":395.97287,"CYM":541.3647,"CAF":1549.1953,"TCD":413.91138,"CHL":1410.8423,"CHN":833.83606,"COL":3553.331,"COM":1496.6617,"COG":1444.2887,"COK":1928.5564,"CRI":4023.0034,"CIV":1277.9706,"HRV":887.2667,"CUB":703.3324,"CYP":320.33298,"CZE":747.0718,"COD":1939.5121,"DNK":626.3865,"DJI":377.97162,"DOM":1060.082,"TLS":1800.5363,"ECU":3115.8408,"EGY":10.115518,"SLV":1417.04,"GNQ":2731.4602,"ERI":517.3939,"EST":697.38464,"SWZ":998.983,"ETH":1076.3269,"FLK":672.1473,"FRO":968.05457,"FJI":2952.876,"FIN":526.74646,"FRA":1049.5818,"PYF":1060.5046,"GAB":1722.5724,"GMB":947.94336,"GEO":1298.8734,"DEU":854.1851,"GHA":1051.723,"GRC":871.7357,"GRL":469.1565,"GTM":1920.788,"GIN":1946.1082,"GNB":1787.6464,"GUY":2344.7358,"HTI":921.0697,"HMD":1045.9375,"HND":1602.7307,"HKG":1070.4852,"HUN":529.4288,"ISL":1551.9918,"IND":1362.3805,"IDN":3209.5889,"IRN":259.4156,"IRQ":172.42802,"IRL":929.2396,"IMN":836.59174,"ISR":210.6629,"ITA":897.275,"JAM":977.9111,"JPN":1812.1934,"JOR":66.77333,"KAZ":305.90366,"KEN":744.3085,"KIR":507.21072,"KWT":115.56981,"KGZ":761.69226,"LAO":1835.6816,"LVA":761.2685,"LBN":623.3832,"LSO":1230.3237,"LBR":2156.3362,"LBY":24.7504,"LTU":744.2198,"LUX":815.36383,"MDG":1287.4697,"MWI":1555.5217,"MYS":3167.0552,"MLI":373.32547,"MRT":120.88176,"MUS":1337.8976,"MEX":610.24786,"MDA":501.49658,"MNG":275.3316,"MNE":1381.9733,"MAR":370.89417,"MOZ":1035.202,"MMR":2364.8027,"NAM":148.49469,"NPL":2245.6045,"NLD":726.2912,"NCL":1603.8687,"NZL":1738.955,"NIC":1836.0494,"NER":262.25354,"NGA":1191.4153,"PRK":1292.334,"MKD":791.35846,"NOR":981.6424,"OMN":24.63404,"PAK":597.37305,"PSE":338.11902,"PAN":4184.907,"PNG":3619.9175,"PRY":1542.501,"PER":2304.5564,"PHL":3230.4187,"POL":739.8965,"PRT":855.99066,"PRI":975.4055,"QAT":22.462196,"ROU":739.9877,"RUS":556.4251,"RWA":1773.6732,"VCT":1277.1091,"WSM":2318.2153,"STP":890.2168,"SAU":48.371048,"SEN":710.495,"SRB":795.95416,"SYC":976.26324,"SLE":2649.1853,"SVK":605.5621,"SVN":1033.3307,"SLB":3257.1216,"SOM":231.37292,"ZAF":522.4526,"SGS":1435.246,"KOR":1784.554,"SSD":1327.1683,"ESP":632.24817,"LKA":1514.2959,"SDN":271.24707,"SUR":2291.7493,"SWE":618.6084,"CHE":1453.7324,"SYR":216.23051,"TJK":641.45435,"TZA":1156.2712,"THA":1680.1514,"TGO":1131.5652,"TTO":1836.9579,"TUN":171.75536,"TUR":615.5889,"TKM":173.30318,"UGA":1807.1802,"UKR":583.77905,"ARE":9.00883,"GBR":864.43506,"USA":703.07416,"VIR":803.2055,"URY":791.93555,"UZB":237.31029,"VUT":1943.203,"VEN":2269.2185,"VNM":2039.5343,"YEM":181.02701,"ZMB":1339.8873,"ZWE":884.07306}