{"AFG":546.3104,"ALB":1212.1298,"DZA":101.2868,"ASM":3019.8164,"AND":858.8743,"AGO":1322.0735,"AIA":693.5415,"ATG":777.2827,"ARG":897.2865,"ARM":829.7741,"AUS":370.41745,"AUT":1105.7281,"AZE":593.2492,"BHS":872.98376,"BHR":83.11939,"BGD":1715.4045,"BLR":738.6375,"BEL":854.40063,"BLZ":1687.0323,"BEN":1420.7937,"BTN":3239.8386,"BOL":1575.62,"BIH":1088.6198,"BWA":610.7295,"BRA":1678.5723,"BRN":2855.5698,"BGR":737.06946,"BFA":864.6213,"BDI":2503.0088,"KHM":1863.8685,"CMR":1752.5308,"CAN":642.4104,"CPV":244.73671,"CYM":826.9482,"CAF":1507.1124,"TCD":359.34027,"CHL":1427.4329,"CHN":830.65,"COL":2911.109,"COM":1641.2836,"COG":1321.5186,"COK":1938.1781,"CRI":2868.5894,"CIV":1573.1731,"HRV":920.61035,"CUB":937.59576,"CYP":432.41266,"CZE":733.6984,"COD":1975.0635,"DNK":665.33704,"DJI":349.98807,"DOM":876.7502,"TLS":1728.5795,"ECU":3210.7673,"EGY":13.662979,"SLV":1561.8494,"GNQ":2422.674,"ERI":397.0276,"EST":804.969,"SWZ":998.46875,"ETH":1174.1792,"FLK":662.5242,"FRO":1081.7675,"FJI":2357.0278,"FIN":759.9281,"FRA":960.96594,"PYF":1214.0393,"GAB":1493.786,"GMB":1030.7607,"GEO":1055.4277,"DEU":797.41046,"GHA":1421.3475,"GRC":795.9147,"GRL":365.52582,"GTM":1824.8888,"GIN":2143.9712,"GNB":1805.8778,"GUY":1509.0303,"HTI":866.6134,"HMD":1042.1667,"HND":1628.72,"HKG":1806.7228,"HUN":610.51117,"ISL":1319.4166,"IND":1107.5248,"IDN":2984.9854,"IRN":400.9378,"IRQ":257.35593,"IRL":1015.03986,"IMN":994.01855,"ISR":281.13272,"ITA":1028.2361,"JAM":961.6272,"JPN":1822.5906,"JOR":74.01686,"KAZ":326.88333,"KEN":928.1986,"KIR":2252.0447,"KWT":122.506065,"KGZ":813.4692,"LAO":2119.3997,"LVA":791.84265,"LBN":614.5196,"LSO":1222.053,"LBR":2698.587,"LBY":42.434364,"LTU":765.9586,"LUX":877.9059,"MDG":1324.2426,"MWI":2164.2031,"MYS":2690.3923,"MLI":429.0356,"MRT":142.30476,"MUS":1045.288,"MEX":607.3485,"MDA":433.31375,"MNG":243.30627,"MNE":1517.4818,"MAR":349.29773,"MOZ":1151.7299,"MMR":2277.424,"NAM":430.0197,"NPL":2052.6392,"NLD":769.57654,"NCL":1103.7201,"NZL":1590.5709,"NIC":1740.1376,"NER":173.47075,"NGA":1279.378,"PRK":1151.235,"MKD":771.86993,"NOR":1181.5302,"OMN":49.805153,"PAK":398.31262,"PSE":449.056,"PAN":2732.1929,"PNG":3663.1282,"PRY":1513.8643,"PER":2004.507,"PHL":2283.5405,"POL":679.5702,"PRT":655.0229,"PRI":839.74304,"QAT":60.640015,"ROU":759.6454,"RUS":566.6073,"RWA":2105.418,"VCT":1215.6086,"WSM":2568.5588,"STP":517.6859,"SAU":75.305885,"SEN":758.7319,"SRB":733.0523,"SYC":1439.8751,"SLE":3275.529,"SVK":810.6888,"SVN":1160.855,"SLB":3097.9094,"SOM":419.56186,"ZAF":595.00476,"SGS":1438.2223,"KOR":1396.7081,"SSD":1325.2854,"ESP":595.33093,"LKA":1706.5481,"SDN":246.12614,"SUR":1398.8212,"SWE":773.6145,"CHE":1377.9583,"SYR":248.39275,"TJK":750.3405,"TZA":1726.6571,"THA":1768.7241,"TGO":1639.2626,"TTO":1338.8961,"TUN":275.74985,"TUR":620.65765,"TKM":196.80605,"UGA":1893.2189,"UKR":517.1387,"ARE":131.22298,"GBR":896.1456,"USA":873.4727,"VIR":804.3747,"URY":1215.4235,"UZB":236.87296,"VUT":1973.0441,"VEN":1732.4333,"VNM":1934.4467,"YEM":181.90848,"ZMB":1720.8042,"ZWE":821.9487}