{"AFG":288.7108,"ALB":1320.1003,"DZA":76.27597,"ASM":2914.6738,"AND":895.1311,"AGO":1023.92395,"AIA":821.7907,"ATG":960.145,"ARG":868.22455,"ARM":798.33563,"AUS":334.56436,"AUT":1211.6938,"AZE":642.63324,"BHS":946.4779,"BHR":58.481216,"BGD":2377.1018,"BLR":809.8609,"BEL":914.8769,"BLZ":1643.5277,"BEN":877.153,"BTN":3985.8018,"BOL":1672.041,"BIH":1095.8612,"BWA":718.79645,"BRA":1584.5521,"BRN":3030.241,"BGR":563.66943,"BFA":691.18146,"BDI":2071.0566,"KHM":1451.3728,"CMR":1638.6138,"CAN":646.332,"CPV":221.45045,"CYM":1131.2676,"CAF":1681.792,"TCD":370.77875,"CHL":1428.545,"CHN":844.5642,"COL":3413.5945,"COM":1384.7289,"COG":1305.833,"COK":1408.7782,"CRI":3643.8547,"CIV":1060.8854,"HRV":953.42584,"CUB":1025.8025,"CYP":288.3766,"CZE":802.78235,"COD":1947.2074,"DNK":775.52106,"DJI":236.53021,"DOM":1110.8901,"TLS":1531.9393,"ECU":3589.1743,"EGY":4.5486927,"SLV":1693.6191,"GNQ":2369.2922,"ERI":386.78546,"EST":658.8373,"SWZ":966.6535,"ETH":1118.7847,"FLK":578.2927,"FRO":1018.978,"FJI":2041.5504,"FIN":549.7407,"FRA":1169.6868,"PYF":1873.4962,"GAB":1451.2297,"GMB":1033.9526,"GEO":1332.8921,"DEU":911.89984,"GHA":859.11,"GRC":679.56824,"GRL":397.33585,"GTM":1924.815,"GIN":1977.2382,"GNB":2119.3406,"GUY":1818.2922,"HTI":886.47253,"HMD":1211.5516,"HND":1718.4447,"HKG":1492.3326,"HUN":589.9737,"ISL":1202.703,"IND":1339.5082,"IDN":3121.3887,"IRN":199.48453,"IRQ":108.29448,"IRL":1143.2181,"IMN":1081.6345,"ISR":125.60913,"ITA":1010.50977,"JAM":1094.2267,"JPN":1765.6167,"JOR":21.920366,"KAZ":384.96896,"KEN":787.5919,"KIR":926.19037,"KWT":57.949245,"KGZ":923.9248,"LAO":1862.9335,"LVA":667.75995,"LBN":415.82254,"LSO":1195.1648,"LBR":1893.0616,"LBY":15.114577,"LTU":754.04205,"LUX":1016.98755,"MDG":1641.7924,"MWI":1595.9907,"MYS":2736.6123,"MLI":344.70883,"MRT":88.68789,"MUS":1248.8895,"MEX":868.71515,"MDA":555.4152,"MNG":322.84134,"MNE":1686.2413,"MAR":232.00429,"MOZ":1092.5157,"MMR":2527.6267,"NAM":319.6738,"NPL":2342.0303,"NLD":850.72375,"NCL":1115.8931,"NZL":1608.0444,"NIC":1922.0865,"NER":179.36649,"NGA":934.67554,"PRK":913.91315,"MKD":682.11487,"NOR":982.3605,"OMN":22.954105,"PAK":382.17902,"PSE":176.26955,"PAN":3456.0735,"PNG":3652.649,"PRY":1508.3038,"PER":2186.5173,"PHL":2203.7393,"POL":712.5928,"PRT":929.54803,"PRI":1205.8376,"QAT":58.679714,"ROU":663.57837,"RUS":543.63275,"RWA":1705.7778,"VCT":1523.9172,"WSM":2740.2927,"STP":1099.586,"SAU":46.73972,"SEN":729.5434,"SRB":663.78394,"SYC":1479.0774,"SLE":2459.3813,"SVK":817.2231,"SVN":1229.0845,"SLB":3540.4377,"SOM":223.17105,"ZAF":584.58563,"SGS":1519.5735,"KOR":1554.7266,"SSD":1416.235,"ESP":653.12085,"LKA":1619.5125,"SDN":216.99521,"SUR":1475.9705,"SWE":683.8263,"CHE":1673.2682,"SYR":128.13234,"TJK":769.4619,"TZA":1227.7599,"THA":1414.7211,"TGO":1077.999,"TTO":1492.6447,"TUN":195.4024,"TUR":646.78973,"TKM":145.18456,"UGA":1871.0698,"UKR":681.289,"ARE":34.345585,"GBR":958.87585,"USA":771.2971,"VIR":1049.3622,"URY":1107.2588,"UZB":274.9731,"VUT":1600.7313,"VEN":1978.0393,"VNM":1780.6716,"YEM":127.16866,"ZMB":1635.832,"ZWE":1260.0942}