{"AFG":402.13696,"ALB":1389.2037,"DZA":57.696926,"ASM":2841.8826,"AND":1080.3528,"AGO":1314.609,"AIA":662.26575,"ATG":682.07935,"ARG":906.47485,"ARM":906.9312,"AUS":392.2895,"AUT":1166.3318,"AZE":593.16003,"BHS":628.91046,"BHR":90.904236,"BGD":2671.8352,"BLR":542.2575,"BEL":564.87915,"BLZ":1601.77,"BEN":1031.2772,"BTN":3215.411,"BOL":1545.0563,"BIH":1297.7914,"BWA":303.0234,"BRA":1709.3806,"BRN":2841.43,"BGR":773.7034,"BFA":655.61395,"BDI":2311.4602,"KHM":1496.532,"CMR":1466.9404,"CAN":697.438,"CPV":95.7827,"CYM":900.97424,"CAF":1287.5068,"TCD":231.59573,"CHL":1422.1719,"CHN":826.5982,"COL":3162.0303,"COM":1480.4506,"COG":1651.8641,"COK":2020.0463,"CRI":2410.8691,"CIV":1225.086,"HRV":1130.3766,"CUB":827.5999,"CYP":273.41696,"CZE":627.6832,"COD":2067.1138,"DNK":571.0229,"DJI":286.1691,"DOM":928.4307,"TLS":1928.2214,"ECU":3109.8066,"EGY":6.3684373,"SLV":1289.4397,"GNQ":2399.6965,"ERI":489.44806,"EST":585.6291,"SWZ":779.74023,"ETH":1190.8696,"FLK":669.2052,"FRO":1100.4039,"FJI":2329.999,"FIN":589.2008,"FRA":998.6769,"PYF":1391.6204,"GAB":1842.4551,"GMB":709.0173,"GEO":1322.2877,"DEU":589.67456,"GHA":1082.2722,"GRC":779.4869,"GRL":429.45724,"GTM":1803.1385,"GIN":1847.7717,"GNB":1492.4604,"GUY":1902.6288,"HTI":838.3787,"HMD":1004.83325,"HND":1445.0317,"HKG":1651.3348,"HUN":629.3188,"ISL":1620.493,"IND":1376.7228,"IDN":3014.6433,"IRN":259.83597,"IRQ":152.23701,"IRL":934.54565,"IMN":905.8495,"ISR":178.18811,"ITA":1069.2363,"JAM":1000.70056,"JPN":1883.7831,"JOR":62.570538,"KAZ":318.42203,"KEN":857.4713,"KIR":939.63245,"KWT":75.648254,"KGZ":867.86523,"LAO":1751.6947,"LVA":609.27545,"LBN":471.2235,"LSO":1198.4518,"LBR":2177.8464,"LBY":13.230201,"LTU":597.39703,"LUX":593.05414,"MDG":1485.424,"MWI":1580.1694,"MYS":2645.9033,"MLI":289.70538,"MRT":56.531162,"MUS":1492.7997,"MEX":869.58685,"MDA":521.9873,"MNG":312.81686,"MNE":1681.7134,"MAR":271.20422,"MOZ":909.77704,"MMR":2587.2615,"NAM":176.42166,"NPL":2187.6333,"NLD":523.5429,"NCL":1504.3701,"NZL":1382.9685,"NIC":1351.4272,"NER":111.63142,"NGA":900.5401,"PRK":1150.2462,"MKD":844.2218,"NOR":1045.7075,"OMN":94.18207,"PAK":631.0248,"PSE":274.8303,"PAN":2382.487,"PNG":3545.582,"PRY":1604.3203,"PER":2014.2285,"PHL":1953.1339,"POL":559.59204,"PRT":988.3516,"PRI":1019.3092,"QAT":89.23751,"ROU":767.49854,"RUS":533.11975,"RWA":1982.3071,"VCT":1174.2783,"WSM":3183.2124,"STP":1169.1504,"SAU":60.16108,"SEN":533.3398,"SRB":804.6552,"SYC":1466.5713,"SLE":2433.8706,"SVK":741.944,"SVN":1343.9521,"SLB":4453.147,"SOM":238.48965,"ZAF":533.2512,"SGS":1393.0557,"KOR":1421.4999,"SSD":1310.3131,"ESP":763.1634,"LKA":1464.1848,"SDN":231.90265,"SUR":1799.5867,"SWE":664.36707,"CHE":1292.5005,"SYR":174.01985,"TJK":710.4498,"TZA":1353.3625,"THA":1561.6886,"TGO":1302.0021,"TTO":1479.8324,"TUN":186.1829,"TUR":644.01843,"TKM":190.86517,"UGA":2130.2834,"UKR":523.4855,"ARE":68.97529,"GBR":816.71136,"USA":824.13586,"VIR":713.974,"URY":1424.9786,"UZB":239.21542,"VUT":2501.365,"VEN":1985.9197,"VNM":1746.892,"YEM":188.5652,"ZMB":1298.5627,"ZWE":636.0529}