{"AFG":372.25,"ALB":1711.1532,"DZA":67.35396,"ASM":2865.3394,"AND":1121.4647,"AGO":1335.0511,"AIA":868.4816,"ATG":960.9661,"ARG":723.97845,"ARM":832.5241,"AUS":430.6693,"AUT":1213.2145,"AZE":554.8639,"BHS":1257.9684,"BHR":21.993637,"BGD":2252.066,"BLR":726.56213,"BEL":897.43024,"BLZ":1652.6296,"BEN":1098.5333,"BTN":3511.9502,"BOL":1579.1512,"BIH":1331.9978,"BWA":392.0579,"BRA":1818.9026,"BRN":3046.0867,"BGR":800.46924,"BFA":639.32446,"BDI":2057.193,"KHM":1724.7218,"CMR":1793.0857,"CAN":676.2572,"CPV":158.58118,"CYM":1097.599,"CAF":1532.3065,"TCD":239.91386,"CHL":1303.9412,"CHN":846.506,"COL":3115.3462,"COM":1514.0385,"COG":1810.2397,"COK":1813.303,"CRI":2935.9353,"CIV":1227.4879,"HRV":1225.9607,"CUB":1239.7693,"CYP":273.144,"CZE":815.8199,"COD":2094.5771,"DNK":829.61084,"DJI":306.68018,"DOM":1296.3048,"TLS":2099.8513,"ECU":2437.2722,"EGY":10.866823,"SLV":1723.7775,"GNQ":3051.1216,"ERI":356.1641,"EST":723.62213,"SWZ":961.77826,"ETH":1356.04,"FLK":503.69537,"FRO":965.77234,"FJI":2593.2026,"FIN":600.87476,"FRA":1220.1929,"PYF":1434.919,"GAB":2256.8787,"GMB":804.47705,"GEO":1271.6821,"DEU":893.7656,"GHA":1155.1108,"GRC":867.07385,"GRL":413.35587,"GTM":1954.8848,"GIN":1751.8599,"GNB":1330.8403,"GUY":2139.0803,"HTI":1242.1746,"HMD":1164.3982,"HND":1864.8059,"HKG":1722.5013,"HUN":711.73584,"ISL":1195.6632,"IND":1162.1748,"IDN":3144.5896,"IRN":241.28516,"IRQ":171.65823,"IRL":1147.9618,"IMN":1170.064,"ISR":175.84663,"ITA":1236.1354,"JAM":1385.55,"JPN":1631.8541,"JOR":60.270542,"KAZ":363.20694,"KEN":820.79846,"KIR":588.0222,"KWT":45.923267,"KGZ":836.8675,"LAO":2002.3804,"LVA":774.87854,"LBN":424.97614,"LSO":1297.5801,"LBR":2149.76,"LBY":20.209623,"LTU":837.2405,"LUX":855.41473,"MDG":1267.5178,"MWI":1230.0559,"MYS":2636.983,"MLI":278.26627,"MRT":68.40493,"MUS":1230.6995,"MEX":705.6138,"MDA":573.6335,"MNG":280.125,"MNE":1939.6783,"MAR":370.2635,"MOZ":767.2587,"MMR":2292.2952,"NAM":268.79074,"NPL":1991.6294,"NLD":842.2374,"NCL":990.66156,"NZL":1557.7644,"NIC":1778.754,"NER":58.748703,"NGA":988.79034,"PRK":1264.4857,"MKD":824.38715,"NOR":921.33514,"OMN":41.916832,"PAK":379.80783,"PSE":241.40358,"PAN":2541.24,"PNG":3716.28,"PRY":1214.7506,"PER":1838.3925,"PHL":2211.6462,"POL":766.557,"PRT":1195.4286,"PRI":1151.5027,"QAT":29.766531,"ROU":788.8569,"RUS":538.4661,"RWA":1730.5342,"VCT":1350.6747,"WSM":3387.6958,"STP":1470.5996,"SAU":50.897533,"SEN":545.17944,"SRB":759.9026,"SYC":1367.1289,"SLE":2497.1416,"SVK":921.7914,"SVN":1473.7119,"SLB":3623.4033,"SOM":405.91656,"ZAF":561.303,"SGS":1394.9171,"KOR":1187.4552,"SSD":1342.0834,"ESP":889.60455,"LKA":1726.9589,"SDN":202.11932,"SUR":2120.3813,"SWE":818.0595,"CHE":1623.1136,"SYR":157.61832,"TJK":681.98035,"TZA":1225.6984,"THA":1567.9573,"TGO":1375.3286,"TTO":1596.3646,"TUN":156.3861,"TUR":643.9272,"TKM":129.72334,"UGA":2126.603,"UKR":659.25793,"ARE":39.308933,"GBR":991.52844,"USA":785.22375,"VIR":1058.1637,"URY":793.4154,"UZB":211.52815,"VUT":1622.5754,"VEN":2070.477,"VNM":2005.3062,"YEM":226.52185,"ZMB":1023.89685,"ZWE":521.3934}