{"AFG":375.6163,"ALB":983.6811,"DZA":42.23946,"ASM":2322.832,"AND":794.39734,"AGO":1374.2025,"AIA":934.721,"ATG":1142.7765,"ARG":773.921,"ARM":685.4426,"AUS":317.6044,"AUT":1113.1025,"AZE":540.1652,"BHS":932.8143,"BHR":49.829483,"BGD":2000.9572,"BLR":636.2223,"BEL":835.90936,"BLZ":1925.2295,"BEN":791.07245,"BTN":2823.181,"BOL":1158.8062,"BIH":1074.3652,"BWA":505.70914,"BRA":1449.379,"BRN":2794.1853,"BGR":722.9261,"BFA":537.2651,"BDI":2467.6423,"KHM":1632.3689,"CMR":1632.4205,"CAN":639.0365,"CPV":195.1684,"CYM":1177.4712,"CAF":1397.3337,"TCD":303.1107,"CHL":1533.591,"CHN":932.4884,"COL":3003.1306,"COM":1830.1078,"COG":1834.214,"COK":1495.039,"CRI":2589.4214,"CIV":1044.5844,"HRV":965.4892,"CUB":924.5691,"CYP":385.1541,"CZE":757.19305,"COD":2215.0693,"DNK":730.3761,"DJI":276.52338,"DOM":1205.4241,"TLS":1586.6271,"ECU":2730.221,"EGY":13.360393,"SLV":1379.4365,"GNQ":2989.6711,"ERI":542.96326,"EST":717.6627,"SWZ":823.88293,"ETH":1253.666,"FLK":705.89667,"FRO":1012.92737,"FJI":2210.539,"FIN":726.6082,"FRA":1040.0066,"PYF":1644.8181,"GAB":2357.981,"GMB":1045.98,"GEO":1269.0259,"DEU":882.0518,"GHA":862.4499,"GRC":658.6743,"GRL":406.22763,"GTM":1945.9597,"GIN":1726.1194,"GNB":1730.6482,"GUY":1857.3115,"HTI":1063.1193,"HMD":1250.431,"HND":1632.9874,"HKG":2168.533,"HUN":494.1675,"ISL":1432.2422,"IND":1323.6628,"IDN":2681.9238,"IRN":257.95825,"IRQ":226.378,"IRL":980.82074,"IMN":966.47644,"ISR":224.39566,"ITA":867.8976,"JAM":1237.8741,"JPN":1779.7322,"JOR":77.29763,"KAZ":346.40045,"KEN":1062.6687,"KIR":837.2765,"KWT":151.5641,"KGZ":729.27716,"LAO":2276.1338,"LVA":713.88635,"LBN":567,"LSO":1192.7521,"LBR":1931.2253,"LBY":22.080776,"LTU":694.9152,"LUX":809.2024,"MDG":1384.53,"MWI":1745.1508,"MYS":2366.5288,"MLI":269.36935,"MRT":63.141117,"MUS":1364.8356,"MEX":664.93,"MDA":509.7274,"MNG":285.37628,"MNE":1405.9354,"MAR":227.02725,"MOZ":962.85645,"MMR":2600.424,"NAM":269.60373,"NPL":2288.4492,"NLD":942.00525,"NCL":1715.6342,"NZL":1353.5583,"NIC":1550.378,"NER":105.68536,"NGA":929.3152,"PRK":1124.2859,"MKD":551.75433,"NOR":1186.8877,"OMN":54.052906,"PAK":512.39856,"PSE":347.69815,"PAN":2346.4844,"PNG":3678.6775,"PRY":1209.7483,"PER":1946.5513,"PHL":2051.5813,"POL":664.1422,"PRT":849.20166,"PRI":1133.61,"QAT":38.98419,"ROU":660.37787,"RUS":584.908,"RWA":2031.9985,"VCT":1553.2246,"WSM":2789.1467,"STP":1755.1965,"SAU":79.66116,"SEN":688.1366,"SRB":652.34125,"SYC":1898.0743,"SLE":2643.3162,"SVK":665.43396,"SVN":1221.7148,"SLB":3965.517,"SOM":399.93182,"ZAF":594.9513,"SGS":1580.1786,"KOR":1328.1332,"SSD":1360.4103,"ESP":658.43024,"LKA":1528.5659,"SDN":241.37854,"SUR":1840.8591,"SWE":767.0665,"CHE":1375.7616,"SYR":212.97408,"TJK":574.37695,"TZA":1621.7448,"THA":1650.8859,"TGO":963.84845,"TTO":1597.0398,"TUN":135.61656,"TUR":602.7092,"TKM":128.64978,"UGA":2359.4019,"UKR":526.80005,"ARE":31.351583,"GBR":874.0966,"USA":832.2127,"VIR":1046.8578,"URY":1161.034,"UZB":207.3223,"VUT":2610.1697,"VEN":2104.3274,"VNM":2006.0459,"YEM":159.56033,"ZMB":1415.8024,"ZWE":660.16364}