{"AFG":297.9375,"ALB":1594.8137,"DZA":67.89266,"ASM":2698.5835,"AND":932.83655,"AGO":1198.4623,"AIA":766.01984,"ATG":857.7728,"ARG":632.20087,"ARM":808.44824,"AUS":437.7521,"AUT":1155.6215,"AZE":617.1224,"BHS":748.3261,"BHR":39.53743,"BGD":2023.4094,"BLR":870.94,"BEL":744.5736,"BLZ":1697.8853,"BEN":1136.5393,"BTN":3420.4321,"BOL":1356.2666,"BIH":1237.9519,"BWA":571.28107,"BRA":1734.9022,"BRN":3534.0903,"BGR":719.3454,"BFA":705.40295,"BDI":2500.8296,"KHM":1733.2205,"CMR":1703.5162,"CAN":653.54443,"CPV":201.33916,"CYM":751.1444,"CAF":1508.4385,"TCD":310.1533,"CHL":1162.7273,"CHN":857.39197,"COL":2970.4368,"COM":1770.4498,"COG":1665.8271,"COK":2205.5664,"CRI":3382.6301,"CIV":1332.5398,"HRV":1099.3661,"CUB":814.17334,"CYP":350.9168,"CZE":701.4481,"COD":2197.4321,"DNK":785.81744,"DJI":201.88583,"DOM":926.3165,"TLS":1712.1616,"ECU":2524.758,"EGY":6.915654,"SLV":1439.7416,"GNQ":2686.219,"ERI":350.22165,"EST":875.9849,"SWZ":826.27094,"ETH":1179.8187,"FLK":516.7937,"FRO":1121.9049,"FJI":2177.5786,"FIN":739.24146,"FRA":1014.5364,"PYF":1570.1294,"GAB":1909.6144,"GMB":921.3001,"GEO":1182.7493,"DEU":762.8355,"GHA":1214.8557,"GRC":962.4518,"GRL":403.62305,"GTM":1756.0138,"GIN":1885.4558,"GNB":1618.7654,"GUY":2044.4199,"HTI":871.15875,"HMD":1145.0691,"HND":1721.3291,"HKG":1293.3105,"HUN":627.0678,"ISL":1248.1738,"IND":1209.676,"IDN":3016.4604,"IRN":200.4432,"IRQ":137.86874,"IRL":860.0626,"IMN":858.572,"ISR":137.86247,"ITA":956.8307,"JAM":1039.5476,"JPN":1704.2603,"JOR":27.036608,"KAZ":309.86993,"KEN":793.87494,"KIR":415.99847,"KWT":61.564514,"KGZ":826.676,"LAO":1820.1178,"LVA":918.01465,"LBN":512.85583,"LSO":1063.891,"LBR":2111.752,"LBY":29.963531,"LTU":852.8612,"LUX":725.1527,"MDG":1359.448,"MWI":1462.3253,"MYS":2868.6968,"MLI":319.03024,"MRT":80.235756,"MUS":1286.1472,"MEX":581.1366,"MDA":591.70374,"MNG":263.81775,"MNE":1804.6908,"MAR":370.67648,"MOZ":990.3511,"MMR":2390.833,"NAM":243.69151,"NPL":2423.8481,"NLD":775.1775,"NCL":2144.9368,"NZL":1617.8756,"NIC":1687.7305,"NER":172.94882,"NGA":1058.9891,"PRK":1509.9723,"MKD":848.961,"NOR":1068.8474,"OMN":13.545162,"PAK":381.22934,"PSE":198.22623,"PAN":2961.39,"PNG":3752.6365,"PRY":1191.1469,"PER":1758.2905,"PHL":2155.2368,"POL":768.9849,"PRT":733.1133,"PRI":909.0242,"QAT":32.25281,"ROU":740.1136,"RUS":592.83435,"RWA":2273.9546,"VCT":1511.8046,"WSM":2708.5723,"STP":1330.6294,"SAU":38.80832,"SEN":624.10535,"SRB":759.2771,"SYC":1487.8374,"SLE":2475.9226,"SVK":823.61487,"SVN":1376.0142,"SLB":3820.3906,"SOM":280.27975,"ZAF":561.38007,"SGS":1413.5789,"KOR":1290.464,"SSD":1481.0731,"ESP":686.8415,"LKA":1829.6477,"SDN":238.6912,"SUR":1973.6935,"SWE":725.0127,"CHE":1391.1462,"SYR":156.74509,"TJK":677.67236,"TZA":1302.4976,"THA":1634.6222,"TGO":1396.1216,"TTO":1579.4292,"TUN":186.96037,"TUR":616.1313,"TKM":144.24176,"UGA":2288.4807,"UKR":657.9996,"ARE":11.306862,"GBR":860.97845,"USA":737.47656,"VIR":843.94836,"URY":757.342,"UZB":215.92763,"VUT":2547.7686,"VEN":2229.768,"VNM":1827.2081,"YEM":128.77586,"ZMB":1323.3462,"ZWE":932.73883}