{"AFG":340.40457,"ALB":1750.4216,"DZA":69.612625,"ASM":2214.4165,"AND":1000.35095,"AGO":1257.6635,"AIA":754.74927,"ATG":974.4129,"ARG":867.52936,"ARM":1259.6422,"AUS":498.4477,"AUT":1110.2081,"AZE":939.8008,"BHS":1039.6274,"BHR":29.89769,"BGD":2597.1282,"BLR":607.66797,"BEL":712.9446,"BLZ":1405.4017,"BEN":1067.7383,"BTN":3452.213,"BOL":1266.2698,"BIH":1290.289,"BWA":479.3377,"BRA":1500.2618,"BRN":3423.2598,"BGR":829.96674,"BFA":640.64185,"BDI":2293.0415,"KHM":1696.0144,"CMR":1475.0476,"CAN":646.4974,"CPV":149.15459,"CYM":1002.6398,"CAF":1152.2349,"TCD":254.1113,"CHL":1426.9313,"CHN":862.6646,"COL":2942.5405,"COM":1497.6876,"COG":1512.0167,"COK":1577.0511,"CRI":3195.5554,"CIV":1461.904,"HRV":1158.6002,"CUB":1299.6294,"CYP":342.42386,"CZE":733.3929,"COD":1975.0193,"DNK":761.46106,"DJI":221.23482,"DOM":1340.295,"TLS":1727.0532,"ECU":2337.1482,"EGY":35.050182,"SLV":1501.1646,"GNQ":3025.3235,"ERI":385.22943,"EST":650.9177,"SWZ":668.71796,"ETH":1288.819,"FLK":586.1385,"FRO":927.5808,"FJI":2817.0972,"FIN":602.7694,"FRA":1138.7252,"PYF":1377.2777,"GAB":2061.2212,"GMB":1023.146,"GEO":1655.7145,"DEU":723.7723,"GHA":1239.9553,"GRC":966.181,"GRL":404.67386,"GTM":1712.8854,"GIN":1770.9333,"GNB":1669.162,"GUY":1973.9196,"HTI":1254.4517,"HMD":1122.9858,"HND":1596.173,"HKG":1153.6703,"HUN":679.3681,"ISL":1265.1781,"IND":1213.2882,"IDN":2574.6047,"IRN":288.7817,"IRQ":274.12555,"IRL":917.73663,"IMN":803.8807,"ISR":226.60689,"ITA":1189.4258,"JAM":1480.2155,"JPN":1764.059,"JOR":85.8679,"KAZ":374.4726,"KEN":1031.4285,"KIR":546.8979,"KWT":115.37007,"KGZ":951.00073,"LAO":2148.5146,"LVA":687.49384,"LBN":646.5323,"LSO":1291.633,"LBR":2492.317,"LBY":29.99396,"LTU":714.8593,"LUX":696.2577,"MDG":1322.8354,"MWI":1605.229,"MYS":2653.5098,"MLI":294.435,"MRT":81.153465,"MUS":997.8221,"MEX":672.57526,"MDA":539.63245,"MNG":283.3103,"MNE":1905.2341,"MAR":457.6842,"MOZ":941.19434,"MMR":2587.606,"NAM":512.02325,"NPL":2407.7314,"NLD":712.36615,"NCL":1119.1421,"NZL":1342.4979,"NIC":1690.8997,"NER":138.44048,"NGA":997.7834,"PRK":1368.2216,"MKD":963.30066,"NOR":1028.2811,"OMN":82.67986,"PAK":307.5425,"PSE":335.24396,"PAN":3122.0288,"PNG":3171.5627,"PRY":1197.3499,"PER":1810.356,"PHL":1938.8907,"POL":665.08405,"PRT":1223.8314,"PRI":1148.7495,"QAT":40.765266,"ROU":730.5774,"RUS":585.45483,"RWA":2093.0427,"VCT":1429.8801,"WSM":2661.7378,"STP":1952.7998,"SAU":91.30675,"SEN":686.1202,"SRB":771.4159,"SYC":1988.3286,"SLE":2745.5554,"SVK":832.0442,"SVN":1422.2874,"SLB":3741.5027,"SOM":428.4393,"ZAF":628.63617,"SGS":1534.3857,"KOR":1529.6532,"SSD":1346.4878,"ESP":843.45026,"LKA":1993.6667,"SDN":334.09674,"SUR":2002.3491,"SWE":695.1075,"CHE":1544.0308,"SYR":276.81195,"TJK":677.4623,"TZA":1368.0289,"THA":1671.9788,"TGO":1417.5636,"TTO":1501.053,"TUN":234.61978,"TUR":884.5835,"TKM":186.67572,"UGA":2287.3274,"UKR":574.84686,"ARE":57.946613,"GBR":859.13385,"USA":715.5749,"VIR":984.53906,"URY":1554.1118,"UZB":266.6896,"VUT":2462.8872,"VEN":2123.9463,"VNM":1923.9431,"YEM":199.47462,"ZMB":1286.4758,"ZWE":701.5687}