{"AFG":381.36438,"ALB":1422.1813,"DZA":72.322365,"ASM":2707.5547,"AND":849.53595,"AGO":1085.1896,"AIA":657.18744,"ATG":821.7297,"ARG":684.3423,"ARM":889.80273,"AUS":429.28564,"AUT":1251.7299,"AZE":595.9524,"BHS":991.31506,"BHR":198.73047,"BGD":2445.4873,"BLR":711.12976,"BEL":706.35736,"BLZ":1454.5343,"BEN":843.48035,"BTN":3227.7576,"BOL":1386.977,"BIH":1366.3491,"BWA":316.74228,"BRA":1790.6449,"BRN":3076.7153,"BGR":826.6793,"BFA":648.59326,"BDI":2166.9583,"KHM":1747.5778,"CMR":1248.3993,"CAN":658.5264,"CPV":169.16364,"CYM":1349.6284,"CAF":1033.7307,"TCD":212.58134,"CHL":1267.8247,"CHN":947.3418,"COL":3168.9985,"COM":1252.6907,"COG":1328.2026,"COK":1982.6298,"CRI":2907.3423,"CIV":1082.7646,"HRV":1201.8552,"CUB":1104.8059,"CYP":400.27573,"CZE":796.0847,"COD":1865.5939,"DNK":652.3565,"DJI":165.44237,"DOM":950.49,"TLS":1830.9777,"ECU":2957.881,"EGY":50.683636,"SLV":1213.7859,"GNQ":2668.084,"ERI":367.52277,"EST":581.3653,"SWZ":1038.9973,"ETH":874.7652,"FLK":590.84546,"FRO":1039.9188,"FJI":2346.7104,"FIN":620.18567,"FRA":917.6195,"PYF":1275.1266,"GAB":1715.8279,"GMB":975.42377,"GEO":1313.5798,"DEU":729.53143,"GHA":907.2637,"GRC":852.6735,"GRL":473.78772,"GTM":1694.9637,"GIN":1762.5322,"GNB":1708.9465,"GUY":1540.01,"HTI":992.3072,"HMD":1140.582,"HND":1576.4993,"HKG":1936.2239,"HUN":691.8061,"ISL":1269.2997,"IND":1329.7123,"IDN":3127.2048,"IRN":240.85114,"IRQ":151.17406,"IRL":927.1653,"IMN":794.48413,"ISR":222.01965,"ITA":1047.0962,"JAM":1265.3418,"JPN":1803.8329,"JOR":62.10154,"KAZ":373.8519,"KEN":805.92,"KIR":378.80038,"KWT":46.140602,"KGZ":936.6151,"LAO":2073.882,"LVA":613.03796,"LBN":588.2257,"LSO":1104.3943,"LBR":1931.0183,"LBY":21.816288,"LTU":636.5168,"LUX":705.5443,"MDG":1228.7605,"MWI":1152.3767,"MYS":2716.5754,"MLI":319.45126,"MRT":76.28172,"MUS":1357.1693,"MEX":651.0402,"MDA":567.921,"MNG":339.5227,"MNE":1716.191,"MAR":264.00293,"MOZ":722.0517,"MMR":2471.7231,"NAM":199.14175,"NPL":2121.8938,"NLD":683.6179,"NCL":1339.8599,"NZL":1628.3878,"NIC":1522.1765,"NER":125.98186,"NGA":770.56946,"PRK":1598.3901,"MKD":838.52875,"NOR":1256.7783,"OMN":29.628565,"PAK":444.65607,"PSE":344.4948,"PAN":2806.2815,"PNG":3427.879,"PRY":1128.702,"PER":1781.6593,"PHL":2528.1785,"POL":664.0028,"PRT":719.77704,"PRI":856.3164,"QAT":155.22824,"ROU":849.8542,"RUS":559.2482,"RWA":1813.3391,"VCT":1383.666,"WSM":2536.5059,"STP":1176.134,"SAU":88.1294,"SEN":641.8594,"SRB":854.4601,"SYC":1580.9607,"SLE":2333.0652,"SVK":797.6062,"SVN":1395.183,"SLB":3304.2397,"SOM":255.22717,"ZAF":474.65814,"SGS":1375.0479,"KOR":1426.3838,"SSD":1175.9921,"ESP":573.29517,"LKA":1735.5615,"SDN":414.65735,"SUR":1300.0586,"SWE":719.9066,"CHE":1352.593,"SYR":219.9458,"TJK":770.478,"TZA":1187.9163,"THA":1686.0042,"TGO":1043.6324,"TTO":1619.0402,"TUN":229.9747,"TUR":652.91486,"TKM":190.08578,"UGA":1977.6165,"UKR":643.0758,"ARE":97.66627,"GBR":813.12103,"USA":782.21765,"VIR":885.5524,"URY":894.24976,"UZB":274.25824,"VUT":1900.5193,"VEN":2141.147,"VNM":2193.598,"YEM":144.26201,"ZMB":1028.8381,"ZWE":583.5567}