{"AFG":387.3357,"ALB":1247.9419,"DZA":110.74222,"ASM":2279.0088,"AND":1150.5232,"AGO":1208.9196,"AIA":787.14655,"ATG":828.07544,"ARG":699.2885,"ARM":1041.5397,"AUS":385.32327,"AUT":1409.4724,"AZE":680.5055,"BHS":853.11365,"BHR":32.416344,"BGD":2688.7869,"BLR":748.03,"BEL":1028.9379,"BLZ":1581.4504,"BEN":1047.9722,"BTN":3175.9045,"BOL":1497.7289,"BIH":1231.4868,"BWA":209.62398,"BRA":1866.2903,"BRN":2755.12,"BGR":702.41614,"BFA":668.7791,"BDI":2093.671,"KHM":1729.9155,"CMR":1343.3431,"CAN":642.5786,"CPV":222.44286,"CYM":786.8986,"CAF":997.37225,"TCD":122.21606,"CHL":1550.1963,"CHN":866.0748,"COL":2963.9065,"COM":1532.0173,"COG":1544.0255,"COK":1754.9886,"CRI":3132.5552,"CIV":1249.5306,"HRV":1296.2141,"CUB":768.27325,"CYP":416.51956,"CZE":939.1918,"COD":1875.5557,"DNK":779.1899,"DJI":196.85982,"DOM":935.0709,"TLS":1667.3179,"ECU":3020.5488,"EGY":34.489445,"SLV":1293.0259,"GNQ":2813.2302,"ERI":376.90268,"EST":656.12854,"SWZ":653.14667,"ETH":823.8565,"FLK":577.98615,"FRO":928.63025,"FJI":2028.4478,"FIN":703.6639,"FRA":1216.2567,"PYF":1575.5488,"GAB":1822.4795,"GMB":1008.5413,"GEO":1342.4529,"DEU":1069.9663,"GHA":1109.5465,"GRC":773.61304,"GRL":386.84576,"GTM":1698.011,"GIN":1702.127,"GNB":1584.5236,"GUY":1285.1859,"HTI":828.39124,"HMD":1177.2642,"HND":1516.4945,"HKG":1721.6793,"HUN":871.9207,"ISL":987.922,"IND":1103.6233,"IDN":2650.3787,"IRN":278.13687,"IRQ":236.83446,"IRL":1055.1279,"IMN":973.9237,"ISR":229.70363,"ITA":1064.737,"JAM":893.0929,"JPN":1788.6967,"JOR":98.224,"KAZ":326.07138,"KEN":677.6098,"KIR":2035.8962,"KWT":72.5411,"KGZ":893.61554,"LAO":2014.0269,"LVA":706.4072,"LBN":591.26575,"LSO":776.6852,"LBR":2201.2283,"LBY":23.257183,"LTU":701.3064,"LUX":1101.5627,"MDG":1440.4298,"MWI":1279.4908,"MYS":2594.2598,"MLI":357.84457,"MRT":112.413216,"MUS":1319.2627,"MEX":675.12683,"MDA":570.429,"MNG":238.25616,"MNE":1590.3623,"MAR":405.8004,"MOZ":794.1353,"MMR":2781.3562,"NAM":249.10042,"NPL":1873.2758,"NLD":934.52234,"NCL":1485.2046,"NZL":1505.7156,"NIC":1560.0006,"NER":108.10536,"NGA":883.28815,"PRK":1127.434,"MKD":610.28143,"NOR":988.8414,"OMN":37.748188,"PAK":327.0602,"PSE":322.85925,"PAN":3097.546,"PNG":3377.1614,"PRY":1509.8052,"PER":1879.6234,"PHL":2043.5282,"POL":748.68463,"PRT":956.49243,"PRI":898.6385,"QAT":36.06185,"ROU":801.0997,"RUS":588.3496,"RWA":1752.5197,"VCT":1051.9819,"WSM":3005.5676,"STP":1244.5421,"SAU":86.80039,"SEN":634.78125,"SRB":738.50806,"SYC":1904.3354,"SLE":2347.544,"SVK":1018.068,"SVN":1778.6823,"SLB":3638.1858,"SOM":315.6556,"ZAF":383.45535,"SGS":1387.1671,"KOR":1135.0669,"SSD":973.79456,"ESP":707.6787,"LKA":2188.9875,"SDN":220.50926,"SUR":925.7864,"SWE":753.1367,"CHE":1863.1055,"SYR":234.94186,"TJK":764.06934,"TZA":1213.232,"THA":1781.9851,"TGO":1306.3021,"TTO":1271.8285,"TUN":190.50357,"TUR":820.7126,"TKM":170.26332,"UGA":1796.8024,"UKR":717.68286,"ARE":102.362236,"GBR":982.92487,"USA":780.4697,"VIR":820.694,"URY":904.2706,"UZB":223.92374,"VUT":2212.9907,"VEN":1907.5621,"VNM":1912.0581,"YEM":125.104904,"ZMB":919.5716,"ZWE":296.4225}