{"AFG":298.59158,"ALB":1697.6583,"DZA":59.566162,"ASM":2309.3567,"AND":983.14856,"AGO":1195.1332,"AIA":709.69006,"ATG":830.6084,"ARG":756.89764,"ARM":888.9835,"AUS":373.58005,"AUT":1452.1564,"AZE":661.20123,"BHS":1302.8309,"BHR":37.950516,"BGD":2317.2976,"BLR":757.70337,"BEL":1031.5564,"BLZ":1736.2764,"BEN":1028.8748,"BTN":3755.3535,"BOL":1257.0773,"BIH":1338.0549,"BWA":552.41656,"BRA":1845.1732,"BRN":3935.9792,"BGR":989.86273,"BFA":620.5495,"BDI":2160.2754,"KHM":1844.9347,"CMR":1443.3721,"CAN":658.31934,"CPV":223.77055,"CYM":1310.8473,"CAF":1095.8743,"TCD":140.14052,"CHL":1268.7802,"CHN":849.6119,"COL":3173.9138,"COM":975.46063,"COG":1614.9901,"COK":1584.6425,"CRI":3485.6646,"CIV":1215.265,"HRV":1268.6582,"CUB":1115.14,"CYP":460.09674,"CZE":951.6692,"COD":1891.172,"DNK":897.1576,"DJI":136.5012,"DOM":1015.2767,"TLS":1527.4875,"ECU":2780.3032,"EGY":143.38249,"SLV":1556.3644,"GNQ":2980.6018,"ERI":220.86957,"EST":756.0707,"SWZ":700.72253,"ETH":819.88556,"FLK":589.39844,"FRO":1022.09546,"FJI":1805.6425,"FIN":701.41547,"FRA":1131.5443,"PYF":1637.1205,"GAB":2055.5132,"GMB":925.74,"GEO":1143.725,"DEU":1028.188,"GHA":1036.6385,"GRC":998.88354,"GRL":321.07166,"GTM":1871.6345,"GIN":1792.1206,"GNB":1659.9344,"GUY":1297.6058,"HTI":1041.6072,"HMD":1231.5759,"HND":1918.1226,"HKG":1489.8937,"HUN":763.7347,"ISL":1181.5969,"IND":1258.5763,"IDN":3378.2822,"IRN":223.83966,"IRQ":179.15521,"IRL":1090.1559,"IMN":1066.1068,"ISR":222.59935,"ITA":1204.2682,"JAM":1060.4362,"JPN":1982.397,"JOR":106.78528,"KAZ":320.95554,"KEN":721.2806,"KIR":1573.5044,"KWT":76.32985,"KGZ":926.79156,"LAO":1860.0431,"LVA":770.5448,"LBN":524.7992,"LSO":978.083,"LBR":2169.0403,"LBY":37.198547,"LTU":763.24866,"LUX":996.0991,"MDG":1168.605,"MWI":1234.1906,"MYS":3307.205,"MLI":290.77032,"MRT":93.61313,"MUS":1010.82965,"MEX":731.86273,"MDA":829.50415,"MNG":276.34717,"MNE":1985.4055,"MAR":248.64668,"MOZ":733.7353,"MMR":2545.0376,"NAM":321.923,"NPL":2072.1113,"NLD":1009.03516,"NCL":1168.3083,"NZL":1488.4188,"NIC":1823.9371,"NER":88.19143,"NGA":909.74365,"PRK":1520.1664,"MKD":868.74817,"NOR":1038.98,"OMN":50.35301,"PAK":358.68768,"PSE":318.034,"PAN":3289.0544,"PNG":3856.8076,"PRY":1256.1736,"PER":1905.8481,"PHL":1942.8741,"POL":859.7879,"PRT":1096.0759,"PRI":839.0044,"QAT":35.0076,"ROU":962.5963,"RUS":591.51056,"RWA":1788.1469,"VCT":1223.3867,"WSM":2479.6194,"STP":1588.1643,"SAU":50.17601,"SEN":645.62115,"SRB":845.79974,"SYC":1457.4489,"SLE":2543.8005,"SVK":944.4684,"SVN":1521.9143,"SLB":3285.0723,"SOM":307.40787,"ZAF":491.59497,"SGS":1364.4395,"KOR":1085.7228,"SSD":1054.0907,"ESP":749.5451,"LKA":1810.524,"SDN":250.58755,"SUR":1078.3376,"SWE":779.5766,"CHE":1740.613,"SYR":206.04163,"TJK":692.3894,"TZA":1050.4431,"THA":1785.5773,"TGO":1250.2631,"TTO":1363.0276,"TUN":190.65428,"TUR":755.96,"TKM":146.48909,"UGA":1880.7897,"UKR":768.8442,"ARE":24.022676,"GBR":990.3971,"USA":699.135,"VIR":791.63837,"URY":1130.3663,"UZB":198.38483,"VUT":1462.4252,"VEN":2057.5469,"VNM":1984.212,"YEM":130.71884,"ZMB":1024.8846,"ZWE":686.8101}