{"AFG":417.88486,"ALB":1151.4725,"DZA":84.24785,"ASM":2553.0645,"AND":949.58496,"AGO":1325.4652,"AIA":605.5508,"ATG":725.91974,"ARG":926.60474,"ARM":1035.0145,"AUS":418.95374,"AUT":1201.5846,"AZE":684.62805,"BHS":717.7985,"BHR":21.654129,"BGD":2358.903,"BLR":761.873,"BEL":848.804,"BLZ":1432.2977,"BEN":1209.2681,"BTN":3127.93,"BOL":1538.7318,"BIH":1207.0471,"BWA":536.1858,"BRA":1666.9406,"BRN":3068.374,"BGR":747.07025,"BFA":794.5187,"BDI":2253.7925,"KHM":1434.2037,"CMR":1985.0663,"CAN":627.2976,"CPV":353.2972,"CYM":881.86456,"CAF":1447.4271,"TCD":303.99823,"CHL":1363.5396,"CHN":871.64307,"COL":3246.1458,"COM":1317.4067,"COG":2295.4658,"COK":2011.0588,"CRI":3254.665,"CIV":1394.4774,"HRV":1070.7908,"CUB":780.4108,"CYP":521.3306,"CZE":844.295,"COD":2242.0498,"DNK":855.49774,"DJI":335.6294,"DOM":659.3073,"TLS":1606.9528,"ECU":2713.8787,"EGY":78.19917,"SLV":1018.68994,"GNQ":3665.033,"ERI":363.22244,"EST":755.77966,"SWZ":891.0145,"ETH":1316.9678,"FLK":575.0354,"FRO":1212.2266,"FJI":2137.8672,"FIN":759.94885,"FRA":1046.197,"PYF":2000.095,"GAB":2557.701,"GMB":1204.4872,"GEO":1520.7867,"DEU":949.3104,"GHA":1249.4404,"GRC":807.58044,"GRL":412.81445,"GTM":1663.9619,"GIN":2080.0488,"GNB":1881.648,"GUY":1612.5603,"HTI":643.42413,"HMD":1091.2303,"HND":1583.6176,"HKG":1487.8214,"HUN":579.09644,"ISL":1330.0413,"IND":1341.1575,"IDN":3046.7876,"IRN":258.59705,"IRQ":243.93138,"IRL":1021.5872,"IMN":1103.9276,"ISR":297.43744,"ITA":941.2951,"JAM":738.1815,"JPN":1698.0432,"JOR":132.90903,"KAZ":319.34225,"KEN":911.2792,"KIR":689.5981,"KWT":122.747665,"KGZ":857.4854,"LAO":1682.4558,"LVA":771.82043,"LBN":837.43463,"LSO":1145.6792,"LBR":2285.0295,"LBY":27.482277,"LTU":786.76514,"LUX":896.3112,"MDG":1544.365,"MWI":1349.3055,"MYS":2764.6382,"MLI":385.89694,"MRT":111.77469,"MUS":1330.2205,"MEX":757.7228,"MDA":533.79803,"MNG":308.22687,"MNE":1459.1989,"MAR":402.88022,"MOZ":864.1246,"MMR":2580.2502,"NAM":453.0559,"NPL":2028.6594,"NLD":854.15924,"NCL":2285.436,"NZL":1587.7188,"NIC":1562.03,"NER":204.84561,"NGA":1171.7054,"PRK":1191.0895,"MKD":717.38837,"NOR":1294.6841,"OMN":133.33838,"PAK":529.0656,"PSE":445.4969,"PAN":3173.9407,"PNG":4152.382,"PRY":1561.608,"PER":2086.7107,"PHL":1807.5326,"POL":819.43335,"PRT":637.6164,"PRI":726.05804,"QAT":25.908,"ROU":809.3675,"RUS":577.9278,"RWA":1898.048,"VCT":890.42664,"WSM":2962.8093,"STP":1628.4122,"SAU":82.914604,"SEN":784.5658,"SRB":788.26953,"SYC":1828.892,"SLE":2866.505,"SVK":758.4371,"SVN":1283.558,"SLB":3897.6326,"SOM":422.14877,"ZAF":596.5755,"SGS":1545.237,"KOR":1025.1301,"SSD":1236.9489,"ESP":644.07935,"LKA":1936.4989,"SDN":136.4408,"SUR":1638.3162,"SWE":826.32306,"CHE":1537.2991,"SYR":326.30475,"TJK":660.092,"TZA":1213.7697,"THA":1438.6268,"TGO":1512.6134,"TTO":1208.4935,"TUN":167.96739,"TUR":805.5366,"TKM":182.78954,"UGA":2141.5593,"UKR":632.7055,"ARE":31.241137,"GBR":1028.5586,"USA":776.80237,"VIR":623.2052,"URY":1602.4388,"UZB":266.9952,"VUT":2279.5295,"VEN":2028.8323,"VNM":1692.7776,"YEM":201.29533,"ZMB":1042.4811,"ZWE":578.1645}