{"AFG":407.7379,"ALB":1360.6042,"DZA":65.43985,"ASM":2022.0385,"AND":1013.3991,"AGO":1148.676,"AIA":576.7355,"ATG":678.34283,"ARG":840.5514,"ARM":971.1342,"AUS":512.1829,"AUT":1142.6223,"AZE":603.3242,"BHS":1123.6448,"BHR":46.05007,"BGD":2489.1338,"BLR":747.6833,"BEL":920.78546,"BLZ":1773.8066,"BEN":1375.9385,"BTN":3274.035,"BOL":1485.4001,"BIH":1322.7483,"BWA":400.08316,"BRA":1645.1698,"BRN":3116.6606,"BGR":754.2598,"BFA":799.16583,"BDI":2470.194,"KHM":1395.32,"CMR":1882.5676,"CAN":671.0477,"CPV":144.83432,"CYM":1217.3367,"CAF":1566.9038,"TCD":273.45163,"CHL":1321.304,"CHN":855.4024,"COL":3459.8718,"COM":1424.1576,"COG":1746.412,"COK":1706.1272,"CRI":3417.7825,"CIV":1845.8284,"HRV":1114.0419,"CUB":1130.6116,"CYP":525.0978,"CZE":806.3752,"COD":2002.0979,"DNK":821.083,"DJI":308.5726,"DOM":883.1629,"TLS":1692.7468,"ECU":2760.7656,"EGY":11.799277,"SLV":1702.9589,"GNQ":3002.2283,"ERI":396.4825,"EST":688.9408,"SWZ":888.3866,"ETH":1084.6687,"FLK":570.9286,"FRO":906.2226,"FJI":2107.4304,"FIN":653.8357,"FRA":1189.8281,"PYF":2296.6472,"GAB":1985.7401,"GMB":658.7602,"GEO":1299.2467,"DEU":914.99786,"GHA":1646.3395,"GRC":955.5798,"GRL":368.91348,"GTM":1944.9418,"GIN":2017.961,"GNB":1262.7642,"GUY":1828.5414,"HTI":831.4524,"HMD":1163.8632,"HND":1917.7871,"HKG":1890.1274,"HUN":615.2037,"ISL":1273.1185,"IND":1223.2911,"IDN":3147.8706,"IRN":322.62915,"IRQ":258.43524,"IRL":1059.6426,"IMN":1101.9468,"ISR":240.16483,"ITA":1136.1655,"JAM":927.05774,"JPN":1782.9015,"JOR":82.799774,"KAZ":327.80276,"KEN":964.69464,"KIR":906.08594,"KWT":84.631165,"KGZ":880.4026,"LAO":1920.5127,"LVA":709.02826,"LBN":756.2764,"LSO":973.9903,"LBR":3090.1672,"LBY":22.363197,"LTU":704.15265,"LUX":950.6349,"MDG":1393.3344,"MWI":1302.1462,"MYS":2690.2527,"MLI":341.602,"MRT":80.52908,"MUS":1118.7075,"MEX":727.87787,"MDA":661.63617,"MNG":271.81616,"MNE":1707.6788,"MAR":380.5379,"MOZ":817.3864,"MMR":2524.9385,"NAM":245.52469,"NPL":2162.8696,"NLD":926.07227,"NCL":1066.8794,"NZL":1691.5145,"NIC":1851.0779,"NER":123.448906,"NGA":1221.384,"PRK":1158.4142,"MKD":813.0826,"NOR":989.1401,"OMN":34.52091,"PAK":343.5672,"PSE":348.89337,"PAN":3055.2712,"PNG":3617.2278,"PRY":1398.8153,"PER":2083.14,"PHL":1672.71,"POL":756.6068,"PRT":873.16077,"PRI":769.1827,"QAT":41.04915,"ROU":805.977,"RUS":592.16046,"RWA":2080.6646,"VCT":890.67365,"WSM":2180.765,"STP":1437.3102,"SAU":79.9056,"SEN":527.98175,"SRB":795.5702,"SYC":1509.9746,"SLE":3038.9316,"SVK":783.8487,"SVN":1336.0199,"SLB":3639.7732,"SOM":391.6452,"ZAF":429.71878,"SGS":1474.6296,"KOR":962.61316,"SSD":1131.2439,"ESP":682.42957,"LKA":1571.3975,"SDN":190.80501,"SUR":1832.2598,"SWE":674.8696,"CHE":1792.0823,"SYR":301.5135,"TJK":761.3888,"TZA":1339.7585,"THA":1383.569,"TGO":1750.686,"TTO":1337.4126,"TUN":188.14546,"TUR":910.15735,"TKM":168.37843,"UGA":2030.071,"UKR":682.23126,"ARE":65.615204,"GBR":1013.82654,"USA":752.8137,"VIR":634.7828,"URY":1293.3176,"UZB":243.80888,"VUT":1632.3113,"VEN":2236.108,"VNM":1770.3474,"YEM":196.018,"ZMB":1043.4253,"ZWE":617.1841}