{"AFG":407.81015,"ALB":1521.3212,"DZA":115.89997,"ASM":1769.2441,"AND":1165.392,"AGO":1335.7281,"AIA":922.32324,"ATG":802.5675,"ARG":837.70917,"ARM":955.9932,"AUS":348.6652,"AUT":1127.7809,"AZE":787.8097,"BHS":1172.8375,"BHR":49.512863,"BGD":2080.581,"BLR":735.85364,"BEL":862.4743,"BLZ":1911.583,"BEN":1229.1901,"BTN":2539.6301,"BOL":1362.4886,"BIH":1474.5034,"BWA":460.53238,"BRA":1436.8447,"BRN":3544.134,"BGR":855.5266,"BFA":771.37274,"BDI":2004.9646,"KHM":1518.8307,"CMR":2109.0098,"CAN":626.2017,"CPV":221.14899,"CYM":1221.4155,"CAF":1793.002,"TCD":379.73856,"CHL":1435.2983,"CHN":844.9357,"COL":3458.305,"COM":1427.6166,"COG":1867.0698,"COK":1418.0793,"CRI":4001.4536,"CIV":1482.0385,"HRV":1322.961,"CUB":1239.9159,"CYP":462.87814,"CZE":701.9218,"COD":2119.5022,"DNK":691.6402,"DJI":165.04651,"DOM":1141.6831,"TLS":1221.8782,"ECU":2917.412,"EGY":21.141815,"SLV":2288.8948,"GNQ":2830.9453,"ERI":343.50934,"EST":630.7167,"SWZ":935.2813,"ETH":973.9972,"FLK":663.96295,"FRO":1030.8921,"FJI":1884.7356,"FIN":582.82245,"FRA":1225.7444,"PYF":2182.342,"GAB":1782.8885,"GMB":1079.3104,"GEO":1132.0332,"DEU":831.68506,"GHA":1194.5679,"GRC":838.92114,"GRL":391.94705,"GTM":2229.9653,"GIN":2234.3555,"GNB":1828.6652,"GUY":2060.2034,"HTI":1030.8691,"HMD":1174.8772,"HND":1956.906,"HKG":1482.6946,"HUN":774.4903,"ISL":1344.7057,"IND":1076.6775,"IDN":2952.0967,"IRN":346.75836,"IRQ":255.14764,"IRL":798.35046,"IMN":948.60266,"ISR":256.8773,"ITA":1102.5903,"JAM":1061.2299,"JPN":1788.3438,"JOR":80.99227,"KAZ":388.75244,"KEN":560.46454,"KIR":1495.9031,"KWT":118.45487,"KGZ":1081.5455,"LAO":1871.8191,"LVA":626.31635,"LBN":728.1085,"LSO":957.987,"LBR":2443.1262,"LBY":45.095924,"LTU":694.1852,"LUX":866.96204,"MDG":1501.1093,"MWI":1254.257,"MYS":2916.2468,"MLI":371.47983,"MRT":150.65143,"MUS":1255.021,"MEX":718.0754,"MDA":671.2445,"MNG":311.13748,"MNE":2009.4427,"MAR":454.52063,"MOZ":874.10406,"MMR":2331.5767,"NAM":316.01782,"NPL":1832.5391,"NLD":778.9962,"NCL":1521.2073,"NZL":1384.225,"NIC":1977.6168,"NER":142.92468,"NGA":1236.6248,"PRK":1232.1234,"MKD":787.4083,"NOR":969.8593,"OMN":13.309422,"PAK":352.4019,"PSE":408.29044,"PAN":3420.0842,"PNG":4001.7642,"PRY":1336.7782,"PER":1997.9261,"PHL":1961.7161,"POL":604.9306,"PRT":1040.6703,"PRI":1084.7051,"QAT":97.3261,"ROU":956.3759,"RUS":564.16864,"RWA":1639.4152,"VCT":905.6511,"WSM":2409.8018,"STP":991.6267,"SAU":61.33523,"SEN":848.3568,"SRB":859.3988,"SYC":1216.1478,"SLE":3119.8604,"SVK":795.6127,"SVN":1421.0977,"SLB":4174.92,"SOM":201.24455,"ZAF":482.48615,"SGS":1770.9482,"KOR":1446.2494,"SSD":1308.1311,"ESP":890.10364,"LKA":1833.743,"SDN":227.57402,"SUR":2170.2788,"SWE":640.0866,"CHE":1454.2534,"SYR":295.68808,"TJK":976.7209,"TZA":985.04364,"THA":1560.0704,"TGO":1417.739,"TTO":1311.3915,"TUN":372.32574,"TUR":851.87726,"TKM":288.3028,"UGA":1654.5565,"UKR":693.0912,"ARE":76.01938,"GBR":898.63306,"USA":760.15094,"VIR":1060.1779,"URY":1028.5302,"UZB":393.34793,"VUT":2050.2095,"VEN":2413.3787,"VNM":1707.6342,"YEM":113.65675,"ZMB":1388.5203,"ZWE":915.3825}