{"AFG":284.71423,"ALB":1625.3536,"DZA":55.556103,"ASM":2306.5957,"AND":971.0836,"AGO":1138.7148,"AIA":880.4121,"ATG":891.86957,"ARG":771.4383,"ARM":788.1312,"AUS":309.45087,"AUT":1337.0881,"AZE":537.35266,"BHS":753.9642,"BHR":20.094872,"BGD":2365.5073,"BLR":891.24115,"BEL":953.20337,"BLZ":1580.9493,"BEN":1108.5228,"BTN":3073.5376,"BOL":1494.5157,"BIH":1337.6923,"BWA":383.45538,"BRA":1723.81,"BRN":3733.1814,"BGR":787.75336,"BFA":682.13605,"BDI":2186.2778,"KHM":1521.0225,"CMR":1914.5288,"CAN":620.2395,"CPV":170.69731,"CYM":1008.99603,"CAF":1577.8109,"TCD":351.3454,"CHL":1407.0747,"CHN":840.85913,"COL":3625.961,"COM":1469.8542,"COG":1789.9265,"COK":1653.697,"CRI":4504.146,"CIV":1337.0675,"HRV":1148.5504,"CUB":897.4091,"CYP":335.31528,"CZE":874.4996,"COD":2017.2734,"DNK":841.0869,"DJI":192.20384,"DOM":1096.6478,"TLS":1880.0006,"ECU":2836.3284,"EGY":7.097804,"SLV":1646.6798,"GNQ":3224.7246,"ERI":331.03394,"EST":707.1563,"SWZ":755.3496,"ETH":1077.7845,"FLK":620.65546,"FRO":1064.1475,"FJI":2395.4927,"FIN":679.3827,"FRA":1242.0597,"PYF":2113.3574,"GAB":2114.3398,"GMB":738.8112,"GEO":1424.9799,"DEU":999.90546,"GHA":1205.2063,"GRC":769.1591,"GRL":419.53543,"GTM":1878.7631,"GIN":1871.4995,"GNB":1450.8358,"GUY":2162.8428,"HTI":876.9336,"HMD":1082.6664,"HND":1751.7018,"HKG":2335.9705,"HUN":835.0522,"ISL":1271.2698,"IND":1234.3206,"IDN":3388.3977,"IRN":214.52162,"IRQ":135.18118,"IRL":1027.0255,"IMN":1074.357,"ISR":207.89604,"ITA":950.1192,"JAM":1035.318,"JPN":1765.9792,"JOR":47.50682,"KAZ":338.3623,"KEN":713.3791,"KIR":417.60254,"KWT":81.8499,"KGZ":945.54974,"LAO":1917.2765,"LVA":761.42993,"LBN":512.81396,"LSO":1072.9012,"LBR":2345.9395,"LBY":14.7462635,"LTU":795.2339,"LUX":1018.8072,"MDG":1378.6655,"MWI":1329.9584,"MYS":2987.0347,"MLI":315.6133,"MRT":74.70841,"MUS":1425.7639,"MEX":698.6515,"MDA":756.1252,"MNG":277.65887,"MNE":1989.6836,"MAR":347.21036,"MOZ":755.0811,"MMR":2575.7993,"NAM":269.63254,"NPL":2121.6492,"NLD":874.64087,"NCL":1370.0308,"NZL":1523.8518,"NIC":2011.9962,"NER":90.8294,"NGA":1101.9176,"PRK":1131.8893,"MKD":788.1745,"NOR":979.97107,"OMN":21.038357,"PAK":375.5381,"PSE":327.3724,"PAN":4328.8643,"PNG":4002.7178,"PRY":1428.5486,"PER":2032.0887,"PHL":2404.9985,"POL":911.87854,"PRT":780.6128,"PRI":1286.8215,"QAT":21.597912,"ROU":1005.5683,"RUS":605.0816,"RWA":1892.6549,"VCT":970.26825,"WSM":2263.8943,"STP":984.0927,"SAU":38.947163,"SEN":568.4139,"SRB":876.6572,"SYC":1041.4772,"SLE":2742.0095,"SVK":992.54944,"SVN":1420.5284,"SLB":3804.4717,"SOM":234.86298,"ZAF":499.81458,"SGS":1406.6102,"KOR":1206.7653,"SSD":1258.4191,"ESP":638.161,"LKA":1652.4888,"SDN":250.80632,"SUR":2391.0024,"SWE":758.9458,"CHE":1757.5404,"SYR":155.7027,"TJK":647.8337,"TZA":1265.6194,"THA":1641.917,"TGO":1392.9294,"TTO":1313.98,"TUN":156.95882,"TUR":700.2854,"TKM":134.94522,"UGA":1912.9812,"UKR":841.167,"ARE":24.174356,"GBR":1013.8404,"USA":763.5173,"VIR":1147.48,"URY":1344.6788,"UZB":213.67224,"VUT":2121.307,"VEN":2359.1968,"VNM":1982.4747,"YEM":135.57787,"ZMB":1070.379,"ZWE":498.88342}