{"AFG":245.17657,"ALB":1368.3113,"DZA":100.06208,"ASM":2073.2573,"AND":1158.1956,"AGO":1065.7479,"AIA":674.3298,"ATG":639.4005,"ARG":736.53467,"ARM":829.66516,"AUS":426.6612,"AUT":998.5829,"AZE":478.99826,"BHS":774.56604,"BHR":23.059845,"BGD":2723.7732,"BLR":762.3303,"BEL":718.1714,"BLZ":1578.2844,"BEN":1165.0106,"BTN":3145.3342,"BOL":1427.2002,"BIH":1150.1777,"BWA":405.46655,"BRA":1890.6309,"BRN":3281.3867,"BGR":904.6015,"BFA":736.0309,"BDI":2236.218,"KHM":1755.6063,"CMR":1888.1274,"CAN":638.9364,"CPV":170.34387,"CYM":1098.6814,"CAF":1505.3164,"TCD":294.27484,"CHL":1475.9172,"CHN":849.98596,"COL":3809.595,"COM":1895.3923,"COG":1723.0258,"COK":1331.6536,"CRI":3783.9238,"CIV":1580.0983,"HRV":970.2472,"CUB":946.41595,"CYP":458.98074,"CZE":761.5962,"COD":1908.5726,"DNK":726.48145,"DJI":261.30606,"DOM":1011.8371,"TLS":1950.5214,"ECU":3220.89,"EGY":18.547773,"SLV":1540.3337,"GNQ":3190.5718,"ERI":438.1941,"EST":727.9531,"SWZ":875.38153,"ETH":1106.3634,"FLK":642.40234,"FRO":1129.4111,"FJI":2286.82,"FIN":689.7435,"FRA":1121.1216,"PYF":1755.9968,"GAB":1984.3265,"GMB":933.364,"GEO":1240.9229,"DEU":712.2249,"GHA":1411.4705,"GRC":975.2227,"GRL":355.40292,"GTM":1650.134,"GIN":2062.0654,"GNB":1713.5425,"GUY":1831.3158,"HTI":1063.9354,"HMD":1075.2183,"HND":1527.3636,"HKG":1757.1122,"HUN":575.64557,"ISL":1423.0927,"IND":1242.7834,"IDN":3202.1045,"IRN":262.99435,"IRQ":263.80106,"IRL":866.37036,"IMN":893.20184,"ISR":368.97833,"ITA":1050.3663,"JAM":1080.5865,"JPN":1923.2772,"JOR":126.283516,"KAZ":333.3301,"KEN":770.21014,"KIR":418.2558,"KWT":122.94721,"KGZ":817.16626,"LAO":2092.9985,"LVA":734.2612,"LBN":814.47626,"LSO":1173.8314,"LBR":2422.3506,"LBY":22.907562,"LTU":678.43005,"LUX":665.9241,"MDG":1559.8721,"MWI":1366.1185,"MYS":2795.987,"MLI":315.9685,"MRT":65.03761,"MUS":1068.1351,"MEX":730.56335,"MDA":836.67535,"MNG":319.90262,"MNE":1603.5569,"MAR":441.95517,"MOZ":844.33203,"MMR":2565.567,"NAM":335.7148,"NPL":2336.427,"NLD":704.49677,"NCL":1568.4417,"NZL":1457.4668,"NIC":1777.073,"NER":106.414474,"NGA":1161.2582,"PRK":1334.0563,"MKD":820.1329,"NOR":1264.6198,"OMN":33.906197,"PAK":329.52426,"PSE":548.68005,"PAN":3841.2249,"PNG":3831.582,"PRY":1598.3502,"PER":2299.1096,"PHL":2547.8381,"POL":714.64496,"PRT":791.5812,"PRI":862.48975,"QAT":23.86335,"ROU":888.6477,"RUS":617.44415,"RWA":1918.54,"VCT":816.0553,"WSM":2079.4597,"STP":1041.2397,"SAU":65.094894,"SEN":617.2766,"SRB":758,"SYC":1098.6107,"SLE":2819.8987,"SVK":789.82446,"SVN":1128.8391,"SLB":3404.7068,"SOM":219.20802,"ZAF":588.0263,"SGS":1391.5242,"KOR":1234.9816,"SSD":1317.9694,"ESP":885.63605,"LKA":1664.6703,"SDN":245.9925,"SUR":1849.3569,"SWE":766.367,"CHE":1293.5535,"SYR":310.79416,"TJK":546.7225,"TZA":1245.4196,"THA":1596.7882,"TGO":1562.0906,"TTO":1198.3419,"TUN":260.75827,"TUR":845.22656,"TKM":142.54837,"UGA":1995.315,"UKR":716.5723,"ARE":17.51609,"GBR":899.6,"USA":764.9137,"VIR":769.74866,"URY":1218.4884,"UZB":178.24654,"VUT":2356.371,"VEN":2031.5405,"VNM":2225.1968,"YEM":160.83066,"ZMB":1126.2904,"ZWE":606.3529}