{"AFG":493.60233,"ALB":1560.9259,"DZA":131.33797,"ASM":2277.6355,"AND":1277.8959,"AGO":1124.3585,"AIA":759.1543,"ATG":845.22437,"ARG":889.0125,"ARM":1012.4954,"AUS":351.35437,"AUT":1235.3896,"AZE":709.02313,"BHS":1043.2737,"BHR":129.50992,"BGD":1849.4502,"BLR":784.9112,"BEL":858.64777,"BLZ":1760.5386,"BEN":1131.4276,"BTN":3485.3076,"BOL":1346.7969,"BIH":1412.8186,"BWA":484.04562,"BRA":1814.0579,"BRN":2963.6584,"BGR":993.17975,"BFA":654.6453,"BDI":2576.0425,"KHM":2250.9177,"CMR":1714.3185,"CAN":614.79193,"CPV":94.89672,"CYM":1183.7301,"CAF":1472.456,"TCD":291.9756,"CHL":1456.7748,"CHN":862.00745,"COL":3408.1597,"COM":1784.1368,"COG":1655.038,"COK":1458.4875,"CRI":3418.8816,"CIV":1423.899,"HRV":1460.9696,"CUB":1162.199,"CYP":488.8675,"CZE":775.0803,"COD":2082.7463,"DNK":782.4414,"DJI":286.66653,"DOM":1107.4067,"TLS":1216.5411,"ECU":3232.0698,"EGY":18.520206,"SLV":1233.1818,"GNQ":2931.0786,"ERI":455.62485,"EST":810.41455,"SWZ":870.0083,"ETH":1116.0201,"FLK":614.1763,"FRO":1072.8707,"FJI":2649.1123,"FIN":737.29114,"FRA":1194.9324,"PYF":1350.9625,"GAB":1957.3939,"GMB":762.25574,"GEO":1363.4675,"DEU":799.3746,"GHA":1242.7805,"GRC":1016.5511,"GRL":512.8461,"GTM":1805.319,"GIN":2148.2463,"GNB":1681.5615,"GUY":1960.7819,"HTI":1062.0968,"HMD":1132.3385,"HND":1487.0485,"HKG":2399.1965,"HUN":845.8236,"ISL":1665.5604,"IND":983.6838,"IDN":2360.089,"IRN":404.57077,"IRQ":318.94202,"IRL":1021.3808,"IMN":1011.2944,"ISR":249.78146,"ITA":1360.4718,"JAM":1061.1128,"JPN":2345.8276,"JOR":99.77879,"KAZ":374.85574,"KEN":810.6226,"KIR":2483.2905,"KWT":192.04938,"KGZ":1025.1804,"LAO":2325.0398,"LVA":814.87384,"LBN":639.6171,"LSO":1078.6698,"LBR":2562.8923,"LBY":49.787792,"LTU":892.7771,"LUX":833.2984,"MDG":1736.0181,"MWI":1463.7108,"MYS":2500.9685,"MLI":288.30774,"MRT":71.562515,"MUS":1689.5067,"MEX":778.1415,"MDA":842.3687,"MNG":284.21915,"MNE":1739.2256,"MAR":445.63116,"MOZ":948.9221,"MMR":2278.5798,"NAM":337.23438,"NPL":1983.544,"NLD":787.799,"NCL":1616.9639,"NZL":1543.4143,"NIC":1722.1584,"NER":77.41614,"NGA":1081.2842,"PRK":1574.1305,"MKD":1029.941,"NOR":1142.9324,"OMN":129.10892,"PAK":411.82373,"PSE":404.78705,"PAN":3119.2334,"PNG":3238.3035,"PRY":1391.1934,"PER":2016.4182,"PHL":2303.8591,"POL":811.6421,"PRT":1063.6449,"PRI":1008.51117,"QAT":123.688736,"ROU":1023.31744,"RUS":604.97107,"RWA":2235.7087,"VCT":973.259,"WSM":2714.7449,"STP":1204.042,"SAU":113.125435,"SEN":546.03076,"SRB":923.4483,"SYC":1673.3652,"SLE":2958.9124,"SVK":940.3891,"SVN":1680.9076,"SLB":3428.7983,"SOM":361.85065,"ZAF":523.59814,"SGS":1565.3403,"KOR":1767.889,"SSD":1386.5127,"ESP":991.16406,"LKA":1513.8595,"SDN":269.4039,"SUR":1770.5277,"SWE":791.69,"CHE":1463.7041,"SYR":330.10287,"TJK":806.6526,"TZA":1572.6393,"THA":1800.9438,"TGO":1439.0173,"TTO":1472.0354,"TUN":325.6334,"TUR":841.6088,"TKM":233.27228,"UGA":2201.34,"UKR":682.0743,"ARE":132.29376,"GBR":962.6726,"USA":799.0785,"VIR":876.7071,"URY":1398.8685,"UZB":255.52211,"VUT":2507.3506,"VEN":2274.7222,"VNM":2384.9229,"YEM":181.59041,"ZMB":1123.1644,"ZWE":706.83344}