{"AFG":327.9221,"ALB":1394.3987,"DZA":85.82263,"ASM":3201.0144,"AND":932.4846,"AGO":1014.4578,"AIA":853.05023,"ATG":918.5562,"ARG":905.5565,"ARM":879.2343,"AUS":572.6378,"AUT":1186.3953,"AZE":690.0659,"BHS":1059.2368,"BHR":16.375542,"BGD":2660.1257,"BLR":766.72546,"BEL":781.9948,"BLZ":1628.731,"BEN":1082.0454,"BTN":3384.293,"BOL":1500.6467,"BIH":1152.2848,"BWA":435.60916,"BRA":1924.248,"BRN":3658.1025,"BGR":884.7415,"BFA":561.11584,"BDI":2083.853,"KHM":1857.1837,"CMR":1994.781,"CAN":674.74677,"CPV":197.35437,"CYM":1025.8064,"CAF":1530.1136,"TCD":314.71817,"CHL":1326.2042,"CHN":913.8411,"COL":3783.3792,"COM":1665.917,"COG":1850.1763,"COK":1745.0914,"CRI":4161.601,"CIV":1411.9344,"HRV":982.9867,"CUB":1097.753,"CYP":220.4223,"CZE":663.55524,"COD":1873.0922,"DNK":686.3517,"DJI":190.66351,"DOM":1145.5145,"TLS":1830.6644,"ECU":3224.1628,"EGY":5.841248,"SLV":1831.6359,"GNQ":3294.5703,"ERI":402.04874,"EST":793.6623,"SWZ":1099.6483,"ETH":996.71124,"FLK":653.2897,"FRO":1081.6539,"FJI":2358.613,"FIN":674.1455,"FRA":1030.1262,"PYF":1453.9812,"GAB":2293.8582,"GMB":709.86847,"GEO":1304.6072,"DEU":817.5819,"GHA":1223.9895,"GRC":875.21545,"GRL":393.02585,"GTM":2006.2241,"GIN":1929.7788,"GNB":1488.5372,"GUY":1963.0618,"HTI":1210.1874,"HMD":1298.4362,"HND":1605.732,"HKG":2676.7593,"HUN":583.0212,"ISL":1421.2428,"IND":1270.081,"IDN":3403.081,"IRN":194.97975,"IRQ":133.07832,"IRL":952.09485,"IMN":896.2555,"ISR":175.39818,"ITA":1025.9933,"JAM":1215.3302,"JPN":1672.7286,"JOR":52.392925,"KAZ":368.675,"KEN":630.0074,"KIR":1054.3013,"KWT":64.24284,"KGZ":795.2214,"LAO":2178.5732,"LVA":754.32025,"LBN":540.17114,"LSO":1080.1759,"LBR":2311.0732,"LBY":17.214151,"LTU":746.504,"LUX":773.52997,"MDG":1652.7444,"MWI":1256.4155,"MYS":2879.0237,"MLI":258.55865,"MRT":51.523487,"MUS":1161.5889,"MEX":909.39636,"MDA":524.1048,"MNG":339.45776,"MNE":1529.3229,"MAR":326.6364,"MOZ":872.8361,"MMR":2570.8494,"NAM":264.0341,"NPL":2586.3506,"NLD":771.3489,"NCL":994.8031,"NZL":1443.4409,"NIC":1747.7267,"NER":76.716934,"NGA":1096.654,"PRK":1194.075,"MKD":842.54944,"NOR":1277.6367,"OMN":20.154884,"PAK":470.90173,"PSE":268.66074,"PAN":4280.405,"PNG":3808.4067,"PRY":1491.9363,"PER":2276.0999,"PHL":2287.1382,"POL":738.99567,"PRT":719.81274,"PRI":1020.27527,"QAT":16.56289,"ROU":796.9825,"RUS":613.7498,"RWA":1674.5155,"VCT":1140.4076,"WSM":3007.7454,"STP":1780.0446,"SAU":39.81919,"SEN":510.45908,"SRB":771.40094,"SYC":1187.1981,"SLE":2486.7412,"SVK":731.7301,"SVN":1271.0309,"SLB":3122.2834,"SOM":201.97722,"ZAF":599.0199,"SGS":1596.4274,"KOR":1027.6904,"SSD":1243.6857,"ESP":618.0833,"LKA":1534.1692,"SDN":241.02016,"SUR":1894.3279,"SWE":748.929,"CHE":1603.3087,"SYR":156.27545,"TJK":666.23627,"TZA":1204.5089,"THA":1688.7927,"TGO":1335.2648,"TTO":1610.4026,"TUN":334.61743,"TUR":631.91797,"TKM":204.13493,"UGA":1788.5214,"UKR":710.8481,"ARE":21.009674,"GBR":840.81165,"USA":902.8182,"VIR":936.6989,"URY":1346.7319,"UZB":251.53416,"VUT":2066.1423,"VEN":2312.1338,"VNM":2381.9321,"YEM":117.09785,"ZMB":997.5348,"ZWE":709.0222}