{"AFG":364.12756,"ALB":1467.9492,"DZA":72.26362,"ASM":1884.2115,"AND":1148.3335,"AGO":1127.18,"AIA":970.77655,"ATG":1020.08057,"ARG":790.78094,"ARM":885.74274,"AUS":713.66156,"AUT":1279.5306,"AZE":630.43317,"BHS":747.8263,"BHR":45.826912,"BGD":2604.2854,"BLR":826.05676,"BEL":1037.0671,"BLZ":1678.7148,"BEN":1033.2662,"BTN":3531.8198,"BOL":1647.7268,"BIH":1321.1063,"BWA":579.33405,"BRA":1960.239,"BRN":3511.0295,"BGR":724.76044,"BFA":618.1964,"BDI":2072.567,"KHM":1832.3019,"CMR":2016.0045,"CAN":668.3399,"CPV":153.03035,"CYM":829.833,"CAF":1639.2013,"TCD":401.1846,"CHL":1428.3033,"CHN":844.12787,"COL":3516.9294,"COM":1596.8193,"COG":1776.3488,"COK":2173.5574,"CRI":3575.9092,"CIV":1337.7693,"HRV":1282.1282,"CUB":853.83264,"CYP":458.56015,"CZE":894.9279,"COD":1940.1229,"DNK":787.7375,"DJI":320.41772,"DOM":1325.7568,"TLS":1855.6765,"ECU":2913.2979,"EGY":15.778944,"SLV":1246.7263,"GNQ":3287.7673,"ERI":535.4498,"EST":804.49493,"SWZ":907.5366,"ETH":1037.0109,"FLK":605.3251,"FRO":1091.7157,"FJI":2758.6926,"FIN":893.1398,"FRA":1194.7803,"PYF":1663.0172,"GAB":2246.4897,"GMB":736.72705,"GEO":1063.3483,"DEU":974.2515,"GHA":1193.4365,"GRC":843.94,"GRL":384.68604,"GTM":1768.8765,"GIN":1717.3087,"GNB":1581.4402,"GUY":1859.0785,"HTI":1217.941,"HMD":1199.4371,"HND":1586.3868,"HKG":2087.4756,"HUN":852.23236,"ISL":1584.5537,"IND":974.10016,"IDN":2933.7832,"IRN":350.72803,"IRQ":335.02866,"IRL":1087.7999,"IMN":1068.2498,"ISR":288.94257,"ITA":1005.5707,"JAM":1158.9293,"JPN":1885.9526,"JOR":127.46712,"KAZ":259.01813,"KEN":669.1953,"KIR":570.0941,"KWT":175.25233,"KGZ":900.91705,"LAO":2185.2026,"LVA":831.3035,"LBN":546.492,"LSO":1268.6008,"LBR":2194.8367,"LBY":29.33741,"LTU":878.2797,"LUX":956.9297,"MDG":1406.1904,"MWI":1673.9053,"MYS":2632.6716,"MLI":299.9988,"MRT":67.69429,"MUS":1214.826,"MEX":795.1724,"MDA":648.16766,"MNG":276.84836,"MNE":1687.1765,"MAR":276.2948,"MOZ":1104.1251,"MMR":2606.4924,"NAM":493.07608,"NPL":1929.8114,"NLD":991.5576,"NCL":1604.5186,"NZL":1479.331,"NIC":1665.8757,"NER":105.078896,"NGA":1165.4524,"PRK":1156.327,"MKD":838.3849,"NOR":1065.195,"OMN":13.466414,"PAK":293.00833,"PSE":422.60507,"PAN":3445.8093,"PNG":3403.6086,"PRY":1414.2128,"PER":2066.2825,"PHL":2651.1616,"POL":899.1973,"PRT":732.9604,"PRI":1199.3433,"QAT":58.467815,"ROU":906.4223,"RUS":562.10315,"RWA":1816.6248,"VCT":1091.3401,"WSM":2088.0554,"STP":1671.2499,"SAU":88.62927,"SEN":555.9748,"SRB":864.5427,"SYC":1173.0442,"SLE":2424.3591,"SVK":1022.2285,"SVN":1372.0812,"SLB":3118.4421,"SOM":190.54794,"ZAF":742.0839,"SGS":1489.0602,"KOR":1480.8855,"SSD":1429.3761,"ESP":650.3274,"LKA":1170.1859,"SDN":335.44254,"SUR":1855.0566,"SWE":831.67505,"CHE":1720.132,"SYR":298.10907,"TJK":687.29865,"TZA":1166.8431,"THA":1788.0145,"TGO":1289.8107,"TTO":1263.3059,"TUN":219.05673,"TUR":676.9869,"TKM":187.53044,"UGA":1868.1794,"UKR":694.5842,"ARE":36.89363,"GBR":1080.5391,"USA":785.96625,"VIR":1196.7449,"URY":1203.4038,"UZB":196.81914,"VUT":2395.8142,"VEN":2182.415,"VNM":2077.9902,"YEM":166.73167,"ZMB":1270.2717,"ZWE":877.77496}