{"AFG":346.62283,"ALB":1009.7537,"DZA":79.93574,"ASM":1974.8878,"AND":919.08167,"AGO":1086.1262,"AIA":781.682,"ATG":801.1637,"ARG":831.61096,"ARM":849.43036,"AUS":570.2322,"AUT":1200.9767,"AZE":581.6912,"BHS":747.3696,"BHR":68.668365,"BGD":2126.0427,"BLR":661.57874,"BEL":855.23047,"BLZ":1583.9144,"BEN":1069.0143,"BTN":2922.0935,"BOL":1410.9169,"BIH":1173.8723,"BWA":453.47067,"BRA":1802.7263,"BRN":3333.6519,"BGR":855.5418,"BFA":632.35876,"BDI":2220.5244,"KHM":2074.9365,"CMR":1894.1921,"CAN":649.12994,"CPV":198.54333,"CYM":749.80927,"CAF":1564.7568,"TCD":402.78043,"CHL":1664.2333,"CHN":883.6138,"COL":3738.9746,"COM":1499.3977,"COG":1707.9613,"COK":1509.0732,"CRI":4121.1484,"CIV":1262.0493,"HRV":1045.3516,"CUB":840.2733,"CYP":447.40692,"CZE":764.7533,"COD":2002.0262,"DNK":612.33984,"DJI":336.57343,"DOM":983.0077,"TLS":2433.6345,"ECU":3257.7053,"EGY":16.952015,"SLV":1646.1116,"GNQ":3044.6252,"ERI":484.06467,"EST":669.24445,"SWZ":1265.0378,"ETH":1148.9514,"FLK":649.96185,"FRO":897.03314,"FJI":2998.1394,"FIN":664.8509,"FRA":1077.514,"PYF":1174.0776,"GAB":2178.7388,"GMB":855.5925,"GEO":1285.5731,"DEU":767.9621,"GHA":1116.8492,"GRC":746.0871,"GRL":441.0438,"GTM":1764.6135,"GIN":1850.2908,"GNB":1604.7715,"GUY":2033.8843,"HTI":923.54865,"HMD":1314.7898,"HND":1696.8601,"HKG":2369.2063,"HUN":703.96674,"ISL":1386.5635,"IND":1280.9257,"IDN":3327.8894,"IRN":269.77133,"IRQ":229.54651,"IRL":853.71967,"IMN":884.51,"ISR":210.57372,"ITA":1041.9215,"JAM":925.33545,"JPN":2013.8424,"JOR":85.3437,"KAZ":274.2425,"KEN":718.68274,"KIR":461.29132,"KWT":129.40715,"KGZ":796.99243,"LAO":2260.0674,"LVA":639.0841,"LBN":527.05817,"LSO":1187.7216,"LBR":2258.7512,"LBY":21.80414,"LTU":634.4469,"LUX":787.26685,"MDG":1499.3748,"MWI":1214.3693,"MYS":2735.6982,"MLI":299.7554,"MRT":66.35929,"MUS":1127.6681,"MEX":762.66144,"MDA":516.4334,"MNG":298.7052,"MNE":1375.0442,"MAR":304.3516,"MOZ":796.57513,"MMR":2544.894,"NAM":253.97205,"NPL":2138.3923,"NLD":761.50977,"NCL":1935.8799,"NZL":1715.5581,"NIC":1873.725,"NER":110.694855,"NGA":1172.0405,"PRK":1155.6904,"MKD":713.32275,"NOR":1298.334,"OMN":20.019901,"PAK":486.1684,"PSE":305.22415,"PAN":3797.3345,"PNG":4050.7373,"PRY":1160.9305,"PER":2252.927,"PHL":2607.9868,"POL":684.3049,"PRT":685.5025,"PRI":969.06946,"QAT":38.402485,"ROU":865.00745,"RUS":593.6515,"RWA":2047.1969,"VCT":1207.8085,"WSM":2408.4124,"STP":1534.2727,"SAU":95.45585,"SEN":630.2564,"SRB":851.0478,"SYC":1104.7028,"SLE":2509.9705,"SVK":870.35175,"SVN":1315.466,"SLB":3458.818,"SOM":223.76054,"ZAF":624.7856,"SGS":1577.0906,"KOR":1367.1182,"SSD":1401.026,"ESP":677.9484,"LKA":1650.3875,"SDN":270.1985,"SUR":2107.4712,"SWE":693.8409,"CHE":1474.5575,"SYR":234.15228,"TJK":651.57263,"TZA":1159.8934,"THA":1923.4352,"TGO":1307.5621,"TTO":1487.8788,"TUN":247.26753,"TUR":718.13104,"TKM":137.89633,"UGA":2129.6582,"UKR":543.9821,"ARE":25.30004,"GBR":863.9026,"USA":832.92,"VIR":850.4047,"URY":1085.9701,"UZB":188.07254,"VUT":2934.3975,"VEN":2350.958,"VNM":2315.334,"YEM":194.18831,"ZMB":1024.2698,"ZWE":728.0538}