{"AFG":423.05795,"ALB":1436.3872,"DZA":111.07078,"ASM":2112.7043,"AND":1035.224,"AGO":1295.4318,"AIA":728.11414,"ATG":804.06854,"ARG":809.02814,"ARM":874.45605,"AUS":499.17566,"AUT":1126.3234,"AZE":612.9602,"BHS":1026.21,"BHR":83.39405,"BGD":2223.4944,"BLR":668.30865,"BEL":613.1272,"BLZ":1838.8286,"BEN":1210.316,"BTN":2924.0088,"BOL":1466.3005,"BIH":1309.2716,"BWA":492.39633,"BRA":1868.9379,"BRN":3207.6152,"BGR":785.0476,"BFA":715.83167,"BDI":2175.7844,"KHM":1814.7058,"CMR":1947.0168,"CAN":666.8678,"CPV":205.82602,"CYM":912.9152,"CAF":1613.8892,"TCD":301.74728,"CHL":1343.3645,"CHN":843.85675,"COL":3278.7559,"COM":1667.6898,"COG":1757.1351,"COK":1739.4381,"CRI":3160.2402,"CIV":1321.7908,"HRV":1117.3993,"CUB":1000.0271,"CYP":397.5055,"CZE":722.14215,"COD":2118.8884,"DNK":602.528,"DJI":247.08733,"DOM":834.86084,"TLS":1533.8452,"ECU":3330.709,"EGY":8.569319,"SLV":1253.7169,"GNQ":3027.4167,"ERI":417.8935,"EST":623.8968,"SWZ":1007.9434,"ETH":1120.1992,"FLK":696.69946,"FRO":1045.5077,"FJI":2370.5608,"FIN":563.9578,"FRA":1048.936,"PYF":1094.8962,"GAB":2127.2764,"GMB":809.4987,"GEO":1250.1708,"DEU":682.29626,"GHA":1177.2344,"GRC":896.80725,"GRL":519.3385,"GTM":1832.1108,"GIN":1947.3351,"GNB":1578.4036,"GUY":1852.932,"HTI":823.4059,"HMD":1268.5299,"HND":1770.2703,"HKG":1910.2123,"HUN":660.32855,"ISL":1488.1782,"IND":1102.4774,"IDN":2714.2695,"IRN":346.28043,"IRQ":237.25197,"IRL":912.772,"IMN":1034.689,"ISR":172.9446,"ITA":1233.7593,"JAM":824.4418,"JPN":2039.5184,"JOR":60.14048,"KAZ":318.27643,"KEN":706.2092,"KIR":1185.0739,"KWT":184.09709,"KGZ":852.0926,"LAO":2061.2944,"LVA":664.2076,"LBN":613.75604,"LSO":1290.0118,"LBR":2331.386,"LBY":54.697887,"LTU":641.6601,"LUX":628.2164,"MDG":1440.4479,"MWI":1419.6245,"MYS":2560.582,"MLI":303.3244,"MRT":79.454865,"MUS":1087.9102,"MEX":841.2484,"MDA":618.2539,"MNG":310.64447,"MNE":1793.403,"MAR":404.78683,"MOZ":975.10486,"MMR":2699.6365,"NAM":429.5746,"NPL":1891.9321,"NLD":578.537,"NCL":1912.0243,"NZL":1489.8077,"NIC":1616.2147,"NER":104.47401,"NGA":1144.0126,"PRK":1131.947,"MKD":923.4252,"NOR":988.5125,"OMN":31.845776,"PAK":528.27075,"PSE":240.92804,"PAN":3162.9817,"PNG":3639.4358,"PRY":1235.3755,"PER":2009.09,"PHL":2686.9917,"POL":696.60645,"PRT":774.43414,"PRI":847.8065,"QAT":108.08428,"ROU":844.87256,"RUS":554.1608,"RWA":1861.8599,"VCT":1026.4663,"WSM":2186.9854,"STP":1678.7772,"SAU":65.281334,"SEN":580.7661,"SRB":848.6019,"SYC":1136.3313,"SLE":2663.8975,"SVK":874.2211,"SVN":1274.543,"SLB":3855.2231,"SOM":309.911,"ZAF":712.51184,"SGS":1534.835,"KOR":1269.4896,"SSD":1363.522,"ESP":726.8619,"LKA":1401.8927,"SDN":241.23222,"SUR":1675.8253,"SWE":595.46344,"CHE":1429.2737,"SYR":266.92786,"TJK":702.207,"TZA":1163.2244,"THA":1834.2238,"TGO":1461.5833,"TTO":1216.5654,"TUN":375.9355,"TUR":797.5973,"TKM":214.61034,"UGA":1991.6615,"UKR":710.85675,"ARE":78.239655,"GBR":886.348,"USA":724.3893,"VIR":735.61194,"URY":1216.4678,"UZB":256.01895,"VUT":2491.627,"VEN":2139.0078,"VNM":1938.4912,"YEM":146.78622,"ZMB":1268.2917,"ZWE":800.54224}