{"AFG":375.40482,"ALB":1143.9727,"DZA":65.276245,"ASM":2177.6084,"AND":1117.4489,"AGO":1128.4703,"AIA":836.59937,"ATG":890.27783,"ARG":825.66394,"ARM":912.70557,"AUS":453.03998,"AUT":1108.7925,"AZE":640.34784,"BHS":1012.862,"BHR":84.15985,"BGD":2113.0957,"BLR":822.8509,"BEL":912.08264,"BLZ":1518.7677,"BEN":922.4576,"BTN":3255.9353,"BOL":1666.4608,"BIH":1252.6027,"BWA":589.407,"BRA":1930.3153,"BRN":3338.2231,"BGR":726.58264,"BFA":597.2446,"BDI":2268.3035,"KHM":1558.6998,"CMR":1705.8661,"CAN":669.22833,"CPV":45.66766,"CYM":1112.9723,"CAF":1420.0292,"TCD":365.45157,"CHL":1512.155,"CHN":846.05316,"COL":3345.6208,"COM":1342.3668,"COG":1803.0892,"COK":1884.8667,"CRI":2956.6301,"CIV":1254.6161,"HRV":1124.0015,"CUB":1087.6389,"CYP":369.75708,"CZE":879.0015,"COD":2047.2275,"DNK":775.9666,"DJI":435.61642,"DOM":1147.6832,"TLS":1502.9669,"ECU":2762.6956,"EGY":8.079883,"SLV":1240.7783,"GNQ":3111.0552,"ERI":499.12354,"EST":805.0817,"SWZ":1129.68,"ETH":1340.1573,"FLK":607.97906,"FRO":978.9539,"FJI":2351.4924,"FIN":747.368,"FRA":1195.6394,"PYF":1511.9136,"GAB":2207.8057,"GMB":551.20483,"GEO":1270.4828,"DEU":919.3614,"GHA":1057.6058,"GRC":541.6989,"GRL":390.5379,"GTM":1571.4718,"GIN":1732.5073,"GNB":1074.7698,"GUY":1749.6168,"HTI":1136.8501,"HMD":1233.7189,"HND":1474.1725,"HKG":1487.7751,"HUN":680.19226,"ISL":1206.4536,"IND":1086.6967,"IDN":2910.392,"IRN":308.77878,"IRQ":202.77803,"IRL":1061.8556,"IMN":1066.2098,"ISR":233.03078,"ITA":1062.1488,"JAM":1159.5945,"JPN":1807.4237,"JOR":69.78564,"KAZ":314.87552,"KEN":1175.5012,"KIR":638.5174,"KWT":114.034645,"KGZ":835.7833,"LAO":2025.3358,"LVA":778.4061,"LBN":715.5758,"LSO":1169.9839,"LBR":2226.1365,"LBY":14.50752,"LTU":796.4095,"LUX":939.39087,"MDG":1550.177,"MWI":1466.1649,"MYS":2688.164,"MLI":268.78568,"MRT":49.167503,"MUS":1198.0718,"MEX":722.65424,"MDA":586.08075,"MNG":298.68304,"MNE":1625.2085,"MAR":312.29956,"MOZ":967.3041,"MMR":2339.0684,"NAM":354.6922,"NPL":1787.434,"NLD":880.04736,"NCL":1126.0509,"NZL":1470.8995,"NIC":1454.4858,"NER":123.81427,"NGA":989.7715,"PRK":872.1012,"MKD":622.4548,"NOR":1002.4886,"OMN":80.23804,"PAK":438.5513,"PSE":333.64246,"PAN":2877.7603,"PNG":4088.9456,"PRY":1318.0055,"PER":2109.8757,"PHL":2541.062,"POL":841.1916,"PRT":1002.9828,"PRI":1019.32227,"QAT":67.521286,"ROU":799.8785,"RUS":608.45593,"RWA":1980.7548,"VCT":1161.7737,"WSM":2273.7212,"STP":1458.89,"SAU":73.02094,"SEN":454.2583,"SRB":776.02563,"SYC":1443.3726,"SLE":2577.1853,"SVK":881.65576,"SVN":1312.9957,"SLB":3906.7937,"SOM":487.3843,"ZAF":617.6558,"SGS":1479.7795,"KOR":1095.262,"SSD":1268.108,"ESP":787.0479,"LKA":1726.7202,"SDN":273.4789,"SUR":1546.4326,"SWE":787.59393,"CHE":1817.0195,"SYR":230.92947,"TJK":703.1065,"TZA":1426.8468,"THA":1485.1339,"TGO":1104.7123,"TTO":1281.3627,"TUN":171.28658,"TUR":634.18756,"TKM":165.39784,"UGA":1964.7164,"UKR":776.2266,"ARE":51.232357,"GBR":1002.97565,"USA":825.2596,"VIR":946.75446,"URY":1547.4977,"UZB":227.6,"VUT":1803.9167,"VEN":2115.1177,"VNM":1815.3829,"YEM":296.77402,"ZMB":1228.1874,"ZWE":956.1305}