{"AFG":336.64066,"ALB":1482.7367,"DZA":58.536934,"ASM":3180.9512,"AND":958.17944,"AGO":1044.6251,"AIA":806.56055,"ATG":865.9706,"ARG":832.4155,"ARM":918.6867,"AUS":504.70853,"AUT":1103.405,"AZE":676.1521,"BHS":1020.909,"BHR":25.313377,"BGD":1908.7262,"BLR":767.59326,"BEL":844.6158,"BLZ":1782.6306,"BEN":1247.8887,"BTN":2593.6023,"BOL":1615.1648,"BIH":1306.9382,"BWA":524.52954,"BRA":1896.1122,"BRN":3050.562,"BGR":795.51245,"BFA":785.7732,"BDI":2271.3142,"KHM":1915.1616,"CMR":1887.3042,"CAN":630.9155,"CPV":140.41245,"CYM":1227.0432,"CAF":1556.3495,"TCD":372.59985,"CHL":1330.0145,"CHN":799.4146,"COL":3570.104,"COM":1606.8055,"COG":1588.155,"COK":1964.2449,"CRI":3535.5447,"CIV":1389.4498,"HRV":1109.0027,"CUB":1256.4153,"CYP":420.7697,"CZE":766.7546,"COD":1972.8549,"DNK":743.5922,"DJI":322.39804,"DOM":1234.3994,"TLS":2127.1309,"ECU":2657.9353,"EGY":7.8704348,"SLV":1560.7024,"GNQ":2950.7424,"ERI":506.57986,"EST":863.69226,"SWZ":1023.5346,"ETH":1166.9193,"FLK":654.26746,"FRO":991.3285,"FJI":2121.043,"FIN":560.6099,"FRA":1107.1968,"PYF":1277.9469,"GAB":1832.8348,"GMB":987.2933,"GEO":1479.5702,"DEU":881.4935,"GHA":1193.3804,"GRC":871.8423,"GRL":407.89264,"GTM":1988.2747,"GIN":2068.9668,"GNB":1604.7526,"GUY":1983.2186,"HTI":1165.2007,"HMD":1204.4468,"HND":1775.7799,"HKG":2357.4365,"HUN":637.0939,"ISL":1262.7815,"IND":1133.4935,"IDN":3429.7769,"IRN":256.92218,"IRQ":141.72987,"IRL":1043.0022,"IMN":1058.5051,"ISR":171.23375,"ITA":1123.7125,"JAM":1214.2704,"JPN":1573.8009,"JOR":39.57642,"KAZ":375.23083,"KEN":963.6607,"KIR":467.03912,"KWT":109.525,"KGZ":800.3922,"LAO":2468.562,"LVA":924.3399,"LBN":597.4404,"LSO":1108.3717,"LBR":2453.3315,"LBY":29.643501,"LTU":848.4448,"LUX":879.03357,"MDG":1302.2764,"MWI":1882.153,"MYS":2559.025,"MLI":350.35974,"MRT":71.13623,"MUS":869.5007,"MEX":907.09753,"MDA":759.0176,"MNG":254.73997,"MNE":1961.7917,"MAR":269.3883,"MOZ":1207.6763,"MMR":2337.2761,"NAM":309.12988,"NPL":1989.4768,"NLD":749.0724,"NCL":1124.744,"NZL":1469.8097,"NIC":1764.078,"NER":143.35262,"NGA":1195.8898,"PRK":1225.0363,"MKD":780.57745,"NOR":1044.3998,"OMN":43.327324,"PAK":473.38538,"PSE":244.5143,"PAN":3476.7605,"PNG":3907.5437,"PRY":1078.3389,"PER":2149.2078,"PHL":2760.269,"POL":796.6489,"PRT":950.4775,"PRI":1114.9397,"QAT":20.325745,"ROU":894.74615,"RUS":618.84906,"RWA":1934.6422,"VCT":1052.8536,"WSM":3754.928,"STP":1220.3536,"SAU":44.178696,"SEN":635.6233,"SRB":802.5742,"SYC":1350.7583,"SLE":2737.1829,"SVK":827.5089,"SVN":1413.2673,"SLB":2952.985,"SOM":327.5674,"ZAF":502.66388,"SGS":1609.2253,"KOR":1242.1274,"SSD":1372.2448,"ESP":646.4602,"LKA":1789.4185,"SDN":288.41608,"SUR":1733.5808,"SWE":689.45825,"CHE":1691.6127,"SYR":182.01668,"TJK":687.6396,"TZA":1390.3268,"THA":1842.2145,"TGO":1430.2032,"TTO":1410.2764,"TUN":194.33199,"TUR":731.0029,"TKM":217.1827,"UGA":1982.1456,"UKR":740.443,"ARE":31.865864,"GBR":985.89,"USA":819.33777,"VIR":976.80853,"URY":1261.8383,"UZB":307.4719,"VUT":1479.9537,"VEN":2359.803,"VNM":2333.947,"YEM":178.57562,"ZMB":1553.4126,"ZWE":1014.8608}