{"AFG":395.56918,"ALB":1640.7605,"DZA":88.61603,"ASM":1994.833,"AND":1107.8053,"AGO":1169.9357,"AIA":990.4995,"ATG":1174.6693,"ARG":861.7682,"ARM":931.0395,"AUS":443.9052,"AUT":1334.4637,"AZE":623.72614,"BHS":1033.663,"BHR":72.45636,"BGD":1893.039,"BLR":678.53357,"BEL":958.4618,"BLZ":2008.5636,"BEN":1187.7031,"BTN":3036.0295,"BOL":1475.4342,"BIH":1254.4996,"BWA":357.63586,"BRA":1860.8085,"BRN":3114.182,"BGR":903.7979,"BFA":720.9348,"BDI":2101.4453,"KHM":1763.214,"CMR":1922.8794,"CAN":650.62085,"CPV":136.2027,"CYM":1229.6658,"CAF":1730.1808,"TCD":381.3126,"CHL":1508.5865,"CHN":820.329,"COL":3459.311,"COM":1430.2089,"COG":1772.6072,"COK":1463.3846,"CRI":3670.4429,"CIV":1626.5793,"HRV":1168.5752,"CUB":1163.4817,"CYP":408.01285,"CZE":879.65424,"COD":2062.8127,"DNK":858.6317,"DJI":346.41272,"DOM":1607.8795,"TLS":1257.7461,"ECU":2656.8242,"EGY":11.01062,"SLV":1743.9633,"GNQ":2902.1792,"ERI":485.0696,"EST":743.5506,"SWZ":832.2508,"ETH":1239.4711,"FLK":625.7606,"FRO":1161.627,"FJI":2176.1624,"FIN":740.5514,"FRA":1256.1045,"PYF":1598.0504,"GAB":2126.9443,"GMB":850.4946,"GEO":1304.2721,"DEU":909.35535,"GHA":1396.6794,"GRC":973.5272,"GRL":383.45795,"GTM":2185.5527,"GIN":2271.1858,"GNB":1665.9927,"GUY":1919.2478,"HTI":1234.8271,"HMD":1341.7816,"HND":1994.9176,"HKG":1815.488,"HUN":716.1459,"ISL":1254.623,"IND":958.54034,"IDN":3041.806,"IRN":305.66907,"IRQ":188.35823,"IRL":1145.9551,"IMN":1079.7749,"ISR":220.49046,"ITA":1212.8047,"JAM":1316.3131,"JPN":2027.541,"JOR":75.092514,"KAZ":362.48972,"KEN":961.6389,"KIR":685.276,"KWT":134.62546,"KGZ":816.90045,"LAO":2013.9723,"LVA":714.3439,"LBN":533.34546,"LSO":1094.2819,"LBR":2668.8748,"LBY":20.857563,"LTU":732.4183,"LUX":1009.2906,"MDG":1339.6322,"MWI":1444.4854,"MYS":2689.472,"MLI":323.51816,"MRT":94.135475,"MUS":1175.0798,"MEX":747.0794,"MDA":688.155,"MNG":295.64713,"MNE":2144.5747,"MAR":341.8311,"MOZ":808.7936,"MMR":2081.9768,"NAM":324.70493,"NPL":1774.0698,"NLD":911.1234,"NCL":1285.9701,"NZL":1737.6168,"NIC":1817.8062,"NER":88.99519,"NGA":1224.2286,"PRK":1332.5338,"MKD":876.8596,"NOR":1118.3044,"OMN":37.232044,"PAK":450.2803,"PSE":344.61462,"PAN":3401.62,"PNG":3590.259,"PRY":1546.4647,"PER":1889.9342,"PHL":2446.055,"POL":736.06433,"PRT":1033.453,"PRI":1658.4785,"QAT":124.69621,"ROU":940.3131,"RUS":592.43726,"RWA":1705.9352,"VCT":1194.5286,"WSM":2231.3325,"STP":1344.8057,"SAU":58.20592,"SEN":621.48975,"SRB":785.65515,"SYC":1198.0667,"SLE":2864.371,"SVK":891.61145,"SVN":1480.9099,"SLB":3620.0012,"SOM":378.73315,"ZAF":498.27725,"SGS":1642.8861,"KOR":1373.8342,"SSD":1404.0432,"ESP":801.50366,"LKA":1642.6182,"SDN":332.86646,"SUR":1880.0187,"SWE":786.7791,"CHE":1757.7942,"SYR":238.49506,"TJK":687.54913,"TZA":1356.5721,"THA":1551.2604,"TGO":1437.3788,"TTO":1498.9305,"TUN":264.262,"TUR":778.43005,"TKM":208.72227,"UGA":1873.5657,"UKR":656.7888,"ARE":47.846573,"GBR":1078.2223,"USA":858.9985,"VIR":1461.4335,"URY":853.5785,"UZB":266.34515,"VUT":1789.101,"VEN":2299.449,"VNM":2039.0342,"YEM":154.11627,"ZMB":1190.6381,"ZWE":601.4243}