{"AFG":414.62546,"ALB":1536.8488,"DZA":90.29178,"ASM":2060.4,"AND":1077.1694,"AGO":888.47595,"AIA":647.3989,"ATG":661.7832,"ARG":848.9574,"ARM":809.6958,"AUS":411.9969,"AUT":1280.2411,"AZE":691.917,"BHS":985.7655,"BHR":38.754463,"BGD":1986.829,"BLR":888.95795,"BEL":946.0902,"BLZ":1805.1133,"BEN":1265.7308,"BTN":2625.0918,"BOL":1644.9147,"BIH":1310.0889,"BWA":371.90823,"BRA":1810.6476,"BRN":3182.5845,"BGR":799.6336,"BFA":711.08014,"BDI":1992.0001,"KHM":2042.4688,"CMR":2107.5432,"CAN":664.9655,"CPV":238.50034,"CYM":1008.77954,"CAF":1895.036,"TCD":430.8443,"CHL":1719.7108,"CHN":844.50415,"COL":3109.06,"COM":1800.0398,"COG":1814.5272,"COK":1640.6688,"CRI":3313.6577,"CIV":1543.2365,"HRV":1276.0618,"CUB":1046.259,"CYP":312.15002,"CZE":826.1273,"COD":1930.9326,"DNK":921.85364,"DJI":148.08162,"DOM":1177.9033,"TLS":1475.9275,"ECU":2783.84,"EGY":11.727553,"SLV":1397.5011,"GNQ":3133.5115,"ERI":320.18594,"EST":755.54834,"SWZ":784.0895,"ETH":1005.35095,"FLK":795.03723,"FRO":994.45276,"FJI":2195.4985,"FIN":613.9058,"FRA":1136.2119,"PYF":1702.5144,"GAB":2216.4834,"GMB":677.10144,"GEO":1306.6653,"DEU":935.98303,"GHA":1397.4246,"GRC":867.6612,"GRL":403.0836,"GTM":1902.0715,"GIN":2003.6316,"GNB":1275.1442,"GUY":1761.7048,"HTI":1002.68085,"HMD":1316.6685,"HND":1791.3623,"HKG":1508.6699,"HUN":796.4727,"ISL":1237.7809,"IND":1143.8743,"IDN":2956.2598,"IRN":311.07227,"IRQ":251.08969,"IRL":1193.266,"IMN":1167.9868,"ISR":264.5361,"ITA":1044.5751,"JAM":1040.9546,"JPN":2037.9023,"JOR":113.28483,"KAZ":339.5305,"KEN":648.8412,"KIR":535.85626,"KWT":157.65976,"KGZ":903.325,"LAO":2101.9578,"LVA":837.4401,"LBN":676.58325,"LSO":860.4908,"LBR":2748.9365,"LBY":23.217613,"LTU":894.02106,"LUX":978.3155,"MDG":1365.4158,"MWI":1438.7571,"MYS":2706.1306,"MLI":312.2327,"MRT":75.12675,"MUS":1402.237,"MEX":795.90186,"MDA":862.87305,"MNG":262.1371,"MNE":1774.6989,"MAR":300.94125,"MOZ":879.6214,"MMR":2231.8406,"NAM":266.92194,"NPL":1828.9625,"NLD":870.9138,"NCL":1188.8271,"NZL":1701.5326,"NIC":1788.1438,"NER":104.63623,"NGA":1319.8157,"PRK":934.1672,"MKD":814.6984,"NOR":1009.5055,"OMN":12.504421,"PAK":438.0656,"PSE":407.06723,"PAN":2908.178,"PNG":3647.1484,"PRY":1627.7185,"PER":1942.1477,"PHL":2670.1836,"POL":884.56213,"PRT":607.90924,"PRI":1031.2755,"QAT":30.819893,"ROU":1001.06146,"RUS":578.09766,"RWA":1655.6498,"VCT":1081.7756,"WSM":2434.885,"STP":1550.5181,"SAU":47.639084,"SEN":545.59186,"SRB":862.32935,"SYC":1402.8981,"SLE":3191.433,"SVK":937.29486,"SVN":1494.8,"SLB":3470.876,"SOM":233.49657,"ZAF":468.26483,"SGS":1669.8367,"KOR":1510.5745,"SSD":1337.0641,"ESP":600.00256,"LKA":1309.167,"SDN":281.18225,"SUR":1632.9246,"SWE":713.30853,"CHE":1650.4747,"SYR":284.3202,"TJK":743.46564,"TZA":1154.3004,"THA":1735.4636,"TGO":1574.1373,"TTO":1365.3375,"TUN":240.82979,"TUR":749.563,"TKM":211.27293,"UGA":1608.38,"UKR":842.6077,"ARE":20.980955,"GBR":1087.3555,"USA":812.5183,"VIR":912.30396,"URY":1487.4153,"UZB":268.68088,"VUT":1848.2725,"VEN":2022.8354,"VNM":2335.8813,"YEM":118.893936,"ZMB":1038.4952,"ZWE":691.0557}