{"AFG":404.09573,"ALB":1477.3358,"DZA":52.109463,"ASM":2556.7493,"AND":1110.8589,"AGO":974.2924,"AIA":1067.3733,"ATG":1029.4304,"ARG":840.73517,"ARM":1028.7635,"AUS":524.84894,"AUT":1274.2933,"AZE":779.9856,"BHS":795.06647,"BHR":17.778397,"BGD":1906.6934,"BLR":760.93616,"BEL":1122.7472,"BLZ":1875.18,"BEN":1086.2334,"BTN":2439.2517,"BOL":1776.6676,"BIH":1336.931,"BWA":500.50916,"BRA":1715.693,"BRN":3272.7937,"BGR":761.03436,"BFA":715.0978,"BDI":2183.6567,"KHM":1897.1932,"CMR":1948.3031,"CAN":645.5379,"CPV":100.82968,"CYM":959.21136,"CAF":1675.8782,"TCD":357.04822,"CHL":1548.3491,"CHN":873.2748,"COL":3467.9824,"COM":1348.9766,"COG":1679.4011,"COK":2166.2598,"CRI":3793.8083,"CIV":1292.0444,"HRV":1149.5829,"CUB":890.48364,"CYP":465.6614,"CZE":989.8693,"COD":1897.4332,"DNK":877.84924,"DJI":261.07925,"DOM":1348.7477,"TLS":1904.7338,"ECU":2765.8916,"EGY":5.639634,"SLV":1611.012,"GNQ":3030.166,"ERI":375.32538,"EST":942.47125,"SWZ":868.64935,"ETH":1109.15,"FLK":772.8484,"FRO":1145.7233,"FJI":2217.3281,"FIN":839.56616,"FRA":1307.4465,"PYF":1717.3679,"GAB":2064.3381,"GMB":758.506,"GEO":1396.5798,"DEU":1081.1852,"GHA":1167.7194,"GRC":834.95044,"GRL":375.1913,"GTM":2093.4243,"GIN":2000.8586,"GNB":1422.6727,"GUY":2149.2727,"HTI":1099.5787,"HMD":1312.2253,"HND":1751.3073,"HKG":1709.4669,"HUN":649.91815,"ISL":1288.7236,"IND":1025.6759,"IDN":3120.4026,"IRN":276.57385,"IRQ":205.3876,"IRL":1115.3302,"IMN":1236.0859,"ISR":176.3465,"ITA":996.1216,"JAM":1190.789,"JPN":1727.9944,"JOR":49.293907,"KAZ":376.33228,"KEN":862.56885,"KIR":350.2121,"KWT":85.95597,"KGZ":1069.8893,"LAO":2534.9458,"LVA":943.94,"LBN":644.9047,"LSO":1009.0508,"LBR":2416.3076,"LBY":16.110662,"LTU":888.1825,"LUX":1131.3623,"MDG":1378.5026,"MWI":1266.782,"MYS":2563.0076,"MLI":294.7245,"MRT":78.96223,"MUS":1294.7788,"MEX":1026.18,"MDA":795.13,"MNG":304.64706,"MNE":1732.6566,"MAR":204.9487,"MOZ":902.28644,"MMR":2371.9954,"NAM":189.79599,"NPL":2017.9916,"NLD":937.9742,"NCL":1391.6769,"NZL":1519.6124,"NIC":1877.3672,"NER":83.96699,"NGA":1129.2245,"PRK":1158.8702,"MKD":871.08026,"NOR":1067.2012,"OMN":19.824833,"PAK":465.13965,"PSE":270.99835,"PAN":3675.3198,"PNG":3807.6362,"PRY":1394.1246,"PER":2271.4502,"PHL":2546.269,"POL":891.26276,"PRT":725.71533,"PRI":1399.7625,"QAT":22.71332,"ROU":944.28503,"RUS":588.9128,"RWA":1864.4694,"VCT":1296.9628,"WSM":2876.367,"STP":1626.1874,"SAU":43.723446,"SEN":538.3519,"SRB":880.7517,"SYC":1256.5243,"SLE":2886.2239,"SVK":878.6415,"SVN":1236.1888,"SLB":3048.851,"SOM":356.86108,"ZAF":596.192,"SGS":1635.1129,"KOR":1387.6838,"SSD":1230.5676,"ESP":607.28046,"LKA":1402.6926,"SDN":253.47353,"SUR":2005.5042,"SWE":788.44293,"CHE":2020.462,"SYR":274.74384,"TJK":842.4141,"TZA":1138.0708,"THA":1676.2552,"TGO":1362.1171,"TTO":1660.5085,"TUN":143.44849,"TUR":830.9538,"TKM":250.75644,"UGA":1848.9087,"UKR":795.9805,"ARE":15.142868,"GBR":1085.6637,"USA":842.5526,"VIR":1258.5411,"URY":1266.7982,"UZB":329.1864,"VUT":1789.5056,"VEN":2331.0781,"VNM":2420.8384,"YEM":160.15668,"ZMB":1050.807,"ZWE":859.41473}