{"AFG":499.8618,"ALB":1025.5452,"DZA":88.22629,"ASM":1900.1998,"AND":1104.4407,"AGO":1105.6456,"AIA":901.6237,"ATG":948.102,"ARG":869.18634,"ARM":1013.81433,"AUS":400.80215,"AUT":1158.5198,"AZE":818.9574,"BHS":764.16583,"BHR":127.89154,"BGD":1640.8961,"BLR":713.6393,"BEL":889.43146,"BLZ":1843.9365,"BEN":1104.9224,"BTN":2931.747,"BOL":1699.9589,"BIH":1037.4285,"BWA":430.8852,"BRA":1797.605,"BRN":2462.2212,"BGR":776.0981,"BFA":621.63153,"BDI":2070.0024,"KHM":1716.6798,"CMR":2011.0542,"CAN":642.1323,"CPV":156.62692,"CYM":763.7758,"CAF":1650.743,"TCD":298.05933,"CHL":1566.1003,"CHN":860.5693,"COL":3266.538,"COM":1399.5,"COG":1747.6477,"COK":1070.8999,"CRI":2942.7893,"CIV":1268.2695,"HRV":1036.9141,"CUB":945.158,"CYP":314.59958,"CZE":656.8697,"COD":1954.371,"DNK":761.9641,"DJI":361.51334,"DOM":1098.3956,"TLS":1327.4945,"ECU":3443.8904,"EGY":14.325421,"SLV":1486.2675,"GNQ":3069.555,"ERI":464.49564,"EST":659.9613,"SWZ":662.0545,"ETH":1119.0774,"FLK":656.8653,"FRO":1200.184,"FJI":2737.7224,"FIN":672.37134,"FRA":1179.8727,"PYF":1557.2312,"GAB":2076.3835,"GMB":688.38806,"GEO":1367.3959,"DEU":799.5167,"GHA":1163.8093,"GRC":805.9509,"GRL":368.02145,"GTM":1895.0359,"GIN":1855.0798,"GNB":1366.6249,"GUY":1856.4064,"HTI":817.8531,"HMD":1291.9082,"HND":1613.7991,"HKG":1925.4255,"HUN":665.10675,"ISL":1428.5283,"IND":978.02734,"IDN":2613.0273,"IRN":365.0214,"IRQ":267.04248,"IRL":1197.0775,"IMN":1155.3354,"ISR":216.43399,"ITA":986.23615,"JAM":847.95337,"JPN":1796.385,"JOR":114.14329,"KAZ":327.68103,"KEN":878.7187,"KIR":1835.7114,"KWT":138.09332,"KGZ":852.93066,"LAO":2170.936,"LVA":657.6494,"LBN":582.9163,"LSO":942.9965,"LBR":2217.0642,"LBY":31.320494,"LTU":645.8339,"LUX":844.75037,"MDG":1685.2535,"MWI":1579.3363,"MYS":2396.05,"MLI":242.10583,"MRT":41.575226,"MUS":1432.1827,"MEX":775.30524,"MDA":588.2492,"MNG":276.73636,"MNE":1214.8173,"MAR":306.0622,"MOZ":923.8528,"MMR":2366.3384,"NAM":287.18015,"NPL":1716.784,"NLD":776.65894,"NCL":1266.7146,"NZL":1501.0476,"NIC":1850.3484,"NER":70.71256,"NGA":1074.134,"PRK":1064.961,"MKD":699.83185,"NOR":1178.0753,"OMN":98.26605,"PAK":508.64795,"PSE":341.41003,"PAN":2821.968,"PNG":3130.5334,"PRY":1626.1631,"PER":2325.7349,"PHL":2411.5898,"POL":581.946,"PRT":617.55255,"PRI":994.5573,"QAT":170.37198,"ROU":774.3741,"RUS":605.3161,"RWA":1748.8782,"VCT":1067.4429,"WSM":2399.4138,"STP":1512.5189,"SAU":104.25926,"SEN":481.43448,"SRB":674.9237,"SYC":1745.1584,"SLE":2493.4702,"SVK":739.1722,"SVN":1361.8516,"SLB":3320.4414,"SOM":411.1437,"ZAF":465.78067,"SGS":1710.2933,"KOR":1097.7358,"SSD":1166.0574,"ESP":643.1021,"LKA":1463.1935,"SDN":224.02063,"SUR":1604.8177,"SWE":717.06586,"CHE":1707.0967,"SYR":277.05927,"TJK":709.1086,"TZA":1325.9762,"THA":1607.8159,"TGO":1456.0997,"TTO":1532.5223,"TUN":270.6686,"TUR":645.06274,"TKM":186.25551,"UGA":1826.291,"UKR":603.3373,"ARE":123.99787,"GBR":1106.2943,"USA":933.30396,"VIR":1059.1774,"URY":1419.3899,"UZB":229.43132,"VUT":2480.2634,"VEN":2124.8733,"VNM":2018.4648,"YEM":189.04704,"ZMB":1132.0369,"ZWE":533.15796}