{"AFG":370.81726,"ALB":1044.4484,"DZA":35.039722,"ASM":1703.7296,"AND":800.7784,"AGO":1083.6991,"AIA":952.693,"ATG":836.4887,"ARG":832.0623,"ARM":964.77924,"AUS":505.4971,"AUT":1101.7253,"AZE":607.8615,"BHS":1212.2975,"BHR":77.11315,"BGD":2644.5444,"BLR":713.13477,"BEL":853.33984,"BLZ":1819.5739,"BEN":863.32874,"BTN":3153.9658,"BOL":1512.0024,"BIH":999.6993,"BWA":408.08093,"BRA":1821.34,"BRN":2972.5188,"BGR":728.08777,"BFA":488.01517,"BDI":1951.3966,"KHM":1814.7059,"CMR":1655.387,"CAN":655.0226,"CPV":82.50277,"CYM":1021.08575,"CAF":1505.0552,"TCD":236.36136,"CHL":1467.2847,"CHN":918.1542,"COL":3187.3306,"COM":1620.185,"COG":1495.2848,"COK":1177.1718,"CRI":2749.3594,"CIV":1083.3563,"HRV":809.0194,"CUB":1185.0962,"CYP":355.81714,"CZE":700.51764,"COD":1765.5889,"DNK":812.52594,"DJI":256.65845,"DOM":1189.0321,"TLS":1824.1791,"ECU":4221.091,"EGY":10.221658,"SLV":1255.6996,"GNQ":2619.5562,"ERI":371.42285,"EST":800.89105,"SWZ":690.2131,"ETH":1093.1946,"FLK":585.10065,"FRO":1103.3469,"FJI":1862.8734,"FIN":747.1201,"FRA":1079.2809,"PYF":1771.6085,"GAB":1802.3762,"GMB":664.10565,"GEO":1476.243,"DEU":873.38995,"GHA":872.44946,"GRC":714.67615,"GRL":449.3127,"GTM":1893.0894,"GIN":1675.7924,"GNB":1319.3296,"GUY":1721.594,"HTI":963.302,"HMD":1282.0873,"HND":1546.0613,"HKG":2385.0945,"HUN":563.7466,"ISL":1484.4181,"IND":1229.5223,"IDN":3132.2783,"IRN":233.04352,"IRQ":168.88687,"IRL":1084.6656,"IMN":968.5087,"ISR":233.77066,"ITA":876.9039,"JAM":978.8393,"JPN":1791.0332,"JOR":65.047005,"KAZ":348.81686,"KEN":777.3723,"KIR":1848.444,"KWT":85.26181,"KGZ":869.0225,"LAO":1969.7234,"LVA":832.3184,"LBN":673.49774,"LSO":1029.676,"LBR":2074.5803,"LBY":19.517279,"LTU":807.76025,"LUX":909.35425,"MDG":1419.3966,"MWI":1274.9658,"MYS":2573.752,"MLI":213.9889,"MRT":31.95505,"MUS":1102.0901,"MEX":900.4143,"MDA":468.4711,"MNG":298.01788,"MNE":1346.1454,"MAR":222.32161,"MOZ":783.4109,"MMR":2525.5425,"NAM":256.4633,"NPL":1808.0684,"NLD":847.8659,"NCL":1047.6172,"NZL":1664.9011,"NIC":1498.6084,"NER":55.697903,"NGA":866.4142,"PRK":1137.0537,"MKD":804.40485,"NOR":1379.1045,"OMN":177.41962,"PAK":520.55695,"PSE":375.59717,"PAN":2935.055,"PNG":3802.5806,"PRY":1832.9734,"PER":2173.5522,"PHL":2127.4023,"POL":719.32965,"PRT":798.1362,"PRI":1180.0232,"QAT":63.267754,"ROU":724.9616,"RUS":606.8693,"RWA":1587.8832,"VCT":1149.1089,"WSM":2014.6298,"STP":1003.3154,"SAU":82.1676,"SEN":391.2395,"SRB":671.8011,"SYC":1991.4948,"SLE":2348.7126,"SVK":743.24133,"SVN":971.54755,"SLB":3398.2595,"SOM":279.97833,"ZAF":469.90793,"SGS":1603.1958,"KOR":1292.6945,"SSD":1226.5629,"ESP":609.72266,"LKA":1247.8131,"SDN":187.59782,"SUR":1289.8694,"SWE":782.2264,"CHE":1681.6212,"SYR":226.17117,"TJK":679.6611,"TZA":1129.234,"THA":1575.5125,"TGO":1118.378,"TTO":1493.4058,"TUN":151.28033,"TUR":762.8634,"TKM":139.62395,"UGA":1831.4495,"UKR":614.4134,"ARE":138.67714,"GBR":1012.6398,"USA":931.55786,"VIR":1219.4194,"URY":1337.8915,"UZB":223.2855,"VUT":1457.0881,"VEN":2043.4902,"VNM":2081.2373,"YEM":254.03177,"ZMB":1050.3405,"ZWE":562.4314}