{"AFG":335.5672,"ALB":1111.153,"DZA":62.85148,"ASM":2511.9324,"AND":936.842,"AGO":1177.4454,"AIA":981.8783,"ATG":875.0744,"ARG":1028.6696,"ARM":858.2831,"AUS":554.8835,"AUT":1088.957,"AZE":652.05756,"BHS":888.2018,"BHR":44.023514,"BGD":2247.1401,"BLR":724.78064,"BEL":1013.3989,"BLZ":1761.7793,"BEN":1047.6333,"BTN":3254.9004,"BOL":1627.2355,"BIH":1275.0046,"BWA":313.8612,"BRA":1894.9504,"BRN":3420.1377,"BGR":741.9674,"BFA":600.25604,"BDI":2056.817,"KHM":1739.0144,"CMR":1867.1614,"CAN":666.66565,"CPV":114.17404,"CYM":734.5333,"CAF":1536.7673,"TCD":245.40018,"CHL":1533.7515,"CHN":853.62146,"COL":3457.5085,"COM":1382.6609,"COG":1764.3257,"COK":1644.0983,"CRI":2989.3806,"CIV":1526.5349,"HRV":1177.127,"CUB":936.87854,"CYP":397.52615,"CZE":798.3683,"COD":1824.324,"DNK":780.83673,"DJI":201.40767,"DOM":1143.1741,"TLS":1987.2959,"ECU":3053.6968,"EGY":7.2684746,"SLV":1530.1614,"GNQ":3330.5034,"ERI":274.0535,"EST":780.85626,"SWZ":1162.3113,"ETH":903.0667,"FLK":660.67834,"FRO":1042.6921,"FJI":2222.423,"FIN":717.2837,"FRA":1208.9622,"PYF":1720.6776,"GAB":2341.2449,"GMB":611.20966,"GEO":1138.6963,"DEU":911.213,"GHA":1310.5448,"GRC":711.2961,"GRL":475.57477,"GTM":2062.5269,"GIN":1842.6908,"GNB":1285.2013,"GUY":1932.1992,"HTI":972.12524,"HMD":1244.5964,"HND":1604.4282,"HKG":1719.2712,"HUN":676.807,"ISL":1400.32,"IND":1084.9587,"IDN":3504.0469,"IRN":282.80786,"IRQ":202.61543,"IRL":1058.6294,"IMN":1062.6163,"ISR":208.31076,"ITA":1098.557,"JAM":995.47455,"JPN":1375.1718,"JOR":70.14761,"KAZ":300.26773,"KEN":622.1939,"KIR":385.9005,"KWT":128.31757,"KGZ":844.4292,"LAO":2088.619,"LVA":762.3872,"LBN":609.6547,"LSO":923.86884,"LBR":2632.1558,"LBY":25.32058,"LTU":744.72675,"LUX":1040.5405,"MDG":1695.655,"MWI":1472.1154,"MYS":3250.5344,"MLI":256.97437,"MRT":60.31886,"MUS":809.66345,"MEX":1044.81,"MDA":723.65125,"MNG":345.84055,"MNE":1561.4155,"MAR":244.72993,"MOZ":967.70526,"MMR":2506.0046,"NAM":258.5282,"NPL":2064.5156,"NLD":954.2629,"NCL":1506.0447,"NZL":1577.0276,"NIC":1567.9705,"NER":44.45725,"NGA":1038.1937,"PRK":1277.1215,"MKD":635.5756,"NOR":1050.864,"OMN":7.0038333,"PAK":433.38754,"PSE":329.22955,"PAN":3286.8203,"PNG":3737.06,"PRY":1585.9019,"PER":2378.6196,"PHL":2794.7227,"POL":725.816,"PRT":826.9487,"PRI":1110.7705,"QAT":36.02173,"ROU":883.8787,"RUS":583.5699,"RWA":1608.9982,"VCT":1169.2734,"WSM":2815.5435,"STP":1624.2266,"SAU":56.45629,"SEN":471.09677,"SRB":745.766,"SYC":1250.0818,"SLE":2452.2544,"SVK":863.97095,"SVN":1405.744,"SLB":3443.6948,"SOM":262.8252,"ZAF":463.57574,"SGS":1486.7612,"KOR":1274.0104,"SSD":1110.8477,"ESP":720.42834,"LKA":2058.0203,"SDN":185.40916,"SUR":1897.228,"SWE":802.41473,"CHE":1602.0969,"SYR":226.57639,"TJK":789.28046,"TZA":1241.6517,"THA":1578.9829,"TGO":1465.8721,"TTO":1431.7266,"TUN":239.39722,"TUR":627.76654,"TKM":182.1527,"UGA":1628.0463,"UKR":657.1636,"ARE":17.960102,"GBR":979.9922,"USA":864.93896,"VIR":1036.7336,"URY":1540.8926,"UZB":234.01903,"VUT":2156.707,"VEN":2107.3801,"VNM":2018.0068,"YEM":103.18984,"ZMB":1084.1653,"ZWE":683.14264}