{"AFG":314.26273,"ALB":1287.6998,"DZA":75.44889,"ASM":1971.1991,"AND":888.4335,"AGO":967.00507,"AIA":812.9816,"ATG":841.34863,"ARG":955.4524,"ARM":844.5866,"AUS":412.62817,"AUT":1220.7078,"AZE":561.4132,"BHS":900.3286,"BHR":34.475327,"BGD":1862.4915,"BLR":822.0782,"BEL":848.52057,"BLZ":1473.2064,"BEN":1130.4165,"BTN":3093.8132,"BOL":1607.3397,"BIH":1147.5328,"BWA":386.505,"BRA":2026.6416,"BRN":2906.8625,"BGR":643.5318,"BFA":634.46497,"BDI":2273.089,"KHM":1959.0658,"CMR":2088.8054,"CAN":647.6684,"CPV":163.0749,"CYM":732.3303,"CAF":1750.1841,"TCD":391.3636,"CHL":1525.5206,"CHN":883.4764,"COL":3189.912,"COM":1453.6246,"COG":1821.4215,"COK":1724.535,"CRI":2927.3582,"CIV":1484.1578,"HRV":1012.2737,"CUB":1040.5867,"CYP":378.41428,"CZE":797.41785,"COD":1934.603,"DNK":835.7512,"DJI":328.27835,"DOM":1126.5112,"TLS":1544.0514,"ECU":2559.7883,"EGY":27.493742,"SLV":1373.9169,"GNQ":3308.5264,"ERI":501.15036,"EST":820.37067,"SWZ":968.3585,"ETH":1248.5026,"FLK":611.5761,"FRO":919.8045,"FJI":2064.7466,"FIN":669.5835,"FRA":962.6571,"PYF":1495.3536,"GAB":2151.8298,"GMB":778.1998,"GEO":1261.9039,"DEU":847.6388,"GHA":1390.4478,"GRC":729.5583,"GRL":385.1228,"GTM":1696.4369,"GIN":1773.7957,"GNB":1353.6285,"GUY":1702.8044,"HTI":902.5371,"HMD":1263.8207,"HND":1491.0947,"HKG":2110.43,"HUN":700.00085,"ISL":1120.4813,"IND":1011.7491,"IDN":3206.6794,"IRN":235.19028,"IRQ":204.33746,"IRL":1157.617,"IMN":1126.0671,"ISR":200.21283,"ITA":925.50305,"JAM":935.5602,"JPN":1790.1427,"JOR":84.07623,"KAZ":336.49872,"KEN":816.512,"KIR":420.0382,"KWT":89.60281,"KGZ":860.6239,"LAO":2036.7715,"LVA":857.2751,"LBN":525.2267,"LSO":1138.1836,"LBR":2417.4094,"LBY":38.176723,"LTU":854.50037,"LUX":788.5457,"MDG":1432.7496,"MWI":1515.934,"MYS":2781.0925,"MLI":280.5376,"MRT":58.339424,"MUS":1248.5515,"MEX":889.19086,"MDA":656.82904,"MNG":282.0919,"MNE":1669.619,"MAR":320.3894,"MOZ":1016.7573,"MMR":2524.087,"NAM":323.00095,"NPL":1990.3337,"NLD":888.461,"NCL":1646.0646,"NZL":1478.357,"NIC":1599.2864,"NER":82.58725,"NGA":1188.7356,"PRK":1244.7231,"MKD":745.65265,"NOR":1130.475,"OMN":15.055587,"PAK":416.51077,"PSE":282.4057,"PAN":2922.975,"PNG":3950.376,"PRY":1389.844,"PER":2222.6267,"PHL":2647.1345,"POL":861.6322,"PRT":929.47736,"PRI":1098.4835,"QAT":27.069473,"ROU":809.5634,"RUS":589.6585,"RWA":1950.4072,"VCT":1166.1672,"WSM":2532.3572,"STP":1383.4614,"SAU":74.5272,"SEN":599.74994,"SRB":818.8443,"SYC":1286.6943,"SLE":2546.924,"SVK":922.09296,"SVN":1388.3541,"SLB":3591.498,"SOM":322.81036,"ZAF":605.37726,"SGS":1663.7041,"KOR":1682.9973,"SSD":1429.4958,"ESP":642.7362,"LKA":1669.1597,"SDN":295.75998,"SUR":1574.0981,"SWE":859.8534,"CHE":1520.9677,"SYR":232.11656,"TJK":711.83215,"TZA":1207.1581,"THA":1638.4633,"TGO":1496.1412,"TTO":1440.2931,"TUN":168.69246,"TUR":695.62146,"TKM":148.27263,"UGA":1933.4963,"UKR":741.9882,"ARE":13.779388,"GBR":1049.9713,"USA":868.08997,"VIR":968.78625,"URY":1218.9395,"UZB":239.87668,"VUT":2281.3677,"VEN":2134.0122,"VNM":2169.0034,"YEM":167.73941,"ZMB":1152.5665,"ZWE":825.49915}