{"AFG":389.3832,"ALB":1236.4349,"DZA":81.62082,"ASM":2517.7173,"AND":918.169,"AGO":1205.6466,"AIA":821.9795,"ATG":857.4753,"ARG":903.6062,"ARM":928.3789,"AUS":400.56122,"AUT":1120.5308,"AZE":568.3824,"BHS":763.5574,"BHR":72.01767,"BGD":2254.3965,"BLR":716.0746,"BEL":928.17914,"BLZ":1572.0154,"BEN":1121.9836,"BTN":2646.3892,"BOL":1516.1567,"BIH":1180.956,"BWA":441.81702,"BRA":1900.1876,"BRN":3009.9077,"BGR":715.51605,"BFA":727.749,"BDI":2379.975,"KHM":1995.5654,"CMR":1934.1085,"CAN":656.1779,"CPV":163.3118,"CYM":819.49615,"CAF":1586.1288,"TCD":278.58725,"CHL":1667.258,"CHN":812.79584,"COL":3553.6826,"COM":1611.2869,"COG":1850.0586,"COK":1983.5148,"CRI":3061.8477,"CIV":1308.4446,"HRV":992.49274,"CUB":826.33813,"CYP":345.55493,"CZE":794.93976,"COD":2045.3376,"DNK":737.6959,"DJI":274.63287,"DOM":1340.7855,"TLS":1969.7451,"ECU":3171.8977,"EGY":10.896241,"SLV":1087.6033,"GNQ":2994.8347,"ERI":443.42383,"EST":759.4034,"SWZ":797.5972,"ETH":1112.5734,"FLK":632.2404,"FRO":1124.168,"FJI":2272.1304,"FIN":699.6499,"FRA":1145.0355,"PYF":1370.6552,"GAB":2081.0356,"GMB":780.9136,"GEO":1198.532,"DEU":952.1443,"GHA":1238.1157,"GRC":735.80365,"GRL":450.9107,"GTM":1605.6993,"GIN":1749.0651,"GNB":1462.6387,"GUY":1791.6473,"HTI":993.44604,"HMD":1416.3685,"HND":1565.0898,"HKG":1983.7743,"HUN":559.67694,"ISL":1394.8269,"IND":1062.8413,"IDN":3172.3337,"IRN":360.6899,"IRQ":253.9084,"IRL":1238.8562,"IMN":1081.5372,"ISR":251.37268,"ITA":966.33563,"JAM":1087.2211,"JPN":1541.4462,"JOR":99.47357,"KAZ":312.09167,"KEN":842.98474,"KIR":692.009,"KWT":167.08076,"KGZ":874.24896,"LAO":2150.8987,"LVA":822.79834,"LBN":632.352,"LSO":1233.8184,"LBR":2146.2646,"LBY":30.48318,"LTU":822.87494,"LUX":957.2954,"MDG":1452.8965,"MWI":1664.5995,"MYS":2807.4937,"MLI":274.5754,"MRT":75.28836,"MUS":1245.5526,"MEX":902.84894,"MDA":447.90286,"MNG":292.54868,"MNE":1567.2755,"MAR":286.76996,"MOZ":978.9889,"MMR":2280.6223,"NAM":377.5761,"NPL":1877.8492,"NLD":856.2206,"NCL":1308.0231,"NZL":1581.8096,"NIC":1736.2091,"NER":77.166725,"NGA":1090.9019,"PRK":1351.743,"MKD":754.9048,"NOR":1128.2268,"OMN":35.106777,"PAK":461.10522,"PSE":378.06375,"PAN":2731.0955,"PNG":3506.0276,"PRY":1642.127,"PER":2392.223,"PHL":2616.773,"POL":742.1093,"PRT":688.61163,"PRI":1224.3099,"QAT":57.779167,"ROU":705.3574,"RUS":575.2804,"RWA":1947.9686,"VCT":1013.4678,"WSM":2835.8743,"STP":1507.988,"SAU":81.38746,"SEN":545.29333,"SRB":733.28894,"SYC":1271.2246,"SLE":2433.8176,"SVK":715.78937,"SVN":1243.3055,"SLB":3271.6602,"SOM":291.37036,"ZAF":552.0996,"SGS":1784.0079,"KOR":1360.0247,"SSD":1244.2715,"ESP":630.2098,"LKA":1464.297,"SDN":233.65886,"SUR":1616.82,"SWE":767.7892,"CHE":1667.8318,"SYR":238.9544,"TJK":741.4019,"TZA":1398.2306,"THA":1676.2936,"TGO":1421.3695,"TTO":1321.8413,"TUN":230.98376,"TUR":702.3156,"TKM":141.02873,"UGA":1960.8383,"UKR":571.93274,"ARE":34.775627,"GBR":1119.2472,"USA":882.60333,"VIR":1066.9213,"URY":1617.6107,"UZB":213.0187,"VUT":2101.3245,"VEN":2235.3975,"VNM":2206.2961,"YEM":146.32082,"ZMB":1242.1194,"ZWE":774.7165}