{"AFG":342.63748,"ALB":1268.4072,"DZA":59.1415,"ASM":1937.6373,"AND":1040.0658,"AGO":1099.932,"AIA":1270.5441,"ATG":1271.3623,"ARG":858.0703,"ARM":965.63544,"AUS":469.4546,"AUT":1305.063,"AZE":659.7355,"BHS":1088.6399,"BHR":49.783707,"BGD":1934.8162,"BLR":730.90796,"BEL":987.86444,"BLZ":1407.5013,"BEN":1043.0648,"BTN":3143.7212,"BOL":1526.9241,"BIH":1197.1777,"BWA":356.13974,"BRA":1739.2122,"BRN":2625.0984,"BGR":777.1263,"BFA":519.67645,"BDI":2249.0635,"KHM":1830.3319,"CMR":1829.9248,"CAN":636.3221,"CPV":169.47299,"CYM":800.29297,"CAF":1549.3634,"TCD":312.66907,"CHL":1548.7916,"CHN":886.0765,"COL":3475.289,"COM":1130.1135,"COG":1798.7131,"COK":1661.4895,"CRI":3117.288,"CIV":1439.2809,"HRV":1047.9895,"CUB":1132.1157,"CYP":371.79993,"CZE":893.45337,"COD":1983.0592,"DNK":795.64197,"DJI":204.26428,"DOM":1500.2255,"TLS":1481.5507,"ECU":3400.1147,"EGY":10.867878,"SLV":1157.9479,"GNQ":3076.1433,"ERI":423.63242,"EST":797.09796,"SWZ":898.9448,"ETH":1090.057,"FLK":580.34607,"FRO":985.08124,"FJI":1309.352,"FIN":658.7154,"FRA":1078.5865,"PYF":1544.1385,"GAB":2097.8394,"GMB":846.8757,"GEO":1611.3319,"DEU":976.63477,"GHA":1292.1003,"GRC":830.1246,"GRL":456.49002,"GTM":1667.1542,"GIN":1788.7509,"GNB":1466.9268,"GUY":1602.3213,"HTI":1151.3636,"HMD":1330.9384,"HND":1471.2941,"HKG":1660.517,"HUN":743.9662,"ISL":1301.0513,"IND":895.0952,"IDN":2946.2883,"IRN":260.1043,"IRQ":227.38887,"IRL":999.80566,"IMN":1048.2158,"ISR":218.41602,"ITA":981.21594,"JAM":1349.813,"JPN":1636.0793,"JOR":82.618164,"KAZ":403.37247,"KEN":684.7453,"KIR":2238.9946,"KWT":73.47721,"KGZ":1080.2166,"LAO":1971.5963,"LVA":779.1719,"LBN":669.7599,"LSO":1443.3772,"LBR":2452.6973,"LBY":20.011068,"LTU":799.76044,"LUX":990.82764,"MDG":1184.6738,"MWI":1136.0408,"MYS":2810.4602,"MLI":239.62077,"MRT":46.12142,"MUS":1644.4344,"MEX":817.9769,"MDA":576.02234,"MNG":322.72937,"MNE":1644.2646,"MAR":318.1626,"MOZ":745.64355,"MMR":2408.4534,"NAM":289.927,"NPL":1970.0349,"NLD":914.25757,"NCL":817.7876,"NZL":1595.0374,"NIC":1444.3695,"NER":65.24987,"NGA":1060.5403,"PRK":1357.3196,"MKD":771.9206,"NOR":1083.7158,"OMN":38.682777,"PAK":375.78647,"PSE":363.28287,"PAN":3232.3672,"PNG":3442.2354,"PRY":1731.9331,"PER":2249.3018,"PHL":2130.0217,"POL":796.17035,"PRT":935.28625,"PRI":1398.2292,"QAT":62.77758,"ROU":803.63257,"RUS":573.411,"RWA":2000.4563,"VCT":1122.6559,"WSM":2231.444,"STP":1192.6212,"SAU":57.48772,"SEN":538.02576,"SRB":816.99274,"SYC":1312.9161,"SLE":2494.7935,"SVK":876.701,"SVN":1365.1565,"SLB":2892.326,"SOM":299.2953,"ZAF":607.7739,"SGS":1624.3119,"KOR":1573.1096,"SSD":1164.1941,"ESP":751.72925,"LKA":1609.9387,"SDN":239.65337,"SUR":1187.4943,"SWE":819.6244,"CHE":1772.4437,"SYR":274.3125,"TJK":934.2039,"TZA":1135.9913,"THA":1583.7747,"TGO":1393.2501,"TTO":1147.3135,"TUN":172.29233,"TUR":820.27026,"TKM":186.46317,"UGA":1791.5406,"UKR":658.9717,"ARE":47.898216,"GBR":1011.0468,"USA":836.0444,"VIR":1394.9242,"URY":1238.1246,"UZB":291.64536,"VUT":1482.6685,"VEN":2177.2026,"VNM":1977.9297,"YEM":168.35895,"ZMB":941.9295,"ZWE":517.02216}