{"AFG":374.90253,"ALB":1081.6217,"DZA":72.70337,"ASM":2767.2559,"AND":866.5905,"AGO":1266.3539,"AIA":679.07904,"ATG":846.7197,"ARG":694.78125,"ARM":1129.581,"AUS":456.87595,"AUT":1243.342,"AZE":752.7415,"BHS":1050.2626,"BHR":69.56291,"BGD":2452.2444,"BLR":799.2429,"BEL":999.31885,"BLZ":1712.2599,"BEN":1284.8835,"BTN":3653.4382,"BOL":1575.0383,"BIH":1094.2128,"BWA":570.7326,"BRA":1904.0798,"BRN":3513.864,"BGR":759.81116,"BFA":751.3605,"BDI":2033.0541,"KHM":1835.753,"CMR":2043.5096,"CAN":671.1446,"CPV":219.35162,"CYM":1120.5922,"CAF":1614.2748,"TCD":440.0212,"CHL":1331.5596,"CHN":839.1305,"COL":3601.946,"COM":1339.113,"COG":1986.7767,"COK":2356.1782,"CRI":3513.245,"CIV":1512.2526,"HRV":968.1992,"CUB":1177.7639,"CYP":445.45132,"CZE":818.37915,"COD":2019.2228,"DNK":854.7192,"DJI":287.76993,"DOM":1286.6654,"TLS":1891.8988,"ECU":2870.9634,"EGY":23.458887,"SLV":1689.5365,"GNQ":3398.4038,"ERI":490.88275,"EST":856.6115,"SWZ":963.01025,"ETH":1068.2931,"FLK":584.463,"FRO":1085.9896,"FJI":2346.0134,"FIN":731.4131,"FRA":1130.9977,"PYF":1371.801,"GAB":2435.4556,"GMB":833.5362,"GEO":1590.8684,"DEU":965.9128,"GHA":1448.3177,"GRC":703.2222,"GRL":408.14185,"GTM":2024.7964,"GIN":1760.0312,"GNB":1344.8193,"GUY":1899.4657,"HTI":1118.0242,"HMD":1251.337,"HND":1837.6581,"HKG":1630.4781,"HUN":631.06323,"ISL":1281.8887,"IND":1237.4207,"IDN":3463.7642,"IRN":299.76843,"IRQ":279.16046,"IRL":1198.8173,"IMN":1166.277,"ISR":294.16547,"ITA":869.2384,"JAM":1202.5393,"JPN":1716.5514,"JOR":154.70508,"KAZ":363.54688,"KEN":830.8281,"KIR":348.05872,"KWT":78.12245,"KGZ":953.641,"LAO":1836.9042,"LVA":831.83765,"LBN":750.4193,"LSO":1484.0845,"LBR":2514.2932,"LBY":34.437435,"LTU":782.66284,"LUX":998.5472,"MDG":1303.9312,"MWI":1342.6515,"MYS":3185.9468,"MLI":322.9026,"MRT":99.421326,"MUS":1027.2151,"MEX":888.34644,"MDA":737.7081,"MNG":284.6924,"MNE":1492.5602,"MAR":318.72723,"MOZ":869.6498,"MMR":2522.9368,"NAM":389.90048,"NPL":2122.2043,"NLD":965.2528,"NCL":1880.0985,"NZL":1724.816,"NIC":1849.796,"NER":124.6586,"NGA":1292.2877,"PRK":960.486,"MKD":626.12683,"NOR":1156.5958,"OMN":53.998203,"PAK":451.5556,"PSE":444.24124,"PAN":3453.185,"PNG":3821.4373,"PRY":1321.4387,"PER":2205.8503,"PHL":2713.1357,"POL":786.0505,"PRT":786.1439,"PRI":1162.3203,"QAT":77.62425,"ROU":891.46826,"RUS":604.69446,"RWA":1859.1907,"VCT":1425.6001,"WSM":3135.4492,"STP":1667.8447,"SAU":64.15549,"SEN":621.39514,"SRB":721.2388,"SYC":1349.1124,"SLE":2636.7363,"SVK":809.8206,"SVN":1168.2705,"SLB":3685.5916,"SOM":300.71616,"ZAF":715.64233,"SGS":1634.5785,"KOR":917.4363,"SSD":1186.8287,"ESP":653.4855,"LKA":1601.7692,"SDN":288.59647,"SUR":1811.2838,"SWE":794.28656,"CHE":1821.5234,"SYR":385.80618,"TJK":817.3369,"TZA":1080.8032,"THA":1734.4076,"TGO":1586.6266,"TTO":1438.4902,"TUN":171.4094,"TUR":847.41156,"TKM":206.06876,"UGA":1853.3851,"UKR":760.91156,"ARE":118.651,"GBR":1064.0234,"USA":764.80133,"VIR":924.4976,"URY":1079.8922,"UZB":280.35306,"VUT":3283.4275,"VEN":2298.4338,"VNM":2019.7018,"YEM":170.38457,"ZMB":1044.4736,"ZWE":745.28345}