{"AFG":371.33423,"ALB":1093.4076,"DZA":57.851498,"ASM":2145.607,"AND":797.4825,"AGO":1041.7375,"AIA":804.62646,"ATG":814.76306,"ARG":728.85986,"ARM":812.09186,"AUS":457.7424,"AUT":1144.2079,"AZE":511.62274,"BHS":719.29236,"BHR":98.01388,"BGD":2092.2842,"BLR":790.90686,"BEL":778.4067,"BLZ":1468.7122,"BEN":1149.6154,"BTN":3493.1655,"BOL":1628.2104,"BIH":1117.9246,"BWA":478.4561,"BRA":2048.3508,"BRN":2680.8972,"BGR":705.18195,"BFA":686.38477,"BDI":2109.6958,"KHM":1752.7689,"CMR":1725.2408,"CAN":615.55023,"CPV":178.70409,"CYM":615.9277,"CAF":1426.8071,"TCD":316.55136,"CHL":1486.5399,"CHN":847.7332,"COL":3453.3196,"COM":1888.4861,"COG":1641.8102,"COK":1873.1041,"CRI":2907.2207,"CIV":1432.7716,"HRV":977.3848,"CUB":918.5345,"CYP":281.71265,"CZE":716.69464,"COD":1780.6852,"DNK":628.8697,"DJI":296.1249,"DOM":985.1913,"TLS":1576.3439,"ECU":2977.468,"EGY":7.975403,"SLV":1503.9392,"GNQ":2890.1377,"ERI":360.49698,"EST":780.5223,"SWZ":933.81647,"ETH":1069.6731,"FLK":545.5069,"FRO":1047.1664,"FJI":2183.8472,"FIN":724.9331,"FRA":919.55524,"PYF":1311.9712,"GAB":2119.2239,"GMB":912.0403,"GEO":1464.4812,"DEU":772.46783,"GHA":1358.9644,"GRC":546.4618,"GRL":387.66116,"GTM":1899.737,"GIN":1938.7953,"GNB":1380.1548,"GUY":1883.5139,"HTI":973.8055,"HMD":1376.296,"HND":1567.5952,"HKG":1594.062,"HUN":668.7086,"ISL":1542.1552,"IND":1141.2878,"IDN":3270.0737,"IRN":244.53749,"IRQ":184.8576,"IRL":1043.4584,"IMN":932.04114,"ISR":157.48247,"ITA":821.5045,"JAM":1002.7007,"JPN":1814.4033,"JOR":62.49583,"KAZ":360.85602,"KEN":840.0983,"KIR":415.95172,"KWT":109.90929,"KGZ":839.53284,"LAO":2020.8285,"LVA":790.5021,"LBN":315.15216,"LSO":1319.1726,"LBR":2352.794,"LBY":17.15137,"LTU":820.74445,"LUX":863.1907,"MDG":1547.0809,"MWI":1790.9172,"MYS":2778.086,"MLI":302.97723,"MRT":89.15308,"MUS":1264.6609,"MEX":822.9404,"MDA":613.3845,"MNG":273.66794,"MNE":1379.2233,"MAR":393.23196,"MOZ":1098.5933,"MMR":2281.516,"NAM":302.11008,"NPL":1972.047,"NLD":723.76044,"NCL":2238.922,"NZL":1557.0737,"NIC":1547.3699,"NER":84.563065,"NGA":1087.5562,"PRK":1232.2917,"MKD":684.492,"NOR":1316.5365,"OMN":67.73577,"PAK":418.931,"PSE":259.0916,"PAN":2925.358,"PNG":3787.717,"PRY":1633.4224,"PER":2296.7893,"PHL":2564.7932,"POL":663.17706,"PRT":985.7189,"PRI":973.00006,"QAT":73.7175,"ROU":798.25854,"RUS":614.3697,"RWA":1782.0947,"VCT":884.05035,"WSM":2667.9824,"STP":1369.6761,"SAU":61.660526,"SEN":654.406,"SRB":816.4946,"SYC":1059.4658,"SLE":2754.7554,"SVK":818.6294,"SVN":1243.3428,"SLB":3200.8945,"SOM":324.7927,"ZAF":606.3325,"SGS":1712.8805,"KOR":1553.8003,"SSD":1131.7999,"ESP":770.15265,"LKA":1499.503,"SDN":219.90508,"SUR":1868.3052,"SWE":739.7452,"CHE":1293.5411,"SYR":159.54073,"TJK":731.2615,"TZA":1338.9642,"THA":1546.294,"TGO":1472.7426,"TTO":1182.9377,"TUN":147.2711,"TUR":589.42554,"TKM":152.7994,"UGA":1732.1787,"UKR":654.0499,"ARE":99.59232,"GBR":961.2303,"USA":815.8541,"VIR":990.4709,"URY":843.68774,"UZB":226.39499,"VUT":2599.2803,"VEN":2132.369,"VNM":2054.5745,"YEM":191.52106,"ZMB":1225.143,"ZWE":747.3398}