{"AFG":389.80063,"ALB":966.8653,"DZA":82.725784,"ASM":2257.76,"AND":904.0699,"AGO":1219.2151,"AIA":797.9136,"ATG":958.3015,"ARG":900.7256,"ARM":851.47296,"AUS":417.55386,"AUT":1157.0663,"AZE":628.24,"BHS":830.979,"BHR":30.216217,"BGD":2546.9536,"BLR":886.46204,"BEL":817.91394,"BLZ":1820.2593,"BEN":1061.1222,"BTN":3399.1401,"BOL":1594.9893,"BIH":997.45013,"BWA":387.58572,"BRA":1709.1652,"BRN":2487.3076,"BGR":612.41724,"BFA":545.8916,"BDI":1998.7717,"KHM":1810.3473,"CMR":1912.6586,"CAN":671.43524,"CPV":205.22733,"CYM":949.2569,"CAF":1560.3726,"TCD":262.28116,"CHL":1537.499,"CHN":910.99164,"COL":3425.6526,"COM":1190.8154,"COG":1729.9537,"COK":1508.2445,"CRI":3154.387,"CIV":1331.4915,"HRV":917.1285,"CUB":941.21094,"CYP":204.68085,"CZE":681.64154,"COD":1868.3967,"DNK":842.59906,"DJI":179.70946,"DOM":1197.4863,"TLS":1644.7783,"ECU":2836.5576,"EGY":10.959952,"SLV":1329.8022,"GNQ":2997.642,"ERI":214.71053,"EST":866.4656,"SWZ":970.73456,"ETH":990.8844,"FLK":708.9652,"FRO":1125.568,"FJI":2212.9546,"FIN":651.935,"FRA":1016.2558,"PYF":1340.8201,"GAB":2135.665,"GMB":725.2562,"GEO":1290.2637,"DEU":845.25037,"GHA":1110.9237,"GRC":588.25635,"GRL":433.84894,"GTM":1893.7659,"GIN":1761.9415,"GNB":1310.5981,"GUY":2028.1895,"HTI":1045.1226,"HMD":1368.3529,"HND":1807.1045,"HKG":1879.81,"HUN":532.6213,"ISL":1415.088,"IND":1431.0149,"IDN":2936.2212,"IRN":225.98561,"IRQ":147.02551,"IRL":1071.7999,"IMN":1039.3792,"ISR":177.80136,"ITA":891.4965,"JAM":1172.6484,"JPN":1818.8562,"JOR":80.988174,"KAZ":399.07523,"KEN":855.5777,"KIR":659.3704,"KWT":53.776867,"KGZ":891.1529,"LAO":2150.0903,"LVA":940.0885,"LBN":404.60974,"LSO":995.67444,"LBR":2237.6165,"LBY":27.188368,"LTU":893.1887,"LUX":862.3587,"MDG":1178.7657,"MWI":1130.4775,"MYS":2517.9956,"MLI":235.14404,"MRT":56.105026,"MUS":919.45703,"MEX":923.8381,"MDA":475.409,"MNG":349.09424,"MNE":1313.7622,"MAR":267.63702,"MOZ":740.36035,"MMR":2542.5828,"NAM":354.0757,"NPL":2236.4612,"NLD":801.3039,"NCL":1584.7126,"NZL":1535.6252,"NIC":1697.4824,"NER":61.932014,"NGA":1048.7949,"PRK":1683.9175,"MKD":557.6101,"NOR":1345.9663,"OMN":49.062717,"PAK":473.96503,"PSE":281.17206,"PAN":3009.5046,"PNG":3859.7131,"PRY":1718.4916,"PER":2254.2231,"PHL":2372.1423,"POL":717.8429,"PRT":654.7597,"PRI":1050.034,"QAT":49.34724,"ROU":682.5253,"RUS":635.2914,"RWA":1788.5565,"VCT":968.9541,"WSM":2824.6135,"STP":1377.7146,"SAU":39.46514,"SEN":470.50363,"SRB":576.4613,"SYC":1159.2737,"SLE":2531.4849,"SVK":804.4752,"SVN":1258.0906,"SLB":3461.7205,"SOM":311.43823,"ZAF":486.8046,"SGS":1900.1064,"KOR":1509.7408,"SSD":1065.6925,"ESP":563.13464,"LKA":1576.222,"SDN":172.28214,"SUR":1769.9834,"SWE":843.17,"CHE":1541.273,"SYR":158.33302,"TJK":744.1711,"TZA":1106.5195,"THA":1567.8008,"TGO":1318.9021,"TTO":1225.633,"TUN":304.21375,"TUR":586.3854,"TKM":174.95953,"UGA":1782.5404,"UKR":662.77826,"ARE":75.31531,"GBR":1047.456,"USA":872.50146,"VIR":880.8699,"URY":1563.113,"UZB":257.2073,"VUT":1921.1814,"VEN":2345.873,"VNM":2175.9834,"YEM":124.56961,"ZMB":1001.3423,"ZWE":645.4315}