{"AFG":522.0118,"ALB":1166.1395,"DZA":78.73807,"ASM":2357.712,"AND":841.78827,"AGO":1130.2396,"AIA":681.1991,"ATG":700.8486,"ARG":956.6408,"ARM":846.9747,"AUS":454.97507,"AUT":1200.351,"AZE":619.44116,"BHS":922.53253,"BHR":71.41018,"BGD":2612.5474,"BLR":659.26385,"BEL":746.6782,"BLZ":1433.9958,"BEN":1317.247,"BTN":3376.9038,"BOL":1614.3232,"BIH":1277.8737,"BWA":545.19855,"BRA":1791.47,"BRN":2958.0244,"BGR":840.81464,"BFA":626.1754,"BDI":2108.1033,"KHM":1720.9519,"CMR":1825.8213,"CAN":661.88464,"CPV":103.67268,"CYM":728.5185,"CAF":1561.988,"TCD":333.9377,"CHL":1504.851,"CHN":859.732,"COL":3486.8804,"COM":1789.7622,"COG":1638.962,"COK":1717.5265,"CRI":2760.2532,"CIV":1386.3599,"HRV":1049.4185,"CUB":1009.9242,"CYP":522.68225,"CZE":691.0361,"COD":1890.9474,"DNK":679.183,"DJI":143.06706,"DOM":885.2694,"TLS":1233.2639,"ECU":3012.6484,"EGY":21.219618,"SLV":1185.3577,"GNQ":2794.798,"ERI":290.3928,"EST":754.7973,"SWZ":899.79663,"ETH":968.0447,"FLK":589.0467,"FRO":1048.3678,"FJI":2082.822,"FIN":729.64276,"FRA":876.2243,"PYF":1322.6768,"GAB":1975.8125,"GMB":685.55237,"GEO":1242.9868,"DEU":720.4842,"GHA":1307.058,"GRC":751.8641,"GRL":435.10028,"GTM":1620.2286,"GIN":1776.086,"GNB":1392.0931,"GUY":1682.3723,"HTI":730.97546,"HMD":1372.2344,"HND":1411.4248,"HKG":1493.1212,"HUN":686.37726,"ISL":1602.1592,"IND":1134.923,"IDN":2860.8015,"IRN":347.2507,"IRQ":246.22726,"IRL":994.6255,"IMN":915.7381,"ISR":316.27585,"ITA":914.02106,"JAM":850.06586,"JPN":1904.6643,"JOR":117.80392,"KAZ":281.08347,"KEN":696.9556,"KIR":888.874,"KWT":157.2255,"KGZ":883.15753,"LAO":1933.5923,"LVA":765.7362,"LBN":659.07513,"LSO":1280.6605,"LBR":2230.694,"LBY":40.53185,"LTU":675.5191,"LUX":655.4879,"MDG":1320.7715,"MWI":1397.8561,"MYS":2893.0847,"MLI":279.13815,"MRT":62.03912,"MUS":933.8238,"MEX":926.35754,"MDA":719.16614,"MNG":299.23688,"MNE":1514.6389,"MAR":319.18335,"MOZ":900.6999,"MMR":2645.0715,"NAM":427.09448,"NPL":1775.583,"NLD":694.8407,"NCL":1084.7638,"NZL":1538.6335,"NIC":1455.4713,"NER":101.56828,"NGA":1181.389,"PRK":1029.1898,"MKD":684.41547,"NOR":1125.0952,"OMN":20.17225,"PAK":413.793,"PSE":449.2172,"PAN":2912.181,"PNG":3583.054,"PRY":1437.6302,"PER":2138.4253,"PHL":2059.9243,"POL":681.325,"PRT":630.68085,"PRI":879.7169,"QAT":58.682,"ROU":921.4277,"RUS":567.3175,"RWA":1789.6066,"VCT":1022.63257,"WSM":2981.1812,"STP":1587.9374,"SAU":59.45505,"SEN":532.68,"SRB":776.97754,"SYC":1259.9783,"SLE":2244.7234,"SVK":791.6428,"SVN":1266.8447,"SLB":3403.3252,"SOM":267.3482,"ZAF":597.87805,"SGS":1576.6345,"KOR":1429.6904,"SSD":1294.7714,"ESP":582.0197,"LKA":1438.7238,"SDN":236.06224,"SUR":1329.7808,"SWE":737.9514,"CHE":1456.8024,"SYR":250.33736,"TJK":852.71735,"TZA":1177.6104,"THA":1597.0621,"TGO":1556.5476,"TTO":1251.4993,"TUN":204.15697,"TUR":744.00696,"TKM":196.5687,"UGA":1925.8499,"UKR":630.3251,"ARE":32.301136,"GBR":912.19226,"USA":876.9193,"VIR":756.71387,"URY":1407.8163,"UZB":290.76505,"VUT":2064.653,"VEN":2168.1282,"VNM":1869.3025,"YEM":99.895584,"ZMB":1057.1166,"ZWE":600.0088}