{"AFG":483.13354,"ALB":1007.95886,"DZA":68.25461,"ASM":2198.0105,"AND":1111.6971,"AGO":1095.7433,"AIA":845.5114,"ATG":833.8175,"ARG":955.08905,"ARM":865.78406,"AUS":443.111,"AUT":1132.3234,"AZE":669.1452,"BHS":864.8684,"BHR":146.56639,"BGD":1846.5449,"BLR":695.8556,"BEL":872.8374,"BLZ":1559.4471,"BEN":1107.457,"BTN":2505.2434,"BOL":1684.5979,"BIH":1030.1472,"BWA":256.63144,"BRA":1820.6333,"BRN":2548.6187,"BGR":640.93976,"BFA":672.26294,"BDI":1980.8314,"KHM":1572.4829,"CMR":1879.754,"CAN":635.59503,"CPV":84.67545,"CYM":666.9044,"CAF":1585.1459,"TCD":325.53473,"CHL":1459.637,"CHN":848.0256,"COL":3311.8445,"COM":929.6842,"COG":1640.1481,"COK":1258.8358,"CRI":2702.0889,"CIV":1278.0947,"HRV":963.20557,"CUB":927.2457,"CYP":372.34866,"CZE":698.9601,"COD":1830.6089,"DNK":679.43933,"DJI":236.09161,"DOM":1239.1819,"TLS":1373.4683,"ECU":3359.2974,"EGY":14.116264,"SLV":1394.8866,"GNQ":2527.737,"ERI":394.29932,"EST":647.2045,"SWZ":568.91864,"ETH":975.2855,"FLK":556.4083,"FRO":1168.9006,"FJI":1840.7302,"FIN":781.30054,"FRA":1031.4154,"PYF":1418.507,"GAB":1876.671,"GMB":697.3066,"GEO":1395.2384,"DEU":846.47394,"GHA":1097.8887,"GRC":559.6563,"GRL":430.34592,"GTM":1849.4076,"GIN":1780.6757,"GNB":1294.3591,"GUY":1482.0378,"HTI":930.3194,"HMD":1339.2764,"HND":1346.923,"HKG":1909.6252,"HUN":578.39246,"ISL":1643.8501,"IND":1000.0663,"IDN":3067.416,"IRN":364.72092,"IRQ":255.1693,"IRL":1115.7389,"IMN":1023.6931,"ISR":310.45944,"ITA":942.3314,"JAM":880.4454,"JPN":1652.9504,"JOR":94.45668,"KAZ":357.58597,"KEN":679.28687,"KIR":2039.8359,"KWT":117.97517,"KGZ":951.4055,"LAO":1886.8611,"LVA":682.8632,"LBN":742.82526,"LSO":744.1334,"LBR":2141.536,"LBY":22.10093,"LTU":683.54785,"LUX":820.1856,"MDG":1226.3828,"MWI":1026.0828,"MYS":2505.2256,"MLI":264.23962,"MRT":45.75094,"MUS":976.0053,"MEX":944.89215,"MDA":521.1027,"MNG":288.55728,"MNE":1358.5809,"MAR":222.83023,"MOZ":645.3066,"MMR":2220.2087,"NAM":180.13087,"NPL":1580.1555,"NLD":856.33594,"NCL":1202.4508,"NZL":1481.1312,"NIC":1392.9395,"NER":83.95738,"NGA":1105.8529,"PRK":1157.648,"MKD":616.9298,"NOR":1257.8081,"OMN":102.81081,"PAK":584.0805,"PSE":500.6294,"PAN":2754.011,"PNG":3496.3691,"PRY":1831.4233,"PER":2123.877,"PHL":2010.1736,"POL":670.2893,"PRT":574.40265,"PRI":1201.5632,"QAT":174.94624,"ROU":702.41156,"RUS":570.2493,"RWA":1601.8295,"VCT":1141.1143,"WSM":2553.15,"STP":1103.7397,"SAU":90.923676,"SEN":461.3563,"SRB":659.36444,"SYC":1423.913,"SLE":2602.7798,"SVK":727.11316,"SVN":1247.1051,"SLB":2939.8137,"SOM":238.33994,"ZAF":377.30457,"SGS":1546.412,"KOR":1155.7133,"SSD":1176.9957,"ESP":597.3801,"LKA":1349.201,"SDN":222.6074,"SUR":1038.7212,"SWE":786.77673,"CHE":1628.2692,"SYR":266.3645,"TJK":813.0951,"TZA":1019.08344,"THA":1503.5433,"TGO":1371.5068,"TTO":1150.6628,"TUN":257.7232,"TUR":676.1298,"TKM":210.41309,"UGA":1634.6935,"UKR":651.29846,"ARE":107.69798,"GBR":1090.4183,"USA":852.38104,"VIR":990.3002,"URY":1318.7648,"UZB":283.27985,"VUT":1559.3412,"VEN":2003.8342,"VNM":1935.1346,"YEM":181.57399,"ZMB":878.5167,"ZWE":529.44794}