{"AFG":352.79886,"ALB":1104.6389,"DZA":56.390423,"ASM":2210.2021,"AND":845.1414,"AGO":1216.9558,"AIA":720.67163,"ATG":831.9111,"ARG":840.84906,"ARM":880.93286,"AUS":481.63162,"AUT":1148.168,"AZE":665.6708,"BHS":920.9031,"BHR":77.96669,"BGD":2941.3948,"BLR":780.37256,"BEL":947.6796,"BLZ":1706.1716,"BEN":1121.7177,"BTN":3482.2056,"BOL":1491.0594,"BIH":1093.8666,"BWA":460.23486,"BRA":1774.4241,"BRN":2710.97,"BGR":622.84576,"BFA":540.27985,"BDI":1789.4999,"KHM":1765.2129,"CMR":1963.7739,"CAN":650.37115,"CPV":112.82022,"CYM":947.3209,"CAF":1502.4614,"TCD":266.7363,"CHL":1548.6323,"CHN":899.7638,"COL":3587.6187,"COM":1311.6123,"COG":1726.4655,"COK":1340.8699,"CRI":3303.0881,"CIV":1380.8529,"HRV":1018.09326,"CUB":1075.6395,"CYP":273.68848,"CZE":748.3108,"COD":1857.7712,"DNK":795.3834,"DJI":219.68999,"DOM":1237.8335,"TLS":1550.1792,"ECU":3235.0378,"EGY":13.39767,"SLV":1696.1543,"GNQ":3079.3618,"ERI":342.47833,"EST":751.086,"SWZ":718.2186,"ETH":1021.06573,"FLK":549.3811,"FRO":1071.1349,"FJI":1730.215,"FIN":652.60876,"FRA":1094.7439,"PYF":1342.4216,"GAB":2092.4404,"GMB":752.555,"GEO":1242.9326,"DEU":958.88043,"GHA":1258.9249,"GRC":621.0484,"GRL":431.85287,"GTM":1882.6532,"GIN":1908.4247,"GNB":1355.0374,"GUY":1871.0507,"HTI":1059.9369,"HMD":1374.9332,"HND":1816.7856,"HKG":1883.7134,"HUN":560.0259,"ISL":1428.6287,"IND":1174.9967,"IDN":2990.4817,"IRN":335.07208,"IRQ":284.5512,"IRL":1124.9807,"IMN":1072.1464,"ISR":167.85759,"ITA":906.19775,"JAM":1211.5894,"JPN":2036.5869,"JOR":76.17596,"KAZ":412.08035,"KEN":624.21326,"KIR":670.86127,"KWT":140.33514,"KGZ":1080.0154,"LAO":1808.7196,"LVA":787.4119,"LBN":494.8801,"LSO":1174.5419,"LBR":2337.9265,"LBY":27.638178,"LTU":799.0507,"LUX":890.4309,"MDG":1313.841,"MWI":1252.1584,"MYS":2875.287,"MLI":237.0774,"MRT":70.212555,"MUS":967.0322,"MEX":870.6375,"MDA":600.6993,"MNG":342.5489,"MNE":1318.232,"MAR":283.54703,"MOZ":854.39453,"MMR":2354.771,"NAM":360.16922,"NPL":2071.5273,"NLD":972.2345,"NCL":735.9794,"NZL":1433.5532,"NIC":1983.1866,"NER":56.660942,"NGA":1041.033,"PRK":973.4253,"MKD":541.4815,"NOR":1100.7314,"OMN":17.87837,"PAK":387.0359,"PSE":261.378,"PAN":2972.1067,"PNG":3390.0254,"PRY":1369.5945,"PER":2395.4558,"PHL":2434.2002,"POL":724.0496,"PRT":808.21375,"PRI":1122.8038,"QAT":62.244423,"ROU":776.1516,"RUS":575.66974,"RWA":1369.4285,"VCT":1057.6239,"WSM":2642.8105,"STP":1387.4102,"SAU":86.75443,"SEN":516.67487,"SRB":626.00616,"SYC":1306.886,"SLE":2682.628,"SVK":705.1422,"SVN":1218.1729,"SLB":3043.411,"SOM":264.806,"ZAF":504.76297,"SGS":1654.3428,"KOR":1480.9797,"SSD":1055.5626,"ESP":605.3707,"LKA":1753.0481,"SDN":215.27597,"SUR":1523.2036,"SWE":805.19037,"CHE":1690.1395,"SYR":264.166,"TJK":908.8715,"TZA":881.1156,"THA":1441.0209,"TGO":1488.0547,"TTO":1136.0824,"TUN":150.34128,"TUR":664.3053,"TKM":206.9042,"UGA":1512.1062,"UKR":668.10614,"ARE":84.904724,"GBR":1036.6329,"USA":908.1066,"VIR":915.2927,"URY":1461.0004,"UZB":310.34857,"VUT":1410.6649,"VEN":2237.568,"VNM":1951.9218,"YEM":182.0455,"ZMB":1184.7867,"ZWE":742.42773}