{"AFG":375.86728,"ALB":940.75476,"DZA":79.09136,"ASM":2621.314,"AND":843.5249,"AGO":1082.4252,"AIA":528.3842,"ATG":645.7777,"ARG":823.37427,"ARM":927.36945,"AUS":324.84503,"AUT":1123.3898,"AZE":713.60077,"BHS":1107.0745,"BHR":27.22931,"BGD":2005.1782,"BLR":752.8871,"BEL":918.8906,"BLZ":1212.5358,"BEN":1306.9902,"BTN":2658.0356,"BOL":1530.9955,"BIH":1008.84784,"BWA":357.9019,"BRA":1874.5704,"BRN":2501.03,"BGR":688.12683,"BFA":747.05304,"BDI":2111.8386,"KHM":1684.9478,"CMR":2093.2117,"CAN":655.01086,"CPV":94.632965,"CYM":795.36914,"CAF":1592.5697,"TCD":431.72464,"CHL":1505.2689,"CHN":892.4657,"COL":3616.5588,"COM":1570.0123,"COG":1836.721,"COK":1709.0292,"CRI":2687.731,"CIV":1272.5286,"HRV":912.5081,"CUB":989.1592,"CYP":472.80093,"CZE":754.2721,"COD":1962.7472,"DNK":848.96484,"DJI":190.05858,"DOM":882.69904,"TLS":1398.9634,"ECU":3233.996,"EGY":22.2195,"SLV":1113.8094,"GNQ":3112.5066,"ERI":395.42554,"EST":724.0354,"SWZ":653.322,"ETH":1025.0121,"FLK":589.79596,"FRO":1051.712,"FJI":1733.654,"FIN":634.0481,"FRA":1166.6,"PYF":1532.5096,"GAB":2221.9045,"GMB":867.776,"GEO":1256.6077,"DEU":944.84326,"GHA":1195.8563,"GRC":752.02783,"GRL":385.20493,"GTM":1440.8444,"GIN":1912.7151,"GNB":1422.0334,"GUY":1729.4998,"HTI":904.36523,"HMD":1375.1316,"HND":1210.2039,"HKG":1899.1829,"HUN":576.6316,"ISL":1419.7102,"IND":1275.7301,"IDN":3005.0403,"IRN":300.33398,"IRQ":276.24265,"IRL":1202.7144,"IMN":1109.0583,"ISR":304.18314,"ITA":864.9073,"JAM":996.45874,"JPN":1377.0823,"JOR":117.46933,"KAZ":362.05188,"KEN":797.9284,"KIR":553.5383,"KWT":120.02259,"KGZ":929.4809,"LAO":2310.9753,"LVA":776.3783,"LBN":814.6518,"LSO":951.2226,"LBR":2149.7766,"LBY":28.839556,"LTU":796.9678,"LUX":952.9205,"MDG":1589.5823,"MWI":1154.8,"MYS":2811.4976,"MLI":345.33575,"MRT":108.87912,"MUS":799.6958,"MEX":723.21326,"MDA":452.93402,"MNG":335.0086,"MNE":1238.3362,"MAR":243.82286,"MOZ":741.40076,"MMR":2519.209,"NAM":282.54785,"NPL":1785.9744,"NLD":931.71387,"NCL":970.8421,"NZL":1600.6442,"NIC":1425.3345,"NER":113.07193,"NGA":1293.38,"PRK":1129.3926,"MKD":585.0565,"NOR":1121.4521,"OMN":21.46087,"PAK":604.3479,"PSE":475.63562,"PAN":3014.6538,"PNG":3625.2246,"PRY":1522.5771,"PER":2469.7698,"PHL":2288.1511,"POL":753.5876,"PRT":711.39,"PRI":841.5644,"QAT":18.95236,"ROU":712.13824,"RUS":597.4859,"RWA":1639.5009,"VCT":937.1328,"WSM":2580.0317,"STP":1151.4335,"SAU":50.77856,"SEN":636.07214,"SRB":644.77277,"SYC":1526.9524,"SLE":2497.5808,"SVK":804.1685,"SVN":1207.5143,"SLB":3354.8733,"SOM":394.94278,"ZAF":427.5926,"SGS":1754.1072,"KOR":852.80585,"SSD":1243.559,"ESP":517.6452,"LKA":1843.7473,"SDN":273.21945,"SUR":1458.0004,"SWE":648.71466,"CHE":1669.0698,"SYR":320.31497,"TJK":752.3393,"TZA":1148.2378,"THA":1806.878,"TGO":1495.5461,"TTO":1187.1195,"TUN":158.19867,"TUR":703.9315,"TKM":191.69168,"UGA":1838.8558,"UKR":566.39905,"ARE":11.519254,"GBR":1078.0511,"USA":843.48615,"VIR":664.3019,"URY":1304.717,"UZB":258.76593,"VUT":1863.3008,"VEN":2098.449,"VNM":2088.6782,"YEM":117.374985,"ZMB":949.2399,"ZWE":514.75635}