{"AFG":363.31097,"ALB":1412.1289,"DZA":66.04173,"ASM":2689.4587,"AND":970.562,"AGO":1115.6083,"AIA":1013.1168,"ATG":1162.9714,"ARG":687.02277,"ARM":788.5807,"AUS":509.56027,"AUT":1290.2373,"AZE":551.8773,"BHS":974.32495,"BHR":161.18146,"BGD":2353.1636,"BLR":702.1808,"BEL":889.80426,"BLZ":1575.0065,"BEN":1118.377,"BTN":3364.4045,"BOL":1496.4099,"BIH":1405.217,"BWA":417.52057,"BRA":1849.3021,"BRN":3071.1797,"BGR":867.78735,"BFA":632.24756,"BDI":1782.2764,"KHM":1677.4724,"CMR":1994.7246,"CAN":652.49567,"CPV":157.12991,"CYM":912.99725,"CAF":1599.5972,"TCD":362.1043,"CHL":1398.4696,"CHN":860.5064,"COL":3402.8357,"COM":1127.9203,"COG":1820.3901,"COK":1727.0375,"CRI":3966.0537,"CIV":1500.6207,"HRV":1237.2842,"CUB":1042.0082,"CYP":220.96979,"CZE":941.25024,"COD":1831.061,"DNK":691.5525,"DJI":244.31952,"DOM":963.1369,"TLS":1867.0747,"ECU":3073.977,"EGY":9.17256,"SLV":2160.0757,"GNQ":2927.2153,"ERI":425.7638,"EST":749.592,"SWZ":921.95123,"ETH":1005.998,"FLK":632.61304,"FRO":1048.2919,"FJI":1679.5485,"FIN":676.8193,"FRA":1051.3663,"PYF":1487.6282,"GAB":2222.7405,"GMB":859.1648,"GEO":1326.1102,"DEU":931.8936,"GHA":1288.093,"GRC":770.41455,"GRL":391.5592,"GTM":2166.218,"GIN":1738.765,"GNB":1339.4331,"GUY":1606.9056,"HTI":910.5497,"HMD":1348.1255,"HND":1821.3091,"HKG":1771.4479,"HUN":761.573,"ISL":1279.4667,"IND":1186.0588,"IDN":3588.3894,"IRN":287.6221,"IRQ":177.98213,"IRL":1020.6077,"IMN":920.9213,"ISR":151.52884,"ITA":925.82355,"JAM":1050.0547,"JPN":1661.7977,"JOR":58.486454,"KAZ":294.4284,"KEN":679.64,"KIR":465.93665,"KWT":149.0436,"KGZ":881.6707,"LAO":2041.3944,"LVA":736.8195,"LBN":421.3172,"LSO":1093.2435,"LBR":2450.6682,"LBY":25.803041,"LTU":776.05774,"LUX":995.8445,"MDG":1422.6534,"MWI":1175.3989,"MYS":3179.8052,"MLI":275.15933,"MRT":100.99977,"MUS":1601.5322,"MEX":837.24695,"MDA":642.44977,"MNG":263.90527,"MNE":1777.1312,"MAR":271.53186,"MOZ":790.00586,"MMR":2424.7825,"NAM":238.24106,"NPL":2117.6895,"NLD":787.424,"NCL":994.6328,"NZL":1754.1616,"NIC":1798.2509,"NER":79.995415,"NGA":1169.4442,"PRK":1283.3833,"MKD":879.37537,"NOR":1182.4951,"OMN":115.48248,"PAK":509.54068,"PSE":219.81767,"PAN":3485.275,"PNG":4126.867,"PRY":1409.0806,"PER":2052.1982,"PHL":2817.4866,"POL":737.3097,"PRT":826.3196,"PRI":884.5112,"QAT":180.48938,"ROU":900.616,"RUS":616.2632,"RWA":1530.2313,"VCT":1053.4515,"WSM":2944.6333,"STP":1290.6924,"SAU":107.57283,"SEN":588.47253,"SRB":873.3425,"SYC":1397.19,"SLE":2578.4026,"SVK":871.5676,"SVN":1405.3,"SLB":3575.413,"SOM":295.96445,"ZAF":572.94556,"SGS":1628.7252,"KOR":998.65375,"SSD":1149.4149,"ESP":583.6477,"LKA":1555.5321,"SDN":239.08879,"SUR":1443.3134,"SWE":752.16406,"CHE":1751.5908,"SYR":174.35048,"TJK":610.65686,"TZA":994.5527,"THA":1767.7208,"TGO":1497.9531,"TTO":1196.7213,"TUN":227.92873,"TUR":728.0312,"TKM":146.21701,"UGA":1665.4031,"UKR":727.3153,"ARE":102.25,"GBR":921.75146,"USA":864.4778,"VIR":830.2612,"URY":1103.0015,"UZB":186.80418,"VUT":1616.0005,"VEN":2073.1697,"VNM":2019.3542,"YEM":173.64548,"ZMB":898.7988,"ZWE":547.15497}