{"AFG":365.34705,"ALB":1528.0774,"DZA":87.57355,"ASM":2670.9329,"AND":1216.6423,"AGO":1019.3723,"AIA":980.5508,"ATG":1063.8352,"ARG":827.4467,"ARM":788.5557,"AUS":437.56897,"AUT":1309.531,"AZE":520.6678,"BHS":980.3263,"BHR":80.90401,"BGD":2336.5667,"BLR":662.6812,"BEL":728.7993,"BLZ":1663.7563,"BEN":1057.8688,"BTN":3373.2002,"BOL":1459.7953,"BIH":1350.3717,"BWA":493.05762,"BRA":1900.131,"BRN":3282.302,"BGR":786.4246,"BFA":561.9322,"BDI":1776.1724,"KHM":1910.3225,"CMR":1871.6907,"CAN":684.40326,"CPV":156.79059,"CYM":1117.9695,"CAF":1568.147,"TCD":347.0137,"CHL":1441.2468,"CHN":876.4286,"COL":3487.15,"COM":1441.7915,"COG":1663.1587,"COK":1509.4662,"CRI":3771.9536,"CIV":1350.7864,"HRV":1176.7461,"CUB":1019.2258,"CYP":402.0558,"CZE":792.31055,"COD":1823.8762,"DNK":561.79553,"DJI":275.6854,"DOM":1187.1318,"TLS":1717.9735,"ECU":2852.1826,"EGY":13.567881,"SLV":1859.1942,"GNQ":2954.5056,"ERI":434.84283,"EST":618.68665,"SWZ":946.7515,"ETH":1157.9468,"FLK":584.7507,"FRO":997.77203,"FJI":2178.4526,"FIN":638.8711,"FRA":1098.2554,"PYF":1350.533,"GAB":2172.2654,"GMB":818.4621,"GEO":1267.517,"DEU":751.04083,"GHA":1151.5814,"GRC":851.8184,"GRL":511.6688,"GTM":1988.1646,"GIN":1767.111,"GNB":1316.2859,"GUY":1918.4421,"HTI":1057.6055,"HMD":1061.985,"HND":1884.7446,"HKG":1708.8525,"HUN":792.9905,"ISL":1274.0596,"IND":1191.4233,"IDN":3279.4084,"IRN":354.08945,"IRQ":281.03024,"IRL":1032.681,"IMN":972.4045,"ISR":212.58153,"ITA":1173.6422,"JAM":1114.3097,"JPN":1593.6426,"JOR":88.95466,"KAZ":305.18707,"KEN":612.6134,"KIR":551.1284,"KWT":252.34352,"KGZ":948.3088,"LAO":2083.2861,"LVA":615.1847,"LBN":572.6806,"LSO":1319.3849,"LBR":2438.33,"LBY":25.44392,"LTU":627.5804,"LUX":708.01996,"MDG":1417.8895,"MWI":1336.3079,"MYS":3094.186,"MLI":233.86337,"MRT":60.14102,"MUS":981.15405,"MEX":812.733,"MDA":731.88855,"MNG":268.20358,"MNE":1990.4237,"MAR":492.85846,"MOZ":953.08795,"MMR":2498.323,"NAM":259.19574,"NPL":2095.6514,"NLD":654.0374,"NCL":1671.5458,"NZL":1622.5159,"NIC":1809.582,"NER":48.7963,"NGA":1101.3198,"PRK":1124.9274,"MKD":824.1424,"NOR":955.9762,"OMN":84.8342,"PAK":439.48096,"PSE":336.3483,"PAN":3341.753,"PNG":3816.1292,"PRY":1691.3716,"PER":2141.8032,"PHL":2751.02,"POL":712.4643,"PRT":1040.1143,"PRI":1281.1552,"QAT":86.21852,"ROU":875.4127,"RUS":577.1649,"RWA":1509.1344,"VCT":1138.0901,"WSM":2831.1453,"STP":1449.9626,"SAU":88.32751,"SEN":533.1685,"SRB":887.21747,"SYC":1060.5691,"SLE":2578.545,"SVK":920.23083,"SVN":1422.1198,"SLB":3615.8704,"SOM":234.62125,"ZAF":658.6466,"SGS":1835.134,"KOR":1123.1508,"SSD":1306.2394,"ESP":853.15405,"LKA":1612.891,"SDN":285.5972,"SUR":1784.417,"SWE":674.38666,"CHE":1586.6151,"SYR":315.5749,"TJK":749.4473,"TZA":963.4121,"THA":1815.7355,"TGO":1297.459,"TTO":1387.9183,"TUN":223.64844,"TUR":774.96747,"TKM":155.406,"UGA":1680.2169,"UKR":674.59534,"ARE":89.43867,"GBR":876.0513,"USA":874.5525,"VIR":1026.7849,"URY":1116.201,"UZB":190.84508,"VUT":2291.0522,"VEN":2228.1367,"VNM":2263.3706,"YEM":206.29599,"ZMB":1016.2675,"ZWE":880.6885}