{"AFG":418.02246,"ALB":979.5695,"DZA":67.35085,"ASM":2204.8435,"AND":885.68494,"AGO":1127.5267,"AIA":794.0216,"ATG":763.99805,"ARG":915.9222,"ARM":840.4066,"AUS":510.7246,"AUT":1231.8765,"AZE":670.9536,"BHS":970.23926,"BHR":148.2315,"BGD":2300.5947,"BLR":775.9332,"BEL":802.5449,"BLZ":1558.3453,"BEN":1083.8097,"BTN":3169.6824,"BOL":1515.0443,"BIH":1128.6971,"BWA":481.29324,"BRA":1792.1486,"BRN":2490.421,"BGR":842.33844,"BFA":613.08606,"BDI":2114.8142,"KHM":1723.7849,"CMR":1782.6921,"CAN":675.57874,"CPV":95.43156,"CYM":678.7128,"CAF":1473.2516,"TCD":318.80045,"CHL":1606.2101,"CHN":844.0419,"COL":3066.8496,"COM":991.4612,"COG":1661.6465,"COK":1349.8973,"CRI":2667.1096,"CIV":1238.922,"HRV":1020.7027,"CUB":825.20984,"CYP":345.51437,"CZE":820.656,"COD":1888.7874,"DNK":671.6425,"DJI":240.63258,"DOM":784.29376,"TLS":1327.6327,"ECU":4195.349,"EGY":12.759303,"SLV":1299.4789,"GNQ":2911.8467,"ERI":430.05115,"EST":702.2126,"SWZ":1152.9427,"ETH":1202.279,"FLK":725.7841,"FRO":1098.1613,"FJI":2479.3162,"FIN":606.424,"FRA":984.803,"PYF":1344.7231,"GAB":2125.8838,"GMB":677.34924,"GEO":1358.7765,"DEU":801.4673,"GHA":1112.6172,"GRC":708.7759,"GRL":469.01312,"GTM":1882.6084,"GIN":1652.2347,"GNB":1238.4999,"GUY":1560.959,"HTI":707.3396,"HMD":1326.8643,"HND":1504.4122,"HKG":2388.4294,"HUN":622.9174,"ISL":1466.5465,"IND":1206.3059,"IDN":2342.6814,"IRN":317.71347,"IRQ":250.55504,"IRL":1099.8889,"IMN":994.03,"ISR":251.56364,"ITA":887.5693,"JAM":838.98865,"JPN":1718.3021,"JOR":103.57854,"KAZ":319.7345,"KEN":1020.57983,"KIR":2669.5652,"KWT":263.48718,"KGZ":765.2309,"LAO":2026.592,"LVA":793.77234,"LBN":622.78577,"LSO":1186.1322,"LBR":2163.9011,"LBY":21.155416,"LTU":752.77844,"LUX":859.546,"MDG":1503.9492,"MWI":1629.3655,"MYS":2519.9407,"MLI":234.76802,"MRT":71.566444,"MUS":931.2039,"MEX":852.94574,"MDA":699.4826,"MNG":272.03607,"MNE":1285.195,"MAR":330.484,"MOZ":1124.5146,"MMR":2309.179,"NAM":405.6055,"NPL":1966.0767,"NLD":730.7027,"NCL":1101.4395,"NZL":1485.5033,"NIC":1530.0048,"NER":73.40443,"NGA":1078.8973,"PRK":951.57825,"MKD":642.3644,"NOR":1174.6039,"OMN":141.32932,"PAK":518.6029,"PSE":403.41635,"PAN":2557.479,"PNG":2787.8438,"PRY":1655.5845,"PER":2125.656,"PHL":2080.732,"POL":774.36145,"PRT":1056.6395,"PRI":859.7062,"QAT":151.36864,"ROU":913.4848,"RUS":608.60376,"RWA":1720.3362,"VCT":949.37897,"WSM":2811.8955,"STP":1355.2751,"SAU":112.10832,"SEN":462.20596,"SRB":789.50555,"SYC":2031.6935,"SLE":2354.3462,"SVK":863.47925,"SVN":1212.0245,"SLB":2570.9805,"SOM":645.956,"ZAF":556.81323,"SGS":1814.0748,"KOR":1208.8267,"SSD":1123.9924,"ESP":804.4628,"LKA":1802.119,"SDN":259.6767,"SUR":1332.7499,"SWE":706.78375,"CHE":1445.9937,"SYR":264.1059,"TJK":645.34174,"TZA":1247.2662,"THA":1492.8912,"TGO":1346.1979,"TTO":1240.0991,"TUN":232.92126,"TUR":735.7622,"TKM":189.78183,"UGA":1732.2477,"UKR":804.8579,"ARE":142.72102,"GBR":952.08606,"USA":842.75116,"VIR":848.8846,"URY":1296.966,"UZB":265.79608,"VUT":1657.3317,"VEN":1863.7715,"VNM":1994.8547,"YEM":182.14647,"ZMB":1159.524,"ZWE":873.7045}