{"AFG":404.2699,"ALB":1272.2245,"DZA":53.86391,"ASM":1765.4896,"AND":903.27454,"AGO":1176.1207,"AIA":995.17346,"ATG":1225.8376,"ARG":850.0312,"ARM":772.7795,"AUS":538.7993,"AUT":1267.0883,"AZE":543.8616,"BHS":764.3457,"BHR":59.693336,"BGD":2504.117,"BLR":927.9997,"BEL":1051.9886,"BLZ":1709.3021,"BEN":1087.7238,"BTN":3755.9055,"BOL":1504.1129,"BIH":1135.1665,"BWA":416.94473,"BRA":1724.3749,"BRN":2859.0786,"BGR":828.75024,"BFA":663.9484,"BDI":1845.1097,"KHM":1718.8845,"CMR":1741.4642,"CAN":632.0378,"CPV":108.66737,"CYM":863.25073,"CAF":1398.7396,"TCD":387.01532,"CHL":1318.3003,"CHN":954.8075,"COL":3689.5234,"COM":1187.7549,"COG":1597.946,"COK":1009.0675,"CRI":3387.469,"CIV":1312.5701,"HRV":1049.8765,"CUB":937.3775,"CYP":324.66544,"CZE":832.6726,"COD":1772.2992,"DNK":906.7091,"DJI":346.50076,"DOM":1265.3131,"TLS":2046.8423,"ECU":4267.0137,"EGY":8.777616,"SLV":1922.6162,"GNQ":3072.887,"ERI":373.8382,"EST":816.53723,"SWZ":981.70966,"ETH":1018.2708,"FLK":586.5504,"FRO":1163.082,"FJI":1409.3146,"FIN":801.00494,"FRA":974.01996,"PYF":2051.9958,"GAB":2082.7559,"GMB":568.2845,"GEO":1130.4844,"DEU":996.7016,"GHA":1068.6796,"GRC":777.25946,"GRL":393.80347,"GTM":2094.3943,"GIN":1599.344,"GNB":1123.7549,"GUY":1832.8533,"HTI":1043.1213,"HMD":1313.2305,"HND":1955.1143,"HKG":1887.2738,"HUN":785.7632,"ISL":1387.5433,"IND":1201.0219,"IDN":3524.3354,"IRN":292.05215,"IRQ":177.99417,"IRL":1259.9609,"IMN":1224.1001,"ISR":184.2678,"ITA":879.793,"JAM":1052.3948,"JPN":2019.177,"JOR":68.86206,"KAZ":325.2837,"KEN":860.5289,"KIR":885.8309,"KWT":116.115364,"KGZ":1086.6586,"LAO":1578.5013,"LVA":901.2329,"LBN":554.3206,"LSO":1112.8118,"LBR":2348.6755,"LBY":19.875528,"LTU":914.48395,"LUX":927.56995,"MDG":1459.5756,"MWI":1171.5619,"MYS":2782.5146,"MLI":257.54678,"MRT":75.96293,"MUS":912.1946,"MEX":797.6552,"MDA":633.8199,"MNG":328.37003,"MNE":1517.8599,"MAR":225.94797,"MOZ":872.68365,"MMR":2156.4456,"NAM":248.6852,"NPL":2279.1855,"NLD":1139.8551,"NCL":1478.8243,"NZL":1678.6868,"NIC":1821.9319,"NER":123.27531,"NGA":1097.781,"PRK":1241.6041,"MKD":767.1695,"NOR":1165.6671,"OMN":36.844604,"PAK":427.42276,"PSE":299.52124,"PAN":3344.8396,"PNG":4028.5552,"PRY":1768.5137,"PER":2242.9216,"PHL":2304.9587,"POL":828.90436,"PRT":648.7426,"PRI":1451.3777,"QAT":65.294174,"ROU":867.19885,"RUS":598.63464,"RWA":1509.78,"VCT":1286.746,"WSM":2368.21,"STP":1297.8286,"SAU":71.67528,"SEN":401.33792,"SRB":697.0516,"SYC":1565.831,"SLE":2339.055,"SVK":902.8928,"SVN":1342.1002,"SLB":3751.4207,"SOM":236.94896,"ZAF":550.27466,"SGS":1627.3544,"KOR":1638.8986,"SSD":1159.1697,"ESP":549.83405,"LKA":1523.6936,"SDN":262.6078,"SUR":1417.609,"SWE":916.6552,"CHE":1529.2445,"SYR":212.14078,"TJK":937.81555,"TZA":1086.5443,"THA":1425.8633,"TGO":1252.9781,"TTO":1652.1298,"TUN":183.20906,"TUR":724.3411,"TKM":214.4624,"UGA":1478.3673,"UKR":719.34766,"ARE":51.485867,"GBR":1170.2332,"USA":886.68536,"VIR":1329.3152,"URY":1688.4634,"UZB":315.68652,"VUT":1991.3597,"VEN":2321.562,"VNM":1969.777,"YEM":180.69603,"ZMB":1062.097,"ZWE":782.93616}