{"AFG":347.33704,"ALB":1320.0922,"DZA":74.240456,"ASM":2487.1692,"AND":912.49274,"AGO":1231.7241,"AIA":1449.1224,"ATG":1160.9525,"ARG":849.5214,"ARM":883.42786,"AUS":524.8562,"AUT":1341.7551,"AZE":565.242,"BHS":955.45435,"BHR":40.37094,"BGD":2145.7375,"BLR":646.2925,"BEL":949.6118,"BLZ":1706.1442,"BEN":1303.2114,"BTN":2994.9954,"BOL":1373.0908,"BIH":1395.9076,"BWA":405.2372,"BRA":1868.744,"BRN":3139.7117,"BGR":815.1433,"BFA":718.3905,"BDI":1627.3671,"KHM":2142.4856,"CMR":2003.8579,"CAN":705.86633,"CPV":283.68753,"CYM":1168.9644,"CAF":1488.9517,"TCD":423.97488,"CHL":1312.3798,"CHN":854.0924,"COL":3560.4956,"COM":1107.4542,"COG":1824.558,"COK":2181.4326,"CRI":3927.8167,"CIV":1422.9222,"HRV":1199.7496,"CUB":1031.4878,"CYP":244.3515,"CZE":759.18854,"COD":1836.5525,"DNK":935.0332,"DJI":210.11742,"DOM":1167.8141,"TLS":2111.722,"ECU":3350.052,"EGY":8.465639,"SLV":1936.6803,"GNQ":3532.2515,"ERI":336.35995,"EST":671.20856,"SWZ":959.4795,"ETH":919.5156,"FLK":591.37964,"FRO":1075.8064,"FJI":2887.0972,"FIN":669.4023,"FRA":1211.0497,"PYF":1284.6011,"GAB":2358.6077,"GMB":836.1722,"GEO":1322.2657,"DEU":917.3083,"GHA":1349.4589,"GRC":791.2337,"GRL":444.7311,"GTM":2029.118,"GIN":1788.0729,"GNB":1486.9049,"GUY":2007.0961,"HTI":1036.2291,"HMD":1311.6302,"HND":1890.9978,"HKG":1725.3727,"HUN":909.64276,"ISL":1345.0397,"IND":1088.3833,"IDN":3380.8242,"IRN":259.2404,"IRQ":133.10025,"IRL":1181.6694,"IMN":1140.7375,"ISR":113.1913,"ITA":990.53424,"JAM":1204.8431,"JPN":1761.105,"JOR":37.267456,"KAZ":360.3574,"KEN":564.8048,"KIR":301.11313,"KWT":187.20827,"KGZ":1055.4509,"LAO":1924.377,"LVA":703.6698,"LBN":357.235,"LSO":988.75574,"LBR":2192.8315,"LBY":22.645319,"LTU":721.6146,"LUX":952.3003,"MDG":1137.528,"MWI":1349.4762,"MYS":3120.2715,"MLI":310.29532,"MRT":92.82336,"MUS":597.6808,"MEX":786.4299,"MDA":604.2482,"MNG":269.85815,"MNE":1701.7394,"MAR":254.49776,"MOZ":1017.27313,"MMR":2510.8853,"NAM":357.52542,"NPL":2027.1135,"NLD":909.1822,"NCL":2111.425,"NZL":1433.1033,"NIC":1775.6383,"NER":146.30402,"NGA":1242.5048,"PRK":987.0452,"MKD":766.62305,"NOR":1214.2927,"OMN":27.835245,"PAK":377.70474,"PSE":175.92204,"PAN":3857.7766,"PNG":3690.3867,"PRY":1291.161,"PER":2132.6055,"PHL":3192.0374,"POL":766.82214,"PRT":742.0872,"PRI":1289.3004,"QAT":37.557198,"ROU":926.43695,"RUS":561.5412,"RWA":1299.958,"VCT":1112.0596,"WSM":2531.9558,"STP":1240.9415,"SAU":52.72633,"SEN":590.4808,"SRB":950.3961,"SYC":1454.7114,"SLE":2362.1975,"SVK":921.82166,"SVN":1387.0117,"SLB":3646.3557,"SOM":230.32823,"ZAF":545.23785,"SGS":1635.1313,"KOR":1585.3864,"SSD":1159.5615,"ESP":617.0607,"LKA":1693.264,"SDN":267.09677,"SUR":1927.5936,"SWE":815.5084,"CHE":2026.3944,"SYR":119.417175,"TJK":889.6156,"TZA":919.50586,"THA":1931.7089,"TGO":1604.1031,"TTO":1582.3632,"TUN":212.94415,"TUR":634.65295,"TKM":179.4784,"UGA":1560.2783,"UKR":659.9708,"ARE":21.851797,"GBR":1127.4916,"USA":764.4831,"VIR":1229.5055,"URY":1128.3639,"UZB":252.0688,"VUT":3137.1953,"VEN":2362.1226,"VNM":2139.4019,"YEM":150.51892,"ZMB":1015.7202,"ZWE":767.0834}