{"AFG":219.97485,"ALB":994.6188,"DZA":40.60009,"ASM":2203.249,"AND":847.94714,"AGO":1062.7955,"AIA":668.23676,"ATG":745.75903,"ARG":955.05334,"ARM":702.6141,"AUS":656.68506,"AUT":1271.3025,"AZE":601.65314,"BHS":681.2759,"BHR":67.23118,"BGD":2380.9724,"BLR":725.6164,"BEL":1058.8652,"BLZ":1621.0087,"BEN":1024.089,"BTN":3279.92,"BOL":1411.9388,"BIH":980.71106,"BWA":687.06995,"BRA":1918.2529,"BRN":2818.8694,"BGR":475.23853,"BFA":621.5846,"BDI":1482.3705,"KHM":2028.7974,"CMR":1799.411,"CAN":654.808,"CPV":229.9831,"CYM":892.60004,"CAF":1329.3185,"TCD":279.45233,"CHL":1458.6876,"CHN":859.003,"COL":3579.7808,"COM":953.4242,"COG":1627.3746,"COK":1664.7777,"CRI":3384.6396,"CIV":1153.7843,"HRV":899.4693,"CUB":726.2655,"CYP":381.80164,"CZE":805.3722,"COD":1661.508,"DNK":847.54553,"DJI":280.75275,"DOM":863.4387,"TLS":2146.349,"ECU":3187.6357,"EGY":10.938227,"SLV":1329.8982,"GNQ":3156.764,"ERI":286.74057,"EST":759.66187,"SWZ":1454.1853,"ETH":937.86566,"FLK":734.5978,"FRO":1046.4415,"FJI":2653.3147,"FIN":751.7471,"FRA":1206.9763,"PYF":1568.5428,"GAB":2085.437,"GMB":758.2529,"GEO":1053.0288,"DEU":918.172,"GHA":1006.39325,"GRC":523.7331,"GRL":437.98727,"GTM":1762.5093,"GIN":1796.3018,"GNB":1351.4213,"GUY":2067.747,"HTI":716.2635,"HMD":1334.5614,"HND":1429.1708,"HKG":1632.7301,"HUN":517.38104,"ISL":1283.2494,"IND":1079.3531,"IDN":3345.4768,"IRN":236.22432,"IRQ":172.28464,"IRL":1202.3029,"IMN":1294.2572,"ISR":201.2547,"ITA":1009.0866,"JAM":915.03613,"JPN":1754.5348,"JOR":66.12256,"KAZ":357.48773,"KEN":487.31097,"KIR":415.4682,"KWT":126.39221,"KGZ":989.06836,"LAO":2051.5583,"LVA":703.1801,"LBN":582.3719,"LSO":1262.7059,"LBR":2075.3896,"LBY":23.404438,"LTU":719.3284,"LUX":1029.3595,"MDG":1470.0999,"MWI":1536.0093,"MYS":2963.9946,"MLI":248.01071,"MRT":77.01416,"MUS":991.5808,"MEX":746.1179,"MDA":548.93896,"MNG":253.98212,"MNE":1367.5354,"MAR":221.77394,"MOZ":1201.0172,"MMR":2452.3535,"NAM":348.3177,"NPL":2154.7595,"NLD":980.8058,"NCL":1413.0317,"NZL":1550.448,"NIC":1459.3544,"NER":65.32466,"NGA":1033.0557,"PRK":1071.186,"MKD":490.3422,"NOR":1276.902,"OMN":11.595032,"PAK":272.09995,"PSE":329.89536,"PAN":3199.2354,"PNG":3868.7263,"PRY":1485.4609,"PER":2175.439,"PHL":3133.918,"POL":758.7787,"PRT":958.09283,"PRI":872.9859,"QAT":54.384663,"ROU":610.55286,"RUS":574.57587,"RWA":1206.1014,"VCT":1088.6716,"WSM":2482.832,"STP":1181.088,"SAU":50.758938,"SEN":543.4755,"SRB":477.8083,"SYC":1212.9534,"SLE":2589.6604,"SVK":828.00366,"SVN":1314.9244,"SLB":3734.043,"SOM":253.57089,"ZAF":727.60333,"SGS":1637.8109,"KOR":1256.1572,"SSD":1015.78094,"ESP":654.10535,"LKA":1754.5576,"SDN":195.03229,"SUR":1886.2955,"SWE":944.41833,"CHE":1750.7688,"SYR":222.62862,"TJK":659.01697,"TZA":961.9557,"THA":1927.4664,"TGO":1241.8389,"TTO":1567.9913,"TUN":136.68703,"TUR":640.1008,"TKM":122.61827,"UGA":1346.5776,"UKR":650.9804,"ARE":10.217541,"GBR":1217.7625,"USA":770.74084,"VIR":715.0297,"URY":1487.9587,"UZB":181.61282,"VUT":3112.2607,"VEN":2182.7764,"VNM":2090.4995,"YEM":147.8537,"ZMB":1192.4712,"ZWE":1069.7959}