{"AFG":203.18445,"ALB":1179.969,"DZA":44.693207,"ASM":2771.803,"AND":794.0216,"AGO":1164.2678,"AIA":681.1008,"ATG":699.7986,"ARG":936.0044,"ARM":800.16656,"AUS":500.8003,"AUT":1231.8984,"AZE":579.71173,"BHS":911.073,"BHR":31.457901,"BGD":2287.9595,"BLR":718.6662,"BEL":1087.4242,"BLZ":1451.617,"BEN":954.7443,"BTN":2570.9363,"BOL":1475.0072,"BIH":1421.3765,"BWA":563.7447,"BRA":1763.4281,"BRN":2851.3872,"BGR":708.2185,"BFA":580.1306,"BDI":1895.1385,"KHM":1754.695,"CMR":1679.9768,"CAN":660.1671,"CPV":131.1798,"CYM":967.12683,"CAF":1220.2792,"TCD":310.64453,"CHL":1559.2487,"CHN":809.0416,"COL":3269.2317,"COM":1138.6675,"COG":1389.3303,"COK":1487.2379,"CRI":3357.2427,"CIV":1107.7179,"HRV":1093.2028,"CUB":870.96765,"CYP":408.45688,"CZE":903.8224,"COD":1584.3949,"DNK":840.2585,"DJI":229.79076,"DOM":949.151,"TLS":1950.5365,"ECU":3106.6458,"EGY":6.198369,"SLV":1144.5558,"GNQ":2706.397,"ERI":330.89758,"EST":807.317,"SWZ":1078.747,"ETH":995.9235,"FLK":481.88873,"FRO":903.5084,"FJI":2024.9865,"FIN":658.8836,"FRA":1115.8035,"PYF":1856.576,"GAB":1887.2786,"GMB":695.26904,"GEO":1272.6989,"DEU":1008.4868,"GHA":888.4023,"GRC":705.389,"GRL":459.5697,"GTM":1681.8053,"GIN":1607.4633,"GNB":1331.7317,"GUY":1568.1847,"HTI":831.1402,"HMD":1326.7269,"HND":1500.7368,"HKG":1893.044,"HUN":741.9042,"ISL":1351.0962,"IND":1107.9402,"IDN":3229.5308,"IRN":210.38548,"IRQ":187.91936,"IRL":904.6849,"IMN":909.65845,"ISR":153.3748,"ITA":842.95374,"JAM":992.6914,"JPN":1668.17,"JOR":66.96067,"KAZ":354.91208,"KEN":699.1121,"KIR":537.6911,"KWT":108.37792,"KGZ":955.66394,"LAO":2039.2495,"LVA":816.82135,"LBN":505.48727,"LSO":1222.0184,"LBR":2207.6555,"LBY":12.3773775,"LTU":824.9768,"LUX":1001.14056,"MDG":1293.4574,"MWI":1340.2155,"MYS":2989.4102,"MLI":210.23245,"MRT":49.318985,"MUS":946.22815,"MEX":747.3975,"MDA":632.1048,"MNG":234.39247,"MNE":1650.3805,"MAR":175.43399,"MOZ":1015.74176,"MMR":2337.3142,"NAM":390.13953,"NPL":1869.688,"NLD":1014.39667,"NCL":1347.0115,"NZL":1446.8987,"NIC":1460.1049,"NER":69.70689,"NGA":997.7914,"PRK":1048.3785,"MKD":693.89197,"NOR":1121.1871,"OMN":7.593719,"PAK":349.35284,"PSE":263.89752,"PAN":3007.0757,"PNG":3836.5225,"PRY":1384.6953,"PER":2082.5178,"PHL":2726.5833,"POL":861.80676,"PRT":973.2706,"PRI":932.9795,"QAT":9.008847,"ROU":854.40753,"RUS":584.9839,"RWA":1592.6613,"VCT":1056.9,"WSM":2913.8508,"STP":1298.1282,"SAU":49.48413,"SEN":484.60883,"SRB":899.40906,"SYC":1329.9193,"SLE":2421.6873,"SVK":892.2811,"SVN":1245.3917,"SLB":3746.3193,"SOM":253.74054,"ZAF":660.83093,"SGS":1690.8368,"KOR":1040.1588,"SSD":1086.2028,"ESP":646.3903,"LKA":1549.1987,"SDN":231.50298,"SUR":1502.0388,"SWE":816.4274,"CHE":1823.3029,"SYR":247.02278,"TJK":623.5896,"TZA":974.43634,"THA":1713.444,"TGO":1047.0342,"TTO":1466.379,"TUN":129.33994,"TUR":722.8123,"TKM":133.78215,"UGA":1583.1749,"UKR":712.5554,"ARE":9.306003,"GBR":979.25684,"USA":771.66174,"VIR":841.1484,"URY":1536.9734,"UZB":194.06874,"VUT":2141.572,"VEN":1980.6296,"VNM":1981.909,"YEM":157.74643,"ZMB":1151.6779,"ZWE":916.66693}