{"AFG":304.83194,"ALB":1286.1083,"DZA":56.14827,"ASM":2395.4333,"AND":1100.8854,"AGO":1238.1097,"AIA":665.8478,"ATG":749.26184,"ARG":946.4391,"ARM":998.8818,"AUS":296.48978,"AUT":1339.831,"AZE":671.1995,"BHS":776.9202,"BHR":37.981033,"BGD":2529.2979,"BLR":619.9499,"BEL":1025.932,"BLZ":1395.8401,"BEN":1193.5903,"BTN":3221.6626,"BOL":1310.5991,"BIH":1351.453,"BWA":290.6851,"BRA":1713.9707,"BRN":2076.949,"BGR":876.1147,"BFA":544.3255,"BDI":1763.056,"KHM":1693.5889,"CMR":1730.1885,"CAN":652.1137,"CPV":108.2706,"CYM":1417.6826,"CAF":1258.3126,"TCD":268.89313,"CHL":1602.3212,"CHN":858.89185,"COL":3264.8132,"COM":1522.2118,"COG":1560.2422,"COK":1311.0447,"CRI":3173.8599,"CIV":1255.6835,"HRV":1217.4894,"CUB":962.9126,"CYP":354.56696,"CZE":960.2228,"COD":1621.5942,"DNK":872.8041,"DJI":198.29358,"DOM":865.4078,"TLS":1261.9478,"ECU":3243.8533,"EGY":8.800799,"SLV":1323,"GNQ":2958.8066,"ERI":303.01428,"EST":603.761,"SWZ":664.48914,"ETH":922.9441,"FLK":713.4659,"FRO":945.12415,"FJI":2204.6484,"FIN":566.95374,"FRA":1139.3085,"PYF":1311.1937,"GAB":2060.6707,"GMB":468.88388,"GEO":1366.924,"DEU":1062.0842,"GHA":1126.2535,"GRC":881.08624,"GRL":446.8728,"GTM":1622.5125,"GIN":1556.7898,"GNB":972.5665,"GUY":2010.5404,"HTI":798.7557,"HMD":1333.5114,"HND":1483.3479,"HKG":1520.3434,"HUN":675.29785,"ISL":1515.8334,"IND":999.93604,"IDN":2710.366,"IRN":276.10388,"IRQ":226.87128,"IRL":1285.4817,"IMN":1256.0195,"ISR":258.3282,"ITA":1140.3444,"JAM":1202.3011,"JPN":1654.5751,"JOR":102.48589,"KAZ":385.21527,"KEN":721.69934,"KIR":791.41235,"KWT":111.04065,"KGZ":976.35236,"LAO":2228.4624,"LVA":677.1986,"LBN":702.2888,"LSO":1140.9795,"LBR":2419.4531,"LBY":21.130163,"LTU":698.4543,"LUX":937.9727,"MDG":1479.2484,"MWI":1372.7681,"MYS":2321.6917,"MLI":215.13799,"MRT":42.52697,"MUS":1070.7334,"MEX":758.5047,"MDA":579.18353,"MNG":235.91438,"MNE":1610.8527,"MAR":297.33334,"MOZ":758.9842,"MMR":2357.806,"NAM":311.72943,"NPL":2046.3691,"NLD":981.4683,"NCL":1324.5947,"NZL":1532.0719,"NIC":1611.7078,"NER":76.76787,"NGA":1052.4893,"PRK":1044.5411,"MKD":837.09247,"NOR":1014.53375,"OMN":36.01568,"PAK":289.3967,"PSE":420.44354,"PAN":2841.2666,"PNG":3336.358,"PRY":1218.0906,"PER":2103.3376,"PHL":2224.6538,"POL":765.51624,"PRT":927.5801,"PRI":859.76654,"QAT":43.69317,"ROU":812.08606,"RUS":581.12115,"RWA":1493.0857,"VCT":1014.62555,"WSM":2675.3423,"STP":1389.4243,"SAU":66.65195,"SEN":387.07462,"SRB":800.81964,"SYC":1743.1155,"SLE":2542.985,"SVK":839.5787,"SVN":1347.7225,"SLB":3953.4363,"SOM":324.2734,"ZAF":495.42773,"SGS":1762.2495,"KOR":1401.8549,"SSD":903.5408,"ESP":688.48486,"LKA":1699.2158,"SDN":182.26881,"SUR":1666.0862,"SWE":696.7164,"CHE":1855.6135,"SYR":246.42297,"TJK":784.2928,"TZA":1158.1124,"THA":1749.2472,"TGO":1377.4534,"TTO":1480.4312,"TUN":174.37334,"TUR":673.33435,"TKM":211.53021,"UGA":1424.124,"UKR":620.6055,"ARE":44.194088,"GBR":1131.2045,"USA":784.2211,"VIR":690.40106,"URY":2002.1923,"UZB":321.27917,"VUT":2509.1296,"VEN":2174.0938,"VNM":1935.945,"YEM":152.03793,"ZMB":977.0846,"ZWE":425.4422}