{"AFG":350.294,"ALB":1195.5265,"DZA":86.49304,"ASM":2818.6455,"AND":1122.6177,"AGO":1139.8488,"AIA":995.43,"ATG":898.901,"ARG":749.5623,"ARM":957.2944,"AUS":437.69666,"AUT":964.65704,"AZE":685.8859,"BHS":847.98584,"BHR":65.02724,"BGD":2140.1438,"BLR":682.7491,"BEL":722.1305,"BLZ":1355.6624,"BEN":1087.3187,"BTN":3249.391,"BOL":1358.7338,"BIH":1015.271,"BWA":302.36624,"BRA":1708.2885,"BRN":2459.9597,"BGR":709.3927,"BFA":731.6598,"BDI":1500.4827,"KHM":1776.3097,"CMR":1704.7133,"CAN":662.876,"CPV":175.69041,"CYM":728.98486,"CAF":1298.0151,"TCD":344.03342,"CHL":1531.9741,"CHN":824.7142,"COL":3401.5312,"COM":1169.052,"COG":1539.5629,"COK":1986.8469,"CRI":3509.2432,"CIV":1344.1656,"HRV":790.1715,"CUB":879.3837,"CYP":417.1494,"CZE":587.62506,"COD":1521.7307,"DNK":666.75323,"DJI":230.95699,"DOM":1099.8566,"TLS":1468.7396,"ECU":3018.2407,"EGY":6.5361843,"SLV":1463.8247,"GNQ":3272.606,"ERI":379.02875,"EST":702.7277,"SWZ":629.1142,"ETH":942.69977,"FLK":761.6281,"FRO":990.4519,"FJI":1877.0035,"FIN":623.7296,"FRA":927.7132,"PYF":1486.0839,"GAB":2098.3015,"GMB":740.3762,"GEO":1246.3235,"DEU":637.5993,"GHA":1144.9379,"GRC":882.2302,"GRL":468.80978,"GTM":1715.6841,"GIN":1750.2545,"GNB":1449.9673,"GUY":1800.8848,"HTI":962.19977,"HMD":1383.6613,"HND":1638.7117,"HKG":1580.0895,"HUN":492.19025,"ISL":1499.6825,"IND":1225.7537,"IDN":3076.247,"IRN":282.98727,"IRQ":209.70486,"IRL":944.67303,"IMN":917.45374,"ISR":232.04173,"ITA":868.064,"JAM":1105.4458,"JPN":1817.3926,"JOR":96.823845,"KAZ":370.7564,"KEN":630.88367,"KIR":883.61743,"KWT":108.074905,"KGZ":1017.56635,"LAO":1742.3584,"LVA":703.4344,"LBN":813.0464,"LSO":931.2398,"LBR":2448.2644,"LBY":21.54404,"LTU":651.97296,"LUX":716.2373,"MDG":1561.2263,"MWI":1371.3466,"MYS":2589.8374,"MLI":291.81387,"MRT":116.28882,"MUS":1014.47925,"MEX":781.96356,"MDA":491.07846,"MNG":316.1246,"MNE":1455.4822,"MAR":328.35916,"MOZ":924.17926,"MMR":2256.7163,"NAM":271.33707,"NPL":2186.186,"NLD":676.5814,"NCL":1195.1733,"NZL":1441.8708,"NIC":1578.6125,"NER":86.29635,"NGA":1007.9492,"PRK":1075.0815,"MKD":735.69794,"NOR":1120.5012,"OMN":35.511726,"PAK":448.61887,"PSE":381.07065,"PAN":3317.0156,"PNG":3803.6755,"PRY":1308.3821,"PER":2037.1682,"PHL":2403.454,"POL":591.3268,"PRT":887.9775,"PRI":1154.6031,"QAT":53.717056,"ROU":670.85425,"RUS":561.7336,"RWA":1209.1548,"VCT":1116.6992,"WSM":3064.461,"STP":1898.9563,"SAU":56.71382,"SEN":574.55035,"SRB":657.9367,"SYC":1880.0709,"SLE":2696.084,"SVK":611.5205,"SVN":990.2184,"SLB":3449.3948,"SOM":275.38684,"ZAF":418.4659,"SGS":1556.3066,"KOR":1685.1083,"SSD":1050.641,"ESP":743.63617,"LKA":1605.877,"SDN":227.952,"SUR":1494.0198,"SWE":710.4345,"CHE":1212.857,"SYR":278.57874,"TJK":823.27936,"TZA":764.70465,"THA":1490.1593,"TGO":1286.6399,"TTO":1391.1849,"TUN":324.3228,"TUR":708.00146,"TKM":228.35522,"UGA":1418.6191,"UKR":601.34344,"ARE":31.051891,"GBR":846.4629,"USA":805.9684,"VIR":1165.2146,"URY":1398.5419,"UZB":351.4431,"VUT":1831.8425,"VEN":2256.4324,"VNM":1831.7561,"YEM":143.07057,"ZMB":1029.4921,"ZWE":736.0059}