{"AFG":315.41003,"ALB":1518.797,"DZA":86.66942,"ASM":2282.7883,"AND":877.53296,"AGO":1152.788,"AIA":1011.5881,"ATG":1451.1862,"ARG":734.1446,"ARM":862.88885,"AUS":447.54428,"AUT":1228.8599,"AZE":644.62537,"BHS":609.65674,"BHR":52.119255,"BGD":2598.2327,"BLR":758.1847,"BEL":847.9148,"BLZ":1401.1515,"BEN":929.9029,"BTN":3684.462,"BOL":1458.1257,"BIH":1420.6741,"BWA":466.9227,"BRA":1805.6158,"BRN":2290.3481,"BGR":713.5097,"BFA":443.436,"BDI":1669.2345,"KHM":1522.2784,"CMR":1740.0034,"CAN":677.7787,"CPV":164.23999,"CYM":621.9311,"CAF":1234.4791,"TCD":264.0969,"CHL":1479.4165,"CHN":773.33167,"COL":3230.761,"COM":1482.4012,"COG":1418.3219,"COK":1467.7001,"CRI":3671.4778,"CIV":1217.488,"HRV":1237.591,"CUB":636.6153,"CYP":416.45984,"CZE":772.11475,"COD":1552.9856,"DNK":837.38983,"DJI":190.81487,"DOM":1108.9265,"TLS":1582.3069,"ECU":2790.1672,"EGY":8.519822,"SLV":1432.8489,"GNQ":3021.0247,"ERI":309.6506,"EST":786.2114,"SWZ":1014.49347,"ETH":967.61395,"FLK":569.98956,"FRO":1096.1324,"FJI":2007.2499,"FIN":747.8675,"FRA":982.6951,"PYF":1633.2212,"GAB":1984.2736,"GMB":541.81055,"GEO":1292.1422,"DEU":861.1517,"GHA":960.93567,"GRC":741.5716,"GRL":437.48846,"GTM":1675.4731,"GIN":1683.1935,"GNB":1154.6124,"GUY":1843.8567,"HTI":840.3353,"HMD":1408.948,"HND":1497.8237,"HKG":1238.9542,"HUN":746.81366,"ISL":1516.3627,"IND":1104.7363,"IDN":2796.858,"IRN":324.23276,"IRQ":208.4516,"IRL":1033.8684,"IMN":1044.6644,"ISR":205.9252,"ITA":1054.0092,"JAM":1110.5933,"JPN":1943.2725,"JOR":65.19183,"KAZ":362.6311,"KEN":679.4096,"KIR":653.84674,"KWT":180.6073,"KGZ":926.22015,"LAO":1861.3574,"LVA":767.5202,"LBN":628.0266,"LSO":1113.0323,"LBR":2406.6584,"LBY":20.03156,"LTU":801.9565,"LUX":774.877,"MDG":1627.0046,"MWI":1454.1034,"MYS":2361.7563,"MLI":202.93095,"MRT":51.248363,"MUS":1148.9767,"MEX":785.67474,"MDA":582.9558,"MNG":234.58362,"MNE":1990.3738,"MAR":250.44429,"MOZ":937.3017,"MMR":2346.6582,"NAM":388.47665,"NPL":1909.7518,"NLD":904.79083,"NCL":1205.3015,"NZL":1729.3496,"NIC":1641.8236,"NER":51.472347,"NGA":1000.239,"PRK":1145.0961,"MKD":814.4563,"NOR":1217.4863,"OMN":31.664276,"PAK":331.17023,"PSE":308.57074,"PAN":3154.4941,"PNG":3531.9973,"PRY":1179.629,"PER":1992.915,"PHL":2283.5166,"POL":728.4024,"PRT":590.2989,"PRI":1111.5479,"QAT":48.431896,"ROU":852.0925,"RUS":597.61053,"RWA":1347.1187,"VCT":1491.5609,"WSM":2677.3728,"STP":1161.3484,"SAU":69.19169,"SEN":377.15564,"SRB":868.7173,"SYC":1634.6613,"SLE":2558.9568,"SVK":888.10925,"SVN":1429.0646,"SLB":4205.74,"SOM":343.20947,"ZAF":547.14325,"SGS":1673.9485,"KOR":1250.0903,"SSD":915.6582,"ESP":592.6282,"LKA":1742.4153,"SDN":180.23932,"SUR":1607.355,"SWE":780.0792,"CHE":1466.5955,"SYR":259.97092,"TJK":804.6142,"TZA":1031.0251,"THA":1398.3904,"TGO":1209.1125,"TTO":1687.5604,"TUN":236.96817,"TUR":659.38055,"TKM":199.28236,"UGA":1454.4059,"UKR":736.51373,"ARE":29.401754,"GBR":1078.6025,"USA":858.4184,"VIR":1327.5585,"URY":967.8497,"UZB":269.70645,"VUT":1857.8197,"VEN":2348.103,"VNM":1659.2001,"YEM":123.107544,"ZMB":1128.6119,"ZWE":798.76654}