{"AFG":374.57898,"ALB":1505.5068,"DZA":66.49743,"ASM":2590.8813,"AND":932.43695,"AGO":1132.4496,"AIA":1165.3815,"ATG":1297.6675,"ARG":742.75085,"ARM":943.5899,"AUS":354.92398,"AUT":1282.2631,"AZE":581.5598,"BHS":982.42944,"BHR":39.7892,"BGD":2131.0464,"BLR":699.53326,"BEL":788.71344,"BLZ":1535.4528,"BEN":944.8891,"BTN":2717.285,"BOL":1457.6428,"BIH":1386.169,"BWA":396.9124,"BRA":1774.7333,"BRN":2333.2402,"BGR":1027.8942,"BFA":543.0984,"BDI":1688.6552,"KHM":1647.2964,"CMR":1590.8184,"CAN":703.933,"CPV":183.52374,"CYM":1323.8553,"CAF":1273.2921,"TCD":346.618,"CHL":1488.7238,"CHN":809.3991,"COL":3228.623,"COM":1187.7181,"COG":1407.2673,"COK":1833.5686,"CRI":3456.619,"CIV":1250.0854,"HRV":1145.6586,"CUB":1147.9572,"CYP":274.0947,"CZE":869.98065,"COD":1580.9099,"DNK":703.6467,"DJI":198.54388,"DOM":1392.5913,"TLS":1339.0504,"ECU":2654.2468,"EGY":9.82201,"SLV":2058.2305,"GNQ":2420.9548,"ERI":347.05667,"EST":640.35455,"SWZ":794.82404,"ETH":1017.88763,"FLK":600.6849,"FRO":1101.9924,"FJI":2155.821,"FIN":711.1519,"FRA":935.4893,"PYF":1453.813,"GAB":1752.5931,"GMB":639.4088,"GEO":1490.5477,"DEU":843.92554,"GHA":1025.1709,"GRC":839.6626,"GRL":476.2706,"GTM":2020.1547,"GIN":1712.1858,"GNB":1160.5116,"GUY":1957.5128,"HTI":1248.1923,"HMD":1283.9126,"HND":2004.2216,"HKG":1818.9518,"HUN":822.9804,"ISL":1322.9441,"IND":1156.1407,"IDN":3123.9282,"IRN":280.87274,"IRQ":181.86021,"IRL":1026.7565,"IMN":1039.4412,"ISR":175.85945,"ITA":979.4761,"JAM":1529.6837,"JPN":1488.8596,"JOR":61.021492,"KAZ":296.64163,"KEN":543.1577,"KIR":434.41962,"KWT":172.28656,"KGZ":894.64056,"LAO":1985.8981,"LVA":678.6274,"LBN":591.4273,"LSO":1052.4294,"LBR":2455.6455,"LBY":29.919436,"LTU":719.4313,"LUX":713.21136,"MDG":1251.0876,"MWI":994.9733,"MYS":2476.1064,"MLI":246.22563,"MRT":79.16079,"MUS":1177.5327,"MEX":772.5759,"MDA":656.24243,"MNG":228.08565,"MNE":1853.3408,"MAR":199.14108,"MOZ":660.8351,"MMR":2198.522,"NAM":329.9587,"NPL":1799.307,"NLD":815.3066,"NCL":1411.5894,"NZL":1319.5797,"NIC":1936.6797,"NER":82.71624,"NGA":989.0729,"PRK":1131.4341,"MKD":853.6299,"NOR":1271.6527,"OMN":31.821198,"PAK":434.89044,"PSE":296.61023,"PAN":3413.7585,"PNG":3995.5315,"PRY":1257.755,"PER":1905.1168,"PHL":2542.5928,"POL":685.0575,"PRT":573.9955,"PRI":1528.479,"QAT":46.04129,"ROU":1053.0063,"RUS":568.1528,"RWA":1364.2494,"VCT":1622.3755,"WSM":2789.737,"STP":1049.7051,"SAU":67.11868,"SEN":437.7134,"SRB":954.7508,"SYC":1461.387,"SLE":2650.7556,"SVK":958.83685,"SVN":1227.2949,"SLB":3674.5164,"SOM":239.3118,"ZAF":506.62524,"SGS":1719.7926,"KOR":1098.1471,"SSD":1002.9266,"ESP":471.72717,"LKA":1614.0693,"SDN":229.9619,"SUR":1814.3059,"SWE":770.87164,"CHE":1370.0293,"SYR":177.24036,"TJK":675.1531,"TZA":760.40735,"THA":1609.8585,"TGO":1140.362,"TTO":1791.9021,"TUN":217.91554,"TUR":720.54376,"TKM":171.83994,"UGA":1429.4138,"UKR":663.0593,"ARE":33.792496,"GBR":969.3571,"USA":792.345,"VIR":1360.5842,"URY":1220.1036,"UZB":244.05423,"VUT":1997.7281,"VEN":2208.4148,"VNM":1979.6188,"YEM":150.34608,"ZMB":852.6856,"ZWE":593.3408}