{"AFG":346.97827,"ALB":1110.4503,"DZA":82.4783,"ASM":3362.1445,"AND":760.8566,"AGO":1222.4216,"AIA":908.2813,"ATG":1051.3325,"ARG":756.07477,"ARM":834.9867,"AUS":432.42755,"AUT":1150.1456,"AZE":563.2766,"BHS":990.5501,"BHR":114.40277,"BGD":1868.7489,"BLR":701.3311,"BEL":911.3866,"BLZ":1840.625,"BEN":1035.5492,"BTN":2478.0886,"BOL":1540.5593,"BIH":1145.6661,"BWA":624.5793,"BRA":1810.0073,"BRN":2623.7412,"BGR":738.5585,"BFA":548.7667,"BDI":1989.0486,"KHM":1837.4318,"CMR":1543.2323,"CAN":668.9893,"CPV":185.5788,"CYM":935.77954,"CAF":1281.49,"TCD":270.4305,"CHL":1651.8928,"CHN":749.2904,"COL":3335.453,"COM":1817.2461,"COG":1490.6545,"COK":2286.9302,"CRI":3109.6838,"CIV":1159.6646,"HRV":987.51636,"CUB":993.319,"CYP":326.00586,"CZE":780.7448,"COD":1684.8033,"DNK":861.47095,"DJI":272.83664,"DOM":1058.0074,"TLS":1897.4858,"ECU":2993.5786,"EGY":8.566395,"SLV":1547.6361,"GNQ":2849.4263,"ERI":412.98914,"EST":588.1199,"SWZ":1046.937,"ETH":1128.861,"FLK":691.2159,"FRO":1169.6212,"FJI":1962.1924,"FIN":608.1205,"FRA":1101.4471,"PYF":1745.7546,"GAB":1968.9789,"GMB":595.76337,"GEO":1393.7948,"DEU":813.86896,"GHA":988.3599,"GRC":770.0703,"GRL":387.1384,"GTM":2083.4722,"GIN":1577.1641,"GNB":1075.0958,"GUY":2195.3735,"HTI":903.5421,"HMD":1390.3981,"HND":1704.7247,"HKG":1763.0813,"HUN":650.9223,"ISL":1528.5497,"IND":1180.9954,"IDN":2938.029,"IRN":290.87946,"IRQ":274.1481,"IRL":1152.6091,"IMN":1225.0919,"ISR":186.46529,"ITA":831.3964,"JAM":1043.7133,"JPN":1803.8998,"JOR":69.09096,"KAZ":328.63605,"KEN":891.52423,"KIR":688.0703,"KWT":100.12017,"KGZ":879.1477,"LAO":1914.7982,"LVA":611.2527,"LBN":525.22064,"LSO":1299.9359,"LBR":2320.411,"LBY":28.794386,"LTU":639.51575,"LUX":871.5062,"MDG":1204.4547,"MWI":1460.9137,"MYS":2944.8538,"MLI":224.01308,"MRT":62.02189,"MUS":1106.5238,"MEX":847.7413,"MDA":542.2014,"MNG":228.83926,"MNE":1437.9968,"MAR":318.56143,"MOZ":886.8462,"MMR":2311.946,"NAM":576.05225,"NPL":1751.5562,"NLD":843.41394,"NCL":1232.4038,"NZL":1608.8176,"NIC":1631.9913,"NER":67.233185,"NGA":1009.22906,"PRK":1031.6478,"MKD":779.1501,"NOR":1202.271,"OMN":47.99621,"PAK":497.20908,"PSE":290.6518,"PAN":3209.3408,"PNG":4041.6597,"PRY":1285.4685,"PER":2030.7523,"PHL":2647.3447,"POL":684.91656,"PRT":926.9827,"PRI":1108.0332,"QAT":116.95186,"ROU":826.7086,"RUS":597.5823,"RWA":1723.3098,"VCT":1165.4644,"WSM":3522.278,"STP":1531.4817,"SAU":70.91446,"SEN":385.21738,"SRB":804.9116,"SYC":2005.8218,"SLE":2390.371,"SVK":798.97015,"SVN":1172.7555,"SLB":4369.703,"SOM":386.81787,"ZAF":686.14594,"SGS":1557.3491,"KOR":1260.0234,"SSD":1039.9065,"ESP":658.77356,"LKA":1894.3612,"SDN":213.60155,"SUR":2031.4783,"SWE":820.3841,"CHE":1533.3842,"SYR":232.65898,"TJK":693.4795,"TZA":1185.5702,"THA":1694.79,"TGO":1255.505,"TTO":1364.9957,"TUN":222.17409,"TUR":682.1828,"TKM":151.94182,"UGA":1719.8425,"UKR":631.51965,"ARE":64.25575,"GBR":1052.4624,"USA":789.2378,"VIR":984.13086,"URY":1130.6302,"UZB":227.34898,"VUT":2205.364,"VEN":2277.417,"VNM":1918.3613,"YEM":135.99542,"ZMB":1119.0748,"ZWE":762.1772}