{"AFG":339.21094,"ALB":1092.2379,"DZA":64.32391,"ASM":3327.3755,"AND":804.677,"AGO":1101.8629,"AIA":975.99316,"ATG":955.98126,"ARG":778.8111,"ARM":980.0577,"AUS":470.31915,"AUT":1279.4971,"AZE":617.5636,"BHS":1226.0298,"BHR":30.830383,"BGD":2728.0747,"BLR":706.0826,"BEL":985.3129,"BLZ":1625.7845,"BEN":931.9463,"BTN":3252.9666,"BOL":1525.9907,"BIH":1224.2811,"BWA":294.4869,"BRA":1674.5981,"BRN":3524.5527,"BGR":780.05597,"BFA":526.0278,"BDI":1837.201,"KHM":2023.8275,"CMR":1760.7311,"CAN":696.54755,"CPV":126.41403,"CYM":1185.0233,"CAF":1282.1434,"TCD":275.36472,"CHL":1359.6517,"CHN":756.8613,"COL":3402.6023,"COM":1135.364,"COG":1530.3092,"COK":1758.5745,"CRI":3812.71,"CIV":1329.812,"HRV":1044.0386,"CUB":1272.2378,"CYP":327.9607,"CZE":849.3759,"COD":1589.375,"DNK":917.5121,"DJI":168.2402,"DOM":1348.3596,"TLS":1605.0131,"ECU":2850.7659,"EGY":7.768105,"SLV":1677.6759,"GNQ":3050.6665,"ERI":348.05893,"EST":778.1093,"SWZ":675.6111,"ETH":964.8758,"FLK":633.70514,"FRO":1173.9156,"FJI":2697.5024,"FIN":749.01483,"FRA":1087.1388,"PYF":2014.8225,"GAB":2096.9114,"GMB":523.5104,"GEO":1364.7902,"DEU":1040.094,"GHA":1123.3136,"GRC":689.73315,"GRL":432.56113,"GTM":1806.1084,"GIN":1586.1497,"GNB":1076.0115,"GUY":2186.0117,"HTI":1177.5165,"HMD":1345.7937,"HND":1727.0361,"HKG":1422.9286,"HUN":653.19366,"ISL":1548.6252,"IND":1294.9424,"IDN":3324.9883,"IRN":285.0334,"IRQ":155.77419,"IRL":1082.4647,"IMN":975.51154,"ISR":185.00346,"ITA":846.328,"JAM":1433.4792,"JPN":1536.8411,"JOR":62.603123,"KAZ":302.99677,"KEN":684.0099,"KIR":539.5269,"KWT":110.51201,"KGZ":884.47345,"LAO":1915.616,"LVA":799.85956,"LBN":574.3322,"LSO":913.85266,"LBR":2406.1167,"LBY":22.142487,"LTU":823.10016,"LUX":964.7057,"MDG":1695.19,"MWI":1496.9323,"MYS":3280.7231,"MLI":236.53029,"MRT":53.49259,"MUS":1088.65,"MEX":838.6962,"MDA":513.81146,"MNG":229.89476,"MNE":1514.0415,"MAR":227.62141,"MOZ":1035.3239,"MMR":2550.5095,"NAM":189.12029,"NPL":2428.42,"NLD":980.2589,"NCL":1273.2083,"NZL":1364.4967,"NIC":1792.7903,"NER":83.23161,"NGA":1039.7787,"PRK":1435.7578,"MKD":738.92444,"NOR":1290.6836,"OMN":79.40396,"PAK":466.21616,"PSE":288.41296,"PAN":3671.682,"PNG":4078.7449,"PRY":1267.252,"PER":2065.724,"PHL":2639.249,"POL":809.55554,"PRT":575.246,"PRI":1171.6223,"QAT":25.962032,"ROU":803.85474,"RUS":613.4943,"RWA":1412.686,"VCT":1213.3904,"WSM":3206.393,"STP":2343.5107,"SAU":39.018166,"SEN":455.99155,"SRB":817.54224,"SYC":1618.7385,"SLE":2645.3296,"SVK":850.3109,"SVN":1214.3741,"SLB":3867.5999,"SOM":249.29169,"ZAF":453.7892,"SGS":1705.4857,"KOR":1380.5579,"SSD":1010.80994,"ESP":578.0161,"LKA":1656.1168,"SDN":230.63916,"SUR":2004.1067,"SWE":772.3076,"CHE":1648.5344,"SYR":201.80695,"TJK":704.29224,"TZA":952.1447,"THA":1755.4893,"TGO":1261.4121,"TTO":1647.0168,"TUN":240.68027,"TUR":644.43176,"TKM":168.84483,"UGA":1515.8162,"UKR":588.56604,"ARE":21.718645,"GBR":1076.5902,"USA":750.17535,"VIR":948.10864,"URY":1360.7429,"UZB":225.39517,"VUT":2460.9,"VEN":2281.6877,"VNM":2163.56,"YEM":168.1628,"ZMB":1169.6581,"ZWE":869.6269}