{"AFG":278.27866,"ALB":1126.1652,"DZA":77.30029,"ASM":2525.9495,"AND":1138.054,"AGO":1147.1776,"AIA":970.068,"ATG":968.1244,"ARG":683.702,"ARM":812.7363,"AUS":429.25052,"AUT":1244.941,"AZE":606.5375,"BHS":798.08795,"BHR":36.325455,"BGD":2192.1677,"BLR":767.2809,"BEL":939.2252,"BLZ":1661.3171,"BEN":1015.525,"BTN":3327.3677,"BOL":1539.9182,"BIH":1217.5458,"BWA":440.03928,"BRA":1896.5753,"BRN":3781.3193,"BGR":615.7564,"BFA":564.98706,"BDI":1707.9489,"KHM":1897.3309,"CMR":1636.927,"CAN":690.86334,"CPV":239.30028,"CYM":1230.0072,"CAF":1166.8738,"TCD":287.511,"CHL":1455.3141,"CHN":792.74963,"COL":3400.558,"COM":1593.8232,"COG":1461.1093,"COK":1749.0615,"CRI":4024.7935,"CIV":1384.2504,"HRV":1070.6357,"CUB":963.7155,"CYP":211.82497,"CZE":775.40906,"COD":1548.7339,"DNK":815.2575,"DJI":105.80058,"DOM":1139.9596,"TLS":1738.8997,"ECU":3172.7632,"EGY":10.190325,"SLV":2075.0332,"GNQ":2979.0354,"ERI":259.31696,"EST":921.93286,"SWZ":779.7927,"ETH":918.3845,"FLK":613.0946,"FRO":1163.2594,"FJI":2499.6978,"FIN":794.3022,"FRA":1164.2639,"PYF":1310.6833,"GAB":2077.6895,"GMB":837.29236,"GEO":1217.4613,"DEU":870.26526,"GHA":1115.0345,"GRC":582.88776,"GRL":474.61783,"GTM":2063.7888,"GIN":1723.4354,"GNB":1408.1157,"GUY":2166.2917,"HTI":1068.794,"HMD":1334.8389,"HND":1949.4016,"HKG":1940.5983,"HUN":627.1158,"ISL":1351.979,"IND":1261.435,"IDN":3469.9106,"IRN":202.84282,"IRQ":131.99036,"IRL":1214.7668,"IMN":1199.6555,"ISR":157.25111,"ITA":1133.4637,"JAM":1161.0914,"JPN":1546.4927,"JOR":55.060787,"KAZ":277.41916,"KEN":597.96344,"KIR":639.6713,"KWT":49.80356,"KGZ":860.85675,"LAO":2099.545,"LVA":821.01666,"LBN":421.08417,"LSO":944.4179,"LBR":2440.91,"LBY":28.733181,"LTU":761.06476,"LUX":966.6633,"MDG":1454.6656,"MWI":1356.142,"MYS":3518.5122,"MLI":256.7934,"MRT":62.45837,"MUS":1234.3617,"MEX":909.85675,"MDA":648.31067,"MNG":252.68692,"MNE":1534.8263,"MAR":337.98514,"MOZ":832.1789,"MMR":2555.3596,"NAM":437.00598,"NPL":2151.3997,"NLD":900.1664,"NCL":1712.2092,"NZL":1486.2334,"NIC":1905.6459,"NER":67.28405,"NGA":1088.0194,"PRK":993.87225,"MKD":596.0655,"NOR":1176.6686,"OMN":22.376638,"PAK":444.56256,"PSE":254.23851,"PAN":3529.155,"PNG":4026.7134,"PRY":1297.0646,"PER":2121.5903,"PHL":3102.207,"POL":741.7253,"PRT":695.95123,"PRI":1279.843,"QAT":38.231422,"ROU":754.95337,"RUS":608.4926,"RWA":1320.2275,"VCT":1206.8138,"WSM":2737.6052,"STP":1703.1793,"SAU":50.66251,"SEN":579.3132,"SRB":679.8762,"SYC":1447.439,"SLE":2445.0017,"SVK":847.3068,"SVN":1442.2903,"SLB":3738.6538,"SOM":227.29402,"ZAF":470.93863,"SGS":1682.7279,"KOR":894.03687,"SSD":987.2377,"ESP":707.2485,"LKA":2063.0562,"SDN":178.41795,"SUR":2098.9067,"SWE":805.5207,"CHE":1694.6115,"SYR":128.9831,"TJK":645.9568,"TZA":998.54865,"THA":1785.1581,"TGO":1171.9185,"TTO":1512.0856,"TUN":167.06602,"TUR":541.0944,"TKM":98.03457,"UGA":1487.9982,"UKR":658.6897,"ARE":31.082253,"GBR":1161.6356,"USA":817.4463,"VIR":1124.9752,"URY":824.0108,"UZB":178.87836,"VUT":2626.0447,"VEN":2388.2651,"VNM":2233.2998,"YEM":138.09726,"ZMB":1175.7472,"ZWE":737.5731}