{"AFG":420.6156,"ALB":1534.6018,"DZA":87.21048,"ASM":2241.5132,"AND":995.1706,"AGO":1145.4615,"AIA":809.4664,"ATG":892.93384,"ARG":675.8896,"ARM":1011.41504,"AUS":417.44504,"AUT":1363.3025,"AZE":670.2466,"BHS":791.0569,"BHR":53.090096,"BGD":2037.7048,"BLR":835.1867,"BEL":865.90283,"BLZ":1348.9192,"BEN":1026.6648,"BTN":3212.768,"BOL":1550.9082,"BIH":1360.9325,"BWA":512.22186,"BRA":1963.3665,"BRN":2811.7253,"BGR":773.29266,"BFA":573.9024,"BDI":1858.2661,"KHM":1964.4705,"CMR":1709.5873,"CAN":635.7257,"CPV":262.0761,"CYM":751.132,"CAF":1216.4302,"TCD":245.29187,"CHL":1625.2177,"CHN":728.454,"COL":3293.21,"COM":1281.9059,"COG":1550.1497,"COK":2003.1843,"CRI":3367.1704,"CIV":1232.8801,"HRV":1098.7542,"CUB":830.2826,"CYP":443.79782,"CZE":859.3051,"COD":1655.5414,"DNK":792.0068,"DJI":106.98195,"DOM":1039.6968,"TLS":1459.4797,"ECU":2993.6255,"EGY":5.709394,"SLV":1269.6707,"GNQ":2943.7593,"ERI":242.51434,"EST":804.7174,"SWZ":898.8995,"ETH":816.83655,"FLK":747.31506,"FRO":1133.3428,"FJI":2591.2637,"FIN":608.668,"FRA":977.41437,"PYF":1492.5552,"GAB":2016.3285,"GMB":763.74396,"GEO":1322.9921,"DEU":900.0743,"GHA":1076.5283,"GRC":953.2881,"GRL":355.36768,"GTM":1544.2444,"GIN":1719.1904,"GNB":1267.5388,"GUY":1613.3304,"HTI":838.6317,"HMD":1249.977,"HND":1475.1392,"HKG":1641.9662,"HUN":687.4096,"ISL":1430.3936,"IND":1115.5985,"IDN":2958.5574,"IRN":295.44366,"IRQ":156.56061,"IRL":1332.818,"IMN":1165.6017,"ISR":194.83806,"ITA":1122.5974,"JAM":1009.00934,"JPN":1755.1625,"JOR":44.046223,"KAZ":340.67828,"KEN":500.1391,"KIR":835.5665,"KWT":125.076805,"KGZ":951.3211,"LAO":1886.3555,"LVA":817.57227,"LBN":622.9151,"LSO":986.55505,"LBR":1996.8813,"LBY":15.106964,"LTU":750.25073,"LUX":854.89294,"MDG":1403.1919,"MWI":1362.3602,"MYS":2922.3713,"MLI":233.72589,"MRT":56.846615,"MUS":1210.0803,"MEX":732.50433,"MDA":446.12683,"MNG":221.21938,"MNE":1900.0873,"MAR":350.75427,"MOZ":805.57196,"MMR":2281.6985,"NAM":418.7325,"NPL":1839.8905,"NLD":823.2587,"NCL":1705.7008,"NZL":1466.3411,"NIC":1656.3385,"NER":58.871334,"NGA":1036.3947,"PRK":1095.6024,"MKD":967.373,"NOR":1136.4857,"OMN":29.211802,"PAK":358.6369,"PSE":296.30936,"PAN":3185.2266,"PNG":4029.4868,"PRY":1290.2401,"PER":2289.5515,"PHL":2979.4634,"POL":771.7964,"PRT":827.8828,"PRI":1006.7707,"QAT":68.94217,"ROU":750.2779,"RUS":569.428,"RWA":1516.4086,"VCT":996.4819,"WSM":2426.577,"STP":1674.9105,"SAU":49.592587,"SEN":536.9942,"SRB":900.20917,"SYC":1509.8123,"SLE":2268.838,"SVK":859.2976,"SVN":1357.3389,"SLB":3946.3718,"SOM":241.94167,"ZAF":542.1961,"SGS":1723.8057,"KOR":1112.1461,"SSD":844.85077,"ESP":644.1302,"LKA":1698.9052,"SDN":152.84077,"SUR":1410.8884,"SWE":782.6331,"CHE":1535.1426,"SYR":187.56848,"TJK":819.9215,"TZA":945.36414,"THA":1628.5931,"TGO":1215.5675,"TTO":1350.5623,"TUN":279.74612,"TUR":823.38275,"TKM":209.714,"UGA":1421.3715,"UKR":602.8449,"ARE":49.230232,"GBR":1078.571,"USA":839.14166,"VIR":1009.2573,"URY":1318.6577,"UZB":280.72412,"VUT":2435.672,"VEN":1879.0142,"VNM":2027.3875,"YEM":96.4362,"ZMB":1149.3655,"ZWE":721.93396}