{"AFG":332.74048,"ALB":1938.1714,"DZA":64.77627,"ASM":2727.9854,"AND":977.2682,"AGO":1204.3663,"AIA":1402.9941,"ATG":1300.6764,"ARG":701.8448,"ARM":933.978,"AUS":624.7383,"AUT":1306.4232,"AZE":636.52563,"BHS":970.85565,"BHR":8.592606,"BGD":2197.0115,"BLR":793.60126,"BEL":912.57733,"BLZ":1608.1959,"BEN":1088.9342,"BTN":3851.3804,"BOL":1279.7405,"BIH":1596.2135,"BWA":525.04095,"BRA":1684.8529,"BRN":3585.9402,"BGR":867.314,"BFA":725.7649,"BDI":1845.6954,"KHM":1728.4188,"CMR":1632.72,"CAN":675.34827,"CPV":329.96313,"CYM":1162.9886,"CAF":1356.8176,"TCD":341.05542,"CHL":1487.1378,"CHN":842.8482,"COL":3613.9207,"COM":1080.1444,"COG":1424.9492,"COK":1674.9,"CRI":4909.412,"CIV":1371.3885,"HRV":1412.2761,"CUB":1022.16754,"CYP":286.87213,"CZE":963.55493,"COD":1613.9004,"DNK":774.97284,"DJI":251.05092,"DOM":1337.3043,"TLS":2244.0396,"ECU":3018.4612,"EGY":9.275032,"SLV":2317.3452,"GNQ":2628.5112,"ERI":336.01285,"EST":827.48566,"SWZ":1033.2451,"ETH":1068.4465,"FLK":607.5711,"FRO":857.0976,"FJI":2179.4563,"FIN":651.86316,"FRA":1120.5485,"PYF":1875.1737,"GAB":1823.7335,"GMB":857.2665,"GEO":1315.8649,"DEU":970.4147,"GHA":1166.3259,"GRC":911.37787,"GRL":423.28873,"GTM":2171.1477,"GIN":1769.2433,"GNB":1365.7151,"GUY":2339.1584,"HTI":1289.7793,"HMD":1438.261,"HND":1953.8271,"HKG":1799.0452,"HUN":1044.866,"ISL":1123.4335,"IND":1351.2405,"IDN":3773.515,"IRN":198.69025,"IRQ":152.80746,"IRL":918.2538,"IMN":972.65247,"ISR":168.28716,"ITA":1322.8486,"JAM":1446.3314,"JPN":1930.964,"JOR":81.16173,"KAZ":292.82587,"KEN":739.14923,"KIR":1421.3638,"KWT":34.103065,"KGZ":1048.47,"LAO":1908.2947,"LVA":857.8565,"LBN":411.46616,"LSO":1083.1912,"LBR":2516.485,"LBY":13.603221,"LTU":872.2831,"LUX":884.2577,"MDG":1389.0073,"MWI":1324.3721,"MYS":3116.2285,"MLI":297.93585,"MRT":97.64324,"MUS":903.10706,"MEX":952.2425,"MDA":744.6601,"MNG":251.05511,"MNE":2288.197,"MAR":425.74496,"MOZ":868.9822,"MMR":2263.3123,"NAM":417.75778,"NPL":2152.0562,"NLD":847.1315,"NCL":1177.519,"NZL":1631.8245,"NIC":2096.7002,"NER":114.20763,"NGA":1127.4283,"PRK":1433.9806,"MKD":956.5844,"NOR":992.27496,"OMN":47.665913,"PAK":491.0645,"PSE":242.42468,"PAN":4076.089,"PNG":4003.01,"PRY":1248.7765,"PER":1939.4572,"PHL":2549.8733,"POL":946.13513,"PRT":1053.5568,"PRI":1389.1224,"QAT":22.480192,"ROU":977.2109,"RUS":565.6916,"RWA":1507.2682,"VCT":1661.3407,"WSM":2726.8538,"STP":1035.2668,"SAU":39.98843,"SEN":601.4206,"SRB":958.0782,"SYC":1599.4197,"SLE":2553.8728,"SVK":1181.9973,"SVN":1541.1807,"SLB":3715.6409,"SOM":231.44112,"ZAF":562.09875,"SGS":1785.3815,"KOR":1228.1383,"SSD":1022.1351,"ESP":813.1608,"LKA":2183.3564,"SDN":199.22137,"SUR":2295.4448,"SWE":764.4429,"CHE":1641.0151,"SYR":156.16624,"TJK":795.8626,"TZA":963.6621,"THA":1662.5452,"TGO":1318.841,"TTO":1722.6917,"TUN":187.92896,"TUR":758.93677,"TKM":150.3878,"UGA":1702.5541,"UKR":698.76044,"ARE":29.489086,"GBR":874.48865,"USA":802.9233,"VIR":1302.9728,"URY":1253.9534,"UZB":221.02998,"VUT":2228.4646,"VEN":2672.0745,"VNM":2169.1658,"YEM":181.25815,"ZMB":1201.8278,"ZWE":800.95514}