{"AFG":350.08728,"ALB":871.21857,"DZA":82.46701,"ASM":2369.8025,"AND":882.8163,"AGO":1232.9161,"AIA":1269.9395,"ATG":1365.6368,"ARG":678.87366,"ARM":953.70953,"AUS":653.0705,"AUT":1024.2241,"AZE":726.7818,"BHS":885.2278,"BHR":84.75685,"BGD":2231.319,"BLR":635.0477,"BEL":788.48303,"BLZ":1602.1228,"BEN":842.5703,"BTN":3054.2073,"BOL":1491.4163,"BIH":806.4746,"BWA":531.14386,"BRA":1905.6708,"BRN":3286.2688,"BGR":621.94604,"BFA":473.75143,"BDI":2102.758,"KHM":1861.422,"CMR":1609.703,"CAN":680.2552,"CPV":184.76999,"CYM":1033.2689,"CAF":1119.9854,"TCD":258.96753,"CHL":1464.0626,"CHN":699.6248,"COL":3560.0776,"COM":1332.1604,"COG":1471.2656,"COK":1763.3647,"CRI":3699.67,"CIV":1198.112,"HRV":695.28375,"CUB":967.76166,"CYP":406.91058,"CZE":693.8594,"COD":1556.0336,"DNK":800.22034,"DJI":194.20973,"DOM":1229.7106,"TLS":1879.1172,"ECU":2945.1487,"EGY":11.657751,"SLV":1879.436,"GNQ":2782.183,"ERI":274.7026,"EST":719.71674,"SWZ":851.07465,"ETH":949.5462,"FLK":528.94135,"FRO":1159.9794,"FJI":2611.2146,"FIN":754.558,"FRA":953.65466,"PYF":1061.9048,"GAB":1940.2511,"GMB":592.2667,"GEO":1331.2571,"DEU":791.7729,"GHA":1056.6996,"GRC":695.3989,"GRL":374.6665,"GTM":2074.0264,"GIN":1577.6864,"GNB":1149.8469,"GUY":2187.1292,"HTI":1130.0186,"HMD":1239.8157,"HND":1810.7401,"HKG":1282.2821,"HUN":469.67142,"ISL":1514.5491,"IND":1250.4109,"IDN":3257.664,"IRN":296.24268,"IRQ":180.41129,"IRL":1133.7546,"IMN":1076.952,"ISR":221.57901,"ITA":878.0085,"JAM":1252.6814,"JPN":1874.6235,"JOR":62.114357,"KAZ":306.77402,"KEN":750.05554,"KIR":560.67944,"KWT":84.569275,"KGZ":957.24634,"LAO":2152.1133,"LVA":704.53845,"LBN":626.8808,"LSO":1067.9431,"LBR":2123.047,"LBY":31.007774,"LTU":681.9612,"LUX":730.65924,"MDG":1388.976,"MWI":1280.4807,"MYS":3134.2332,"MLI":208.04349,"MRT":48.043537,"MUS":900.32153,"MEX":719.7797,"MDA":428.29758,"MNG":238.64047,"MNE":1015.6837,"MAR":322.40997,"MOZ":810.9572,"MMR":2526.9905,"NAM":646.5746,"NPL":2222.3806,"NLD":831.35895,"NCL":2105.522,"NZL":1599.8217,"NIC":1802.6962,"NER":64.21165,"NGA":985.7702,"PRK":1203.0415,"MKD":539.9958,"NOR":1414.8496,"OMN":80.42954,"PAK":490.3696,"PSE":359.08185,"PAN":3717.9695,"PNG":4296.995,"PRY":1269.9791,"PER":2144.9683,"PHL":3417.3027,"POL":673.5637,"PRT":752.56885,"PRI":1483.6266,"QAT":59.027332,"ROU":587.0176,"RUS":562.0069,"RWA":1709.4498,"VCT":1597.4836,"WSM":2450.9,"STP":1206.2488,"SAU":46.591984,"SEN":421.97443,"SRB":516.22,"SYC":1583.1539,"SLE":2365.2324,"SVK":691.0233,"SVN":909.1686,"SLB":3448.5093,"SOM":303.17792,"ZAF":620.00305,"SGS":1863.5599,"KOR":1414.5208,"SSD":938.41614,"ESP":571.9766,"LKA":2290.723,"SDN":166.35066,"SUR":2112.116,"SWE":869.70374,"CHE":1431.4508,"SYR":224.4115,"TJK":752.3986,"TZA":1150.2402,"THA":1931.9321,"TGO":1169.959,"TTO":1914.6437,"TUN":239.40298,"TUR":717.69086,"TKM":170.86847,"UGA":1709.249,"UKR":516.58954,"ARE":20.87032,"GBR":1026.4492,"USA":799.35376,"VIR":1353.406,"URY":1082.6323,"UZB":219.5722,"VUT":2900.8457,"VEN":2535.9578,"VNM":2080.6099,"YEM":118.73014,"ZMB":1122.5251,"ZWE":708.9546}