{"AFG":385.41104,"ALB":1391.6102,"DZA":73.921036,"ASM":2674.3115,"AND":876.6279,"AGO":1059.0887,"AIA":895.4325,"ATG":1063.036,"ARG":767.5073,"ARM":883.94934,"AUS":433.5665,"AUT":1292.8046,"AZE":625.0131,"BHS":1132.6597,"BHR":50.55809,"BGD":1927.4873,"BLR":844.74457,"BEL":984.51306,"BLZ":1621.914,"BEN":1275.6763,"BTN":3363.7312,"BOL":1602.1447,"BIH":1097.0332,"BWA":376.66745,"BRA":1639.0797,"BRN":3116.1196,"BGR":712.4186,"BFA":713.0526,"BDI":1954.7736,"KHM":1847.3027,"CMR":1690.0686,"CAN":683.7687,"CPV":218.52887,"CYM":1031.7268,"CAF":1211.1083,"TCD":322.6503,"CHL":1572.6823,"CHN":833.1714,"COL":3311.0442,"COM":1369.4647,"COG":1493.6163,"COK":1540.5226,"CRI":3080.131,"CIV":1262.8464,"HRV":970.8728,"CUB":1048.8423,"CYP":566.6676,"CZE":805.603,"COD":1524.937,"DNK":881.1771,"DJI":108.25835,"DOM":1251.8098,"TLS":1642.9714,"ECU":3372.2727,"EGY":9.0262575,"SLV":1251.9868,"GNQ":2957.121,"ERI":265.99377,"EST":936.0969,"SWZ":910.98285,"ETH":948.15753,"FLK":627.6923,"FRO":1006.38354,"FJI":3217.0203,"FIN":849.9463,"FRA":1103.3868,"PYF":1853.1509,"GAB":2072.3816,"GMB":853.21606,"GEO":1218.7251,"DEU":894.59076,"GHA":1136.9774,"GRC":842.53253,"GRL":445.5561,"GTM":1749.0828,"GIN":1753.2686,"GNB":1436.899,"GUY":2272.5508,"HTI":1148.8026,"HMD":1520.4868,"HND":1543.2971,"HKG":1778.5947,"HUN":568.4319,"ISL":1425.107,"IND":1133.577,"IDN":3340.6816,"IRN":286.47266,"IRQ":189.85913,"IRL":1142.706,"IMN":1290.9498,"ISR":244.81314,"ITA":1010.26935,"JAM":1062.8176,"JPN":1798.8704,"JOR":69.491066,"KAZ":274.2489,"KEN":731.0627,"KIR":852.17096,"KWT":138.03119,"KGZ":805.43494,"LAO":1868.653,"LVA":917.7246,"LBN":815.85126,"LSO":1013.7413,"LBR":2206.3455,"LBY":20.577242,"LTU":851.6913,"LUX":974.23816,"MDG":1519.9838,"MWI":1381.0984,"MYS":3169.128,"MLI":264.45776,"MRT":80.87216,"MUS":896.57635,"MEX":758.83075,"MDA":534.834,"MNG":278.34467,"MNE":1522.4521,"MAR":266.61053,"MOZ":832.23236,"MMR":2352.5215,"NAM":401.40366,"NPL":1977.2936,"NLD":992.05786,"NCL":1707.1758,"NZL":1516.8014,"NIC":1592.7637,"NER":98.02122,"NGA":1193.8965,"PRK":1315.1963,"MKD":741.8515,"NOR":1240.7975,"OMN":22.556774,"PAK":410.9744,"PSE":378.58514,"PAN":3146.474,"PNG":4341.564,"PRY":1219.718,"PER":2273.314,"PHL":2914.156,"POL":737.3449,"PRT":646.73224,"PRI":1119.7947,"QAT":35.98926,"ROU":725.7709,"RUS":573.2943,"RWA":1661.534,"VCT":1231.7562,"WSM":3023.0457,"STP":1748.8889,"SAU":38.5474,"SEN":577.4626,"SRB":693.40826,"SYC":1582.152,"SLE":2713.1914,"SVK":771.55994,"SVN":1277.4371,"SLB":4213.7817,"SOM":276.59155,"ZAF":531.1585,"SGS":1750.4303,"KOR":1423.03,"SSD":1001.34235,"ESP":572.57764,"LKA":1713.1187,"SDN":185.91833,"SUR":2020.2566,"SWE":927.29944,"CHE":1774.4712,"SYR":253.9457,"TJK":675.9188,"TZA":1012.1253,"THA":1625.0583,"TGO":1386.021,"TTO":1712.6675,"TUN":204.869,"TUR":781.95844,"TKM":159.40437,"UGA":1652.5385,"UKR":621.1477,"ARE":14.307928,"GBR":1224.9493,"USA":725.9574,"VIR":931.01025,"URY":1323.8427,"UZB":216.85081,"VUT":2996.1826,"VEN":2368.3896,"VNM":2001.8674,"YEM":94.59859,"ZMB":1128.859,"ZWE":604.3239}