{"AFG":332.73666,"ALB":1419.0454,"DZA":67.78823,"ASM":2718.9216,"AND":1236.5055,"AGO":1077.3447,"AIA":947.05774,"ATG":979.3053,"ARG":621.6102,"ARM":859.045,"AUS":391.96265,"AUT":1323.1521,"AZE":621.8566,"BHS":877.1801,"BHR":47.571182,"BGD":1971.6608,"BLR":720.1529,"BEL":862.8831,"BLZ":1966.5863,"BEN":946.9481,"BTN":2774.4902,"BOL":1506.6787,"BIH":1283.6552,"BWA":394.90277,"BRA":1873.0792,"BRN":3020.1228,"BGR":694.9275,"BFA":543.0141,"BDI":1856.8491,"KHM":2008.6267,"CMR":1731.744,"CAN":662.69934,"CPV":290.88232,"CYM":908.98895,"CAF":1148.6432,"TCD":263.71948,"CHL":1446.6311,"CHN":781.849,"COL":3332.7095,"COM":1408.909,"COG":1354.011,"COK":1119.5508,"CRI":3170.6519,"CIV":1142.7355,"HRV":1236.1146,"CUB":943.5037,"CYP":290.62527,"CZE":825.2688,"COD":1442.6162,"DNK":733.3232,"DJI":219.94368,"DOM":995.8809,"TLS":2167.3264,"ECU":3004.0505,"EGY":8.34276,"SLV":1376.4655,"GNQ":2652.1953,"ERI":309.44553,"EST":637.92993,"SWZ":918.4909,"ETH":1059.8037,"FLK":586.9602,"FRO":1057.6841,"FJI":2348.9019,"FIN":692.63226,"FRA":1207.9475,"PYF":1588.6296,"GAB":1862.3992,"GMB":831.7832,"GEO":1308.9282,"DEU":908.7223,"GHA":1002.5544,"GRC":774.2311,"GRL":443.03137,"GTM":2123.503,"GIN":1578.1722,"GNB":1340.8429,"GUY":2151.531,"HTI":877.5482,"HMD":1414.0034,"HND":1686.9858,"HKG":2043.7815,"HUN":782.6166,"ISL":1437.6312,"IND":1350.3315,"IDN":3652.3726,"IRN":261.21686,"IRQ":259.3305,"IRL":1032.3745,"IMN":1032.9094,"ISR":213.67062,"ITA":1195.0719,"JAM":943.5013,"JPN":1769.8966,"JOR":88.399,"KAZ":354.01694,"KEN":803.0355,"KIR":500.76675,"KWT":167.87567,"KGZ":844.1159,"LAO":2055.029,"LVA":676.38257,"LBN":565.5987,"LSO":871.39026,"LBR":2133.7952,"LBY":18.604298,"LTU":684.36383,"LUX":951.79663,"MDG":1293.954,"MWI":1356.3489,"MYS":3105.3228,"MLI":219.42194,"MRT":67.58858,"MUS":1018.89526,"MEX":976.1554,"MDA":634.70593,"MNG":255.7862,"MNE":1861.306,"MAR":257.93497,"MOZ":888.1693,"MMR":2340.0933,"NAM":235.02335,"NPL":2236.8445,"NLD":806.8391,"NCL":1742.9178,"NZL":1524.9801,"NIC":1817.513,"NER":75.919,"NGA":1054.0533,"PRK":1221.7251,"MKD":747.44214,"NOR":1215.4313,"OMN":44.123436,"PAK":448.23828,"PSE":314.45898,"PAN":2954.6362,"PNG":4505.517,"PRY":1213.8608,"PER":2205.8733,"PHL":3039.0842,"POL":756.08563,"PRT":882.7163,"PRI":1221.3005,"QAT":75.811806,"ROU":802.9917,"RUS":599.9461,"RWA":1561.9183,"VCT":1173.2903,"WSM":2840.9102,"STP":1164.8169,"SAU":76.162964,"SEN":507.816,"SRB":733.5094,"SYC":1924.5504,"SLE":2266.6445,"SVK":865.3114,"SVN":1436.19,"SLB":4462.305,"SOM":380.77234,"ZAF":470.61734,"SGS":1796.9934,"KOR":1088.0016,"SSD":910.88965,"ESP":730.1736,"LKA":1689.2634,"SDN":186.59946,"SUR":2100.9624,"SWE":725.1025,"CHE":1659.654,"SYR":215.04608,"TJK":640.5247,"TZA":1042.3839,"THA":1679.5256,"TGO":1180.5267,"TTO":1422.1978,"TUN":179.73128,"TUR":602.89655,"TKM":148.96722,"UGA":1544.7548,"UKR":628.0244,"ARE":66.71332,"GBR":976.55945,"USA":811.2086,"VIR":1110.9238,"URY":1092.3904,"UZB":226.09515,"VUT":2622.4062,"VEN":2215.1433,"VNM":2231.4158,"YEM":136.35944,"ZMB":1091.9188,"ZWE":791.48505}