{"AFG":348.42123,"ALB":1417.2703,"DZA":73.53466,"ASM":2636.4993,"AND":1093.6527,"AGO":1103.3508,"AIA":939.0221,"ATG":914.90936,"ARG":858.9137,"ARM":848.19006,"AUS":446.68314,"AUT":1373.5446,"AZE":505.58636,"BHS":843.3641,"BHR":33.496857,"BGD":1704.6545,"BLR":624.3643,"BEL":929.98395,"BLZ":1740.7579,"BEN":1125.8549,"BTN":3090.9,"BOL":1641.261,"BIH":1563.9796,"BWA":609.37726,"BRA":1757.6575,"BRN":3114.6824,"BGR":1110.3364,"BFA":519.6863,"BDI":1862.051,"KHM":1664.4873,"CMR":1793.232,"CAN":676.1638,"CPV":129.94846,"CYM":769.32715,"CAF":1183.762,"TCD":271.51077,"CHL":1553.0685,"CHN":774.1,"COL":3320.8735,"COM":1234.6633,"COG":1492.6593,"COK":1571.8193,"CRI":3259.2747,"CIV":1317.9617,"HRV":1465.9718,"CUB":916.4156,"CYP":340.4421,"CZE":789.8546,"COD":1445.0148,"DNK":853.61584,"DJI":198.56938,"DOM":820.362,"TLS":1398.5331,"ECU":3199.9114,"EGY":13.213127,"SLV":1359.8912,"GNQ":3005.8186,"ERI":345.286,"EST":707.256,"SWZ":879.27905,"ETH":1034.0714,"FLK":691.0624,"FRO":1129.427,"FJI":1865.836,"FIN":680.9275,"FRA":1131.1866,"PYF":1890.254,"GAB":1981.456,"GMB":557.86395,"GEO":1270.0522,"DEU":858.37024,"GHA":1198.4973,"GRC":904.3041,"GRL":466.67834,"GTM":1941.9846,"GIN":1587.8811,"GNB":1117.298,"GUY":1872.8048,"HTI":754.23883,"HMD":1372.7455,"HND":1664.0472,"HKG":1482.9834,"HUN":880.7855,"ISL":1573.2913,"IND":1102.0253,"IDN":3072.5667,"IRN":259.73563,"IRQ":232.79182,"IRL":1204.0597,"IMN":1266.3727,"ISR":184.35983,"ITA":1240.2909,"JAM":896.2097,"JPN":1799.4451,"JOR":82.33858,"KAZ":300.0047,"KEN":661.5399,"KIR":687.30927,"KWT":123.46662,"KGZ":842.58,"LAO":1854.0664,"LVA":773.6653,"LBN":442.5295,"LSO":1014.6318,"LBR":2328.5173,"LBY":18.19937,"LTU":702.79987,"LUX":916.9165,"MDG":1412.7032,"MWI":1351.4728,"MYS":2850.7173,"MLI":215.11003,"MRT":48.52681,"MUS":1162.5437,"MEX":876.6862,"MDA":600.92194,"MNG":236.71332,"MNE":1843.5929,"MAR":352.9291,"MOZ":939.0985,"MMR":2038.5674,"NAM":369.11127,"NPL":1944.9794,"NLD":889.705,"NCL":1277.856,"NZL":1507.2755,"NIC":1710.1932,"NER":88.14742,"NGA":1176.6119,"PRK":710.3914,"MKD":970.8608,"NOR":1174.2186,"OMN":25.193722,"PAK":376.4049,"PSE":269.65195,"PAN":3050.1265,"PNG":4339.2017,"PRY":1529.6476,"PER":2265.0159,"PHL":2962.124,"POL":742.04285,"PRT":1010.2031,"PRI":925.57697,"QAT":51.91517,"ROU":911.9333,"RUS":572.8457,"RWA":1359.7284,"VCT":885.582,"WSM":2883.9565,"STP":1562.3436,"SAU":47.289383,"SEN":371.30582,"SRB":1106.9818,"SYC":2168.8818,"SLE":2472.8904,"SVK":961.0082,"SVN":1763.293,"SLB":4124.7036,"SOM":233.08833,"ZAF":533.0056,"SGS":1714.3812,"KOR":1084.5774,"SSD":924.0972,"ESP":707.38086,"LKA":2236.647,"SDN":218.78363,"SUR":1547.5679,"SWE":787.8814,"CHE":1660.5157,"SYR":220.42804,"TJK":720.33234,"TZA":1070.7456,"THA":1487.9946,"TGO":1371.5361,"TTO":1274.2937,"TUN":198.37068,"TUR":705.43024,"TKM":128.47523,"UGA":1474.6823,"UKR":574.4011,"ARE":37.509743,"GBR":1176.3936,"USA":796.811,"VIR":916.1892,"URY":1612.6328,"UZB":223.76555,"VUT":2187.1414,"VEN":2054.654,"VNM":1928.853,"YEM":123.82611,"ZMB":1065.2769,"ZWE":883.9076}