{"AFG":396.69043,"ALB":1184.5548,"DZA":70.86002,"ASM":2454.2407,"AND":887.8727,"AGO":1091.4387,"AIA":585.4416,"ATG":697.52313,"ARG":817.439,"ARM":931.4436,"AUS":412.42825,"AUT":1077.1112,"AZE":622.1535,"BHS":848.0866,"BHR":79.107285,"BGD":2464.1143,"BLR":590.8025,"BEL":829.93854,"BLZ":1657.4463,"BEN":1015.2676,"BTN":3145.1782,"BOL":1524.3453,"BIH":1106.6097,"BWA":263.51184,"BRA":1608.9254,"BRN":2902.8042,"BGR":774.25146,"BFA":648.58215,"BDI":1886.0895,"KHM":1479.1082,"CMR":1634.2605,"CAN":670.49866,"CPV":271.14835,"CYM":725.32654,"CAF":1095.1268,"TCD":225.02763,"CHL":1528.3419,"CHN":810.2241,"COL":3202.118,"COM":1387.8988,"COG":1360.5186,"COK":1671.6881,"CRI":2925.3284,"CIV":1150.1322,"HRV":974.7831,"CUB":871.84674,"CYP":386.31305,"CZE":667.16565,"COD":1498.2124,"DNK":962.9953,"DJI":155.62898,"DOM":780.31335,"TLS":1301.1462,"ECU":3400.0042,"EGY":15.066537,"SLV":1285.5416,"GNQ":2630.9714,"ERI":237.97044,"EST":691.13116,"SWZ":586.6406,"ETH":937.7638,"FLK":652.412,"FRO":1342.7388,"FJI":1792.2317,"FIN":831.87006,"FRA":950.7198,"PYF":1247.9418,"GAB":1835.7703,"GMB":727.5075,"GEO":1220.7112,"DEU":802.5679,"GHA":979.2766,"GRC":865.68005,"GRL":414.77036,"GTM":1742.4298,"GIN":1698.1158,"GNB":1553.9565,"GUY":1809.4966,"HTI":652.16895,"HMD":1337.8411,"HND":1541.7782,"HKG":1600.388,"HUN":613.8659,"ISL":1610.4105,"IND":1160.0048,"IDN":2802.0144,"IRN":296.90427,"IRQ":255.69518,"IRL":1278.5177,"IMN":1182.8346,"ISR":234.44064,"ITA":954.5829,"JAM":784.55206,"JPN":1865.0631,"JOR":106.98431,"KAZ":367.8779,"KEN":772.164,"KIR":2502.1914,"KWT":122.245155,"KGZ":932.81433,"LAO":1876.2892,"LVA":682.898,"LBN":578.20776,"LSO":750.69257,"LBR":2104.6353,"LBY":26.914343,"LTU":662.90204,"LUX":757.4812,"MDG":1787.7446,"MWI":1257.3792,"MYS":2687.2253,"MLI":255.11987,"MRT":83.405975,"MUS":1346.6273,"MEX":890.7116,"MDA":477.55383,"MNG":249.6354,"MNE":1253.6597,"MAR":257.6818,"MOZ":848.1252,"MMR":2321.96,"NAM":231.36075,"NPL":1842.1976,"NLD":881.4359,"NCL":1308.5934,"NZL":1438.1108,"NIC":1635.2926,"NER":95.27702,"NGA":1031.0835,"PRK":960.7511,"MKD":786.2567,"NOR":1417.2302,"OMN":28.078085,"PAK":495.3083,"PSE":352.06073,"PAN":2954.4268,"PNG":3538.3408,"PRY":1677.643,"PER":2263.44,"PHL":2333.5708,"POL":604.5551,"PRT":572.7501,"PRI":838.63513,"QAT":67.94137,"ROU":731.0306,"RUS":589.88837,"RWA":1534.5707,"VCT":781.91565,"WSM":2837.5781,"STP":1181.5653,"SAU":61.07683,"SEN":541.6381,"SRB":718.6482,"SYC":1827.6859,"SLE":2283.6768,"SVK":735.6146,"SVN":1137.7596,"SLB":4072.8127,"SOM":363.72556,"ZAF":365.6211,"SGS":1715.6919,"KOR":970.2384,"SSD":806.43536,"ESP":540.1039,"LKA":2198.7021,"SDN":137.39392,"SUR":1698.444,"SWE":886.34106,"CHE":1430.427,"SYR":210.80377,"TJK":807.6834,"TZA":1068.2365,"THA":1481.462,"TGO":1186.2993,"TTO":1077.6454,"TUN":185.47826,"TUR":748.21814,"TKM":190.5045,"UGA":1536.5725,"UKR":558.94745,"ARE":19.515322,"GBR":1136.916,"USA":868.93414,"VIR":623.76025,"URY":1235.0575,"UZB":289.29794,"VUT":2152.4473,"VEN":1929.5769,"VNM":1812.2073,"YEM":128.55107,"ZMB":1029.0343,"ZWE":542.05695}