{"AFG":313.22546,"ALB":1565.3773,"DZA":62.84064,"ASM":2685.0376,"AND":915.35,"AGO":1179.3586,"AIA":940.70435,"ATG":1043.8137,"ARG":804.3933,"ARM":1031.2413,"AUS":484.45767,"AUT":1339.6599,"AZE":733.25146,"BHS":881.17694,"BHR":45.68672,"BGD":2254.4224,"BLR":790.4143,"BEL":929.81903,"BLZ":1583.0511,"BEN":1156.8075,"BTN":3304.0693,"BOL":1414.2875,"BIH":1291.1226,"BWA":420.9255,"BRA":1740.583,"BRN":2732.261,"BGR":754.105,"BFA":582.59033,"BDI":1774.0347,"KHM":1895.3585,"CMR":1802.8746,"CAN":696.37714,"CPV":307.9881,"CYM":745.2488,"CAF":1219.0845,"TCD":294.47717,"CHL":1158.8054,"CHN":869.12225,"COL":3363.6191,"COM":1615.5398,"COG":1457.0242,"COK":1619.7319,"CRI":3429.5835,"CIV":1202.4022,"HRV":1155.9691,"CUB":906.93384,"CYP":276.19055,"CZE":794.29395,"COD":1468.9596,"DNK":753.78033,"DJI":238.25746,"DOM":1292.5046,"TLS":1732.3934,"ECU":3188.651,"EGY":9.562314,"SLV":1268.6366,"GNQ":3053.9634,"ERI":376.52155,"EST":800.95154,"SWZ":690.2106,"ETH":965.4886,"FLK":461.88406,"FRO":1012.30005,"FJI":2472.8296,"FIN":769.3875,"FRA":1095.1658,"PYF":2021.1796,"GAB":2019.2833,"GMB":688.2005,"GEO":1488.3717,"DEU":837.37,"GHA":1213.7913,"GRC":760.97797,"GRL":457.98178,"GTM":1671.6971,"GIN":1696.3894,"GNB":1473.3743,"GUY":2127.2837,"HTI":1166.2117,"HMD":1352.8328,"HND":1620.4181,"HKG":2449.5608,"HUN":788.983,"ISL":1371.8767,"IND":1213.0835,"IDN":3754.9534,"IRN":252.5467,"IRQ":203.69127,"IRL":1039.1006,"IMN":1022.0604,"ISR":205.74844,"ITA":1075.6913,"JAM":1057.7341,"JPN":1925.7568,"JOR":88.254745,"KAZ":416.6105,"KEN":608.628,"KIR":1447.546,"KWT":60.314743,"KGZ":1088.638,"LAO":1900.7953,"LVA":820.62274,"LBN":559.6351,"LSO":1020.36163,"LBR":2211.9275,"LBY":12.996592,"LTU":845.6997,"LUX":938.93915,"MDG":1280.912,"MWI":1212.2687,"MYS":2734.0088,"MLI":245.74869,"MRT":65.1196,"MUS":954.53625,"MEX":833.8995,"MDA":651.4671,"MNG":293.49603,"MNE":1857.5647,"MAR":279.69333,"MOZ":761.82214,"MMR":2280.7546,"NAM":241.85478,"NPL":2157.6763,"NLD":802.31995,"NCL":1252.3353,"NZL":1650.5432,"NIC":1901.3016,"NER":100.35461,"NGA":1179.597,"PRK":1148.5958,"MKD":793.78345,"NOR":1168.4445,"OMN":37.37583,"PAK":365.14514,"PSE":306.39642,"PAN":3213.8691,"PNG":4619.5127,"PRY":1356.9149,"PER":2059.2112,"PHL":2759.972,"POL":801.62964,"PRT":881.2658,"PRI":1356.7604,"QAT":65.68796,"ROU":903.5176,"RUS":569.81085,"RWA":1278.5553,"VCT":1180.7537,"WSM":2486.8333,"STP":1609.8165,"SAU":63.483227,"SEN":494.99103,"SRB":914.0708,"SYC":1492.7023,"SLE":2717.1272,"SVK":921.4924,"SVN":1461.5359,"SLB":4214.0435,"SOM":202.92184,"ZAF":451.79883,"SGS":1584.7339,"KOR":1223.2928,"SSD":774.4191,"ESP":703.53906,"LKA":1360.3676,"SDN":170.96439,"SUR":2047.8932,"SWE":733.9824,"CHE":1709.1118,"SYR":182.85783,"TJK":767.301,"TZA":988.2203,"THA":1593.6884,"TGO":1449.2557,"TTO":1282.4072,"TUN":187.93544,"TUR":730.3318,"TKM":191.12263,"UGA":1233.3881,"UKR":710.1058,"ARE":57.67253,"GBR":996.04114,"USA":826.104,"VIR":1091.7473,"URY":1347.5824,"UZB":277.28082,"VUT":1563.7355,"VEN":2303.1145,"VNM":2053.8416,"YEM":166.56631,"ZMB":1107.4246,"ZWE":713.60077}