{"AFG":324.95364,"ALB":1175.3209,"DZA":57.701984,"ASM":2948.183,"AND":929.63794,"AGO":1058.1339,"AIA":1156.1832,"ATG":1044.4508,"ARG":822.9798,"ARM":735.6834,"AUS":442.16797,"AUT":1245.3923,"AZE":515.213,"BHS":989.24023,"BHR":130.2309,"BGD":2636.0166,"BLR":848.14386,"BEL":862.7577,"BLZ":1701.5741,"BEN":989.5128,"BTN":3236.55,"BOL":1552.8204,"BIH":1199.5111,"BWA":630.75745,"BRA":1747.5599,"BRN":3377.161,"BGR":801.3983,"BFA":600.13947,"BDI":1862.6254,"KHM":1977.6014,"CMR":1708.5596,"CAN":690.6217,"CPV":75.087326,"CYM":1195.0198,"CAF":1172.8578,"TCD":267.14755,"CHL":1697.015,"CHN":784.51636,"COL":3088.4214,"COM":1498.4642,"COG":1545.5905,"COK":1771.5369,"CRI":3550.5332,"CIV":1266.9115,"HRV":1083.2178,"CUB":1196.3331,"CYP":289.8177,"CZE":807.6023,"COD":1542.0009,"DNK":925.9954,"DJI":147.30887,"DOM":1338.9391,"TLS":1926.6423,"ECU":3604.0203,"EGY":7.1592255,"SLV":1662.4603,"GNQ":3037.1357,"ERI":289.68454,"EST":832.7084,"SWZ":908.5146,"ETH":960.31146,"FLK":706.88074,"FRO":1058.6404,"FJI":2377.606,"FIN":771.76154,"FRA":1052.87,"PYF":1741.0173,"GAB":2113.035,"GMB":643.6205,"GEO":1277.9192,"DEU":952.8395,"GHA":1123.5358,"GRC":778.0223,"GRL":474.97827,"GTM":1949.2413,"GIN":1704.8933,"GNB":1281.662,"GUY":2280.6895,"HTI":1180.4375,"HMD":1345.9482,"HND":2008.0594,"HKG":1822.6012,"HUN":710.6444,"ISL":1488.703,"IND":1206.1223,"IDN":3661.763,"IRN":260.03693,"IRQ":144.37646,"IRL":1063.9592,"IMN":1205.327,"ISR":122.340164,"ITA":850.35156,"JAM":1332.5476,"JPN":1759.556,"JOR":51.21682,"KAZ":299.3504,"KEN":607.79553,"KIR":388.2799,"KWT":61.29449,"KGZ":871.996,"LAO":2114.555,"LVA":893.13416,"LBN":431.9928,"LSO":926.57806,"LBR":2589.106,"LBY":29.424969,"LTU":900.51917,"LUX":856.991,"MDG":1426.7931,"MWI":1506.1093,"MYS":3257.1455,"MLI":220.0482,"MRT":42.808002,"MUS":1203.5729,"MEX":830.16376,"MDA":573.55286,"MNG":211.93233,"MNE":1471.0415,"MAR":178.38525,"MOZ":1001.16754,"MMR":2378.7583,"NAM":415.66367,"NPL":2083.8918,"NLD":914.23914,"NCL":1215.4977,"NZL":1541.664,"NIC":2074.0876,"NER":101.80124,"NGA":1052.8809,"PRK":863.8384,"MKD":751.4021,"NOR":1308.0754,"OMN":22.729715,"PAK":403.37155,"PSE":197.19237,"PAN":3110.6804,"PNG":4723.268,"PRY":1453.002,"PER":2360.0337,"PHL":3328.346,"POL":916.17236,"PRT":519.9812,"PRI":1455.5612,"QAT":101.573044,"ROU":758.47894,"RUS":604.66864,"RWA":1302.9767,"VCT":1375.1278,"WSM":3368.9517,"STP":1362.2522,"SAU":47.946068,"SEN":445.92822,"SRB":679.54614,"SYC":1821.8221,"SLE":2615.5674,"SVK":888.3368,"SVN":1428.12,"SLB":4296.9106,"SOM":225.2316,"ZAF":486.0393,"SGS":1879.3969,"KOR":917.94226,"SSD":833.21796,"ESP":493.72272,"LKA":1692.4133,"SDN":155.55054,"SUR":2296.2744,"SWE":825.50195,"CHE":1597.0172,"SYR":163.74791,"TJK":725.5938,"TZA":1048.9807,"THA":1892.4819,"TGO":1274.2312,"TTO":1667.1943,"TUN":201.1229,"TUR":644.06573,"TKM":154.30513,"UGA":1432.4688,"UKR":598.368,"ARE":45.940903,"GBR":1023.77045,"USA":871.91254,"VIR":1212.1849,"URY":1368.8916,"UZB":227.068,"VUT":2295.0708,"VEN":2268.0322,"VNM":2375.5344,"YEM":110.46023,"ZMB":1261.714,"ZWE":975.70154}