{"AFG":280.10526,"ALB":1559.2733,"DZA":89.59452,"ASM":2898.1572,"AND":1262.7611,"AGO":1127.7213,"AIA":703.6123,"ATG":765.3036,"ARG":735.38544,"ARM":931.0014,"AUS":367.29327,"AUT":1193.3326,"AZE":588.89124,"BHS":936.10516,"BHR":46.380997,"BGD":1886.6483,"BLR":639.9425,"BEL":772.61945,"BLZ":1561.7057,"BEN":1142.5646,"BTN":3109.759,"BOL":1627.9467,"BIH":1322.538,"BWA":395.24124,"BRA":1798.4026,"BRN":3071.5662,"BGR":819.5495,"BFA":674.8515,"BDI":2079.0742,"KHM":1858.7711,"CMR":1662.9219,"CAN":657.518,"CPV":123.697914,"CYM":854.2347,"CAF":1071.6887,"TCD":313.34714,"CHL":1526.7557,"CHN":804.549,"COL":3152.7744,"COM":1325.892,"COG":1453.3217,"COK":1916.8263,"CRI":3093.055,"CIV":1445.0685,"HRV":1122.6525,"CUB":1048.4238,"CYP":436.0725,"CZE":634.38116,"COD":1521.4363,"DNK":650.0155,"DJI":173.71176,"DOM":904.4149,"TLS":1544.9493,"ECU":3277.838,"EGY":14.129065,"SLV":1433.7645,"GNQ":3028.3462,"ERI":367.6494,"EST":583.99097,"SWZ":770.8464,"ETH":1057.4076,"FLK":514.3457,"FRO":1011.7626,"FJI":2570.931,"FIN":611.73517,"FRA":1226.1344,"PYF":1743.6373,"GAB":2117.1328,"GMB":719.27246,"GEO":1275.7589,"DEU":662.6127,"GHA":1345.1051,"GRC":913.3514,"GRL":460.4187,"GTM":1627.4261,"GIN":1825.0071,"GNB":1645.2692,"GUY":2278.002,"HTI":772.73346,"HMD":1340.477,"HND":1573.6622,"HKG":1846.9948,"HUN":709.47687,"ISL":1630.162,"IND":1110.0332,"IDN":3210.189,"IRN":294.34033,"IRQ":365.2817,"IRL":1056.1262,"IMN":1149.5524,"ISR":283.2538,"ITA":1212.4795,"JAM":1006.09863,"JPN":1896.7704,"JOR":119.847946,"KAZ":320.53876,"KEN":892.2928,"KIR":341.0492,"KWT":265.06284,"KGZ":935.59607,"LAO":2265.8806,"LVA":557.9807,"LBN":659.4053,"LSO":885.6642,"LBR":2604.0916,"LBY":24.205824,"LTU":585.67725,"LUX":761.3084,"MDG":1436.0679,"MWI":1450.4365,"MYS":2909.1565,"MLI":277.9179,"MRT":57.701363,"MUS":1499.9108,"MEX":853.41077,"MDA":505.14203,"MNG":287.1573,"MNE":1764.0892,"MAR":400.4447,"MOZ":862.2322,"MMR":2449.7034,"NAM":284.0876,"NPL":2138.7385,"NLD":681.72906,"NCL":1579.821,"NZL":1705.8408,"NIC":1740.5013,"NER":103.35954,"NGA":1081.0972,"PRK":1133.027,"MKD":888.997,"NOR":1138.4879,"OMN":77.457115,"PAK":293.34146,"PSE":462.927,"PAN":3024.3516,"PNG":4154.988,"PRY":1362.6536,"PER":2205.437,"PHL":2642.907,"POL":627.86115,"PRT":886.8836,"PRI":983.2719,"QAT":54.46913,"ROU":800.907,"RUS":566.32245,"RWA":1751.9537,"VCT":1044.8894,"WSM":3290.7637,"STP":1689.6157,"SAU":89.2644,"SEN":502.05896,"SRB":901.28625,"SYC":1918.5404,"SLE":2700.8352,"SVK":758.1788,"SVN":1341.0532,"SLB":4450.3906,"SOM":335.6846,"ZAF":411.32565,"SGS":1895.5848,"KOR":1265.7373,"SSD":775.1916,"ESP":828.3597,"LKA":1936.7207,"SDN":193.85168,"SUR":2355.318,"SWE":636.3252,"CHE":1500.6586,"SYR":356.04166,"TJK":711.1809,"TZA":1169.2874,"THA":1746.633,"TGO":1431.1433,"TTO":1478.9905,"TUN":207.67822,"TUR":791.2256,"TKM":147.11493,"UGA":1566.3783,"UKR":595.6378,"ARE":14.765528,"GBR":972.36957,"USA":923.7871,"VIR":803.10724,"URY":1131.0067,"UZB":212.01614,"VUT":2430.6978,"VEN":2177.679,"VNM":2113.5044,"YEM":174.57062,"ZMB":1120.212,"ZWE":692.6995}