{"AFG":434.83054,"ALB":1282.0195,"DZA":71.09156,"ASM":2451.5457,"AND":950.49475,"AGO":1062.6794,"AIA":710.78015,"ATG":756.0749,"ARG":693.6649,"ARM":745.9784,"AUS":242.66423,"AUT":1281.8682,"AZE":521.47156,"BHS":997.27264,"BHR":102.3159,"BGD":1995.7064,"BLR":643.57544,"BEL":910.44916,"BLZ":1149.1761,"BEN":1217.6688,"BTN":3291.6,"BOL":1462.4097,"BIH":1278.3286,"BWA":311.39807,"BRA":1668.2883,"BRN":2681.0483,"BGR":672.11896,"BFA":645.53973,"BDI":2070.1526,"KHM":1566.9137,"CMR":1908.4283,"CAN":686.1557,"CPV":113.81356,"CYM":798.0604,"CAF":1186.8063,"TCD":348.64642,"CHL":1424.2925,"CHN":775.07324,"COL":3088.0723,"COM":1521.1362,"COG":1613.6477,"COK":1756.6681,"CRI":2912.058,"CIV":1446.837,"HRV":1197.9235,"CUB":951.4699,"CYP":616.0039,"CZE":754.51996,"COD":1561.9,"DNK":941.4722,"DJI":222.95544,"DOM":890.17706,"TLS":1390.4246,"ECU":3594.0806,"EGY":15.139509,"SLV":1417.0198,"GNQ":3309.377,"ERI":409.1671,"EST":778.66614,"SWZ":766.4831,"ETH":1146.1527,"FLK":693.60547,"FRO":984.99744,"FJI":2815.9907,"FIN":769.56396,"FRA":1078.5052,"PYF":1878.3467,"GAB":2312.1763,"GMB":655.0604,"GEO":1047.3906,"DEU":852.1982,"GHA":1340.6803,"GRC":872.42957,"GRL":389.16208,"GTM":1539.4482,"GIN":1784.2462,"GNB":1267.6406,"GUY":2096.6726,"HTI":924.6364,"HMD":1545.4597,"HND":1335.3988,"HKG":1778.5872,"HUN":732.6129,"ISL":1359.5902,"IND":1374.6685,"IDN":2868.7268,"IRN":389.2463,"IRQ":307.506,"IRL":1193.9227,"IMN":1177.8679,"ISR":263.40662,"ITA":1170.8456,"JAM":973.4692,"JPN":1740.861,"JOR":98.64566,"KAZ":313.4723,"KEN":878.8429,"KIR":1046.7491,"KWT":135.72575,"KGZ":864.23083,"LAO":1590.5499,"LVA":760.249,"LBN":720.5943,"LSO":787.50146,"LBR":2762.9092,"LBY":27.339493,"LTU":651.4047,"LUX":935.1278,"MDG":1483.9191,"MWI":1612.9446,"MYS":2523.0012,"MLI":284.72528,"MRT":66.32996,"MUS":1052.2747,"MEX":750.39996,"MDA":450.01,"MNG":250.53543,"MNE":1655.454,"MAR":210.86644,"MOZ":1015.1317,"MMR":2049.4763,"NAM":185.36865,"NPL":2215.791,"NLD":870.76666,"NCL":961.5487,"NZL":1582.6996,"NIC":1609.8519,"NER":122.53633,"NGA":1263.9337,"PRK":846.01447,"MKD":694.2742,"NOR":1213.8712,"OMN":48.6548,"PAK":506.46393,"PSE":382.47015,"PAN":2632.9006,"PNG":4301.064,"PRY":1284.984,"PER":2363.106,"PHL":2309.2795,"POL":674.64417,"PRT":703.5349,"PRI":947.8781,"QAT":110.7788,"ROU":702.17004,"RUS":596.6593,"RWA":1584.093,"VCT":907.3515,"WSM":2903.5645,"STP":1481.7682,"SAU":67.573616,"SEN":454.47375,"SRB":729.9756,"SYC":2687.9048,"SLE":3006.234,"SVK":864.6266,"SVN":1463.6095,"SLB":4109.2793,"SOM":392.67154,"ZAF":398.02875,"SGS":1731.5927,"KOR":1176.9119,"SSD":1003.28613,"ESP":620.43915,"LKA":1689.2632,"SDN":254.14426,"SUR":1857.337,"SWE":848.49744,"CHE":1714.8508,"SYR":316.83392,"TJK":675.0792,"TZA":1228.0894,"THA":1425.1019,"TGO":1460.9044,"TTO":1237.7815,"TUN":230.12854,"TUR":717.6978,"TKM":236.74197,"UGA":1762.2958,"UKR":539.61615,"ARE":41.652977,"GBR":1144.0614,"USA":938.009,"VIR":793.375,"URY":1604.014,"UZB":257.48096,"VUT":2039.2413,"VEN":2067.6543,"VNM":1821.761,"YEM":155.40813,"ZMB":1009.2533,"ZWE":608.3118}