{"AFG":406.7682,"ALB":1159.1439,"DZA":50.637352,"ASM":3319.2883,"AND":1088.4905,"AGO":1213.8004,"AIA":838.1157,"ATG":929.3432,"ARG":578.3959,"ARM":831.5177,"AUS":468.10968,"AUT":1297.2804,"AZE":541.14136,"BHS":1097.4209,"BHR":33.032417,"BGD":2204.7134,"BLR":720.51117,"BEL":855.52954,"BLZ":1686.3425,"BEN":968.5039,"BTN":3925.0186,"BOL":1241.3162,"BIH":1099.0121,"BWA":499.25787,"BRA":1665.8544,"BRN":3160.126,"BGR":704.39764,"BFA":700.36096,"BDI":2038.747,"KHM":1651.348,"CMR":1623.2579,"CAN":730.59216,"CPV":217.64297,"CYM":1321.9442,"CAF":1070.4125,"TCD":264.47394,"CHL":1455.5989,"CHN":834.86456,"COL":3024.3672,"COM":1388.4215,"COG":1587.3025,"COK":1966.0815,"CRI":3650.8528,"CIV":1150.192,"HRV":1002.09,"CUB":1093.9078,"CYP":437.4173,"CZE":880.84467,"COD":1528.4148,"DNK":835.8942,"DJI":250.55367,"DOM":1017.2281,"TLS":1698.7617,"ECU":2860.667,"EGY":26.94142,"SLV":1974.2948,"GNQ":2992.6323,"ERI":291.70398,"EST":793.3733,"SWZ":871.49316,"ETH":1035.2386,"FLK":612.7192,"FRO":1046.6538,"FJI":2748.038,"FIN":830.8786,"FRA":1137.014,"PYF":1488.8502,"GAB":2215.6045,"GMB":944.0718,"GEO":1083.8584,"DEU":820.91364,"GHA":1019.4077,"GRC":722.4183,"GRL":465.66208,"GTM":2200.9822,"GIN":1789.5975,"GNB":1779.4161,"GUY":2084.9268,"HTI":845.57446,"HMD":1299.6464,"HND":2003.6831,"HKG":1553.1364,"HUN":736.68964,"ISL":1577.6597,"IND":1315.3904,"IDN":3613.3914,"IRN":359.46164,"IRQ":230.37848,"IRL":1285.2833,"IMN":1200.0265,"ISR":275.50473,"ITA":981.3541,"JAM":1149.3063,"JPN":1922.7869,"JOR":105.07836,"KAZ":283.0406,"KEN":962.36774,"KIR":327.09885,"KWT":130.48434,"KGZ":892.2955,"LAO":1737.3104,"LVA":738.30273,"LBN":662.6407,"LSO":1179.4968,"LBR":2193.7673,"LBY":21.92927,"LTU":709.13995,"LUX":879.6623,"MDG":1321.145,"MWI":1340.2494,"MYS":3143.626,"MLI":276.58563,"MRT":63.27776,"MUS":1175.7716,"MEX":763.4006,"MDA":481.91586,"MNG":268.46863,"MNE":1522.8762,"MAR":211.57193,"MOZ":792.89667,"MMR":2084.7024,"NAM":358.06415,"NPL":2498.7563,"NLD":859.9951,"NCL":1380.3103,"NZL":1401.804,"NIC":2238.2283,"NER":96.28542,"NGA":1000.7318,"PRK":1484.0188,"MKD":760.341,"NOR":1421.3616,"OMN":95.67327,"PAK":501.10837,"PSE":416.9798,"PAN":3159.8489,"PNG":4621.921,"PRY":941.83765,"PER":2012.7318,"PHL":2878.288,"POL":773.4669,"PRT":710.8799,"PRI":1139.5878,"QAT":38.130367,"ROU":768.19476,"RUS":589.1168,"RWA":1791.9316,"VCT":1072.3552,"WSM":3984.5696,"STP":1590.5747,"SAU":50.02084,"SEN":688.11395,"SRB":766.6865,"SYC":2128.3225,"SLE":2643.4143,"SVK":976.17065,"SVN":1287.756,"SLB":4323.85,"SOM":308.03427,"ZAF":521.36444,"SGS":1548.862,"KOR":1503.2827,"SSD":904.0943,"ESP":675.4119,"LKA":1550.4661,"SDN":191.68684,"SUR":2197.1973,"SWE":854.1523,"CHE":1522.7319,"SYR":253.04283,"TJK":646.98016,"TZA":1320.3545,"THA":1499.4706,"TGO":1132.6833,"TTO":1266.5363,"TUN":187.78864,"TUR":611.0704,"TKM":171.81612,"UGA":1825.5701,"UKR":573.6124,"ARE":68.558235,"GBR":1181.3411,"USA":813.39215,"VIR":996.9845,"URY":857.0221,"UZB":217.19316,"VUT":2778.1426,"VEN":2008.7999,"VNM":2144.9512,"YEM":214.48927,"ZMB":1274.906,"ZWE":814.14435}