{"AFG":211.1876,"ALB":1582.394,"DZA":47.64252,"ASM":2049.9688,"AND":935.5659,"AGO":972.6797,"AIA":673.8062,"ATG":626.03186,"ARG":606.77686,"ARM":761.6481,"AUS":476.0161,"AUT":1247.4596,"AZE":461.43893,"BHS":623.9219,"BHR":15.219688,"BGD":1985.977,"BLR":792.92004,"BEL":1102.3695,"BLZ":1328.59,"BEN":848.2647,"BTN":3223.035,"BOL":1476.1405,"BIH":1266.5726,"BWA":612.2657,"BRA":1769.5098,"BRN":3369.9229,"BGR":885.5427,"BFA":474.56122,"BDI":1902.2561,"KHM":1828.9294,"CMR":1606.4897,"CAN":688.2655,"CPV":142.82065,"CYM":781.8546,"CAF":962.16376,"TCD":204.6311,"CHL":1268.548,"CHN":827.3099,"COL":3333.516,"COM":1175.695,"COG":1447.9354,"COK":1881.7396,"CRI":3247.5867,"CIV":1263.7095,"HRV":1059.596,"CUB":775.4934,"CYP":300.8408,"CZE":880.7241,"COD":1373.9222,"DNK":821.4956,"DJI":187.95984,"DOM":925.57385,"TLS":2112.8713,"ECU":3302.6785,"EGY":10.798695,"SLV":1496.6857,"GNQ":2979.689,"ERI":223.78188,"EST":758.8912,"SWZ":1018.4811,"ETH":822.3942,"FLK":467.0673,"FRO":945.3889,"FJI":2851.4392,"FIN":773.20557,"FRA":1272.5216,"PYF":1282.7958,"GAB":2158.9998,"GMB":743.11774,"GEO":1309.454,"DEU":988.0402,"GHA":1057.191,"GRC":900.7059,"GRL":475.92148,"GTM":1656.5806,"GIN":1620.3524,"GNB":1273.9484,"GUY":2708.2048,"HTI":825.4123,"HMD":1346.5366,"HND":1417.3527,"HKG":1856.9762,"HUN":625.4184,"ISL":1337.8298,"IND":1241.8716,"IDN":3506.876,"IRN":171.44714,"IRQ":92.53169,"IRL":1103.3082,"IMN":1122.0598,"ISR":164.17506,"ITA":990.3465,"JAM":937.0942,"JPN":1965.7185,"JOR":48.27209,"KAZ":277.17856,"KEN":494.32962,"KIR":539.01575,"KWT":51.37932,"KGZ":821.6997,"LAO":1848.1522,"LVA":785.1434,"LBN":547.7774,"LSO":1227.0725,"LBR":2553.5044,"LBY":10.937752,"LTU":822.3112,"LUX":1084.051,"MDG":1137.4299,"MWI":1277.8713,"MYS":3160.4644,"MLI":189.6882,"MRT":33.910088,"MUS":959.35974,"MEX":833.019,"MDA":627.96576,"MNG":306.3974,"MNE":1749.032,"MAR":229.52098,"MOZ":828.8759,"MMR":2067.3928,"NAM":438.54782,"NPL":2583.3313,"NLD":1005.31604,"NCL":2118.0046,"NZL":1646.1963,"NIC":1554.0259,"NER":53.871117,"NGA":888.83246,"PRK":1142.9324,"MKD":912.72046,"NOR":1134.8695,"OMN":28.023525,"PAK":289.48352,"PSE":239.79932,"PAN":3312.5808,"PNG":4314.6807,"PRY":1007.79236,"PER":2224.197,"PHL":3117.8364,"POL":813.2423,"PRT":734.0534,"PRI":909.4184,"QAT":10.249409,"ROU":820.9482,"RUS":587.5226,"RWA":1421.5497,"VCT":876.6985,"WSM":2666.1006,"STP":1550.5171,"SAU":34.70227,"SEN":462.96762,"SRB":821.3517,"SYC":1538.9386,"SLE":2654.2778,"SVK":828.6315,"SVN":1283.7775,"SLB":4375.5884,"SOM":162.076,"ZAF":627.26984,"SGS":1600.6713,"KOR":1231.0989,"SSD":726.56464,"ESP":661.6398,"LKA":1973.153,"SDN":134.85394,"SUR":2836.4822,"SWE":810.0703,"CHE":1713.7345,"SYR":123.44877,"TJK":602.1225,"TZA":902.37964,"THA":1728.956,"TGO":1074.5521,"TTO":1652.8832,"TUN":129.66103,"TUR":651.0258,"TKM":94.53924,"UGA":1248.4316,"UKR":717.214,"ARE":11.121059,"GBR":1062.8793,"USA":834.5193,"VIR":752.1858,"URY":1052.4509,"UZB":159.20175,"VUT":2590.586,"VEN":2249.8245,"VNM":2075.221,"YEM":144.84229,"ZMB":1050.0148,"ZWE":788.9817}