{"AFG":319.8052,"ALB":1240.5981,"DZA":42.709076,"ASM":2129.22,"AND":867.36487,"AGO":1055.8431,"AIA":904.4542,"ATG":857.7557,"ARG":538.72076,"ARM":706.5359,"AUS":554.0686,"AUT":1197.0205,"AZE":472.89117,"BHS":866.0635,"BHR":23.67878,"BGD":1725.2819,"BLR":823.5183,"BEL":857.6764,"BLZ":1748.6982,"BEN":1006.2481,"BTN":3320.2764,"BOL":1185.1041,"BIH":1049.0721,"BWA":467.66168,"BRA":1697.9008,"BRN":3712.3638,"BGR":579.6578,"BFA":637.71716,"BDI":1896.0355,"KHM":2152.062,"CMR":1566.0087,"CAN":694.35876,"CPV":171.7507,"CYM":778.4548,"CAF":1044.9473,"TCD":266.75272,"CHL":1387.6569,"CHN":771.8887,"COL":3258.7712,"COM":1187.234,"COG":1401.7677,"COK":2037.2,"CRI":3722.1326,"CIV":1249.4021,"HRV":928.9043,"CUB":876.2111,"CYP":344.24097,"CZE":846.81305,"COD":1457.3022,"DNK":787.7831,"DJI":168.57027,"DOM":967.0582,"TLS":2142.8586,"ECU":2901.1992,"EGY":10.596375,"SLV":1938.6244,"GNQ":2669.5398,"ERI":252.74414,"EST":681.25024,"SWZ":1009.7071,"ETH":789.82904,"FLK":523.4357,"FRO":1268.6212,"FJI":2921.7852,"FIN":726.6182,"FRA":1143.8682,"PYF":1700.4238,"GAB":2001.6062,"GMB":928.16113,"GEO":1209.9711,"DEU":824.5667,"GHA":1096.9565,"GRC":749.6012,"GRL":497.07257,"GTM":2081.8362,"GIN":1732.1038,"GNB":1512.5111,"GUY":2683.0984,"HTI":787.28503,"HMD":1358.5691,"HND":1832.682,"HKG":1759.3568,"HUN":594.6814,"ISL":1545.7601,"IND":1277.7179,"IDN":3572.854,"IRN":234.03809,"IRQ":148.28801,"IRL":1124.0818,"IMN":1103.242,"ISR":177.15654,"ITA":818.1664,"JAM":1037.0724,"JPN":1708.3485,"JOR":70.601814,"KAZ":311.50174,"KEN":434.32883,"KIR":265.53156,"KWT":116.10332,"KGZ":943.09534,"LAO":2060.0674,"LVA":742.87213,"LBN":505.78323,"LSO":1315.2462,"LBR":2380.7803,"LBY":15.375473,"LTU":776.8251,"LUX":913.9765,"MDG":1411.6143,"MWI":1648.9185,"MYS":3444.339,"MLI":249.6267,"MRT":81.433044,"MUS":1056.119,"MEX":790.3192,"MDA":428.09766,"MNG":210.8204,"MNE":1611.7869,"MAR":205.74007,"MOZ":1015.0054,"MMR":2106.4734,"NAM":314.6965,"NPL":2116.469,"NLD":825.82916,"NCL":2450.996,"NZL":1697.9801,"NIC":2256.4482,"NER":75.46374,"NGA":993.2653,"PRK":1392.864,"MKD":756.8783,"NOR":1272.0385,"OMN":77.85384,"PAK":565.14996,"PSE":266.6956,"PAN":3545.2334,"PNG":3600.2761,"PRY":1045.1107,"PER":2002.5952,"PHL":3267.4504,"POL":740.1759,"PRT":797.2548,"PRI":1309.6471,"QAT":29.238903,"ROU":661.8268,"RUS":598.16583,"RWA":1627.3127,"VCT":1283.5588,"WSM":2254.921,"STP":1502.7585,"SAU":51.32987,"SEN":558.169,"SRB":733.6148,"SYC":1677.3223,"SLE":2605.2764,"SVK":724.30695,"SVN":1087.601,"SLB":3519.8147,"SOM":142.3076,"ZAF":655.4537,"SGS":1782.492,"KOR":1084.1079,"SSD":746.49805,"ESP":638.66437,"LKA":1823.2869,"SDN":153.76509,"SUR":2865.2148,"SWE":769.7682,"CHE":1322.415,"SYR":198.61853,"TJK":740.8154,"TZA":998.9456,"THA":1849.6667,"TGO":1210.7814,"TTO":1867.6539,"TUN":114.97179,"TUR":630.8248,"TKM":134.76982,"UGA":1340.5607,"UKR":659.22546,"ARE":35.262764,"GBR":1031.2336,"USA":797.21136,"VIR":1216.2161,"URY":930.05554,"UZB":236.70306,"VUT":3368.0757,"VEN":2262.3047,"VNM":2236.6235,"YEM":118.8342,"ZMB":1299.1578,"ZWE":774.3542}