{"AFG":270.92355,"ALB":1461.8156,"DZA":41.43739,"ASM":2391.7676,"AND":961.77576,"AGO":1187.2617,"AIA":988.83154,"ATG":966.12164,"ARG":618.6116,"ARM":897.96436,"AUS":435.06738,"AUT":1442.5465,"AZE":596.3102,"BHS":1055.8342,"BHR":98.48881,"BGD":1943.0603,"BLR":789.9386,"BEL":1098.5778,"BLZ":1462.3147,"BEN":988.7,"BTN":3152.3506,"BOL":1227.2073,"BIH":1342.9056,"BWA":328.9203,"BRA":1427.0691,"BRN":3074.6006,"BGR":722.65063,"BFA":540.1607,"BDI":2142.5645,"KHM":1934.2399,"CMR":1723.906,"CAN":626.7044,"CPV":192.64365,"CYM":824.77856,"CAF":1025.9321,"TCD":190.5851,"CHL":1528.445,"CHN":764.6261,"COL":2907.0608,"COM":1168.9009,"COG":1572.649,"COK":1746.6365,"CRI":2911.6516,"CIV":1157.7518,"HRV":1270.0446,"CUB":943.15924,"CYP":356.3952,"CZE":882.6149,"COD":1571.5752,"DNK":999.4071,"DJI":193.3338,"DOM":987.3248,"TLS":1526.1194,"ECU":3385.1108,"EGY":11.435585,"SLV":1326.5271,"GNQ":2892.425,"ERI":209.66188,"EST":790.3306,"SWZ":901.22705,"ETH":1045.1627,"FLK":555.2366,"FRO":1021.8051,"FJI":2305.0269,"FIN":825.6885,"FRA":1196.4672,"PYF":1913.6799,"GAB":2106.1094,"GMB":663.1536,"GEO":1478.273,"DEU":1033.5343,"GHA":1175.0565,"GRC":838.6767,"GRL":468.54993,"GTM":1683.8694,"GIN":1512.3171,"GNB":1253.1106,"GUY":1837.5917,"HTI":907.84595,"HMD":1313.8218,"HND":1611.964,"HKG":2036.1517,"HUN":862.53436,"ISL":1322.1385,"IND":1157.6791,"IDN":2951.8508,"IRN":240.4344,"IRQ":235.81529,"IRL":1319.3188,"IMN":1334.2028,"ISR":223.37259,"ITA":1025.3726,"JAM":1018.48346,"JPN":1723.1647,"JOR":94.45528,"KAZ":365.68118,"KEN":716.34454,"KIR":1139.5674,"KWT":177.24666,"KGZ":864.14996,"LAO":1817.6981,"LVA":839.9829,"LBN":636.46747,"LSO":1134.26,"LBR":2282.1099,"LBY":16.765036,"LTU":804.21765,"LUX":1033.1604,"MDG":1453.6003,"MWI":1606.264,"MYS":3155.8706,"MLI":197.59589,"MRT":37.0666,"MUS":1401.8857,"MEX":629.33575,"MDA":467.4364,"MNG":276.49902,"MNE":1846.2795,"MAR":171.79785,"MOZ":1078.6448,"MMR":2058.5908,"NAM":193.11824,"NPL":1826.7726,"NLD":1131.6708,"NCL":1329.9202,"NZL":1608.1401,"NIC":1694.8037,"NER":54.497833,"NGA":976.2443,"PRK":1258.839,"MKD":882.9859,"NOR":1249.8765,"OMN":39.81254,"PAK":390.49515,"PSE":342.20337,"PAN":2821.0256,"PNG":3988.781,"PRY":1140.3507,"PER":2097.3271,"PHL":3006.4756,"POL":847.80237,"PRT":721.09644,"PRI":1059.7195,"QAT":81.694725,"ROU":790.39636,"RUS":583.348,"RWA":1720.1539,"VCT":1234.4532,"WSM":2769.4465,"STP":1569.1176,"SAU":90.83598,"SEN":418.06805,"SRB":929.716,"SYC":2533.354,"SLE":2556.9802,"SVK":1043.3776,"SVN":1655.6902,"SLB":4689.184,"SOM":430.53952,"ZAF":507.77887,"SGS":1926.102,"KOR":1590.5676,"SSD":636.76025,"ESP":582.89667,"LKA":2324.6782,"SDN":100.677444,"SUR":2087.0596,"SWE":868.71027,"CHE":1763.4475,"SYR":215.08075,"TJK":593.4691,"TZA":1125.5432,"THA":1520.2158,"TGO":1353.1339,"TTO":1405.3751,"TUN":175.12274,"TUR":796.86804,"TKM":101.29477,"UGA":1545.6868,"UKR":701.94385,"ARE":41.791115,"GBR":1178.6658,"USA":815.2017,"VIR":961.8673,"URY":1170.9935,"UZB":187.66164,"VUT":2481.7205,"VEN":1785.3557,"VNM":1920.7396,"YEM":145.8443,"ZMB":1118.8341,"ZWE":776.8504}