{"AFG":409.32816,"ALB":1241.6488,"DZA":50.524693,"ASM":2631.7673,"AND":1054.327,"AGO":1118.625,"AIA":1160.3604,"ATG":1081.7661,"ARG":647.17163,"ARM":963.58276,"AUS":549.9371,"AUT":1359.1925,"AZE":663.74634,"BHS":923.4028,"BHR":70.9362,"BGD":2242.982,"BLR":701.2295,"BEL":1127.2546,"BLZ":1692.5698,"BEN":887.4548,"BTN":2946.878,"BOL":1231.9083,"BIH":1132.8359,"BWA":263.20316,"BRA":1481.5033,"BRN":3383.2502,"BGR":671.561,"BFA":705.67334,"BDI":2108.616,"KHM":1724.3623,"CMR":1441.3304,"CAN":686.96356,"CPV":193.00143,"CYM":1214.6816,"CAF":993.8932,"TCD":404.63577,"CHL":1389.5537,"CHN":865.7228,"COL":2874.0173,"COM":1857.517,"COG":1303.2045,"COK":1588.7108,"CRI":3837.1738,"CIV":1039.2987,"HRV":1048.003,"CUB":1021.69916,"CYP":383.13986,"CZE":903.8874,"COD":1279.168,"DNK":1008.36926,"DJI":210.31406,"DOM":1213.6831,"TLS":2110.3162,"ECU":2657.2798,"EGY":9.759778,"SLV":2055.2158,"GNQ":2495.301,"ERI":357.63007,"EST":720.5481,"SWZ":774.62286,"ETH":971.2179,"FLK":673.9289,"FRO":1257.3154,"FJI":3097.7036,"FIN":770.00555,"FRA":1237.7833,"PYF":1595.4478,"GAB":1870.7216,"GMB":904.8802,"GEO":1353.6063,"DEU":1002.7741,"GHA":932.47644,"GRC":705.25854,"GRL":449.58142,"GTM":1976.7859,"GIN":1718.4292,"GNB":1813.3849,"GUY":1874.643,"HTI":997.4784,"HMD":1336.2427,"HND":1958.6862,"HKG":1989.3864,"HUN":629.1375,"ISL":1346.5956,"IND":1382.1575,"IDN":3567.102,"IRN":304.85608,"IRQ":238.09473,"IRL":1084.5032,"IMN":1154.9988,"ISR":180.41856,"ITA":1148.2227,"JAM":1355.0934,"JPN":1954.8129,"JOR":50.386402,"KAZ":386.7714,"KEN":753.8881,"KIR":800.7965,"KWT":137.64877,"KGZ":1010.8107,"LAO":1899.1813,"LVA":718.08124,"LBN":555.7976,"LSO":789.9787,"LBR":2126.297,"LBY":18.882843,"LTU":741.9807,"LUX":1145.4235,"MDG":1428.5675,"MWI":1330.009,"MYS":3333.5098,"MLI":308.99002,"MRT":70.33941,"MUS":1104.2257,"MEX":790.95264,"MDA":570.02954,"MNG":308.83072,"MNE":1487.5039,"MAR":224.00502,"MOZ":718.31915,"MMR":2382.629,"NAM":177.72658,"NPL":2220.6396,"NLD":1071.8579,"NCL":1438.3538,"NZL":1490.4294,"NIC":2149.551,"NER":186.72908,"NGA":983.6813,"PRK":1209.3751,"MKD":721.91437,"NOR":1384.3094,"OMN":80.45819,"PAK":470.44815,"PSE":259.1427,"PAN":3545.3838,"PNG":4330.204,"PRY":927.7366,"PER":1948.659,"PHL":3018.6257,"POL":750.2299,"PRT":774.13153,"PRI":1383.842,"QAT":91.53529,"ROU":684.4365,"RUS":571.45233,"RWA":1635.9985,"VCT":1283.7086,"WSM":3045.6042,"STP":1534.9197,"SAU":67.03062,"SEN":581.2065,"SRB":679.8684,"SYC":2432.599,"SLE":2755.8384,"SVK":863.23584,"SVN":1435.6217,"SLB":4365.5796,"SOM":224.06458,"ZAF":402.73434,"SGS":1735.6133,"KOR":1384.7158,"SSD":763.10345,"ESP":705.3475,"LKA":1980.4467,"SDN":220.975,"SUR":1783.9774,"SWE":855.46484,"CHE":1774.2955,"SYR":201.61226,"TJK":768.48895,"TZA":1302.7157,"THA":1553.0808,"TGO":1028.9915,"TTO":1283.5107,"TUN":152.0832,"TUR":684.4544,"TKM":165.55865,"UGA":1435.7794,"UKR":555.3865,"ARE":134.23431,"GBR":1146.2097,"USA":858.6642,"VIR":1359.8748,"URY":1460.878,"UZB":265.4319,"VUT":2474.2632,"VEN":1874.9398,"VNM":2201.1777,"YEM":147.84029,"ZMB":795.2144,"ZWE":421.734}