{"AFG":266.2364,"ALB":1288.8385,"DZA":65.329315,"ASM":2993.7278,"AND":956.7146,"AGO":1071.493,"AIA":889.5216,"ATG":891.6321,"ARG":656.9378,"ARM":704.17676,"AUS":454.91373,"AUT":1079.3225,"AZE":508.2181,"BHS":966.54816,"BHR":42.614937,"BGD":2080.886,"BLR":751.70044,"BEL":761.48584,"BLZ":1620.0369,"BEN":934.8047,"BTN":2741.2915,"BOL":1481.6212,"BIH":1054.0455,"BWA":685.72626,"BRA":1608.6211,"BRN":3512.1536,"BGR":689.31396,"BFA":542.0887,"BDI":1732.273,"KHM":1898.0344,"CMR":1611.0422,"CAN":669.8656,"CPV":175.38216,"CYM":569.36646,"CAF":967.184,"TCD":208.01869,"CHL":1414.9108,"CHN":833.23737,"COL":3459.6794,"COM":947.06433,"COG":1480.6074,"COK":1503.6631,"CRI":3314.3284,"CIV":1035.1581,"HRV":987.54987,"CUB":843.1729,"CYP":288.48236,"CZE":669.2219,"COD":1382.6354,"DNK":722.9919,"DJI":123.707695,"DOM":1019.0446,"TLS":1983.9327,"ECU":3271.9358,"EGY":6.3507485,"SLV":1357.9285,"GNQ":2681.7727,"ERI":290.50995,"EST":845.3773,"SWZ":1007.6322,"ETH":829.1347,"FLK":681.5385,"FRO":1056.2256,"FJI":2520.4573,"FIN":729.8687,"FRA":1137.8484,"PYF":1827.5327,"GAB":1888.3695,"GMB":845.6597,"GEO":1192.1282,"DEU":734.108,"GHA":875.5571,"GRC":759.5219,"GRL":482.23535,"GTM":1721.1931,"GIN":1861.1604,"GNB":1621.0073,"GUY":2266.9116,"HTI":933.4713,"HMD":1376.9407,"HND":1668.3716,"HKG":1807.5809,"HUN":553.02954,"ISL":1409.0576,"IND":1404.35,"IDN":3661.6367,"IRN":212.23701,"IRQ":169.54193,"IRL":1124.4802,"IMN":1144.0325,"ISR":154.13364,"ITA":1028.2156,"JAM":1149.1962,"JPN":1641.5981,"JOR":74.18082,"KAZ":309.42154,"KEN":613.41644,"KIR":592.82684,"KWT":106.55076,"KGZ":796.3017,"LAO":2107.771,"LVA":833.2055,"LBN":421.58176,"LSO":1328.9198,"LBR":2397.8242,"LBY":16.523796,"LTU":782.48596,"LUX":836.72424,"MDG":1464.8566,"MWI":1548.9197,"MYS":3150.0896,"MLI":240.64636,"MRT":55.55486,"MUS":949.5179,"MEX":809.08466,"MDA":458.8486,"MNG":246.0205,"MNE":1525.0591,"MAR":282.36255,"MOZ":1102.543,"MMR":2469.0354,"NAM":450.17026,"NPL":2130.9087,"NLD":709.4066,"NCL":1855.7115,"NZL":1630.6798,"NIC":1915.2262,"NER":71.165794,"NGA":1016.62366,"PRK":1236.6047,"MKD":796.4724,"NOR":1296.0999,"OMN":27.074932,"PAK":372.3982,"PSE":256.59625,"PAN":3521.894,"PNG":4152.2437,"PRY":1210.966,"PER":2364.4592,"PHL":3682.5498,"POL":684.42804,"PRT":1041.6095,"PRI":1132.6305,"QAT":59.43091,"ROU":690.5188,"RUS":597.12885,"RWA":1415.6842,"VCT":1016.552,"WSM":3284.1924,"STP":973.94275,"SAU":51.42819,"SEN":577.89484,"SRB":661.7346,"SYC":1243.4833,"SLE":2951.4932,"SVK":770.3492,"SVN":1263.7701,"SLB":4108.915,"SOM":152.42622,"ZAF":652.16516,"SGS":1676.6179,"KOR":1270.3766,"SSD":690.1243,"ESP":741.6885,"LKA":2057.1096,"SDN":129.8115,"SUR":2493.6553,"SWE":809.91144,"CHE":1537.1788,"SYR":145.47481,"TJK":560.7799,"TZA":934.0211,"THA":1756.8016,"TGO":1013.4849,"TTO":1390.7468,"TUN":198.3224,"TUR":545.8108,"TKM":113.741486,"UGA":1307.7365,"UKR":538.1,"ARE":18.712425,"GBR":962.5301,"USA":810.4031,"VIR":910.8505,"URY":1039.7882,"UZB":170.57486,"VUT":2297.6326,"VEN":2174.3655,"VNM":2376.5818,"YEM":105.962585,"ZMB":1119.9911,"ZWE":939.528}